{
  "k": [
    0.1,
    0.10985411419875583,
    0.12067926406393285,
    0.13257113655901093,
    0.14563484775012436,
    0.15998587196060582,
    0.1757510624854792,
    0.193069772888325,
    0.21209508879201905,
    0.2329951810515372,
    0.2559547922699536,
    0.281176869797423,
    0.3088843596477481,
    0.3393221771895328,
    0.372759372031494,
    0.4094915062380424,
    0.44984326689694454,
    0.49417133613238345,
    0.5428675439323859,
    0.5963623316594643,
    0.6551285568595507,
    0.7196856730011519,
    0.7906043210907697,
    0.8685113737513525,
    0.9540954763499939,
    1.0481131341546859,
    1.151395399326447,
    1.2648552168552958,
    1.3894954943731375,
    1.5264179671752334,
    1.6768329368110073,
    1.8420699693267153,
    2.0235896477251565,
    2.2229964825261943,
    2.442053094548651,
    2.6826957952797246,
    2.9470517025518097,
    3.2374575428176433,
    3.5564803062231283,
    3.9069399370546147,
    4.291934260128776,
    4.714866363457392,
    5.17947467923121,
    5.689866029018296,
    6.250551925273969,
    6.866488450042998,
    7.543120063354615,
    8.286427728546842,
    9.102981779915218,
    10.0
  ],
  "gamma_max": [
    -0.56251627756426,
    -0.56546860670311,
    -0.5690427664367391,
    -0.5733728629943722,
    -0.5786235478101657,
    -0.5849978770291486,
    -0.5927477419691342,
    -0.602188084561942,
    -0.6137169636909908,
    -0.627845248379619,
    -0.6452434492656082,
    -0.6668223197722363,
    -0.6938896034365609,
    -0.728514541667568,
    -0.7746614731654219,
    -0.8449137299252706,
    -0.9327556032572654,
    -0.9662441170455445,
    -1.0069490534579928,
    -1.0564534493554263,
    -1.1166880289645174,
    -1.1900040159268106,
    -1.27925945333184,
    -1.3879213932055396,
    -1.5201870228801553,
    -1.6811277836228098,
    -1.8768618063222797,
    -2.114761498071323,
    -2.4037047884965874,
    -2.754380319918426,
    -3.179658733606711,
    -3.695044252802189,
    -4.319223183252855,
    -5.0747290138984,
    -5.988747785755602,
    -7.094092502628884,
    -8.425404428183453,
    -9.97031929144281,
    -11.86736466788404,
    -14.18514818694237,
    -17.006281913561388,
    -20.43061880286911,
    -24.57902647373489,
    -29.59781327661975,
    -35.66396918755025,
    -42.99142598727291,
    -51.838581606225254,
    -62.517377738107854,
    -75.4042719563759,
    -90.95350787681402
  ],
  "omega_max": [
    -6.990502520014749e-15,
    -1.3609503769251454e-16,
    -1.2412330489211973e-14,
    -9.897803923672111e-15,
    2.766610746120994e-14,
    4.627994676574031e-15,
    5.418271342645708e-14,
    6.503077981937582e-15,
    -9.845033655820292e-16,
    -2.4335073358122127e-14,
    6.932750137891475e-15,
    2.0373428434511927e-14,
    -2.533338718030033e-14,
    -8.172878709150324e-14,
    -4.9238063861818437e-14,
    -1.5284240014443547e-14,
    0.07707243318137505,
    0.13191238552113535,
    0.17639349570677057,
    -0.2179886718934935,
    0.25911365611465786,
    -0.3010175250023918,
    0.344532175070668,
    -0.3903154945795055,
    -0.4389534669798933,
    0.4910106486732545,
    -0.5470582171366387,
    0.6076913156384294,
    -0.6735414335229644,
    0.7452872116665383,
    0.8236659039780827,
    -0.9094868887556905,
    -1.0036478105797084,
    1.1071530989947247,
    -1.2211338499631268,
    1.3468675907660645,
    1.3815433026099988,
    -1.5188109693305138,
    -1.6790240783387305,
    1.8641451624705003,
    -2.075507612837202,
    -2.314410988771024,
    2.5825259217481835,
    2.8821172857650996,
    3.2161440334791713,
    -3.5882938626105245,
    4.00299178271719,
    -4.465403184154804,
    -4.981441457052262,
    -5.557788021491174
  ],
  "params": {
    "alpha": -23.0,
    "dT": 0.9,
    "dR": 1.0
  },
  "metadata": {
    "shear_max": 3.9048254213870424e-09,
    "vel_net": 2.0679515313825692e-25,
    "resolution": {
      "H": 25,
      "M": 65,
      "Nz": 129,
      "Nth": 128
    },
    "timestamp": "2026-04-13T12:01:47.918695"
  }
}