{
  "k": [
    0.1,
    0.10985411419875583,
    0.12067926406393285,
    0.13257113655901093,
    0.14563484775012436,
    0.15998587196060582,
    0.1757510624854792,
    0.193069772888325,
    0.21209508879201905,
    0.2329951810515372,
    0.2559547922699536,
    0.281176869797423,
    0.3088843596477481,
    0.3393221771895328,
    0.372759372031494,
    0.4094915062380424,
    0.44984326689694454,
    0.49417133613238345,
    0.5428675439323859,
    0.5963623316594643,
    0.6551285568595507,
    0.7196856730011519,
    0.7906043210907697,
    0.8685113737513525,
    0.9540954763499939,
    1.0481131341546859,
    1.151395399326447,
    1.2648552168552958,
    1.3894954943731375,
    1.5264179671752334,
    1.6768329368110073,
    1.8420699693267153,
    2.0235896477251565,
    2.2229964825261943,
    2.442053094548651,
    2.6826957952797246,
    2.9470517025518097,
    3.2374575428176433,
    3.5564803062231283,
    3.9069399370546147,
    4.291934260128776,
    4.714866363457392,
    5.17947467923121,
    5.689866029018296,
    6.250551925273969,
    6.866488450042998,
    7.543120063354615,
    8.286427728546842,
    9.102981779915218,
    10.0
  ],
  "gamma_max": [
    -0.15311860288167894,
    -0.1637144221684339,
    -0.17648506709406261,
    -0.1918769910985404,
    -0.21043167335076965,
    -0.2328113491686295,
    -0.2598395616867594,
    -0.29257591721718945,
    -0.33248562164128026,
    -0.38194709910176344,
    -0.44668553417919016,
    -0.5502740204390493,
    -0.5837655861660005,
    -0.6229824538868872,
    -0.668678366350971,
    -0.7216744207930008,
    -0.699302834808389,
    -0.669974885962243,
    -0.6556447988987961,
    -0.645726183482362,
    -0.6380669961040585,
    -0.5737516906007976,
    -0.35309491223938483,
    -0.13135144948357552,
    0.0879999107619223,
    0.300633027980262,
    0.5007981226661794,
    0.6803877072588836,
    0.8274791111192186,
    0.924055844653813,
    0.9423157807815848,
    0.8384113280495826,
    0.542995150440333,
    0.544459017506064,
    1.7724769955448159,
    2.9297597395769173,
    3.640519193673069,
    3.8087394510539085,
    3.3361341797360065,
    1.973875013138365,
    -0.9174486907289576,
    -1.3027876664247633,
    -1.0041990703033306,
    -1.304324333160766,
    -2.0916629705911176,
    -3.3568659116049755,
    -5.140960342021775,
    -7.517780960926681,
    -10.590983133853422,
    -14.496000493818904
  ],
  "omega_max": [
    -2.6547512015498906e-14,
    -3.106433880583781e-14,
    -1.546626766237009e-13,
    -6.271260583599092e-14,
    -2.862475474581252e-14,
    7.802487198537062e-14,
    2.2661955320548294e-13,
    2.2950752492906925e-13,
    3.370358323114218e-13,
    4.1230912250127133e-13,
    -1.2065335809050818e-13,
    -0.042250361383185504,
    0.09014841810500239,
    -0.11079067185130236,
    0.11257164434159328,
    -0.08484357805503671,
    -8.125712513470738e-15,
    7.671418386333812e-15,
    3.674103692862166e-14,
    4.8108917027029835e-14,
    -1.8803015795452345e-14,
    7.1859425251799545,
    -7.308720030862887,
    7.4305282729032545,
    -7.545076094513941,
    7.644429938614429,
    7.718935662488758,
    -7.757193430360705,
    -7.746154883961054,
    7.671482712897857,
    -7.518521251971086,
    -7.275094397627458,
    -6.941230861400733,
    -4.013412440190644e-11,
    -1.822702132272491e-12,
    -3.0412497189081937e-12,
    1.3878187945080409e-11,
    -2.998397820395276e-12,
    3.695514678276862e-12,
    4.0766729311272476e-11,
    5.810647878912215e-11,
    8.67033532093194,
    10.024702988856378,
    -11.512671302742913,
    -13.0620493433123,
    14.68266182030978,
    -16.39882515865134,
    18.24311745781634,
    20.260421978776268,
    -22.52147988319098
  ],
  "params": {
    "alpha": -53.0,
    "dT": 0.2,
    "dR": 1.0
  },
  "metadata": {
    "shear_max": 7.3048055130131955,
    "vel_net": 1.2545520178264269e-14,
    "resolution": {
      "H": 25,
      "M": 65,
      "Nz": 129,
      "Nth": 128
    },
    "timestamp": "2026-04-16T12:15:32.598048"
  }
}