{
  "k": [
    0.1,
    0.10985411419875583,
    0.12067926406393285,
    0.13257113655901093,
    0.14563484775012436,
    0.15998587196060582,
    0.1757510624854792,
    0.193069772888325,
    0.21209508879201905,
    0.2329951810515372,
    0.2559547922699536,
    0.281176869797423,
    0.3088843596477481,
    0.3393221771895328,
    0.372759372031494,
    0.4094915062380424,
    0.44984326689694454,
    0.49417133613238345,
    0.5428675439323859,
    0.5963623316594643,
    0.6551285568595507,
    0.7196856730011519,
    0.7906043210907697,
    0.8685113737513525,
    0.9540954763499939,
    1.0481131341546859,
    1.151395399326447,
    1.2648552168552958,
    1.3894954943731375,
    1.5264179671752334,
    1.6768329368110073,
    1.8420699693267153,
    2.0235896477251565,
    2.2229964825261943,
    2.442053094548651,
    2.6826957952797246,
    2.9470517025518097,
    3.2374575428176433,
    3.5564803062231283,
    3.9069399370546147,
    4.291934260128776,
    4.714866363457392,
    5.17947467923121,
    5.689866029018296,
    6.250551925273969,
    6.866488450042998,
    7.543120063354615,
    8.286427728546842,
    9.102981779915218,
    10.0
  ],
  "gamma_max": [
    -1.0095843858422098,
    -1.0115667549668546,
    -1.0139592416931709,
    -1.016846737343042,
    -1.0203317260799099,
    -1.024537940681238,
    -1.0296147826719761,
    -1.0357426689294316,
    -1.0431395024133896,
    -1.0520685086182506,
    -1.0628477340223323,
    -1.0758615713462876,
    -1.0915747632322992,
    -1.1105494472189081,
    -1.133465949742106,
    -1.1611482291333004,
    -1.1945951286285597,
    -1.235018964841252,
    -1.2838935025646427,
    -1.3430141529210746,
    -1.4145744590525369,
    -1.5012649441682635,
    -1.6064038815653379,
    -1.734116003894213,
    -1.8895881573808224,
    -2.079459860330714,
    -2.3124803964373233,
    -2.6007877191418873,
    -2.9630400826426055,
    -3.3740192000822486,
    -3.7820205907904247,
    -4.27896726409916,
    -4.883124503337209,
    -5.616481143563205,
    -6.505538686691154,
    -7.5822667195203906,
    -8.885257495915758,
    -10.437173471272805,
    -12.300258880372253,
    -14.570825060701592,
    -17.329886795464684,
    -20.675181379452876,
    -24.724811939451104,
    -29.621530875770393,
    -35.53781905152114,
    -42.68195670493943,
    -51.30532351498269,
    -61.71121210773147,
    -74.26549345149857,
    -89.40953297546939
  ],
  "omega_max": [
    -5.851968120220963e-16,
    4.973297448518134e-16,
    -2.25297807058845e-16,
    -7.488468654083612e-16,
    1.9523218920771888e-16,
    6.393354746862563e-16,
    -1.9903894135946127e-16,
    1.0108653964987243e-15,
    2.221540132149064e-15,
    -9.553190013281411e-17,
    1.1710072282300883e-17,
    2.634616820483997e-16,
    1.6275580808951903e-16,
    1.0829378695800181e-16,
    3.63755608685957e-16,
    -5.541527421659076e-17,
    -2.324444162245929e-15,
    4.539905157364389e-15,
    -5.309263492260906e-16,
    2.858342319837453e-15,
    1.5448714234202304e-15,
    4.961767687000509e-16,
    3.1035930473885192e-15,
    -5.007924599945757e-16,
    -1.982049749057386e-16,
    -9.841587863534504e-15,
    2.3451112225938803e-14,
    9.387069954735012e-15,
    -9.747321318250512e-16,
    0.744208277009173,
    0.830689887954915,
    -0.9222536958337592,
    -1.0202966263763449,
    1.1262150783201323,
    -1.2414443856713688,
    -1.3674907393125442,
    -1.5059609059642294,
    -1.6015374269278955,
    -1.7774922652107965,
    1.9693099007494577,
    -2.1805500952516024,
    2.4145859342508222,
    -2.674860357212858,
    -2.965085833513154,
    -3.2893929800017725,
    3.6524373623085706,
    4.059471703112668,
    4.516388832544919,
    5.029743630264565,
    -5.60677106535524
  ],
  "params": {
    "alpha": -16.0,
    "dT": 0.875,
    "dR": 1.0
  },
  "metadata": {
    "shear_max": 1.371758537321255e-09,
    "vel_net": 1.809457589959748e-25,
    "resolution": {
      "H": 25,
      "M": 65,
      "Nz": 129,
      "Nth": 128
    },
    "timestamp": "2026-04-13T10:57:24.291550"
  }
}