{
  "k": [
    0.1,
    0.10985411419875583,
    0.12067926406393285,
    0.13257113655901093,
    0.14563484775012436,
    0.15998587196060582,
    0.1757510624854792,
    0.193069772888325,
    0.21209508879201905,
    0.2329951810515372,
    0.2559547922699536,
    0.281176869797423,
    0.3088843596477481,
    0.3393221771895328,
    0.372759372031494,
    0.4094915062380424,
    0.44984326689694454,
    0.49417133613238345,
    0.5428675439323859,
    0.5963623316594643,
    0.6551285568595507,
    0.7196856730011519,
    0.7906043210907697,
    0.8685113737513525,
    0.9540954763499939,
    1.0481131341546859,
    1.151395399326447,
    1.2648552168552958,
    1.3894954943731375,
    1.5264179671752334,
    1.6768329368110073,
    1.8420699693267153,
    2.0235896477251565,
    2.2229964825261943,
    2.442053094548651,
    2.6826957952797246,
    2.9470517025518097,
    3.2374575428176433,
    3.5564803062231283,
    3.9069399370546147,
    4.291934260128776,
    4.714866363457392,
    5.17947467923121,
    5.689866029018296,
    6.250551925273969,
    6.866488450042998,
    7.543120063354615,
    8.286427728546842,
    9.102981779915218,
    10.0
  ],
  "gamma_max": [
    -0.06698841921779917,
    -0.06925591324939367,
    -0.07199335396422799,
    -0.07529840834499446,
    -0.07928916833236536,
    -0.08410848346696173,
    -0.08992924356906011,
    -0.09696083527044051,
    -0.10545705828877998,
    -0.11572587121839607,
    -0.1281414534472619,
    -0.14315923774566433,
    -0.16133481994205578,
    -0.1833480458678131,
    -0.21003422045650372,
    -0.24242551356086003,
    -0.2818077399132788,
    -0.3298019438420312,
    -0.38848967667700374,
    -0.4606245444289772,
    -0.5500420886915618,
    -0.6626356731117392,
    -0.8096380784914259,
    -1.0350691647661028,
    -1.2406532602977791,
    -1.3891600105790427,
    -1.568673788799968,
    -1.785655514593661,
    -2.047905477957548,
    -2.3648407719491513,
    -2.747830584312967,
    -3.210601246229488,
    -3.769725381233326,
    -4.445212628825463,
    -5.2612234481674225,
    -6.246932564191147,
    -7.398664198097991,
    -8.76752362186005,
    -10.450977486391631,
    -12.509912443476827,
    -15.017653364936825,
    -18.062860140727107,
    -21.75289823016898,
    -26.217783793980484,
    -31.614848331447902,
    -38.13430574953691,
    -46.00594059311669,
    -55.507175011706686,
    -66.9728181082893,
    -80.80685692163723
  ],
  "omega_max": [
    -1.1071823450473236e-14,
    8.558412472567916e-15,
    3.4760842317592844e-15,
    -2.82496820417754e-15,
    4.671608929228931e-15,
    6.475741566147425e-17,
    -1.0634144608168965e-15,
    -1.5720265820233429e-15,
    7.591103356867185e-15,
    -1.6280803059129741e-15,
    -7.918459462812481e-16,
    -1.3156755667751041e-14,
    1.5882172172415148e-14,
    5.588930845034783e-15,
    8.555172833379651e-16,
    1.4810375559633505e-14,
    5.405475694683544e-14,
    1.971714495217802e-14,
    -2.8751411679524445e-14,
    -3.208054484143871e-14,
    1.2732618784980924e-13,
    -2.251329427484642e-14,
    -3.6254630502618014e-14,
    -2.372079926665655e-14,
    0.18965300041982425,
    -0.29522755931279665,
    -0.385221973717666,
    -0.47085313879032625,
    0.5563675477488536,
    -0.6441537571613213,
    0.7359077568874078,
    -0.8330415294923885,
    0.936866127162371,
    1.0486898833387885,
    -1.1698789241465306,
    1.3018980322519462,
    1.3136633575763148,
    -1.450192664811023,
    -1.612462905841726,
    1.8014900298943557,
    2.017824457021926,
    2.262188265523771,
    -2.535857414006864,
    -2.840836740314969,
    -3.1799124124472944,
    3.556650873896172,
    3.9753850634030634,
    -4.441206294940991,
    4.959968249805597,
    5.538306963804439
  ],
  "params": {
    "alpha": -24.0,
    "dT": 0.8,
    "dR": 1.0
  },
  "metadata": {
    "shear_max": 3.6167479921157637e-09,
    "vel_net": 5.169878828456423e-26,
    "resolution": {
      "H": 25,
      "M": 65,
      "Nz": 129,
      "Nth": 128
    },
    "timestamp": "2026-04-13T12:10:57.106914"
  }
}