{
  "k": [
    0.1,
    0.10985411419875583,
    0.12067926406393285,
    0.13257113655901093,
    0.14563484775012436,
    0.15998587196060582,
    0.1757510624854792,
    0.193069772888325,
    0.21209508879201905,
    0.2329951810515372,
    0.2559547922699536,
    0.281176869797423,
    0.3088843596477481,
    0.3393221771895328,
    0.372759372031494,
    0.4094915062380424,
    0.44984326689694454,
    0.49417133613238345,
    0.5428675439323859,
    0.5963623316594643,
    0.6551285568595507,
    0.7196856730011519,
    0.7906043210907697,
    0.8685113737513525,
    0.9540954763499939,
    1.0481131341546859,
    1.151395399326447,
    1.2648552168552958,
    1.3894954943731375,
    1.5264179671752334,
    1.6768329368110073,
    1.8420699693267153,
    2.0235896477251565,
    2.2229964825261943,
    2.442053094548651,
    2.6826957952797246,
    2.9470517025518097,
    3.2374575428176433,
    3.5564803062231283,
    3.9069399370546147,
    4.291934260128776,
    4.714866363457392,
    5.17947467923121,
    5.689866029018296,
    6.250551925273969,
    6.866488450042998,
    7.543120063354615,
    8.286427728546842,
    9.102981779915218,
    10.0
  ],
  "gamma_max": [
    -0.6142436386519365,
    -0.6167428134224102,
    -0.6197754880181896,
    -0.6234603874670842,
    -0.6279452972870515,
    -0.6334157482503214,
    -0.6401073356284923,
    -0.6483239634750027,
    -0.6584664177338091,
    -0.6710805239134677,
    -0.6869467037626624,
    -0.7072710184531464,
    -0.7341864026655077,
    -0.7726548240096301,
    -0.8677707088405013,
    -0.8795439999505232,
    -0.8936793377077167,
    -0.9106372554843233,
    -0.9309640725618553,
    -0.9553072193478284,
    -0.984433561131476,
    -1.0192515895309844,
    -1.0608386625907091,
    -1.1104748388987988,
    -1.1696852327272704,
    -1.2402931667336508,
    -1.3244866739063406,
    -1.4249010994950846,
    -1.5447207445984583,
    -1.6878028096798325,
    -1.858827480500265,
    -2.063478906293246,
    -2.308662961925098,
    -2.6027688920266985,
    -2.9559831341076004,
    -3.338266205902929,
    -3.8013183535172033,
    -4.377902027542604,
    -5.089797611519663,
    -5.962832003368155,
    -7.027990667749659,
    -8.32268857979193,
    -9.892219129696374,
    -11.791419892884626,
    -14.086614194297205,
    -16.857906621278595,
    -20.201930177493004,
    -24.235163654957326,
    -29.09795999608356,
    -34.95944850445633
  ],
  "omega_max": [
    1.7604951295418204e-16,
    -9.789944549409801e-16,
    -2.4096851893101056e-15,
    2.8164460635370186e-15,
    8.676201635609357e-17,
    2.7223657267557725e-15,
    -8.74271349892941e-16,
    -1.8465414872389497e-15,
    -2.901173872772612e-16,
    1.416374144013927e-15,
    7.005405535615656e-16,
    -4.323875099407136e-15,
    -3.719115394224965e-15,
    -2.3935047625488936e-16,
    0.0069300955686674446,
    0.09409990325020211,
    -0.13940433739452707,
    -0.17925493671727213,
    -0.21763519115081872,
    -0.25617216231692164,
    0.29579618920898587,
    -0.3371591193560022,
    -0.3807875798889788,
    0.427153495129956,
    -0.47671290365967955,
    0.5299309377083984,
    0.587300013018383,
    -0.6493540628106664,
    0.7166798281079663,
    -0.7899255075115288,
    0.8698070564035609,
    -0.9571129229281077,
    1.0527088021754418,
    1.1575447373495407,
    1.2726671852244296,
    1.318390248710788,
    -1.4551143522375172,
    1.607320624989448,
    1.777360466356651,
    -1.9673572501054202,
    -2.1794132295040263,
    -2.4158066711137978,
    2.67915507380924,
    -2.972542645328274,
    -3.299618922683323,
    3.664674370383358,
    -4.072694681888361,
    4.529393783261617,
    -5.041229009055769,
    5.615410603945242
  ],
  "params": {
    "alpha": -17.5,
    "dT": 0.3333333333333333,
    "dR": 1.0
  },
  "metadata": {
    "shear_max": 2.9644780207208986e-09,
    "vel_net": 2.0388970538085887e-25,
    "resolution": {
      "H": 20,
      "M": 49,
      "Nz": 97,
      "Nth": 96
    },
    "timestamp": "2026-02-14T02:00:53.892049"
  }
}