{
  "k": [
    0.1,
    0.10985411419875583,
    0.12067926406393285,
    0.13257113655901093,
    0.14563484775012436,
    0.15998587196060582,
    0.1757510624854792,
    0.193069772888325,
    0.21209508879201905,
    0.2329951810515372,
    0.2559547922699536,
    0.281176869797423,
    0.3088843596477481,
    0.3393221771895328,
    0.372759372031494,
    0.4094915062380424,
    0.44984326689694454,
    0.49417133613238345,
    0.5428675439323859,
    0.5963623316594643,
    0.6551285568595507,
    0.7196856730011519,
    0.7906043210907697,
    0.8685113737513525,
    0.9540954763499939,
    1.0481131341546859,
    1.151395399326447,
    1.2648552168552958,
    1.3894954943731375,
    1.5264179671752334,
    1.6768329368110073,
    1.8420699693267153,
    2.0235896477251565,
    2.2229964825261943,
    2.442053094548651,
    2.6826957952797246,
    2.9470517025518097,
    3.2374575428176433,
    3.5564803062231283,
    3.9069399370546147,
    4.291934260128776,
    4.714866363457392,
    5.17947467923121,
    5.689866029018296,
    6.250551925273969,
    6.866488450042998,
    7.543120063354615,
    8.286427728546842,
    9.102981779915218,
    10.0
  ],
  "gamma_max": [
    -2.057505935864318,
    -2.0567211299980266,
    -2.0560171739831836,
    -2.0554359995542653,
    -2.055031180709069,
    -2.0548708141582614,
    -2.0550411034802187,
    -2.055650818565866,
    -2.05683684279429,
    -2.0587710662529473,
    -2.061668934775329,
    -2.0405975993887786,
    -1.9701007625763332,
    -1.895678364406583,
    -1.817648252289644,
    -1.7365058428553826,
    -1.6529639601919093,
    -1.5679973081816796,
    -1.4828913065489144,
    -1.3992949517998607,
    -1.3192773447881276,
    -1.2453875728068293,
    -1.1807177619690512,
    -1.128969284973295,
    -1.0945223555784787,
    -1.0825097692797188,
    -1.098896622306657,
    -1.1505701722824533,
    -1.2454484329812119,
    -1.392623973412068,
    -1.6025722617707066,
    -1.5261760674763976,
    -1.4416506136227203,
    -1.4583491779328996,
    -1.6147225582613287,
    -1.954026291272074,
    -2.523214403925546,
    -3.3728601187002383,
    -4.558232355758712,
    -6.141561896243262,
    -8.19543336009836,
    -10.807261244738351,
    -14.085104672826123,
    -18.165935041584845,
    -23.230206742422432,
    -29.538592786794272,
    -37.418661409973865,
    -45.71583682077332,
    -55.59616456605261,
    -67.22321015545263
  ],
  "omega_max": [
    1.1638917126423274,
    1.1821504041825865,
    1.2022911798825209,
    1.2245134341463615,
    1.2490380907775236,
    1.2761098076451283,
    1.3059993262832392,
    1.3390059381369368,
    1.3754600216482316,
    1.4157255765170553,
    1.460202642457131,
    5.286331726996097,
    5.359312254359648,
    5.439856116528619,
    5.528623100615098,
    5.62627992866695,
    5.733484823811946,
    5.850870255611553,
    5.979025806901161,
    6.118484265622312,
    6.269715286954205,
    6.433132033963811,
    6.609116647761515,
    6.798069662120657,
    7.000485861152539,
    7.217054049031511,
    7.448770520367236,
    7.697046203292462,
    7.963776793757818,
    8.251335884171903,
    8.562445854363274,
    7.632056681334135,
    7.977505486855451,
    8.3778497108948,
    8.842040053324231,
    9.377940610316577,
    9.992817342228012,
    10.693905085837251,
    11.48894749474347,
    12.386775238151422,
    13.39802852191681,
    14.5361933329842,
    15.819321242851263,
    17.27345041839605,
    18.941421227377226,
    20.918762139287104,
    17.637581591517854,
    18.918674114740526,
    31.167579435900407,
    34.97790811159199
  ],
  "params": {
    "alpha": -39.0,
    "dT": 0.6666666666666666,
    "dR": 1.0
  },
  "metadata": {
    "shear_max": 5.172710248821727,
    "vel_net": 2.157030106469561,
    "resolution": {
      "H": 25,
      "M": 65,
      "Nz": 129,
      "Nth": 128
    },
    "timestamp": "2026-04-13T17:50:09.342868"
  }
}