{
  "k": [
    0.1,
    0.10985411419875583,
    0.12067926406393285,
    0.13257113655901093,
    0.14563484775012436,
    0.15998587196060582,
    0.1757510624854792,
    0.193069772888325,
    0.21209508879201905,
    0.2329951810515372,
    0.2559547922699536,
    0.281176869797423,
    0.3088843596477481,
    0.3393221771895328,
    0.372759372031494,
    0.4094915062380424,
    0.44984326689694454,
    0.49417133613238345,
    0.5428675439323859,
    0.5963623316594643,
    0.6551285568595507,
    0.7196856730011519,
    0.7906043210907697,
    0.8685113737513525,
    0.9540954763499939,
    1.0481131341546859,
    1.151395399326447,
    1.2648552168552958,
    1.3894954943731375,
    1.5264179671752334,
    1.6768329368110073,
    1.8420699693267153,
    2.0235896477251565,
    2.2229964825261943,
    2.442053094548651,
    2.6826957952797246,
    2.9470517025518097,
    3.2374575428176433,
    3.5564803062231283,
    3.9069399370546147,
    4.291934260128776,
    4.714866363457392,
    5.17947467923121,
    5.689866029018296,
    6.250551925273969,
    6.866488450042998,
    7.543120063354615,
    8.286427728546842,
    9.102981779915218,
    10.0
  ],
  "gamma_max": [
    0.5571538023064765,
    0.555006918781676,
    0.5524165180133476,
    0.5492910804685633,
    0.5455202470045734,
    0.5409709588919559,
    0.5354828144473831,
    0.5288624845448507,
    0.5208769986843461,
    0.5112456751653968,
    0.49963042122955975,
    0.4856240711027887,
    0.4687363527325167,
    0.44837697369176305,
    0.42383517648248276,
    0.3942549142054445,
    0.358604499186974,
    0.3156391182288495,
    0.2638538764794321,
    0.20142381994886127,
    0.126125295714119,
    0.03522917882879913,
    -0.07465107656836031,
    -0.20779018980780653,
    -0.36973562530064613,
    -0.568043412860348,
    -0.8140224696378452,
    -1.1287197399571736,
    -1.6036142514799505,
    -2.0041740271168442,
    -2.367949228700943,
    -2.8062156591816136,
    -3.3344462304219156,
    -3.971350828336343,
    -4.739543513796134,
    -5.666348326400543,
    -6.7177548827407065,
    -7.996058802168995,
    -9.570392510535209,
    -11.497728796349993,
    -13.846684052596489,
    -16.70025036272948,
    -20.158969728440727,
    -24.344643532266996,
    -29.404713343338564,
    -35.51748538889714,
    -42.89840429470188,
    -51.807617487493275,
    -62.55911446366991,
    -75.53177753327373
  ],
  "omega_max": [
    -1.1644240231207236e-13,
    -5.0158272687645987e-14,
    1.0792725641817026e-15,
    -1.0606751404148588e-13,
    4.4954664468639885e-14,
    -1.8067142788804984e-15,
    -1.531599769285003e-13,
    3.53966540883081e-14,
    -3.0940669604856276e-14,
    2.7153148837950843e-14,
    -1.1727409833217123e-14,
    3.247368589387949e-14,
    1.1392808730408925e-14,
    1.5720371463538525e-14,
    -1.3465349112455408e-14,
    8.356407900767243e-15,
    -1.305648620225046e-14,
    7.769219745361625e-15,
    -2.3263229732062023e-14,
    -4.1968071768703253e-14,
    -2.5682088657346514e-15,
    1.303037354881669e-15,
    4.416208788922607e-15,
    -8.007020413061068e-15,
    1.9037560864807912e-14,
    -3.939208937924491e-14,
    -1.2317144523423613e-14,
    -2.622841021860039e-13,
    8.941012056403359e-14,
    0.319354939176251,
    -0.48441306300360143,
    0.6266788343956068,
    0.7626913106008604,
    -0.8991232951658853,
    -1.0399239870203845,
    -1.1880234642571426,
    1.1606601507834906,
    -1.2982892010129639,
    -1.466807092127931,
    1.6653145081435488,
    1.8927944351918504,
    -2.1488649425385353,
    -2.434096798077687,
    2.750070229142964,
    3.0993203667086315,
    -3.4852594068736353,
    3.912115066439769,
    4.38489671965022,
    4.909388158367936,
    5.492164115311376
  ],
  "params": {
    "alpha": -26.0,
    "dT": 0.75,
    "dR": 1.0
  },
  "metadata": {
    "shear_max": 5.20526214101265e-09,
    "vel_net": 3.101927297073854e-25,
    "resolution": {
      "H": 25,
      "M": 65,
      "Nz": 129,
      "Nth": 128
    },
    "timestamp": "2026-04-13T12:49:26.161137"
  }
}