{
  "k": [
    0.1,
    0.10985411419875583,
    0.12067926406393285,
    0.13257113655901093,
    0.14563484775012436,
    0.15998587196060582,
    0.1757510624854792,
    0.193069772888325,
    0.21209508879201905,
    0.2329951810515372,
    0.2559547922699536,
    0.281176869797423,
    0.3088843596477481,
    0.3393221771895328,
    0.372759372031494,
    0.4094915062380424,
    0.44984326689694454,
    0.49417133613238345,
    0.5428675439323859,
    0.5963623316594643,
    0.6551285568595507,
    0.7196856730011519,
    0.7906043210907697,
    0.8685113737513525,
    0.9540954763499939,
    1.0481131341546859,
    1.151395399326447,
    1.2648552168552958,
    1.3894954943731375,
    1.5264179671752334,
    1.6768329368110073,
    1.8420699693267153,
    2.0235896477251565,
    2.2229964825261943,
    2.442053094548651,
    2.6826957952797246,
    2.9470517025518097,
    3.2374575428176433,
    3.5564803062231283,
    3.9069399370546147,
    4.291934260128776,
    4.714866363457392,
    5.17947467923121,
    5.689866029018296,
    6.250551925273969,
    6.866488450042998,
    7.543120063354615,
    8.286427728546842,
    9.102981779915218,
    10.0
  ],
  "gamma_max": [
    -0.09625075563278128,
    -0.10452977321622058,
    -0.11448927649184748,
    -0.12646330106729203,
    -0.14084964692040516,
    -0.1581214793019254,
    -0.17884157735812906,
    -0.2036812800689571,
    -0.2334499043788298,
    -0.2691533603512954,
    -0.31215694852776116,
    -0.36489583623266586,
    -0.44270697502476564,
    -0.48604296628291277,
    -0.5240812815317561,
    -0.5049063519879992,
    -0.49498874533410403,
    -0.4886010657904527,
    -0.48321970284142535,
    -0.478359642803502,
    -0.4740086611485282,
    -0.47037259829975875,
    -0.46781128270380035,
    -0.33222329074796253,
    -0.10354789416436594,
    0.12176036135422208,
    0.33756269141447204,
    0.5348158626653318,
    0.6996524649628412,
    0.810168973386189,
    0.8308356759000722,
    0.7026866218098724,
    0.33314899883302246,
    1.4727834767141221,
    3.0831640487244405,
    4.412581976100611,
    5.289528729860169,
    5.675765816142336,
    5.5071169018275565,
    4.641025661829985,
    2.7850139055808754,
    -0.3781548708614313,
    0.4092786661154507,
    0.6401202051446317,
    0.3711540294530602,
    -0.348634895020158,
    -1.5304903001666845,
    -3.2251030177792397,
    -5.514196252707709,
    -8.501456992488004
  ],
  "omega_max": [
    1.8528326685667203e-15,
    -4.86692012974564e-15,
    1.6129477172809368e-14,
    -1.5397165957208573e-14,
    2.739898687334825e-14,
    -2.5617020616774896e-14,
    1.94698131893001e-14,
    4.682443991766224e-15,
    1.1009882156490965e-14,
    -2.056327512984941e-14,
    -3.4046379821148275e-14,
    -5.3683185106149684e-14,
    3.4720886233457024e-14,
    -0.04323256317217332,
    0.03297764079311097,
    1.9584817484582143e-14,
    -3.2625223683671255e-16,
    7.545678475284324e-15,
    1.461254720725983e-14,
    9.900415025433936e-15,
    1.5385011881330884e-14,
    -8.427886434265064e-15,
    1.8892678584244608e-14,
    -7.904640260624087,
    8.015058281831335,
    8.109852466311295,
    8.178859577015997,
    -8.209762485185792,
    8.188131313767185,
    -8.097790615633627,
    -7.922085074861196,
    -7.648196377385216,
    7.2819905755991785,
    3.447091737995919e-12,
    1.999622943409908e-12,
    2.9723401053489657e-13,
    4.562386463932556e-14,
    1.1986708536066261e-11,
    2.309926242648706e-11,
    -4.3458850836100896e-11,
    -1.2889910496610225e-11,
    9.985122108248967e-11,
    -10.800689988539231,
    12.33592577696626,
    -14.003752502828544,
    -15.76785161716481,
    -17.64443119597086,
    19.67009397097247,
    -21.904686078822827,
    24.456140362696715
  ],
  "params": {
    "alpha": -54.0,
    "dT": 0.14285714285714285,
    "dR": 1.0
  },
  "metadata": {
    "shear_max": 7.765908672588778,
    "vel_net": 1.965094753586527e-14,
    "resolution": {
      "H": 25,
      "M": 65,
      "Nz": 129,
      "Nth": 128
    },
    "timestamp": "2026-04-16T12:17:21.733903"
  }
}