{
  "k": [
    0.1,
    0.10985411419875583,
    0.12067926406393285,
    0.13257113655901093,
    0.14563484775012436,
    0.15998587196060582,
    0.1757510624854792,
    0.193069772888325,
    0.21209508879201905,
    0.2329951810515372,
    0.2559547922699536,
    0.281176869797423,
    0.3088843596477481,
    0.3393221771895328,
    0.372759372031494,
    0.4094915062380424,
    0.44984326689694454,
    0.49417133613238345,
    0.5428675439323859,
    0.5963623316594643,
    0.6551285568595507,
    0.7196856730011519,
    0.7906043210907697,
    0.8685113737513525,
    0.9540954763499939,
    1.0481131341546859,
    1.151395399326447,
    1.2648552168552958,
    1.3894954943731375,
    1.5264179671752334,
    1.6768329368110073,
    1.8420699693267153,
    2.0235896477251565,
    2.2229964825261943,
    2.442053094548651,
    2.6826957952797246,
    2.9470517025518097,
    3.2374575428176433,
    3.5564803062231283,
    3.9069399370546147,
    4.291934260128776,
    4.714866363457392,
    5.17947467923121,
    5.689866029018296,
    6.250551925273969,
    6.866488450042998,
    7.543120063354615,
    8.286427728546842,
    9.102981779915218,
    10.0
  ],
  "gamma_max": [
    -2.0658954965393463,
    -2.0644922452835117,
    -2.063199917126466,
    -2.0620815346713024,
    -2.061217282205719,
    -2.0607085119190534,
    -2.0606826335810093,
    -2.061299073926281,
    -2.034669829134584,
    -1.9737984477624724,
    -1.9091801918977327,
    -1.8409701698005725,
    -1.7694513760318837,
    -1.6950666749234204,
    -1.6184554481923492,
    -1.540494923964314,
    -1.462346081395503,
    -1.3855039324649054,
    -1.3118519480736697,
    -1.2437204443172196,
    -1.1839489019844738,
    -1.1359524867350361,
    -1.1037935040933986,
    -1.0922592144131227,
    -1.1069484140818981,
    -1.1543705359202243,
    -1.2420628040588488,
    -1.3787332493514086,
    -1.574440214218244,
    -1.8408226128866056,
    -2.1914004132284846,
    -2.335090458209317,
    -2.391726034066549,
    -2.5841482930320825,
    -2.95604165280328,
    -3.5569451940875267,
    -4.441323605803518,
    -5.668742082510157,
    -7.305314064205976,
    -9.426380697924076,
    -12.120269807343384,
    -15.492998851096328,
    -19.673987558223956,
    -24.82331343529826,
    -31.1421357399313,
    -38.89128492296276,
    -48.43650631529756,
    -60.24662387971613,
    -73.4176222612977,
    -88.75868599307115
  ],
  "omega_max": [
    0.9051607158888628,
    0.9208817282848929,
    0.9382501389440493,
    0.957446277464465,
    0.9786710934802442,
    1.002148447999596,
    1.0281275622560453,
    1.056885579578077,
    4.762467733833279,
    4.8175504909373155,
    4.878496697089535,
    4.94586844624581,
    5.020249286143672,
    5.102233210743821,
    5.192410175889561,
    5.291348308423046,
    5.39957357119799,
    5.517548463295569,
    5.645652376981865,
    5.784167428302858,
    5.933274780078595,
    6.093067429914496,
    6.263585729613363,
    6.444881033964259,
    6.637110283844903,
    6.840659624896634,
    7.056288370900343,
    7.285276414383544,
    7.529549915776659,
    7.791753421487359,
    8.075232673692405,
    7.340634920730204,
    7.648745523796847,
    8.003194388205381,
    8.41305199589931,
    8.886618289062028,
    9.43160638231753,
    10.055539502395069,
    10.766168932230206,
    11.571907577315248,
    12.482328380682967,
    13.508792038391766,
    14.665317525305847,
    15.969986423950726,
    17.447827549800518,
    19.139136027009627,
    21.138511287159314,
    23.947547698938717,
    19.220164106525512,
    31.714945635625977
  ],
  "params": {
    "alpha": -39.0,
    "dT": 0.875,
    "dR": 1.0
  },
  "metadata": {
    "shear_max": 4.861681923044024,
    "vel_net": 2.005179237528562,
    "resolution": {
      "H": 25,
      "M": 65,
      "Nz": 129,
      "Nth": 128
    },
    "timestamp": "2026-04-13T15:20:32.714386"
  }
}