{
  "k": [
    0.1,
    0.10985411419875583,
    0.12067926406393285,
    0.13257113655901093,
    0.14563484775012436,
    0.15998587196060582,
    0.1757510624854792,
    0.193069772888325,
    0.21209508879201905,
    0.2329951810515372,
    0.2559547922699536,
    0.281176869797423,
    0.3088843596477481,
    0.3393221771895328,
    0.372759372031494,
    0.4094915062380424,
    0.44984326689694454,
    0.49417133613238345,
    0.5428675439323859,
    0.5963623316594643,
    0.6551285568595507,
    0.7196856730011519,
    0.7906043210907697,
    0.8685113737513525,
    0.9540954763499939,
    1.0481131341546859,
    1.151395399326447,
    1.2648552168552958,
    1.3894954943731375,
    1.5264179671752334,
    1.6768329368110073,
    1.8420699693267153,
    2.0235896477251565,
    2.2229964825261943,
    2.442053094548651,
    2.6826957952797246,
    2.9470517025518097,
    3.2374575428176433,
    3.5564803062231283,
    3.9069399370546147,
    4.291934260128776,
    4.714866363457392,
    5.17947467923121,
    5.689866029018296,
    6.250551925273969,
    6.866488450042998,
    7.543120063354615,
    8.286427728546842,
    9.102981779915218,
    10.0
  ],
  "gamma_max": [
    0.8315538621749713,
    0.8303235254352582,
    0.8288395984846301,
    0.8270500155541967,
    0.8248921107271631,
    0.8222904985378698,
    0.819154547186534,
    0.8153753720138499,
    0.810822266974765,
    0.8053384790611762,
    0.7987362183254084,
    0.7907907796262491,
    0.7812336318407591,
    0.7697443006065895,
    0.7559408245759217,
    0.7393684848243597,
    0.719486367878683,
    0.695651071956908,
    0.6670964194347883,
    0.6329072386158102,
    0.5919838398742138,
    0.542991172712146,
    0.4842816078874092,
    0.4137699676826945,
    0.32871607629327726,
    0.22530955930602933,
    0.09776324172825222,
    -0.0641426227800809,
    -0.28509677810219386,
    -0.7141090112917162,
    -0.8277037423630819,
    -0.9617531263083345,
    -1.1203224413943864,
    -1.3084012217502836,
    -1.5321007609367125,
    -1.7736099431652899,
    -2.041450465223266,
    -2.380111222566993,
    -2.8028137332791276,
    -3.3252221314396215,
    -3.9661124062849247,
    -4.7481518343876505,
    -5.698786363851242,
    -6.8512521242946,
    -8.245745343103984,
    -9.930800209621355,
    -11.964936655183054,
    -14.418651133748076,
    -17.376835054105914,
    -20.94171816365134
  ],
  "omega_max": [
    1.948825789797318e-14,
    2.1640454927813383e-13,
    -3.0716693382524134e-14,
    -2.6766638011690406e-14,
    1.5248510771023427e-14,
    6.02740434228773e-14,
    7.734195895068886e-14,
    2.667026958809206e-14,
    1.5667333167922573e-14,
    -3.767793076304763e-14,
    5.895833961439877e-14,
    4.149457002710694e-15,
    4.124223459192404e-15,
    -4.8947417812171594e-14,
    -1.7049750535763335e-14,
    7.181129590223326e-15,
    -3.344144751722641e-14,
    -2.9146934815568894e-15,
    1.3963620090930974e-14,
    -1.3958767739329642e-14,
    3.0493489743144285e-15,
    -3.300754004633937e-14,
    1.8067194563903867e-14,
    4.32619857151719e-15,
    -1.8474526563144224e-14,
    7.696086773404912e-15,
    5.753223319121569e-16,
    1.95639175874818e-15,
    1.083167599136947e-15,
    -0.14331582819668354,
    0.418164543754919,
    0.5975146584262766,
    0.7568092643418611,
    -0.910560061949317,
    -1.0652474428487955,
    -1.1350657953466938,
    -1.2745068827104469,
    1.4348108039440015,
    1.6165901092464963,
    -1.8205160776031182,
    -2.047559098308358,
    -2.299154419630367,
    -2.5773038558530414,
    -2.8846349761558865,
    -3.2244371622908385,
    3.6006870152607964,
    -4.018069208363799,
    4.481995214724375,
    4.998622130473116,
    5.574877221224922
  ],
  "params": {
    "alpha": -22.0,
    "dT": 0.2,
    "dR": 1.0
  },
  "metadata": {
    "shear_max": 1.0932788487834163e-08,
    "vel_net": 5.48662112515463e-13,
    "resolution": {
      "H": 25,
      "M": 65,
      "Nz": 129,
      "Nth": 128
    },
    "timestamp": "2026-04-13T12:25:07.675336"
  }
}