{
  "k": [
    0.1,
    0.10985411419875583,
    0.12067926406393285,
    0.13257113655901093,
    0.14563484775012436,
    0.15998587196060582,
    0.1757510624854792,
    0.193069772888325,
    0.21209508879201905,
    0.2329951810515372,
    0.2559547922699536,
    0.281176869797423,
    0.3088843596477481,
    0.3393221771895328,
    0.372759372031494,
    0.4094915062380424,
    0.44984326689694454,
    0.49417133613238345,
    0.5428675439323859,
    0.5963623316594643,
    0.6551285568595507,
    0.7196856730011519,
    0.7906043210907697,
    0.8685113737513525,
    0.9540954763499939,
    1.0481131341546859,
    1.151395399326447,
    1.2648552168552958,
    1.3894954943731375,
    1.5264179671752334,
    1.6768329368110073,
    1.8420699693267153,
    2.0235896477251565,
    2.2229964825261943,
    2.442053094548651,
    2.6826957952797246,
    2.9470517025518097,
    3.2374575428176433,
    3.5564803062231283,
    3.9069399370546147,
    4.291934260128776,
    4.714866363457392,
    5.17947467923121,
    5.689866029018296,
    6.250551925273969,
    6.866488450042998,
    7.543120063354615,
    8.286427728546842,
    9.102981779915218,
    10.0
  ],
  "gamma_max": [
    -2.4674651536602457,
    -2.470080329121289,
    -2.473232625041237,
    -2.4770314670382976,
    -2.481608180528853,
    -2.4871202072395975,
    -2.493756059767483,
    -2.5017411251570554,
    -2.5113444242021794,
    -2.5139567671865333,
    -2.5117434266668592,
    -2.510685602276294,
    -2.4591104752406565,
    -2.372493901689085,
    -2.2809023925993435,
    -2.184685709389638,
    -2.0844081814778317,
    -1.9808991892990233,
    -1.8753097856555565,
    -1.7691749183763872,
    -1.6644804638126955,
    -1.5637341203073063,
    -1.4700391626118934,
    -1.3871701497139006,
    -1.319650048244411,
    -1.2728292076679977,
    -1.2529692838245678,
    -1.267341178757911,
    -1.324357910310087,
    -1.4337825109199773,
    -1.0300057141126093,
    -0.6300334303324266,
    -0.2930314446276232,
    -0.06498426292131111,
    0.00016556324429530951,
    -0.1577430565525926,
    -0.6037124019634638,
    -1.4068312660508429,
    -2.640767656530959,
    -4.385877862313863,
    -6.732791743175649,
    -9.786896401000318,
    -13.6727509855417,
    -18.536737006549206,
    -24.544849017284065,
    -31.873254564647816,
    -40.70518507559863,
    -51.27259166531519,
    -63.92601767783737,
    -79.15188345882723
  ],
  "omega_max": [
    0.20330160426866686,
    0.22341540209034955,
    0.24553741079227476,
    0.2698740692579735,
    0.2966549529780404,
    0.3261359666896224,
    0.3586031474950346,
    0.39437723219986215,
    0.4338191841019784,
    2.11501080931075,
    2.1801748506051934,
    2.252079785580777,
    7.635246683643717,
    7.74626287177243,
    7.868807468810652,
    8.003960755321195,
    8.152850994257406,
    8.316640934584838,
    8.496512191912275,
    8.693649670079795,
    8.909229489942346,
    9.144415111906872,
    9.400366926121551,
    9.678269729019325,
    9.979379174805603,
    10.305081508438644,
    10.656950185889016,
    11.036769275078038,
    11.446480017477887,
    11.888000116697345,
    10.25823951971063,
    10.697463028558072,
    11.215815832422116,
    11.824597904493722,
    12.533131632213818,
    13.349810976217098,
    14.282914513550871,
    15.341306181072827,
    16.535242275347773,
    17.87740372436429,
    19.384288699451872,
    21.07822600580092,
    22.990404522270627,
    25.165144856525814,
    27.663880500516544,
    30.560810680579703,
    33.91526521547319,
    37.73734715173987,
    42.013398530063796,
    46.780587003457626
  ],
  "params": {
    "alpha": -54.0,
    "dT": 0.8333333333333334,
    "dR": 1.0
  },
  "metadata": {
    "shear_max": 7.5257446007311435,
    "vel_net": 3.1773089863399715,
    "resolution": {
      "H": 25,
      "M": 65,
      "Nz": 129,
      "Nth": 128
    },
    "timestamp": "2026-04-16T11:53:39.439410"
  }
}