{
  "k": [
    0.1,
    0.10985411419875583,
    0.12067926406393285,
    0.13257113655901093,
    0.14563484775012436,
    0.15998587196060582,
    0.1757510624854792,
    0.193069772888325,
    0.21209508879201905,
    0.2329951810515372,
    0.2559547922699536,
    0.281176869797423,
    0.3088843596477481,
    0.3393221771895328,
    0.372759372031494,
    0.4094915062380424,
    0.44984326689694454,
    0.49417133613238345,
    0.5428675439323859,
    0.5963623316594643,
    0.6551285568595507,
    0.7196856730011519,
    0.7906043210907697,
    0.8685113737513525,
    0.9540954763499939,
    1.0481131341546859,
    1.151395399326447,
    1.2648552168552958,
    1.3894954943731375,
    1.5264179671752334,
    1.6768329368110073,
    1.8420699693267153,
    2.0235896477251565,
    2.2229964825261943,
    2.442053094548651,
    2.6826957952797246,
    2.9470517025518097,
    3.2374575428176433,
    3.5564803062231283,
    3.9069399370546147,
    4.291934260128776,
    4.714866363457392,
    5.17947467923121,
    5.689866029018296,
    6.250551925273969,
    6.866488450042998,
    7.543120063354615,
    8.286427728546842,
    9.102981779915218,
    10.0
  ],
  "gamma_max": [
    0.16523319757319452,
    0.15311460627221435,
    0.13846614034412266,
    0.12075349675085421,
    0.0993262870701235,
    0.07339060941852642,
    0.0419729003615224,
    0.0038691267523295516,
    -0.04243557411503568,
    -0.0989214920900985,
    -0.1684289002453625,
    -0.2561496255620154,
    -0.3829765409079455,
    -0.49124744792292435,
    -0.548858021341301,
    -0.6152966326736308,
    -0.6914794190557412,
    -0.6412156660326062,
    -0.6004814102633547,
    -0.4485769939626574,
    -0.29822754237945487,
    -0.15155754625338083,
    -0.010395161083132903,
    0.12350639504143252,
    0.24821836098641575,
    0.3613875777503755,
    0.45998030519082317,
    0.5399962855670278,
    0.596138065171108,
    0.6214497084218429,
    0.607005014010827,
    0.5418704271764929,
    0.4138855936827269,
    0.21236387644381718,
    -0.06622898095486335,
    -0.014091280785223695,
    -0.047762046202642516,
    -0.27095019721397806,
    -0.7578108819770193,
    -1.5584154341862384,
    -2.010953189870746,
    -2.2831656269679743,
    -2.712122015745725,
    -3.333084187934982,
    -4.178177200163191,
    -5.282772626746255,
    -6.689286747593933,
    -8.4496279754905,
    -10.627001502566364,
    -13.296826440448333
  ],
  "omega_max": [
    2.1966728501249858e-13,
    -1.384225558306233e-13,
    -5.2262477059329173e-14,
    -3.615090780746605e-13,
    5.397889914859392e-13,
    -2.671133612637399e-13,
    -2.45422752226577e-13,
    5.249560212689317e-13,
    -2.9337691699908427e-13,
    8.770927835136008e-14,
    -3.9371755958674043e-13,
    2.7444306754418195e-13,
    1.8980468631360006e-13,
    -0.10636195052466295,
    -0.14523945217176135,
    -0.14992007340403063,
    -0.10536365037699215,
    -1.7093811859821968e-14,
    3.5391542754420193,
    3.6287481891623243,
    3.7272554116979135,
    -3.8317178971309636,
    -3.9387417379762635,
    4.044610450996881,
    -4.145298246336377,
    -4.236442914682632,
    -4.3133374859760645,
    -4.370992929779532,
    4.404325903830203,
    -4.408539551474517,
    -4.379797136988472,
    4.316363364689978,
    -4.220581072228051,
    -4.1024593651118835,
    3.98574275946906,
    -8.672563830391928e-13,
    -5.899310520291468e-12,
    1.8192440595688073e-13,
    -4.655491586411723e-12,
    -3.4570082886934926e-12,
    -5.9846533966337105,
    -6.689868715677138,
    7.4730850650092595,
    8.338135995691674,
    -9.288116432297775,
    -10.329407741947115,
    11.47236335311133,
    -12.731554832057359,
    -14.126568530886786,
    -15.683683961920257
  ],
  "params": {
    "alpha": -35.0,
    "dT": 0.14285714285714285,
    "dR": 1.0
  },
  "metadata": {
    "shear_max": 4.09452367627217,
    "vel_net": 4.984901380566953e-14,
    "resolution": {
      "H": 25,
      "M": 65,
      "Nz": 129,
      "Nth": 128
    },
    "timestamp": "2026-04-15T16:10:26.659580"
  }
}