{
  "k": [
    0.1,
    0.10985411419875583,
    0.12067926406393285,
    0.13257113655901093,
    0.14563484775012436,
    0.15998587196060582,
    0.1757510624854792,
    0.193069772888325,
    0.21209508879201905,
    0.2329951810515372,
    0.2559547922699536,
    0.281176869797423,
    0.3088843596477481,
    0.3393221771895328,
    0.372759372031494,
    0.4094915062380424,
    0.44984326689694454,
    0.49417133613238345,
    0.5428675439323859,
    0.5963623316594643,
    0.6551285568595507,
    0.7196856730011519,
    0.7906043210907697,
    0.8685113737513525,
    0.9540954763499939,
    1.0481131341546859,
    1.151395399326447,
    1.2648552168552958,
    1.3894954943731375,
    1.5264179671752334,
    1.6768329368110073,
    1.8420699693267153,
    2.0235896477251565,
    2.2229964825261943,
    2.442053094548651,
    2.6826957952797246,
    2.9470517025518097,
    3.2374575428176433,
    3.5564803062231283,
    3.9069399370546147,
    4.291934260128776,
    4.714866363457392,
    5.17947467923121,
    5.689866029018296,
    6.250551925273969,
    6.866488450042998,
    7.543120063354615,
    8.286427728546842,
    9.102981779915218,
    10.0
  ],
  "gamma_max": [
    -1.0083344637251581,
    -1.0100585112548166,
    -1.0121393275115225,
    -1.0146508038670783,
    -1.017682164675623,
    -1.0213411626182347,
    -1.025757946433126,
    -1.0310897456679253,
    -1.0375265497887571,
    -1.0452979998709624,
    -1.0546817627125522,
    -1.0660137230045599,
    -1.079700414212325,
    -1.0962342204100066,
    -1.1162120306857901,
    -1.1403582323379702,
    -1.1695532172321226,
    -1.2048689946035713,
    -1.2476141355604065,
    -1.299391268821227,
    -1.362171988555724,
    -1.4383968995577046,
    -1.5311138614640585,
    -1.644178253062625,
    -1.7825630015175118,
    -1.952886407871839,
    -2.164445318995673,
    -2.4118591370962363,
    -2.650304326738626,
    -2.9408325764130385,
    -3.294272567343054,
    -3.7236407156959506,
    -4.244599082699425,
    -4.8760124270126735,
    -5.640624582534529,
    -6.565878408653601,
    -7.675743680378849,
    -8.976799293849687,
    -10.571343458630729,
    -12.517059467851855,
    -14.883279909193924,
    -17.753687615934798,
    -21.229459447092818,
    -25.432949932873928,
    -30.512050007988694,
    -36.645390777425725,
    -44.04859735104833,
    -52.98183738842662,
    -63.75895522996133,
    -76.75853467351793
  ],
  "omega_max": [
    1.6404907054598073e-15,
    2.509415938912765e-15,
    -7.476044886786875e-17,
    -1.905638973518741e-15,
    -3.436163905817549e-16,
    1.4915408834708365e-15,
    -2.95026481195809e-18,
    4.3524073278177536e-16,
    3.4507853629682777e-16,
    5.456875031133885e-16,
    -5.702941468419246e-16,
    1.704693411475069e-15,
    1.848316866670303e-15,
    -4.452760043980223e-16,
    -1.614330982491401e-15,
    -9.83768133497942e-16,
    -1.7267924344935183e-15,
    -1.155877859418501e-15,
    4.061053075419074e-15,
    -1.4996161374803647e-15,
    2.1630343657609833e-15,
    -1.6079248471135311e-15,
    7.027307706044457e-15,
    4.501935703966728e-15,
    -3.1749911243896908e-15,
    4.043594217859935e-14,
    5.3832409227900355e-14,
    -0.6498443100831446,
    -0.7179857889470455,
    -0.791061572313224,
    0.8699550338108358,
    -0.9556155742096376,
    1.0490696362461283,
    1.151432037162471,
    1.263918572584025,
    1.3878606399996163,
    -1.4511201079820377,
    1.6086013457401642,
    1.780399534428755,
    -1.9699311673704347,
    -2.1802366071358312,
    -2.414267549817662,
    2.675126065060741,
    2.9662460221010445,
    -3.2915247277831794,
    -3.6554169372364957,
    -4.063000342075072,
    -4.520018050831972,
    -5.032904466653291,
    5.608807885678903
  ],
  "params": {
    "alpha": -17.0,
    "dT": 0.75,
    "dR": 1.0
  },
  "metadata": {
    "shear_max": 1.9093801381626074e-09,
    "vel_net": 1.809457589959748e-25,
    "resolution": {
      "H": 25,
      "M": 65,
      "Nz": 129,
      "Nth": 128
    },
    "timestamp": "2026-04-13T11:10:04.408677"
  }
}