{
  "k": [
    0.1,
    0.10985411419875583,
    0.12067926406393285,
    0.13257113655901093,
    0.14563484775012436,
    0.15998587196060582,
    0.1757510624854792,
    0.193069772888325,
    0.21209508879201905,
    0.2329951810515372,
    0.2559547922699536,
    0.281176869797423,
    0.3088843596477481,
    0.3393221771895328,
    0.372759372031494,
    0.4094915062380424,
    0.44984326689694454,
    0.49417133613238345,
    0.5428675439323859,
    0.5963623316594643,
    0.6551285568595507,
    0.7196856730011519,
    0.7906043210907697,
    0.8685113737513525,
    0.9540954763499939,
    1.0481131341546859,
    1.151395399326447,
    1.2648552168552958,
    1.3894954943731375,
    1.5264179671752334,
    1.6768329368110073,
    1.8420699693267153,
    2.0235896477251565,
    2.2229964825261943,
    2.442053094548651,
    2.6826957952797246,
    2.9470517025518097,
    3.2374575428176433,
    3.5564803062231283,
    3.9069399370546147,
    4.291934260128776,
    4.714866363457392,
    5.17947467923121,
    5.689866029018296,
    6.250551925273969,
    6.866488450042998,
    7.543120063354615,
    8.286427728546842,
    9.102981779915218,
    10.0
  ],
  "gamma_max": [
    -1.0094059061846372,
    -1.0113514134478319,
    -1.013699436878757,
    -1.0165333057216182,
    -1.0199536236117903,
    -1.0240818606479871,
    -1.029064697683474,
    -1.0350792829467477,
    -1.042339596490992,
    -1.051104161880203,
    -1.0616853993671713,
    -1.0744609839668988,
    -1.0898876599112688,
    -1.1085180768483731,
    -1.131021362829068,
    -1.1582083501343687,
    -1.191062646893808,
    -1.2307791404671804,
    -1.2788120964119973,
    -1.3369359009253152,
    -1.4073229105230407,
    -1.492645261197382,
    -1.596211770495774,
    -1.722159315253257,
    -1.875735440796267,
    -2.0637498936432994,
    -2.295384451312065,
    -2.583923180795229,
    -2.902881437473897,
    -3.2315452452114504,
    -3.632242333545098,
    -4.119845225721628,
    -4.712239981322173,
    -5.430962723260103,
    -6.301971952246938,
    -7.356583758813257,
    -8.632602363163867,
    -10.140975189612739,
    -11.962857923414942,
    -14.184461257769248,
    -16.88502669437095,
    -20.16018656358524,
    -24.125540667223685,
    -28.920857233847375,
    -34.715051653630546,
    -41.71213583387591,
    -50.15837107037872,
    -60.3509024200982,
    -72.64820497905716,
    -87.48273181478945
  ],
  "omega_max": [
    -2.533658492298655e-15,
    1.4146969160918664e-15,
    -2.1567105814507231e-16,
    -9.24567911975608e-17,
    7.384278197239601e-16,
    1.283390640323372e-16,
    -1.0860453253569316e-15,
    -5.736560009120306e-17,
    6.96150371202991e-16,
    4.457359851369977e-16,
    -6.596581332346966e-16,
    -4.1931427232697127e-16,
    -2.795340665336879e-15,
    1.158469583685989e-16,
    5.479770844374402e-16,
    4.3750856990107186e-16,
    -1.5415116890799095e-16,
    -2.0965067354603426e-15,
    1.0440833521786579e-15,
    -2.9906492357561714e-17,
    1.374288026769645e-16,
    -4.947131317434296e-16,
    5.940329599513551e-15,
    -2.6341886068990724e-15,
    -5.663975947806977e-15,
    3.0735318238087334e-15,
    9.06677417362061e-15,
    -2.9279693188656516e-14,
    0.7068098914566074,
    -0.7826495827693394,
    0.8635653341358854,
    -0.9506677133713918,
    -1.045111333497872,
    -1.148114664855217,
    -1.2609789056999832,
    -1.3851075486780877,
    -1.5220278299060654,
    1.61033710269657,
    1.7829693247968772,
    -1.97269365926892,
    2.18278844441426,
    2.4163700811589157,
    2.6766556735555302,
    -2.9671620114490818,
    -3.291848793023148,
    3.655218924967536,
    -4.06238618186479,
    4.519117260698591,
    5.031856378703284,
    -5.607747439130912
  ],
  "params": {
    "alpha": -17.0,
    "dT": 0.8571428571428571,
    "dR": 1.0
  },
  "metadata": {
    "shear_max": 1.853491636026565e-09,
    "vel_net": 1.0339757656912846e-25,
    "resolution": {
      "H": 25,
      "M": 65,
      "Nz": 129,
      "Nth": 128
    },
    "timestamp": "2026-04-13T11:05:59.072471"
  }
}