{
  "k": [
    0.1,
    0.10985411419875583,
    0.12067926406393285,
    0.13257113655901093,
    0.14563484775012436,
    0.15998587196060582,
    0.1757510624854792,
    0.193069772888325,
    0.21209508879201905,
    0.2329951810515372,
    0.2559547922699536,
    0.281176869797423,
    0.3088843596477481,
    0.3393221771895328,
    0.372759372031494,
    0.4094915062380424,
    0.44984326689694454,
    0.49417133613238345,
    0.5428675439323859,
    0.5963623316594643,
    0.6551285568595507,
    0.7196856730011519,
    0.7906043210907697,
    0.8685113737513525,
    0.9540954763499939,
    1.0481131341546859,
    1.151395399326447,
    1.2648552168552958,
    1.3894954943731375,
    1.5264179671752334,
    1.6768329368110073,
    1.8420699693267153,
    2.0235896477251565,
    2.2229964825261943,
    2.442053094548651,
    2.6826957952797246,
    2.9470517025518097,
    3.2374575428176433,
    3.5564803062231283,
    3.9069399370546147,
    4.291934260128776,
    4.714866363457392,
    5.17947467923121,
    5.689866029018296,
    6.250551925273969,
    6.866488450042998,
    7.543120063354615,
    8.286427728546842,
    9.102981779915218,
    10.0
  ],
  "gamma_max": [
    0.07331975006342237,
    0.06217417810835049,
    0.04871591242443452,
    0.03246239286134852,
    0.012828302638817242,
    -0.010898483956237307,
    -0.03958948672321353,
    -0.0743241953278958,
    -0.11647503119742897,
    -0.1678951196411107,
    -0.23148552249947205,
    -0.31398877904091893,
    -0.4437206572975091,
    -0.4871826914826802,
    -0.5377223709001098,
    -0.5960124390174758,
    -0.6256841981028587,
    -0.5641704556076163,
    -0.5407889511188443,
    -0.5052959275418104,
    -0.3567671193418984,
    -0.20996024144724917,
    -0.06699587773513915,
    0.07008075907999216,
    0.19910243668015998,
    0.3175415725777734,
    0.42224109589100517,
    0.5091057255071616,
    0.5727462551431304,
    0.6060978174001885,
    0.6001078078395203,
    0.5437607174576776,
    0.425071857483381,
    0.23418869448602306,
    0.08185262474948515,
    0.17520405442449352,
    0.16827014176759267,
    -0.03529944175595342,
    -0.51638249838482,
    -1.3362282635307323,
    -1.6201296590213574,
    -1.8182499457467338,
    -2.1598959363513814,
    -2.678663372497423,
    -3.403739794532663,
    -4.366539410327375,
    -5.604493838901025,
    -7.163136151859791,
    -9.097028860763087,
    -11.468862079018947
  ],
  "omega_max": [
    6.115673577454304e-12,
    -2.662516842963217e-12,
    4.406960102943196e-12,
    -1.9331461145640308e-12,
    -2.9362658559409614e-12,
    1.9319840982332007e-13,
    -2.1305691415414855e-12,
    2.2873284200600826e-12,
    -1.5559205231518265e-12,
    6.819982075447411e-13,
    2.3442438310953945e-12,
    2.422594052403025e-12,
    -0.05037186587028242,
    0.10596566506791814,
    0.12423361043131027,
    -0.11147086428300311,
    -1.7723801763178113e-12,
    3.6046870095641984e-13,
    -1.5217155975682234e-14,
    -3.784531732263103,
    -3.8746556783777675,
    -3.9709912867973514,
    -4.070457558699706,
    4.169465194472674,
    4.263979410392387,
    4.349538301237728,
    -4.4212728559636325,
    4.473981853276155,
    -4.502321651666909,
    4.501187776324624,
    4.46640632241671,
    -4.3959639568437465,
    4.2923179795534505,
    -4.167019647325028,
    -2.782247992341548e-13,
    -3.7225933862229647e-13,
    -1.0173903041975324e-12,
    5.442237439745759e-13,
    4.3637061272933233e-13,
    -1.5064809090695832e-12,
    -6.154819589745766,
    -6.865655049023651,
    -7.662532462989686,
    -8.546992716452799,
    -9.52112113438917,
    -10.591262364692428,
    -11.768600449515986,
    13.06947516608067,
    14.516341774549897,
    -16.139155069715166
  ],
  "params": {
    "alpha": -35.0,
    "dT": 0.125,
    "dR": 1.0
  },
  "metadata": {
    "shear_max": 4.231000915809661,
    "vel_net": 2.113864638886298e-13,
    "resolution": {
      "H": 25,
      "M": 65,
      "Nz": 129,
      "Nth": 128
    },
    "timestamp": "2026-04-15T15:29:03.438401"
  }
}