{
  "k": [
    0.1,
    0.10985411419875583,
    0.12067926406393285,
    0.13257113655901093,
    0.14563484775012436,
    0.15998587196060582,
    0.1757510624854792,
    0.193069772888325,
    0.21209508879201905,
    0.2329951810515372,
    0.2559547922699536,
    0.281176869797423,
    0.3088843596477481,
    0.3393221771895328,
    0.372759372031494,
    0.4094915062380424,
    0.44984326689694454,
    0.49417133613238345,
    0.5428675439323859,
    0.5963623316594643,
    0.6551285568595507,
    0.7196856730011519,
    0.7906043210907697,
    0.8685113737513525,
    0.9540954763499939,
    1.0481131341546859,
    1.151395399326447,
    1.2648552168552958,
    1.3894954943731375,
    1.5264179671752334,
    1.6768329368110073,
    1.8420699693267153,
    2.0235896477251565,
    2.2229964825261943,
    2.442053094548651,
    2.6826957952797246,
    2.9470517025518097,
    3.2374575428176433,
    3.5564803062231283,
    3.9069399370546147,
    4.291934260128776,
    4.714866363457392,
    5.17947467923121,
    5.689866029018296,
    6.250551925273969,
    6.866488450042998,
    7.543120063354615,
    8.286427728546842,
    9.102981779915218,
    10.0
  ],
  "gamma_max": [
    -0.04223636674324482,
    -0.052990102615051375,
    -0.06595444687174765,
    -0.08158276521386362,
    -0.10042279636742164,
    -0.12313918853611924,
    -0.1505457916654681,
    -0.18365819932960567,
    -0.2237963296637521,
    -0.27283883494217326,
    -0.3340995907382622,
    -0.41816286318880214,
    -0.5130473154876135,
    -0.553418607360067,
    -0.6004841717222751,
    -0.6550706745444537,
    -0.6663081705217695,
    -0.6187979219455598,
    -0.5988071969709663,
    -0.5839844936655679,
    -0.5710138307298571,
    -0.3900553915923929,
    -0.20873754310209408,
    -0.03033597406237273,
    0.14214647557032806,
    0.3052033373186195,
    0.45444206731947223,
    0.5840434592232985,
    0.6860259727285696,
    0.7492739542336452,
    0.7583126523677679,
    0.6919489952967854,
    0.5225989160371878,
    0.22045302721535037,
    0.3423891228632574,
    0.7782991160485863,
    1.058371419747268,
    0.9620781584392737,
    0.32732337861075766,
    -1.0943967227871993,
    -1.9969064066920903,
    -1.961582127189559,
    -2.187808721638042,
    -2.7261248999565364,
    -3.5931171536344877,
    -4.816079050603285,
    -6.437893892641166,
    -8.51628446939682,
    -11.122269469965486,
    -14.334624813267727
  ],
  "omega_max": [
    4.034829735387594e-12,
    -8.164911032709127e-13,
    3.8886268616671915e-12,
    -1.9565366288468524e-12,
    -1.4374893684346956e-12,
    1.6182603065770673e-12,
    5.976813638403976e-12,
    2.740787244268469e-12,
    4.150400597619736e-12,
    -2.014416642308805e-13,
    -4.5035198189487934e-12,
    -1.3247087852092855e-12,
    -0.07091403535027091,
    0.10740608466112843,
    0.11890089703984347,
    -0.10228685375344936,
    1.5467786831943157e-12,
    -9.791046778193047e-14,
    4.720205625866527e-13,
    7.12093916387809e-14,
    -4.365449373445348e-14,
    5.436556084308485,
    -5.542658339214539,
    -5.648565947901658,
    5.74920960410764,
    -5.83855528728204,
    5.909632346977832,
    5.954608486706872,
    5.964976420469535,
    -5.931948723535182,
    -5.847223765713593,
    5.704499972263565,
    -5.502915479679348,
    5.256303106632019,
    -2.796641710279007e-12,
    4.3202283771416105e-12,
    -3.5291082615135976e-13,
    -8.485364804957798e-12,
    -2.2123874854154107e-11,
    -2.2203918953584184e-11,
    6.851840030107361,
    -7.658711865678705,
    -8.647178004714348,
    9.754613534705395,
    -10.960106475353916,
    -12.268662034013763,
    -13.698185980063103,
    15.27623798924924,
    17.041508126026734,
    19.047469162185404
  ],
  "params": {
    "alpha": -42.5,
    "dT": 0.16666666666666666,
    "dR": 1.0
  },
  "metadata": {
    "shear_max": 5.554795897105987,
    "vel_net": 1.448230456517293e-13,
    "resolution": {
      "H": 20,
      "M": 49,
      "Nz": 97,
      "Nth": 96
    },
    "timestamp": "2026-02-13T15:39:21.648994"
  }
}