{
  "k": [
    0.1,
    0.10985411419875583,
    0.12067926406393285,
    0.13257113655901093,
    0.14563484775012436,
    0.15998587196060582,
    0.1757510624854792,
    0.193069772888325,
    0.21209508879201905,
    0.2329951810515372,
    0.2559547922699536,
    0.281176869797423,
    0.3088843596477481,
    0.3393221771895328,
    0.372759372031494,
    0.4094915062380424,
    0.44984326689694454,
    0.49417133613238345,
    0.5428675439323859,
    0.5963623316594643,
    0.6551285568595507,
    0.7196856730011519,
    0.7906043210907697,
    0.8685113737513525,
    0.9540954763499939,
    1.0481131341546859,
    1.151395399326447,
    1.2648552168552958,
    1.3894954943731375,
    1.5264179671752334,
    1.6768329368110073,
    1.8420699693267153,
    2.0235896477251565,
    2.2229964825261943,
    2.442053094548651,
    2.6826957952797246,
    2.9470517025518097,
    3.2374575428176433,
    3.5564803062231283,
    3.9069399370546147,
    4.291934260128776,
    4.714866363457392,
    5.17947467923121,
    5.689866029018296,
    6.250551925273969,
    6.866488450042998,
    7.543120063354615,
    8.286427728546842,
    9.102981779915218,
    10.0
  ],
  "gamma_max": [
    -0.09854592652206023,
    -0.10720354373733935,
    -0.11762543131250647,
    -0.13016589983858318,
    -0.1452490409132769,
    -0.1633829851244488,
    -0.18517882060449906,
    -0.21137871192938268,
    -0.2429060862375504,
    -0.2809810862924082,
    -0.3274905361213192,
    -0.38703995461148966,
    -0.467746114165958,
    -0.5010242009224986,
    -0.5400403392124179,
    -0.5339647268176618,
    -0.5144491778953727,
    -0.503642978562016,
    -0.4946294454294395,
    -0.4861263485270277,
    -0.47776760973562776,
    -0.4695010207588851,
    -0.44080629501441937,
    -0.23648840897515233,
    -0.03370327700619776,
    0.1634485182730567,
    0.34955328518146833,
    0.5170643212433746,
    0.6550258791201774,
    0.7471195421046614,
    0.7686672062432369,
    0.682230782495044,
    0.4341997715354665,
    0.603186480297888,
    1.6467636453735042,
    2.6560362129631545,
    3.300651092551428,
    3.479658922869608,
    3.1081238552680164,
    2.010375815203864,
    -0.16399523183956,
    -0.8765539344818579,
    -0.5686107708073903,
    -0.6874268118505954,
    -1.2025396395972123,
    -2.109166648282189,
    -3.437106171780991,
    -5.241265332748974,
    -7.592510867307752,
    -10.547384434721437
  ],
  "omega_max": [
    2.5603437401223724e-14,
    -8.989988177664203e-14,
    9.624395677916497e-14,
    -2.5365797855661785e-14,
    4.4961558020948815e-14,
    6.029627555451364e-14,
    -5.0847746305135766e-14,
    3.309261543949778e-14,
    7.274893998646283e-15,
    -1.8167535328215906e-14,
    2.993303705328602e-14,
    1.3200920930364891e-13,
    -0.036591453447057644,
    0.06029922163287994,
    0.05372105961356785,
    1.1468405961873538e-12,
    -1.4128884647479019e-12,
    -1.1260799429166674e-12,
    4.0770863963089517e-13,
    -2.6250112016683723e-13,
    -3.546912348299245e-13,
    -3.63573233447341e-14,
    -6.762122499398947,
    -6.86827912984392,
    6.968197578310004,
    -7.054875556073566,
    -7.11974448236147,
    7.152670893033605,
    -7.142073832133113,
    -7.075277399318312,
    -6.939389790785512,
    6.723687780562929,
    6.427488586659302,
    -1.115911840167428e-12,
    -1.8516783168473494e-12,
    4.787101785454931e-12,
    -1.1740339183312869e-11,
    2.0134784435743995e-12,
    7.628899012547332e-11,
    1.1035025154818877e-10,
    6.24312337551284e-11,
    -8.70774112228364,
    9.822135401068543,
    -11.148511369107496,
    12.586514900266739,
    -14.127797193220843,
    -15.793804208554606,
    -17.625549908723404,
    19.692051618124083,
    22.106510228509073
  ],
  "params": {
    "alpha": -48.0,
    "dT": 0.14285714285714285,
    "dR": 1.0
  },
  "metadata": {
    "shear_max": 6.759184705179327,
    "vel_net": 1.509903313490213e-14,
    "resolution": {
      "H": 25,
      "M": 65,
      "Nz": 129,
      "Nth": 128
    },
    "timestamp": "2026-04-16T05:27:43.234660"
  }
}