{
  "k": [
    0.1,
    0.10985411419875583,
    0.12067926406393285,
    0.13257113655901093,
    0.14563484775012436,
    0.15998587196060582,
    0.1757510624854792,
    0.193069772888325,
    0.21209508879201905,
    0.2329951810515372,
    0.2559547922699536,
    0.281176869797423,
    0.3088843596477481,
    0.3393221771895328,
    0.372759372031494,
    0.4094915062380424,
    0.44984326689694454,
    0.49417133613238345,
    0.5428675439323859,
    0.5963623316594643,
    0.6551285568595507,
    0.7196856730011519,
    0.7906043210907697,
    0.8685113737513525,
    0.9540954763499939,
    1.0481131341546859,
    1.151395399326447,
    1.2648552168552958,
    1.3894954943731375,
    1.5264179671752334,
    1.6768329368110073,
    1.8420699693267153,
    2.0235896477251565,
    2.2229964825261943,
    2.442053094548651,
    2.6826957952797246,
    2.9470517025518097,
    3.2374575428176433,
    3.5564803062231283,
    3.9069399370546147,
    4.291934260128776,
    4.714866363457392,
    5.17947467923121,
    5.689866029018296,
    6.250551925273969,
    6.866488450042998,
    7.543120063354615,
    8.286427728546842,
    9.102981779915218,
    10.0
  ],
  "gamma_max": [
    0.27873421162589423,
    0.27710947164205596,
    0.275149190740028,
    0.2727841747606316,
    0.26993100201808756,
    0.2664891130999946,
    0.2623373094822092,
    0.2573295407388351,
    0.25128983377410735,
    0.24400618367329607,
    0.23522318033585554,
    0.22463308123062084,
    0.21186494663076622,
    0.196471307988496,
    0.17791160318929108,
    0.15553120974251805,
    0.12853419410061798,
    0.09594657848655118,
    0.056564374087883194,
    0.008875372731121349,
    -0.04906804474319189,
    -0.11987703522198488,
    -0.20729190176955117,
    -0.3173271251891453,
    -0.46212349794969915,
    -0.6887732705145382,
    -0.9051197059744286,
    -1.0093966678389041,
    -1.1331889119447203,
    -1.2802812394839782,
    -1.4552742052957188,
    -1.6637663954688375,
    -1.9125719279496205,
    -2.209980689988204,
    -2.5660709446467265,
    -2.9534890011717203,
    -3.4089187390831874,
    -3.978553773205012,
    -4.683919895530031,
    -5.550634399947522,
    -6.609494118433616,
    -7.897739289488592,
    -9.460504127596344,
    -11.35248836232069,
    -13.639906468268018,
    -16.402791808003066,
    -19.737752704018703,
    -23.76129763624004,
    -28.61386775484329,
    -34.4647366700128
  ],
  "omega_max": [
    -9.909897497550063e-15,
    2.32595650552821e-15,
    3.933743997176908e-16,
    -1.131153639488482e-15,
    3.2283863600315527e-15,
    -9.571282632592208e-16,
    -1.2752264050369567e-14,
    -4.290027162836653e-15,
    -7.993594093797096e-15,
    1.9260667362973145e-15,
    8.48662359202646e-16,
    1.537480226040024e-14,
    8.11344673878168e-15,
    -5.348046879436065e-16,
    -1.3992156206589561e-15,
    1.542908228169854e-14,
    5.0054779724023266e-15,
    -6.6191104874159815e-15,
    1.3444181562927279e-15,
    -3.205163044210059e-17,
    1.4467072792586032e-15,
    -2.539726591042195e-15,
    -3.294682859125948e-14,
    2.962962713298775e-14,
    1.810207958607332e-14,
    3.820179096632607e-14,
    -0.23879387922383252,
    -0.37895158150827335,
    0.4956896702819201,
    -0.6052903266688777,
    0.7137035853961234,
    -0.8242295623649875,
    0.9391848747427043,
    -1.0604631023099307,
    1.1897723972272591,
    1.223728113242262,
    1.3541217255824578,
    1.5049069688361738,
    -1.6774298251833342,
    1.8727813758493859,
    2.0921251566025414,
    2.336947539333309,
    -2.6092226711893174,
    2.9115137441572436,
    3.247037180361973,
    3.619707733484674,
    4.034172054157122,
    4.495832404214398,
    -5.010862663111836,
    -5.586224381846643
  ],
  "params": {
    "alpha": -21.0,
    "dT": 0.3333333333333333,
    "dR": 1.0
  },
  "metadata": {
    "shear_max": 5.228017229101969e-09,
    "vel_net": 1.0339757656912846e-25,
    "resolution": {
      "H": 25,
      "M": 65,
      "Nz": 129,
      "Nth": 128
    },
    "timestamp": "2026-04-13T12:01:46.539360"
  }
}