{
  "k": [
    0.1,
    0.10985411419875583,
    0.12067926406393285,
    0.13257113655901093,
    0.14563484775012436,
    0.15998587196060582,
    0.1757510624854792,
    0.193069772888325,
    0.21209508879201905,
    0.2329951810515372,
    0.2559547922699536,
    0.281176869797423,
    0.3088843596477481,
    0.3393221771895328,
    0.372759372031494,
    0.4094915062380424,
    0.44984326689694454,
    0.49417133613238345,
    0.5428675439323859,
    0.5963623316594643,
    0.6551285568595507,
    0.7196856730011519,
    0.7906043210907697,
    0.8685113737513525,
    0.9540954763499939,
    1.0481131341546859,
    1.151395399326447,
    1.2648552168552958,
    1.3894954943731375,
    1.5264179671752334,
    1.6768329368110073,
    1.8420699693267153,
    2.0235896477251565,
    2.2229964825261943,
    2.442053094548651,
    2.6826957952797246,
    2.9470517025518097,
    3.2374575428176433,
    3.5564803062231283,
    3.9069399370546147,
    4.291934260128776,
    4.714866363457392,
    5.17947467923121,
    5.689866029018296,
    6.250551925273969,
    6.866488450042998,
    7.543120063354615,
    8.286427728546842,
    9.102981779915218,
    10.0
  ],
  "gamma_max": [
    0.19462357830845745,
    0.19238210027958644,
    0.18967647747059332,
    0.18641044287090192,
    0.18246769142152172,
    0.1777076762916407,
    0.17196050768386847,
    0.16502075650307377,
    0.1566399160152815,
    0.14651721620288372,
    0.1342884071883083,
    0.11951202648062202,
    0.10165253224614378,
    0.08005950059364796,
    0.05394183291423411,
    0.02233555080227371,
    -0.015936795528119854,
    -0.0623179633944023,
    -0.11858344853076436,
    -0.18693159595657502,
    -0.27010891188355973,
    -0.37159505961999273,
    -0.49590173150383515,
    -0.6491260133218861,
    -0.8402135430901158,
    -1.085047241911088,
    -1.438164031887998,
    -1.795933243069137,
    -2.0891671485496084,
    -2.443813622527631,
    -2.872653975587558,
    -3.3911150354761883,
    -4.017819043645862,
    -4.7752482303860155,
    -5.690547807425388,
    -6.796496469315641,
    -8.10313757997052,
    -9.64113858503816,
    -11.53208135974975,
    -13.844375847565443,
    -16.660423766005916,
    -20.07986818498279,
    -24.22337895549493,
    -29.237087631355326,
    -35.29783486745422,
    -42.61943586834483,
    -51.460209536327746,
    -62.13206021878808,
    -75.01145207369622,
    -90.55267808245407
  ],
  "omega_max": [
    3.866075066048126e-14,
    5.910763583872289e-14,
    1.5490757133634986e-14,
    4.498698227388684e-14,
    6.0343395804270935e-15,
    -7.122201859256969e-16,
    -4.619095220161165e-15,
    4.85342142934517e-15,
    -5.2954377345506675e-15,
    -4.204946836534708e-15,
    -1.014090259980026e-14,
    8.391956988871445e-15,
    3.728917202188467e-15,
    5.5762749287330374e-15,
    6.211411025299588e-15,
    -2.006020013454046e-16,
    -1.3698628743779996e-15,
    6.171163969418131e-15,
    3.646194471138501e-15,
    -3.37251211233025e-14,
    -1.1031038465700431e-14,
    -6.9994696517640604e-15,
    5.723591484551724e-14,
    1.9487220448223157e-13,
    -7.555241396470727e-14,
    4.1975079634618666e-15,
    -2.847400435484476e-14,
    0.23893610233771964,
    0.3765213779772505,
    0.4936839785589216,
    0.6054947667859352,
    -0.717613548700619,
    -0.8332493934540391,
    -0.9547182125363891,
    -1.0839852806928238,
    1.2229056177880835,
    1.2220597196387997,
    1.3528476266678373,
    -1.5139428801186636,
    -1.7053047861804436,
    1.9263235038135424,
    2.17672789328177,
    -2.457053627312023,
    -2.768798003251457,
    -3.114414709381154,
    -3.497253681687217,
    3.921500008839343,
    -4.392132580241013,
    4.914907295058127,
    5.4963658281693055
  ],
  "params": {
    "alpha": -26.0,
    "dT": 0.9,
    "dR": 1.0
  },
  "metadata": {
    "shear_max": 4.212418441369241e-09,
    "vel_net": 2.0679515313825692e-25,
    "resolution": {
      "H": 25,
      "M": 65,
      "Nz": 129,
      "Nth": 128
    },
    "timestamp": "2026-04-13T12:29:47.736025"
  }
}