{
  "k": [
    0.1,
    0.10985411419875583,
    0.12067926406393285,
    0.13257113655901093,
    0.14563484775012436,
    0.15998587196060582,
    0.1757510624854792,
    0.193069772888325,
    0.21209508879201905,
    0.2329951810515372,
    0.2559547922699536,
    0.281176869797423,
    0.3088843596477481,
    0.3393221771895328,
    0.372759372031494,
    0.4094915062380424,
    0.44984326689694454,
    0.49417133613238345,
    0.5428675439323859,
    0.5963623316594643,
    0.6551285568595507,
    0.7196856730011519,
    0.7906043210907697,
    0.8685113737513525,
    0.9540954763499939,
    1.0481131341546859,
    1.151395399326447,
    1.2648552168552958,
    1.3894954943731375,
    1.5264179671752334,
    1.6768329368110073,
    1.8420699693267153,
    2.0235896477251565,
    2.2229964825261943,
    2.442053094548651,
    2.6826957952797246,
    2.9470517025518097,
    3.2374575428176433,
    3.5564803062231283,
    3.9069399370546147,
    4.291934260128776,
    4.714866363457392,
    5.17947467923121,
    5.689866029018296,
    6.250551925273969,
    6.866488450042998,
    7.543120063354615,
    8.286427728546842,
    9.102981779915218,
    10.0
  ],
  "gamma_max": [
    -0.9838559685035894,
    -0.9775110742081854,
    -0.9710662497269813,
    -0.9645736328935317,
    -0.9580977646119871,
    -0.9517183704860698,
    -0.9455338245838761,
    -0.9396655166335265,
    -0.9342634129680382,
    -0.9295132400259332,
    -0.9256459108024712,
    -0.9229501399356433,
    -0.9217897077478454,
    -0.9226277386761391,
    -0.9260619911131303,
    -0.9328783169051084,
    -0.9441360765773423,
    -0.9613146649244078,
    -0.9865909024125968,
    -1.0234450503890824,
    -1.0783166520933434,
    -1.0230034094100096,
    -0.9331841391941869,
    -0.8438847236530042,
    -0.7567065587722042,
    -0.6735596961102494,
    -0.5966908918432181,
    -0.5287116527701858,
    -0.47263153333817254,
    -0.4319083407352457,
    -0.4105320017519818,
    -0.41315519683972374,
    -0.4452560945723409,
    -0.37589346981542276,
    -0.3311609726453926,
    -0.34992674356133546,
    -0.45284899474111817,
    -0.661737890778942,
    -0.9959157274211475,
    -1.4529923018233792,
    -1.9790909441809477,
    -2.5365107548622046,
    -3.16297672679502,
    -3.908763298366994,
    -4.813880657875359,
    -5.913873666508102,
    -7.245403351360362,
    -8.850031349111333,
    -10.777650666174583,
    -13.08993833412885
  ],
  "omega_max": [
    0.06921527136127201,
    0.06877525453394169,
    0.06780221026555944,
    0.06623233584347195,
    0.06399594895267482,
    0.0610169306195908,
    0.05721213756979473,
    0.05249076369405284,
    0.046753666340521895,
    0.03989266752795423,
    0.03178988099000331,
    0.022317148685677784,
    0.011335783339550359,
    -0.0013030151966705408,
    -0.015756352845702256,
    -0.03218505800687037,
    -0.050743609264235885,
    -0.07155915360527064,
    -0.09468869134567243,
    -0.1200342886501972,
    -0.14721512595915398,
    -4.135568016828546,
    -4.268004309590889,
    -4.409469004208323,
    -4.560284450975718,
    -4.720846512831308,
    -4.891669149293725,
    -5.073414196113294,
    -5.266885453622363,
    -5.472962158831089,
    -5.692445675599652,
    -5.9257927974302955,
    -6.17270188723934,
    -5.869875810135815,
    -6.290599980524993,
    -6.775009853494241,
    -7.334771550026497,
    -7.98697635506939,
    -8.761509878888221,
    -9.707312737071058,
    -10.853298040133842,
    -12.151317917648308,
    -13.559068433704606,
    -15.079232506550033,
    -16.731162827295904,
    -18.537527299640303,
    -20.521246953550257,
    -22.704725447694255,
    -25.109760010246646,
    -27.758256665920047
  ],
  "params": {
    "alpha": -27.0,
    "dT": 0.125,
    "dR": 1.0
  },
  "metadata": {
    "shear_max": 3.528224010055264,
    "vel_net": 1.4758607663008516,
    "resolution": {
      "H": 25,
      "M": 65,
      "Nz": 129,
      "Nth": 128
    },
    "timestamp": "2026-04-13T16:50:19.161593"
  }
}