{
  "k": [
    0.1,
    0.10985411419875583,
    0.12067926406393285,
    0.13257113655901093,
    0.14563484775012436,
    0.15998587196060582,
    0.1757510624854792,
    0.193069772888325,
    0.21209508879201905,
    0.2329951810515372,
    0.2559547922699536,
    0.281176869797423,
    0.3088843596477481,
    0.3393221771895328,
    0.372759372031494,
    0.4094915062380424,
    0.44984326689694454,
    0.49417133613238345,
    0.5428675439323859,
    0.5963623316594643,
    0.6551285568595507,
    0.7196856730011519,
    0.7906043210907697,
    0.8685113737513525,
    0.9540954763499939,
    1.0481131341546859,
    1.151395399326447,
    1.2648552168552958,
    1.3894954943731375,
    1.5264179671752334,
    1.6768329368110073,
    1.8420699693267153,
    2.0235896477251565,
    2.2229964825261943,
    2.442053094548651,
    2.6826957952797246,
    2.9470517025518097,
    3.2374575428176433,
    3.5564803062231283,
    3.9069399370546147,
    4.291934260128776,
    4.714866363457392,
    5.17947467923121,
    5.689866029018296,
    6.250551925273969,
    6.866488450042998,
    7.543120063354615,
    8.286427728546842,
    9.102981779915218,
    10.0
  ],
  "gamma_max": [
    0.5065046288491847,
    0.5042802278312839,
    0.5015958132297491,
    0.49835624462856565,
    0.49444669963925447,
    0.48972859918937195,
    0.4840346871048198,
    0.477163087011641,
    0.468870121747549,
    0.4588616332114752,
    0.4467824827913486,
    0.4322038385552525,
    0.4146077627110794,
    0.393368490828912,
    0.3677296342475651,
    0.33677631740025654,
    0.2994009558066751,
    0.2542609323289163,
    0.19972575768854603,
    0.1338102330414605,
    0.05408835186512369,
    -0.042420499492721905,
    -0.1594076354932873,
    -0.3015011854690003,
    -0.4746216244508455,
    -0.6866152632833001,
    -0.9486248566072312,
    -1.2791746206953276,
    -1.7287567443378222,
    -2.2656894248479613,
    -2.684923396058833,
    -3.191109622027716,
    -3.8023226291488093,
    -4.540397666620002,
    -5.431710367234162,
    -6.508118417424924,
    -7.763524649679553,
    -9.256121281685234,
    -11.092420380283391,
    -13.338871875022795,
    -16.07551949943911,
    -19.399168742683994,
    -23.427074392026995,
    -28.301257485068355,
    -34.19361036090395,
    -41.311990271803424,
    -49.90754087588196,
    -60.28352262421136,
    -72.80598241666492,
    -87.91665312895937
  ],
  "omega_max": [
    5.0500258416576805e-15,
    3.082769895939546e-14,
    -6.24961039832818e-14,
    -2.9573047776246417e-15,
    2.0898998911097968e-14,
    1.833225400719673e-14,
    -4.262539452450354e-14,
    -1.1946131052194358e-14,
    3.5121499369322425e-14,
    -6.464207578100927e-14,
    7.150293458699221e-15,
    -6.448632866971923e-15,
    -4.94915074420487e-14,
    -2.825965569905984e-14,
    5.047962583413845e-15,
    3.685695730178435e-14,
    3.2180965311151263e-14,
    -1.4358707055041568e-14,
    1.2367171252570383e-14,
    -4.8274185933342455e-14,
    5.174006274899101e-15,
    8.348571974495312e-16,
    -1.434771080439105e-14,
    1.2430217882426843e-14,
    4.4147456081317307e-14,
    -5.2316487848361957e-14,
    -5.635269418643753e-14,
    -2.527479040321184e-13,
    -4.830079074259434e-13,
    -0.26242123257115896,
    -0.4410054555129175,
    -0.5876347524147812,
    0.7258372163119529,
    -0.8636407584843596,
    1.005437511959823,
    -1.1543416705436709,
    1.1306392389476005,
    1.262229165350026,
    -1.4273900165880546,
    -1.6247698094888607,
    -1.8527067148536593,
    2.1102281500143873,
    -2.397457217866584,
    -2.715670306271445,
    3.067211211832439,
    3.455377144999544,
    3.8843259151151592,
    -4.359018032598433,
    4.8851928090711185,
    -5.4693751355878595
  ],
  "params": {
    "alpha": -27.0,
    "dT": 0.875,
    "dR": 1.0
  },
  "metadata": {
    "shear_max": 4.948582801743612e-09,
    "vel_net": 4.1359030627651384e-25,
    "resolution": {
      "H": 25,
      "M": 65,
      "Nz": 129,
      "Nth": 128
    },
    "timestamp": "2026-04-13T12:40:21.855720"
  }
}