{
  "k": [
    0.1,
    0.10985411419875583,
    0.12067926406393285,
    0.13257113655901093,
    0.14563484775012436,
    0.15998587196060582,
    0.1757510624854792,
    0.193069772888325,
    0.21209508879201905,
    0.2329951810515372,
    0.2559547922699536,
    0.281176869797423,
    0.3088843596477481,
    0.3393221771895328,
    0.372759372031494,
    0.4094915062380424,
    0.44984326689694454,
    0.49417133613238345,
    0.5428675439323859,
    0.5963623316594643,
    0.6551285568595507,
    0.7196856730011519,
    0.7906043210907697,
    0.8685113737513525,
    0.9540954763499939,
    1.0481131341546859,
    1.151395399326447,
    1.2648552168552958,
    1.3894954943731375,
    1.5264179671752334,
    1.6768329368110073,
    1.8420699693267153,
    2.0235896477251565,
    2.2229964825261943,
    2.442053094548651,
    2.6826957952797246,
    2.9470517025518097,
    3.2374575428176433,
    3.5564803062231283,
    3.9069399370546147,
    4.291934260128776,
    4.714866363457392,
    5.17947467923121,
    5.689866029018296,
    6.250551925273969,
    6.866488450042998,
    7.543120063354615,
    8.286427728546842,
    9.102981779915218,
    10.0
  ],
  "gamma_max": [
    -0.20009701254685952,
    -0.2016586500624926,
    -0.20354477608157306,
    -0.20582323364531122,
    -0.20857625865692228,
    -0.21190364194606326,
    -0.2159266460070576,
    -0.22079289174341973,
    -0.2266825137089135,
    -0.2338160114247691,
    -0.24246443113231725,
    -0.25296286356010855,
    -0.2657288623919289,
    -0.2812885482127985,
    -0.3003154741189642,
    -0.32369230508754476,
    -0.3526171503577139,
    -0.3888080983431352,
    -0.43496134166877387,
    -0.49604785761388126,
    -0.5850655711039994,
    -0.7554668025453811,
    -0.7846778766275572,
    -0.8192328385231137,
    -0.8600481739084919,
    -0.9082017689522823,
    -0.9649721032297575,
    -1.0318900744922024,
    -1.1108061044723176,
    -1.2039747086104038,
    -1.3141579343094114,
    -1.4447483184209562,
    -1.5999118906096614,
    -1.7847528224380205,
    -2.0055036312027426,
    -2.243082154195422,
    -2.5149236441928298,
    -2.857954581653848,
    -3.2854039324999804,
    -3.8129494424424353,
    -4.459403247943338,
    -5.247491168681146,
    -6.204732760592209,
    -7.364442625611091,
    -8.766888727085089,
    -10.460657372568784,
    -12.504287073639581,
    -14.96824597339515,
    -17.93734078304095,
    -21.513658170222303
  ],
  "omega_max": [
    7.999922215411598e-16,
    -6.157216693693014e-15,
    -3.695777583975571e-15,
    3.515568174402833e-16,
    -1.643419790185136e-14,
    -8.092862667494375e-15,
    -3.4064990118099974e-15,
    7.498415403321288e-15,
    -1.600168486299737e-15,
    1.5559308766018265e-15,
    -2.2055294168664013e-14,
    -1.6011096351269987e-15,
    -4.805300345940849e-15,
    1.0079902170030837e-14,
    4.4204800485670046e-15,
    -1.1919622249989114e-14,
    3.3740607375295156e-14,
    4.9827798969089054e-15,
    8.614857272484871e-15,
    -3.4585991490887757e-15,
    -1.3420793291057361e-14,
    -0.08958622248855443,
    0.20707268396506356,
    0.2904263380834635,
    0.3655904178177919,
    -0.43848700819852715,
    0.5118113855138311,
    -0.587213487518115,
    0.6659183017801101,
    -0.7489668845258678,
    0.8373301044535746,
    0.9319716335511042,
    -1.0338889337990373,
    -1.1441444196016826,
    1.2638922604660494,
    -1.3298998785207963,
    1.4644218921226886,
    1.615559063742689,
    1.7852288574391202,
    1.975226255538279,
    2.1874297638203677,
    2.4239786532286454,
    -2.6874126116386785,
    2.98077739313703,
    -3.3077042450392233,
    3.6724695322768457,
    4.080037883212803,
    4.53609049340517,
    5.047042212825986,
    5.620057549874077
  ],
  "params": {
    "alpha": -18.0,
    "dT": 0.2,
    "dR": 1.0
  },
  "metadata": {
    "shear_max": 4.639989397086261e-09,
    "vel_net": 2.0679515313825692e-25,
    "resolution": {
      "H": 25,
      "M": 65,
      "Nz": 129,
      "Nth": 128
    },
    "timestamp": "2026-04-13T11:34:51.496732"
  }
}