{
  "k": [
    0.1,
    0.10985411419875583,
    0.12067926406393285,
    0.13257113655901093,
    0.14563484775012436,
    0.15998587196060582,
    0.1757510624854792,
    0.193069772888325,
    0.21209508879201905,
    0.2329951810515372,
    0.2559547922699536,
    0.281176869797423,
    0.3088843596477481,
    0.3393221771895328,
    0.372759372031494,
    0.4094915062380424,
    0.44984326689694454,
    0.49417133613238345,
    0.5428675439323859,
    0.5963623316594643,
    0.6551285568595507,
    0.7196856730011519,
    0.7906043210907697,
    0.8685113737513525,
    0.9540954763499939,
    1.0481131341546859,
    1.151395399326447,
    1.2648552168552958,
    1.3894954943731375,
    1.5264179671752334,
    1.6768329368110073,
    1.8420699693267153,
    2.0235896477251565,
    2.2229964825261943,
    2.442053094548651,
    2.6826957952797246,
    2.9470517025518097,
    3.2374575428176433,
    3.5564803062231283,
    3.9069399370546147,
    4.291934260128776,
    4.714866363457392,
    5.17947467923121,
    5.689866029018296,
    6.250551925273969,
    6.866488450042998,
    7.543120063354615,
    8.286427728546842,
    9.102981779915218,
    10.0
  ],
  "gamma_max": [
    -0.5353350289605376,
    -0.5382002599527203,
    -0.5416673977697319,
    -0.5458654573845473,
    -0.5509524189528235,
    -0.5571224424320075,
    -0.564615299917803,
    -0.5737289795838739,
    -0.5848370245635539,
    -0.5984133283224345,
    -0.6150694988834374,
    -0.635615326184029,
    -0.6611667766822794,
    -0.6933678396951698,
    -0.7349531799451101,
    -0.7918100006204102,
    -0.9003467498911637,
    -0.9521950961809724,
    -0.9926755843590048,
    -1.0418784857981744,
    -1.1017102576483302,
    -1.1744914921427676,
    -1.2630420730729093,
    -1.3707821098014485,
    -1.501851699883898,
    -1.6612535299369335,
    -1.8550235574739726,
    -2.090436487373114,
    -2.3762543937058798,
    -2.7230285860124783,
    -3.1434666656726487,
    -3.652878756522539,
    -4.269719306805766,
    -5.016243915017381,
    -5.919304604947559,
    -7.011312056071025,
    -8.323468892116832,
    -9.849045956905146,
    -11.722560971731038,
    -14.011769976969067,
    -16.798259872370846,
    -20.180646758836843,
    -24.278304522689346,
    -29.235737122894765,
    -35.22775515722015,
    -42.46565875922172,
    -51.204668803623406,
    -61.75289205424504,
    -74.48215736839444,
    -89.8411216222074
  ],
  "omega_max": [
    8.406784920721896e-15,
    -7.521869269863628e-15,
    4.8961766981450295e-15,
    9.279886750068138e-15,
    9.388324820510018e-15,
    5.576496037380184e-14,
    -1.726941639660555e-14,
    8.12503894731545e-15,
    -7.0339581181402115e-15,
    -8.789426897054214e-15,
    -1.680644027497859e-13,
    7.603660281489646e-15,
    -6.500192140342678e-15,
    -2.462549917379134e-14,
    3.025165454111985e-14,
    -1.0932349615248311e-14,
    -1.821529249717945e-13,
    0.10550930715254786,
    0.15770463719184497,
    0.20325613012876115,
    0.2469582903047499,
    0.2907486533119849,
    -0.3357439672128879,
    0.3827436922718091,
    0.43241223995946454,
    -0.48536063328671303,
    0.5421888158638319,
    -0.6035103942053456,
    -0.6699692572591347,
    0.7422529796151162,
    0.8211059090506714,
    -0.9073436572098693,
    1.0018697564885128,
    -1.1056943524416116,
    1.2199540143129213,
    1.3459312705131417,
    -1.3793410617640027,
    1.516713751754156,
    -1.6771104803222079,
    -1.8624506236637384,
    2.074040152791819,
    2.313163378136702,
    2.581483506772791,
    -2.881262210381891,
    3.215457085534365,
    -3.587755047691822,
    4.002580423595132,
    4.465098046593736,
    4.981221150644598,
    5.557631709591412
  ],
  "params": {
    "alpha": -23.0,
    "dT": 0.8888888888888888,
    "dR": 1.0
  },
  "metadata": {
    "shear_max": 3.134324412913336e-09,
    "vel_net": 5.169878828456423e-26,
    "resolution": {
      "H": 25,
      "M": 65,
      "Nz": 129,
      "Nth": 128
    },
    "timestamp": "2026-04-13T12:06:19.562911"
  }
}