{
  "k": [
    0.1,
    0.10985411419875583,
    0.12067926406393285,
    0.13257113655901093,
    0.14563484775012436,
    0.15998587196060582,
    0.1757510624854792,
    0.193069772888325,
    0.21209508879201905,
    0.2329951810515372,
    0.2559547922699536,
    0.281176869797423,
    0.3088843596477481,
    0.3393221771895328,
    0.372759372031494,
    0.4094915062380424,
    0.44984326689694454,
    0.49417133613238345,
    0.5428675439323859,
    0.5963623316594643,
    0.6551285568595507,
    0.7196856730011519,
    0.7906043210907697,
    0.8685113737513525,
    0.9540954763499939,
    1.0481131341546859,
    1.151395399326447,
    1.2648552168552958,
    1.3894954943731375,
    1.5264179671752334,
    1.6768329368110073,
    1.8420699693267153,
    2.0235896477251565,
    2.2229964825261943,
    2.442053094548651,
    2.6826957952797246,
    2.9470517025518097,
    3.2374575428176433,
    3.5564803062231283,
    3.9069399370546147,
    4.291934260128776,
    4.714866363457392,
    5.17947467923121,
    5.689866029018296,
    6.250551925273969,
    6.866488450042998,
    7.543120063354615,
    8.286427728546842,
    9.102981779915218,
    10.0
  ],
  "gamma_max": [
    -1.6286302409417903,
    -1.6306154549508598,
    -1.633010146047379,
    -1.6358985323173234,
    -1.639382053541172,
    -1.6435828552934824,
    -1.6486479665749596,
    -1.6547543078011528,
    -1.6621146955271684,
    -1.6709850484884126,
    -1.681673051974451,
    -1.6945486107466188,
    -1.710056527022022,
    -1.7287319961764123,
    -1.7512197423527194,
    -1.7782979494999545,
    -1.8109086109831631,
    -1.8501965516606347,
    -1.8479267049661074,
    -1.731968713669441,
    -1.611830679049615,
    -1.4886964748120854,
    -1.3641497219131298,
    -1.240245582482038,
    -1.1195906169165828,
    -1.0054315269359297,
    -0.9017545154501772,
    -0.8133995789037125,
    -0.7461990759310013,
    -0.707156488402336,
    -0.7046846846926003,
    -0.3113662007703967,
    0.06579865590442895,
    0.3767166040691997,
    0.5813233555471237,
    0.6361280624661995,
    0.49483590662433713,
    0.10880308628256773,
    -0.5732550865708236,
    -1.6066789769529624,
    -3.053196538134773,
    -4.983256169617737,
    -7.476317510630635,
    -10.615423753581299,
    -14.475490550741107,
    -19.1279771174597,
    -24.691071995940515,
    -31.359287682693992,
    -39.29372151168027,
    -48.527463858617175
  ],
  "omega_max": [
    0.15863052549068918,
    0.17430945205086507,
    0.19154903442412222,
    0.2105082909483706,
    0.23136369219725147,
    0.2543115073453994,
    0.27957060819167845,
    0.307385867920876,
    0.33803233032336477,
    0.37182039877469586,
    0.4091023748249769,
    0.45028080163174805,
    0.49581921734975254,
    0.5462561135897055,
    0.6022231116461031,
    0.6644685631808858,
    0.7338878877720963,
    0.8115617561482671,
    7.58418317249322,
    7.755280987567247,
    7.942846821307538,
    8.147955804046795,
    8.37163402804915,
    8.614849194930686,
    8.878510413743992,
    9.163475477736387,
    9.470557817187641,
    9.800517383943737,
    10.154012406531427,
    10.53148630323983,
    10.932970233203113,
    9.252621273303774,
    9.739563674715244,
    10.315042924305288,
    10.985695940562199,
    11.757478227981716,
    12.636768571922476,
    13.631160339553688,
    14.750427401654846,
    16.007888196179206,
    17.422425966526255,
    19.021586244615193,
    20.845951010194316,
    22.952505138260353,
    25.40657894018766,
    28.252016454578076,
    31.501596077552264,
    35.20467913227559,
    39.507976804330205,
    44.41581882143367
  ],
  "params": {
    "alpha": -46.0,
    "dT": 0.5,
    "dR": 1.0
  },
  "metadata": {
    "shear_max": 6.525433112976338,
    "vel_net": 2.8115616694657453,
    "resolution": {
      "H": 25,
      "M": 65,
      "Nz": 129,
      "Nth": 128
    },
    "timestamp": "2026-04-15T18:17:18.593447"
  }
}