{
  "k": [
    0.1,
    0.10985411419875583,
    0.12067926406393285,
    0.13257113655901093,
    0.14563484775012436,
    0.15998587196060582,
    0.1757510624854792,
    0.193069772888325,
    0.21209508879201905,
    0.2329951810515372,
    0.2559547922699536,
    0.281176869797423,
    0.3088843596477481,
    0.3393221771895328,
    0.372759372031494,
    0.4094915062380424,
    0.44984326689694454,
    0.49417133613238345,
    0.5428675439323859,
    0.5963623316594643,
    0.6551285568595507,
    0.7196856730011519,
    0.7906043210907697,
    0.8685113737513525,
    0.9540954763499939,
    1.0481131341546859,
    1.151395399326447,
    1.2648552168552958,
    1.3894954943731375,
    1.5264179671752334,
    1.6768329368110073,
    1.8420699693267153,
    2.0235896477251565,
    2.2229964825261943,
    2.442053094548651,
    2.6826957952797246,
    2.9470517025518097,
    3.2374575428176433,
    3.5564803062231283,
    3.9069399370546147,
    4.291934260128776,
    4.714866363457392,
    5.17947467923121,
    5.689866029018296,
    6.250551925273969,
    6.866488450042998,
    7.543120063354615,
    8.286427728546842,
    9.102981779915218,
    10.0
  ],
  "gamma_max": [
    0.5921652439769681,
    0.5739671098853137,
    0.5519648503091957,
    0.5253544589960732,
    0.4931587816302045,
    0.4541893503291633,
    0.4069997780758766,
    0.34982890995755395,
    0.28053110129078024,
    0.19648795063943958,
    0.09448339246968189,
    -0.029529219025721098,
    -0.18109546854436667,
    -0.3703580363216644,
    -0.6564652432167685,
    -0.8264586845334359,
    -0.9505123561769583,
    -0.817963912842982,
    -0.5917880091042544,
    -0.36516623783139185,
    -0.14244171209335807,
    0.07318441856103451,
    0.27927462462567804,
    0.4736243771376182,
    0.6537613492014135,
    0.8164923604178655,
    0.9574384087255434,
    1.0704780942253742,
    1.1470206602516968,
    1.175033391023298,
    1.1377411823608767,
    1.0118814208163152,
    0.7653767745926293,
    0.3549833064659651,
    -0.2687804955281768,
    -0.39973451208134597,
    -0.17076374179018053,
    -0.44733795920549774,
    -1.4713898578074984,
    -3.544072732548108,
    -4.001485781204031,
    -4.526820986953307,
    -5.50771374325994,
    -6.960942926964135,
    -8.927217375430601,
    -11.473351750380791,
    -14.689218718354201,
    -18.68789968671574,
    -23.608484621481143,
    -29.62136570829296
  ],
  "omega_max": [
    3.673692245707167e-12,
    1.9038894964104192e-11,
    1.2399821919106968e-11,
    2.676259723111085e-11,
    2.1857343877887337e-11,
    7.371917805798573e-11,
    3.319532866959105e-11,
    3.6499194930754505e-11,
    2.534199506607538e-11,
    1.671189250984435e-12,
    -1.2641368413973762e-11,
    4.636290762049748e-11,
    8.03662755840273e-11,
    5.509721574270375e-11,
    1.731304404668141e-10,
    0.20457796523768815,
    0.2505510707682944,
    4.9638706918405715,
    5.068102179854186,
    5.191706317907498,
    5.330319013061604,
    5.478573196363995,
    5.630621476586182,
    -5.780294838075671,
    5.921031054677531,
    6.045725351611268,
    6.1466091406922105,
    -6.215228858256465,
    6.242590204828994,
    6.2195478096174295,
    6.137561203935184,
    5.990064542218248,
    5.775172646564174,
    5.502193963839156,
    5.208859590499315,
    1.1516015131226509e-11,
    1.8298105201771956e-11,
    -1.2470851408366864e-12,
    1.307563226342796e-11,
    1.105929235569578e-10,
    6.109866368349353,
    7.082073710097619,
    8.16282732311445,
    -9.304050316896813,
    -10.508586765125882,
    -11.792218422408155,
    -13.175940414215338,
    14.684033018189762,
    16.34326411157501,
    18.182918243514578
  ],
  "params": {
    "alpha": -49.0,
    "dT": 0.3333333333333333,
    "dR": 1.0
  },
  "metadata": {
    "shear_max": 5.7373826749217205,
    "vel_net": 6.217248937900877e-13,
    "resolution": {
      "H": 25,
      "M": 65,
      "Nz": 129,
      "Nth": 128
    },
    "timestamp": "2026-04-16T01:49:52.345173"
  }
}