{
  "k": [
    0.1,
    0.10985411419875583,
    0.12067926406393285,
    0.13257113655901093,
    0.14563484775012436,
    0.15998587196060582,
    0.1757510624854792,
    0.193069772888325,
    0.21209508879201905,
    0.2329951810515372,
    0.2559547922699536,
    0.281176869797423,
    0.3088843596477481,
    0.3393221771895328,
    0.372759372031494,
    0.4094915062380424,
    0.44984326689694454,
    0.49417133613238345,
    0.5428675439323859,
    0.5963623316594643,
    0.6551285568595507,
    0.7196856730011519,
    0.7906043210907697,
    0.8685113737513525,
    0.9540954763499939,
    1.0481131341546859,
    1.151395399326447,
    1.2648552168552958,
    1.3894954943731375,
    1.5264179671752334,
    1.6768329368110073,
    1.8420699693267153,
    2.0235896477251565,
    2.2229964825261943,
    2.442053094548651,
    2.6826957952797246,
    2.9470517025518097,
    3.2374575428176433,
    3.5564803062231283,
    3.9069399370546147,
    4.291934260128776,
    4.714866363457392,
    5.17947467923121,
    5.689866029018296,
    6.250551925273969,
    6.866488450042998,
    7.543120063354615,
    8.286427728546842,
    9.102981779915218,
    10.0
  ],
  "gamma_max": [
    -0.0569451627351438,
    -0.059242959558090544,
    -0.06201720480020348,
    -0.06536701219324151,
    -0.06941226221624545,
    -0.07429802207474681,
    -0.08019993873488197,
    -0.08733083464628084,
    -0.0959487972916677,
    -0.1063671365903314,
    -0.1189666948442667,
    -0.1342111507344452,
    -0.1526661807795521,
    -0.17502367426653148,
    -0.20213271537879943,
    -0.2350398973206119,
    -0.2750430318679221,
    -0.3237651615851296,
    -0.38326169265467647,
    -0.4561871406316463,
    -0.5460841714865629,
    -0.6579723241787382,
    -0.7998902297991366,
    -0.98930843586051,
    -1.2992891919559901,
    -1.4633613285429745,
    -1.6622029441432937,
    -1.9031183075193827,
    -2.1949170922431636,
    -2.5482230265928476,
    -2.9758480618712837,
    -3.4932458967300946,
    -4.119061251800406,
    -4.875794499740593,
    -5.790605382439766,
    -6.896284808979394,
    -8.211335838832511,
    -9.751519843272547,
    -11.644393967549837,
    -13.958427224349967,
    -16.776085816049438,
    -20.19707824897993,
    -24.342136834737964,
    -29.35744964193457,
    -35.419905729395644,
    -42.74335886373254,
    -51.586155100751775,
    -62.26021316281448,
    -75.14199798238911,
    -90.68578990240043
  ],
  "omega_max": [
    7.379659708874129e-15,
    2.253697032431051e-15,
    -9.72194146911103e-16,
    9.647350943231296e-16,
    -9.209116911125292e-15,
    -1.0995696464240778e-15,
    2.6134922762634662e-15,
    2.690444134091182e-15,
    -3.9091355456427034e-16,
    6.770148204679419e-15,
    1.6621588899378754e-15,
    2.3877118266487e-14,
    -2.218666868375299e-14,
    -1.1766725407752426e-14,
    7.745277468901811e-15,
    -1.0749381748432356e-15,
    4.2852457639564714e-14,
    1.4953326708903115e-14,
    2.961881237505842e-14,
    -2.1413486208246478e-14,
    -1.602430402160247e-14,
    -2.75492782914125e-14,
    -7.163170297255392e-14,
    8.370305995387603e-15,
    0.09713143118589597,
    0.2397334188414842,
    0.33956366776175984,
    0.4300878629668025,
    0.5186315165143309,
    -0.6085615957247843,
    0.7019881793394555,
    -0.8005244703585351,
    -0.905585643768076,
    -1.0185353261616004,
    1.1407704622315262,
    1.2737765538949706,
    1.2871324278751473,
    1.419457719087748,
    -1.5793421113337083,
    1.7675818684719715,
    1.9843444762810287,
    -2.2299557052520624,
    -2.505358434091343,
    -2.8123080487044922,
    -3.1534159384814657,
    3.5321291250460414,
    -3.9526965594749144,
    -4.420144474148409,
    -4.940268501858027,
    -5.519646443763662
  ],
  "params": {
    "alpha": -25.0,
    "dT": 0.9,
    "dR": 1.0
  },
  "metadata": {
    "shear_max": 3.937876407743855e-09,
    "vel_net": 2.0679515313825692e-25,
    "resolution": {
      "H": 25,
      "M": 65,
      "Nz": 129,
      "Nth": 128
    },
    "timestamp": "2026-04-13T12:20:27.745929"
  }
}