{
  "k": [
    0.1,
    0.10985411419875583,
    0.12067926406393285,
    0.13257113655901093,
    0.14563484775012436,
    0.15998587196060582,
    0.1757510624854792,
    0.193069772888325,
    0.21209508879201905,
    0.2329951810515372,
    0.2559547922699536,
    0.281176869797423,
    0.3088843596477481,
    0.3393221771895328,
    0.372759372031494,
    0.4094915062380424,
    0.44984326689694454,
    0.49417133613238345,
    0.5428675439323859,
    0.5963623316594643,
    0.6551285568595507,
    0.7196856730011519,
    0.7906043210907697,
    0.8685113737513525,
    0.9540954763499939,
    1.0481131341546859,
    1.151395399326447,
    1.2648552168552958,
    1.3894954943731375,
    1.5264179671752334,
    1.6768329368110073,
    1.8420699693267153,
    2.0235896477251565,
    2.2229964825261943,
    2.442053094548651,
    2.6826957952797246,
    2.9470517025518097,
    3.2374575428176433,
    3.5564803062231283,
    3.9069399370546147,
    4.291934260128776,
    4.714866363457392,
    5.17947467923121,
    5.689866029018296,
    6.250551925273969,
    6.866488450042998,
    7.543120063354615,
    8.286427728546842,
    9.102981779915218,
    10.0
  ],
  "gamma_max": [
    -1.0083343737304822,
    -1.0100583563594017,
    -1.0121390730100552,
    -1.01465039804243,
    -1.017681530699928,
    -1.0213401866175138,
    -1.0257564598795366,
    -1.031087499368795,
    -1.03752317538463,
    -1.0452929527057144,
    -1.0546742367940414,
    -1.0660025239347803,
    -1.0796837684138085,
    -1.096209487072588,
    -1.1161752638074613,
    -1.140303509285139,
    -1.169471598975869,
    -1.2047468960387002,
    -1.2474307336799049,
    -1.2991143069916555,
    -1.3617508351637087,
    -1.4377507501210958,
    -1.5301109898019076,
    -1.6425978687555973,
    -1.78002085018948,
    -1.9486771190158159,
    -2.1571648103055576,
    -2.418164816173846,
    -2.7492455694679063,
    -3.038749776769595,
    -3.3913592159649437,
    -3.8201053378886973,
    -4.340662081083326,
    -4.971903822283305,
    -5.736583033103485,
    -6.662151719802337,
    -7.776025715148518,
    -9.080615855762893,
    -10.67828883847499,
    -12.626845240985803,
    -14.995732527680538,
    -17.868739281128132,
    -21.347134446055083,
    -25.55334774391523,
    -30.635325746110084,
    -36.77173301654026,
    -44.178203352803806,
    -53.114886543940194,
    -63.89558293933864,
    -76.89881012493545
  ],
  "omega_max": [
    5.744840354734362e-16,
    -5.02796432414657e-16,
    1.241877005498422e-16,
    -2.8519895712652935e-17,
    -5.684298395591765e-16,
    3.64663942625322e-16,
    4.2348650400034766e-16,
    -4.333095633514386e-16,
    -1.0474576156149535e-15,
    2.8088816229087282e-18,
    3.367760288742072e-16,
    4.1758937268022865e-16,
    -1.7932225754418857e-16,
    8.2276082830529e-17,
    -4.008759080041525e-16,
    -1.884762784119318e-15,
    -1.4902505064072334e-15,
    -1.528273016736258e-15,
    -5.752050315011991e-16,
    -8.940992773172245e-16,
    -8.443326031785247e-16,
    -1.6064805637224137e-15,
    2.989192879087565e-15,
    -3.744404451001036e-15,
    -2.1106278239208716e-15,
    -1.032894787448353e-14,
    -1.8856876136891505e-14,
    -2.9214236420899045e-15,
    0.6817551267270262,
    0.7597147878693425,
    -0.8426034208401504,
    -0.931548536893519,
    1.0277115752614738,
    -1.132311622574956,
    -1.2466454809778615,
    -1.3721073889864195,
    -1.4409781656526084,
    -1.6024807672928842,
    -1.7770179690331978,
    1.9682307973545345,
    2.179391439090796,
    -2.4136722560160546,
    2.674374178842301,
    2.9651062985070618,
    3.2899213135830983,
    -3.653415013498442,
    -4.060795693525722,
    4.517927205469056,
    5.031351997540358,
    5.60830934270693
  ],
  "params": {
    "alpha": -16.0,
    "dT": 0.75,
    "dR": 1.0
  },
  "metadata": {
    "shear_max": 1.451086337783764e-09,
    "vel_net": 7.754818242684634e-26,
    "resolution": {
      "H": 25,
      "M": 65,
      "Nz": 129,
      "Nth": 128
    },
    "timestamp": "2026-04-13T10:59:11.132941"
  }
}