{
  "k": [
    0.1,
    0.10985411419875583,
    0.12067926406393285,
    0.13257113655901093,
    0.14563484775012436,
    0.15998587196060582,
    0.1757510624854792,
    0.193069772888325,
    0.21209508879201905,
    0.2329951810515372,
    0.2559547922699536,
    0.281176869797423,
    0.3088843596477481,
    0.3393221771895328,
    0.372759372031494,
    0.4094915062380424,
    0.44984326689694454,
    0.49417133613238345,
    0.5428675439323859,
    0.5963623316594643,
    0.6551285568595507,
    0.7196856730011519,
    0.7906043210907697,
    0.8685113737513525,
    0.9540954763499939,
    1.0481131341546859,
    1.151395399326447,
    1.2648552168552958,
    1.3894954943731375,
    1.5264179671752334,
    1.6768329368110073,
    1.8420699693267153,
    2.0235896477251565,
    2.2229964825261943,
    2.442053094548651,
    2.6826957952797246,
    2.9470517025518097,
    3.2374575428176433,
    3.5564803062231283,
    3.9069399370546147,
    4.291934260128776,
    4.714866363457392,
    5.17947467923121,
    5.689866029018296,
    6.250551925273969,
    6.866488450042998,
    7.543120063354615,
    8.286427728546842,
    9.102981779915218,
    10.0
  ],
  "gamma_max": [
    -1.0057224296051193,
    -1.0069762882574202,
    -1.0084899963312386,
    -1.0103175395505204,
    -1.012524178116466,
    -1.0151888259906845,
    -1.0184069418499961,
    -1.0222940453804685,
    -1.0269899982555986,
    -1.0326642211861434,
    -1.03952205753614,
    -1.047812540846232,
    -1.057837880512868,
    -1.0699650463188717,
    -1.0846399091532803,
    -1.102404482944695,
    -1.1239179083638189,
    -1.1499819228654824,
    -1.1815716738330257,
    -1.2198728532750844,
    -1.2663262755674103,
    -1.322681199985939,
    -1.3910589477300612,
    -1.4740287156517045,
    -1.5746979834255976,
    -1.696820575890626,
    -1.8449262839572673,
    -2.0244769490690766,
    -2.242055052592495,
    -2.505592109432492,
    -2.824645584052839,
    -3.2107347295997872,
    -3.6777478610306,
    -4.242436282173873,
    -4.925013478204747,
    -5.749882136466301,
    -6.706537754543168,
    -7.856439113967882,
    -9.26906644997549,
    -10.995498847804745,
    -13.097171488283173,
    -15.648299610012957,
    -18.738690800161606,
    -22.477031433128353,
    -26.994768227294813,
    -32.450737102577015,
    -39.036722259316925,
    -46.98416289578259,
    -56.572265772274264,
    -68.13782886414758
  ],
  "omega_max": [
    -0.04952739430661957,
    -0.05592117981062743,
    0.0627706970233733,
    -0.07014493331922661,
    -0.07811388643823405,
    -0.0867501416187851,
    0.09613001400525373,
    -0.10633443442336411,
    0.11744967336640166,
    -0.1295679557825127,
    0.1427879976524111,
    0.15721548574536556,
    -0.17296352098644546,
    0.19015305212539016,
    -0.208913340057346,
    -0.2293825142947246,
    -0.25170831049962294,
    0.2760491095481988,
    -0.3025754281744954,
    0.3314720303642948,
    0.3629408259037438,
    0.3972046867677902,
    -0.434512238573205,
    0.4751435790359391,
    -0.519416761128235,
    0.5676947915924077,
    -0.6203928748576965,
    -0.6779857023082708,
    0.7410147370749739,
    0.8100956241798137,
    0.8859259868121828,
    -0.9692938800150119,
    1.0610870481557693,
    -1.1623029571042856,
    1.274059548114537,
    -1.397607049146461,
    -1.444526141248092,
    1.5941906644513222,
    1.7615856983304927,
    -1.9493599941221442,
    -2.1598468421229366,
    -2.395383502372942,
    2.658558187636651,
    2.9523803331687692,
    -3.2803924753110802,
    3.6467451160316053,
    -4.056249323188835,
    -4.514414495498931,
    -5.027476227284005,
    -5.602423271173308
  ],
  "params": {
    "alpha": -19.0,
    "dT": 0.6666666666666666,
    "dR": 1.0
  },
  "metadata": {
    "shear_max": 2.997655856762043e-09,
    "vel_net": 1.550963648536927e-25,
    "resolution": {
      "H": 25,
      "M": 65,
      "Nz": 129,
      "Nth": 128
    },
    "timestamp": "2026-04-13T11:30:30.129152"
  }
}