{
  "k": [
    0.1,
    0.10985411419875583,
    0.12067926406393285,
    0.13257113655901093,
    0.14563484775012436,
    0.15998587196060582,
    0.1757510624854792,
    0.193069772888325,
    0.21209508879201905,
    0.2329951810515372,
    0.2559547922699536,
    0.281176869797423,
    0.3088843596477481,
    0.3393221771895328,
    0.372759372031494,
    0.4094915062380424,
    0.44984326689694454,
    0.49417133613238345,
    0.5428675439323859,
    0.5963623316594643,
    0.6551285568595507,
    0.7196856730011519,
    0.7906043210907697,
    0.8685113737513525,
    0.9540954763499939,
    1.0481131341546859,
    1.151395399326447,
    1.2648552168552958,
    1.3894954943731375,
    1.5264179671752334,
    1.6768329368110073,
    1.8420699693267153,
    2.0235896477251565,
    2.2229964825261943,
    2.442053094548651,
    2.6826957952797246,
    2.9470517025518097,
    3.2374575428176433,
    3.5564803062231283,
    3.9069399370546147,
    4.291934260128776,
    4.714866363457392,
    5.17947467923121,
    5.689866029018296,
    6.250551925273969,
    6.866488450042998,
    7.543120063354615,
    8.286427728546842,
    9.102981779915218,
    10.0
  ],
  "gamma_max": [
    -2.5517818410676822,
    -2.5481247005104093,
    -2.5443404165459294,
    -2.540467099297382,
    -2.5365578497361883,
    -2.5326847881135897,
    -2.528944065770186,
    -2.525462087508857,
    -2.522403218265797,
    -2.5199792994020456,
    -2.51846135630862,
    -2.468030579520218,
    -2.3868437232285493,
    -2.300793712684443,
    -2.210145189087002,
    -2.1153519993544685,
    -2.017104233383534,
    -1.91638176537095,
    -1.8145139927495422,
    -1.713245178505217,
    -1.6148045754627465,
    -1.5219803885140892,
    -1.4381966258106136,
    -1.3675920075377597,
    -1.3151004064749452,
    -1.2865330865947464,
    -1.2886650918843139,
    -1.3293330998516188,
    -1.4175623180696946,
    -1.5637581701466867,
    -1.2268369058715491,
    -0.8721861326049113,
    -0.5888212123423129,
    -0.4229671063473466,
    -0.4289834081111878,
    -0.6675428219891304,
    -1.2042906689204684,
    -2.1092470857166457,
    -3.457497321598719,
    -5.331488864235833,
    -7.824803453022758,
    -11.046908422666016,
    -15.128123173072984,
    -20.223529299608806,
    -26.513284859001544,
    -34.19574106424135,
    -43.47869598358892,
    -54.60430734934116,
    -67.92340433451804,
    -83.93342471097624
  ],
  "omega_max": [
    1.636828787614816,
    1.6631339849650437,
    1.6921201217072679,
    1.7240672256837917,
    1.7592853885740272,
    1.7981179781358156,
    1.8409451328551445,
    1.8881875304975047,
    1.940310403719853,
    1.997827747652885,
    2.061306625558257,
    7.342336463595016,
    7.441035816250554,
    7.550012974283157,
    7.670247959538995,
    7.802769367387524,
    7.9486422877993546,
    8.108953203068967,
    8.284793232153069,
    8.477242327462607,
    8.687358460285287,
    8.91617715909306,
    9.16472743419715,
    9.434069306663027,
    9.725354838062588,
    10.039907752963066,
    10.379305921303853,
    10.74543674675344,
    11.14048043450311,
    11.566765596384034,
    10.047138934084119,
    10.468865159221329,
    10.96464987073223,
    11.545849380956945,
    12.221976754733573,
    13.001582895860032,
    13.893019606403007,
    14.90509156098911,
    16.047781138587165,
    17.333164037714738,
    18.776638524035974,
    20.39869686459468,
    22.227618183961038,
    24.303487992517066,
    26.683041858970466,
    29.440222158044243,
    32.64762535456702,
    36.337403028988454,
    40.50543352943995,
    45.19556670645323
  ],
  "params": {
    "alpha": -53.0,
    "dT": 0.875,
    "dR": 1.0
  },
  "metadata": {
    "shear_max": 7.327937472313464,
    "vel_net": 3.080689409158654,
    "resolution": {
      "H": 25,
      "M": 65,
      "Nz": 129,
      "Nth": 128
    },
    "timestamp": "2026-04-16T16:51:43.791184"
  }
}