{
  "k": [
    0.1,
    0.10985411419875583,
    0.12067926406393285,
    0.13257113655901093,
    0.14563484775012436,
    0.15998587196060582,
    0.1757510624854792,
    0.193069772888325,
    0.21209508879201905,
    0.2329951810515372,
    0.2559547922699536,
    0.281176869797423,
    0.3088843596477481,
    0.3393221771895328,
    0.372759372031494,
    0.4094915062380424,
    0.44984326689694454,
    0.49417133613238345,
    0.5428675439323859,
    0.5963623316594643,
    0.6551285568595507,
    0.7196856730011519,
    0.7906043210907697,
    0.8685113737513525,
    0.9540954763499939,
    1.0481131341546859,
    1.151395399326447,
    1.2648552168552958,
    1.3894954943731375,
    1.5264179671752334,
    1.6768329368110073,
    1.8420699693267153,
    2.0235896477251565,
    2.2229964825261943,
    2.442053094548651,
    2.6826957952797246,
    2.9470517025518097,
    3.2374575428176433,
    3.5564803062231283,
    3.9069399370546147,
    4.291934260128776,
    4.714866363457392,
    5.17947467923121,
    5.689866029018296,
    6.250551925273969,
    6.866488450042998,
    7.543120063354615,
    8.286427728546842,
    9.102981779915218,
    10.0
  ],
  "gamma_max": [
    -0.08388202402273212,
    -0.09405844770734291,
    -0.1063223943932449,
    -0.12110040885825377,
    -0.1389075024217272,
    -0.1603685475414185,
    -0.18624952385434276,
    -0.21750982693111046,
    -0.2554082519142842,
    -0.30177840375532616,
    -0.3600491946504239,
    -0.4439075349793133,
    -0.5176022523553686,
    -0.5556710791320163,
    -0.6000959038699495,
    -0.6516995528785934,
    -0.6280546020654554,
    -0.599099367117535,
    -0.5831371482826981,
    -0.5705442991846735,
    -0.5592528873733001,
    -0.47247282258242246,
    -0.2807413833982638,
    -0.09025908163279364,
    0.09578979935470322,
    0.27361922562892693,
    0.438420060982411,
    0.5837240640522231,
    0.7004901431072654,
    0.7758237833187605,
    0.7912181561519824,
    0.7202804244799433,
    0.5268313431825649,
    0.17058682806827874,
    0.6902685757414755,
    1.3560298238468262,
    1.7911045427770826,
    1.7884699860258206,
    1.2084708548829661,
    -0.20706890639374645,
    -1.8972030425952946,
    -1.6479041983436808,
    -1.7142079643389114,
    -2.149746065128571,
    -2.949236732544646,
    -4.1309635852087645,
    -5.736203161439387,
    -7.82469529703952,
    -10.470484660831659,
    -13.750479281676796
  ],
  "omega_max": [
    1.102502246694124e-12,
    -5.53701757291725e-12,
    7.023764622185016e-13,
    2.6717382428593556e-12,
    8.679410835458595e-12,
    -1.3691070646768988e-12,
    4.331759850484132e-13,
    2.465094333194523e-12,
    4.52159840314613e-12,
    -2.212070076448776e-12,
    4.603616127214382e-12,
    3.3003783446266755e-12,
    0.071671438540901,
    0.09949145781584638,
    -0.10501069835966913,
    0.07986785923170202,
    -1.6508310996440712e-13,
    3.774450533130368e-13,
    4.484724437600178e-13,
    -1.2706391945016836e-13,
    2.506313518283454e-13,
    5.946018563477132,
    6.053285077317523,
    -6.160220367103933,
    6.261518985927704,
    -6.350692119147158,
    -6.420075120193939,
    -6.460884882746382,
    6.463389205040095,
    6.417291622057936,
    -6.3125282448427855,
    -6.141001625974961,
    5.901110916805102,
    -5.611788561655044,
    2.3932867780207135e-11,
    -6.247496129140685e-12,
    1.6507924315160017e-11,
    1.4886464933737322e-11,
    -1.6341337754306038e-11,
    -2.389987934545682e-11,
    7.174989746231791,
    7.975933020285819,
    -9.043580779860406,
    -10.244036558354845,
    11.539429835063022,
    12.93438876580259,
    -14.450207366239233,
    -16.120599314881076,
    -17.995192416230715,
    -20.146347254367065
  ],
  "params": {
    "alpha": -45.0,
    "dT": 0.16666666666666666,
    "dR": 1.0
  },
  "metadata": {
    "shear_max": 6.042848490213067,
    "vel_net": 1.1056039337348679e-13,
    "resolution": {
      "H": 20,
      "M": 49,
      "Nz": 97,
      "Nth": 96
    },
    "timestamp": "2026-02-13T15:54:07.456234"
  }
}