{
  "k": [
    0.1,
    0.10985411419875583,
    0.12067926406393285,
    0.13257113655901093,
    0.14563484775012436,
    0.15998587196060582,
    0.1757510624854792,
    0.193069772888325,
    0.21209508879201905,
    0.2329951810515372,
    0.2559547922699536,
    0.281176869797423,
    0.3088843596477481,
    0.3393221771895328,
    0.372759372031494,
    0.4094915062380424,
    0.44984326689694454,
    0.49417133613238345,
    0.5428675439323859,
    0.5963623316594643,
    0.6551285568595507,
    0.7196856730011519,
    0.7906043210907697,
    0.8685113737513525,
    0.9540954763499939,
    1.0481131341546859,
    1.151395399326447,
    1.2648552168552958,
    1.3894954943731375,
    1.5264179671752334,
    1.6768329368110073,
    1.8420699693267153,
    2.0235896477251565,
    2.2229964825261943,
    2.442053094548651,
    2.6826957952797246,
    2.9470517025518097,
    3.2374575428176433,
    3.5564803062231283,
    3.9069399370546147,
    4.291934260128776,
    4.714866363457392,
    5.17947467923121,
    5.689866029018296,
    6.250551925273969,
    6.866488450042998,
    7.543120063354615,
    8.286427728546842,
    9.102981779915218,
    10.0
  ],
  "gamma_max": [
    -1.6183913489514266,
    -1.6203636167829054,
    -1.6227427176580422,
    -1.625612338636526,
    -1.6290732863420812,
    -1.6332469538125358,
    -1.638279479325779,
    -1.6443467349472518,
    -1.6516603127514269,
    -1.660474716593571,
    -1.671096022066154,
    -1.6838923449050882,
    -1.699306571983194,
    -1.7178719778624552,
    -1.740231601886218,
    -1.7671626329000425,
    -1.799607583292834,
    -1.8387147780953959,
    -1.877633806328394,
    -1.7592705685864918,
    -1.6362584232108244,
    -1.5096949134395459,
    -1.3810674564516074,
    -1.2523272412577071,
    -1.1259731513762625,
    -1.0051470760460974,
    -0.8937425763892061,
    -0.7965307474719594,
    -0.7193109368130217,
    -0.669098882347705,
    -0.654366373449773,
    -0.22465679245947387,
    0.17805829999663508,
    0.515699254467658,
    0.747585690945893,
    0.8295382685915769,
    0.7144861559911946,
    0.35301458810264613,
    -0.30681970276452186,
    -1.3208085402760885,
    -2.750808635358867,
    -4.666835476993233,
    -7.146826837875378,
    -10.270473567340558,
    -14.108117847004117,
    -18.72950970032915,
    -24.25567690757941,
    -30.89123903886674,
    -38.85907005625974,
    -48.22175042170123
  ],
  "omega_max": [
    0.16285327523905974,
    0.1789472993621931,
    0.19664253665501893,
    0.21610188042067938,
    0.23750601227364468,
    0.26105576373880796,
    0.28697493018770676,
    0.31551366684776283,
    0.34695264017260197,
    0.38160817000310787,
    0.41983868032579663,
    0.46205289090514673,
    0.5087203187919651,
    0.560384837517795,
    0.6176822342482531,
    0.6813628731276159,
    0.7523206497493607,
    0.8316291998115274,
    7.762730615516122,
    7.9385103979821094,
    8.131322354655781,
    8.342296996443817,
    8.572509124954133,
    8.822961679714783,
    9.094577207064884,
    9.38819601489097,
    9.704574567149512,
    10.044370305573342,
    10.40809203728178,
    10.795991999993245,
    11.207880637767493,
    9.450616367588175,
    9.952922315268957,
    10.547135413390796,
    11.239655358849536,
    12.03634096763581,
    12.943576383418987,
    13.969061191725404,
    15.122819011885538,
    16.41863031868632,
    17.876136302532043,
    19.523997013510755,
    21.40410399166877,
    23.573904072933,
    26.09574598212561,
    29.005928374302968,
    32.30792446368178,
    36.033491315792496,
    40.31878700587072,
    45.29487631671344
  ],
  "params": {
    "alpha": -47.0,
    "dT": 0.5,
    "dR": 1.0
  },
  "metadata": {
    "shear_max": 6.6799307058850195,
    "vel_net": 2.8849723740999975,
    "resolution": {
      "H": 25,
      "M": 65,
      "Nz": 129,
      "Nth": 128
    },
    "timestamp": "2026-04-15T19:02:15.516506"
  }
}