{
  "k": [
    0.1,
    0.10985411419875583,
    0.12067926406393285,
    0.13257113655901093,
    0.14563484775012436,
    0.15998587196060582,
    0.1757510624854792,
    0.193069772888325,
    0.21209508879201905,
    0.2329951810515372,
    0.2559547922699536,
    0.281176869797423,
    0.3088843596477481,
    0.3393221771895328,
    0.372759372031494,
    0.4094915062380424,
    0.44984326689694454,
    0.49417133613238345,
    0.5428675439323859,
    0.5963623316594643,
    0.6551285568595507,
    0.7196856730011519,
    0.7906043210907697,
    0.8685113737513525,
    0.9540954763499939,
    1.0481131341546859,
    1.151395399326447,
    1.2648552168552958,
    1.3894954943731375,
    1.5264179671752334,
    1.6768329368110073,
    1.8420699693267153,
    2.0235896477251565,
    2.2229964825261943,
    2.442053094548651,
    2.6826957952797246,
    2.9470517025518097,
    3.2374575428176433,
    3.5564803062231283,
    3.9069399370546147,
    4.291934260128776,
    4.714866363457392,
    5.17947467923121,
    5.689866029018296,
    6.250551925273969,
    6.866488450042998,
    7.543120063354615,
    8.286427728546842,
    9.102981779915218,
    10.0
  ],
  "gamma_max": [
    -1.8868062020570189,
    -1.8890253808424482,
    -1.8906883625331512,
    -1.8903423936643813,
    -1.890122721757403,
    -1.8900787329773838,
    -1.8902735214432818,
    -1.8907874257610529,
    -1.891722453888575,
    -1.893207809849466,
    -1.895406770571947,
    -1.8985252043879075,
    -1.9028220503622828,
    -1.8546073922612032,
    -1.7800852879798041,
    -1.7020566594954012,
    -1.6210356805171953,
    -1.537747638228238,
    -1.4531688094341915,
    -1.3685698100793537,
    -1.285562216678717,
    -1.2061482413797908,
    -1.132773193916416,
    -1.0683803998703776,
    -1.016468185867682,
    -0.9811487261502999,
    -0.9672093724257563,
    -0.9801792860849412,
    -1.026408753768869,
    -1.1131766403258376,
    -1.2488538883527587,
    -1.2810864874941121,
    -1.1836426066418133,
    -1.1649570694564355,
    -1.2560618581724137,
    -1.4920083125131498,
    -1.9107925824646883,
    -2.5532659764639383,
    -3.464146463970145,
    -4.6942001657658725,
    -6.303719727213169,
    -8.367803403394943,
    -10.985364628031,
    -14.299566901118695,
    -18.562981878819873,
    -23.23461313605083,
    -28.467586364372206,
    -34.699386121923645,
    -41.95182831251616,
    -50.70154199421031
  ],
  "omega_max": [
    -0.115468060800678,
    -0.12698967639889558,
    -1.1654607637755054,
    -1.185862171406518,
    -1.2083555786231661,
    -1.2331591591793396,
    -1.2605136750584243,
    -1.2906845329911976,
    -1.3239638918968764,
    -1.360672759427242,
    -1.4011629732033766,
    -1.4458189117712197,
    -1.495058694879626,
    -4.863677736137951,
    -4.942890142641164,
    -5.030105825401913,
    -5.125921519313583,
    -5.230911411683707,
    -5.345612215838158,
    -5.470511221712987,
    -5.606041074962783,
    -5.752585895938041,
    -5.910503680620438,
    -6.080169173221059,
    -6.262039007094977,
    -6.456736296574668,
    -6.665144862999524,
    -6.8884943311187214,
    -7.128407757044466,
    -7.386875442044951,
    -7.666115047148852,
    -6.82405099152228,
    -7.1484496897306355,
    -7.52291328493474,
    -7.95606757430189,
    -8.455431106749925,
    -9.02786854452205,
    -9.680196619903839,
    -10.419787476899241,
    -11.255236099576628,
    -12.197274274489057,
    -13.260363577530342,
    -14.46638771136899,
    -15.857348623026118,
    -17.583601812619516,
    -14.926846823227775,
    -15.969444500445535,
    -26.29351050836393,
    -29.412762876698864,
    -32.761414424496394
  ],
  "params": {
    "alpha": -35.0,
    "dT": 0.5,
    "dR": 1.0
  },
  "metadata": {
    "shear_max": 4.627960993264529,
    "vel_net": 1.937468273871952,
    "resolution": {
      "H": 20,
      "M": 49,
      "Nz": 97,
      "Nth": 96
    },
    "timestamp": "2026-02-14T05:59:48.683020"
  }
}