{
  "k": [
    0.1,
    0.10985411419875583,
    0.12067926406393285,
    0.13257113655901093,
    0.14563484775012436,
    0.15998587196060582,
    0.1757510624854792,
    0.193069772888325,
    0.21209508879201905,
    0.2329951810515372,
    0.2559547922699536,
    0.281176869797423,
    0.3088843596477481,
    0.3393221771895328,
    0.372759372031494,
    0.4094915062380424,
    0.44984326689694454,
    0.49417133613238345,
    0.5428675439323859,
    0.5963623316594643,
    0.6551285568595507,
    0.7196856730011519,
    0.7906043210907697,
    0.8685113737513525,
    0.9540954763499939,
    1.0481131341546859,
    1.151395399326447,
    1.2648552168552958,
    1.3894954943731375,
    1.5264179671752334,
    1.6768329368110073,
    1.8420699693267153,
    2.0235896477251565,
    2.2229964825261943,
    2.442053094548651,
    2.6826957952797246,
    2.9470517025518097,
    3.2374575428176433,
    3.5564803062231283,
    3.9069399370546147,
    4.291934260128776,
    4.714866363457392,
    5.17947467923121,
    5.689866029018296,
    6.250551925273969,
    6.866488450042998,
    7.543120063354615,
    8.286427728546842,
    9.102981779915218,
    10.0
  ],
  "gamma_max": [
    0.005653137577527492,
    -0.0016738523036709514,
    -0.010482811686423456,
    -0.021065009198850168,
    -0.033764927559733676,
    -0.04898792191178715,
    -0.06720770012257628,
    -0.08897238451053871,
    -0.11490633998411769,
    -0.14570075803532173,
    -0.1820728125829182,
    -0.22462346318403195,
    -0.2732886161035799,
    -0.324728746202544,
    -0.3631752551167608,
    -0.375910072563754,
    -0.3770921422435733,
    -0.3744850292021817,
    -0.37017231400962924,
    -0.3649012016171176,
    -0.3590918670674831,
    -0.3531069831052689,
    -0.34735145382733434,
    -0.34232165787345764,
    -0.14419505146071873,
    0.06884093796091395,
    0.2727421332657752,
    0.4586811555075359,
    0.6131653038763354,
    0.7149077262764263,
    0.7294068899826127,
    0.6001011796656108,
    0.24726864317719138,
    1.418102436323627,
    2.9831256329353653,
    4.251988216161949,
    5.1057995522854815,
    5.5252942969645975,
    5.470533770505943,
    4.859052893656223,
    3.564124150572834,
    1.516922697613118,
    0.7021450957698817,
    0.9697921984454186,
    0.8571049922008703,
    0.3695252329730569,
    -0.5061420397298444,
    -1.8046204332986193,
    -3.558067028831138,
    -5.728367063629805
  ],
  "omega_max": [
    -8.45270707564444e-13,
    2.1301456263168215e-12,
    -2.8514921969484165e-12,
    3.6714789969150075e-12,
    4.65263199522928e-12,
    -2.7384850038035517e-12,
    -1.941231712525455e-12,
    -3.517376685504704e-12,
    -3.2386116534445066e-14,
    1.9212870853547271e-13,
    -2.612510356223441e-13,
    -2.9219821422910895e-12,
    -1.8438135946856117e-13,
    -3.416574492525141e-13,
    -2.344082112381122e-12,
    -2.4801310641729783e-13,
    -2.518126736429312e-13,
    5.381425694073508e-13,
    2.1236209818205277e-13,
    -1.7816383548797902e-13,
    -3.2991964283637575e-13,
    -4.865168492893686e-13,
    -2.2404382443176338e-13,
    3.0621029240014834e-14,
    7.501077388923074,
    -7.587120130071518,
    -7.649338079487158,
    -7.676349067093787,
    -7.654780516090467,
    7.5695598098583465,
    7.404936953246493,
    -7.147956750680763,
    -6.800114678553103,
    3.829625889737197e-12,
    -7.019148784655501e-12,
    1.7035000082042047e-12,
    6.0719095042741095e-12,
    8.932735737511062e-12,
    8.03793965509679e-12,
    1.1850573091431528e-11,
    1.9389175833803386e-12,
    -1.528176313328864e-11,
    -10.773542140904244,
    -12.124276511218975,
    13.66763462839667,
    -15.356755888657872,
    -17.204061840859907,
    -19.260870732760598,
    -21.62406036925283,
    24.416763978685857
  ],
  "params": {
    "alpha": -50.0,
    "dT": 0.1,
    "dR": 1.0
  },
  "metadata": {
    "shear_max": 7.347024438140017,
    "vel_net": 1.1505023779546392e-12,
    "resolution": {
      "H": 20,
      "M": 49,
      "Nz": 97,
      "Nth": 96
    },
    "timestamp": "2026-02-13T00:19:15.250254"
  }
}