{
  "k": [
    0.1,
    0.10985411419875583,
    0.12067926406393285,
    0.13257113655901093,
    0.14563484775012436,
    0.15998587196060582,
    0.1757510624854792,
    0.193069772888325,
    0.21209508879201905,
    0.2329951810515372,
    0.2559547922699536,
    0.281176869797423,
    0.3088843596477481,
    0.3393221771895328,
    0.372759372031494,
    0.4094915062380424,
    0.44984326689694454,
    0.49417133613238345,
    0.5428675439323859,
    0.5963623316594643,
    0.6551285568595507,
    0.7196856730011519,
    0.7906043210907697,
    0.8685113737513525,
    0.9540954763499939,
    1.0481131341546859,
    1.151395399326447,
    1.2648552168552958,
    1.3894954943731375,
    1.5264179671752334,
    1.6768329368110073,
    1.8420699693267153,
    2.0235896477251565,
    2.2229964825261943,
    2.442053094548651,
    2.6826957952797246,
    2.9470517025518097,
    3.2374575428176433,
    3.5564803062231283,
    3.9069399370546147,
    4.291934260128776,
    4.714866363457392,
    5.17947467923121,
    5.689866029018296,
    6.250551925273969,
    6.866488450042998,
    7.543120063354615,
    8.286427728546842,
    9.102981779915218,
    10.0
  ],
  "gamma_max": [
    1.1452753918532885,
    1.134479898909229,
    1.1213565437800694,
    1.1053769424168525,
    1.0858791484130819,
    1.062026495151371,
    1.0327495164802345,
    0.9966614060884499,
    0.9519303437655755,
    0.8960780765830716,
    0.8256453140228887,
    0.7356010510685564,
    0.6182240466882426,
    0.4608168792416973,
    0.2406976197201501,
    -0.08772942513517867,
    -0.3481830593743989,
    -0.15920753062688267,
    -0.0020927508447030865,
    0.1281830175968261,
    0.24031868704138049,
    0.3392036607449406,
    0.42696429621486015,
    0.5040211571258131,
    0.5696262127333637,
    0.6220893156361985,
    0.6588274381247956,
    0.6762980754135166,
    0.6698460049635194,
    0.6334871715248609,
    0.5596716097585475,
    0.43912035376216524,
    0.26096112731163207,
    0.013694408793857736,
    -0.3119850805982403,
    -0.7181977620349991,
    -1.0122262588274988,
    -1.2804322255781304,
    -1.7404698716819347,
    -2.4215316411142673,
    -3.374994952573041,
    -4.17822788711718,
    -4.968584593260125,
    -5.978851584607394,
    -7.2522321956844085,
    -8.837953785876207,
    -10.794504399985358,
    -13.192508619902963,
    -16.117675937349954,
    -19.674124647536377
  ],
  "omega_max": [
    1.450691222875516e-14,
    8.903801535801421e-13,
    8.039058494714474e-13,
    1.0143181604352086e-12,
    7.335342940105192e-14,
    -4.545011301059712e-13,
    3.136456316136416e-13,
    -9.411048735834297e-13,
    -6.353929176165034e-13,
    2.4411466244684627e-14,
    7.337134468156246e-13,
    -1.6821043865942874e-14,
    -3.0332725028353303e-13,
    -2.8664438452954003e-13,
    1.5615239493028383e-13,
    -3.735016654560832e-13,
    -1.648911771786366,
    -1.7624453492425871,
    -1.9077586434582763,
    -2.0599588372188578,
    -2.210477444631718,
    2.3562905821194575,
    -2.495641762534074,
    2.626836366117185,
    -2.7478970883536302,
    -2.856483000301022,
    2.9499224597429308,
    3.025333857990187,
    -3.079850975339736,
    -3.110992608430256,
    3.117237899013018,
    3.09890236582494,
    3.059468884020519,
    3.0075714540541325,
    2.9594702082921898,
    -2.9400112788414288,
    -1.7463688780879098e-13,
    4.974616386126571e-13,
    7.853477738479287e-13,
    -4.939733713389562e-13,
    1.0093535521269158e-12,
    5.235453453852992,
    -5.8754387234466305,
    6.567184004619108,
    7.318747745914599,
    8.137227307545968,
    9.030430948898015,
    -10.007363882203899,
    -11.078430441678265,
    -12.255649308030137
  ],
  "params": {
    "alpha": -32.0,
    "dT": 0.2,
    "dR": 1.0
  },
  "metadata": {
    "shear_max": 2.7981332491444375,
    "vel_net": 1.2779080016400712e-09,
    "resolution": {
      "H": 25,
      "M": 65,
      "Nz": 129,
      "Nth": 128
    },
    "timestamp": "2026-04-13T19:48:10.117120"
  }
}