{
  "k": [
    0.1,
    0.10985411419875583,
    0.12067926406393285,
    0.13257113655901093,
    0.14563484775012436,
    0.15998587196060582,
    0.1757510624854792,
    0.193069772888325,
    0.21209508879201905,
    0.2329951810515372,
    0.2559547922699536,
    0.281176869797423,
    0.3088843596477481,
    0.3393221771895328,
    0.372759372031494,
    0.4094915062380424,
    0.44984326689694454,
    0.49417133613238345,
    0.5428675439323859,
    0.5963623316594643,
    0.6551285568595507,
    0.7196856730011519,
    0.7906043210907697,
    0.8685113737513525,
    0.9540954763499939,
    1.0481131341546859,
    1.151395399326447,
    1.2648552168552958,
    1.3894954943731375,
    1.5264179671752334,
    1.6768329368110073,
    1.8420699693267153,
    2.0235896477251565,
    2.2229964825261943,
    2.442053094548651,
    2.6826957952797246,
    2.9470517025518097,
    3.2374575428176433,
    3.5564803062231283,
    3.9069399370546147,
    4.291934260128776,
    4.714866363457392,
    5.17947467923121,
    5.689866029018296,
    6.250551925273969,
    6.866488450042998,
    7.543120063354615,
    8.286427728546842,
    9.102981779915218,
    10.0
  ],
  "gamma_max": [
    -0.8234533050613746,
    -0.8290054050047785,
    -0.8359895901676,
    -0.8449264178084651,
    -0.8567077064535671,
    -0.8732507833115956,
    -0.9025355592456782,
    -0.927731934488086,
    -0.933414836576027,
    -0.9402940761296084,
    -0.948625923241892,
    -0.9587231586115628,
    -0.9709680126439239,
    -0.9858281381205032,
    -1.0038762909026364,
    -1.0258145039363677,
    -1.0525036504918954,
    -1.0849993934818323,
    -1.1245956128650898,
    -1.1728764922014097,
    -1.231778557698126,
    -1.3036641359833434,
    -1.3914079937845782,
    -1.4984994173463912,
    -1.6291627464163392,
    -1.7885004340369042,
    -1.9826640482485471,
    -2.2190602058915783,
    -2.506600141124994,
    -2.8560033937122133,
    -3.2801679421271626,
    -3.794621106511151,
    -4.418067907028889,
    -5.173056568520378,
    -6.086784793574395,
    -7.192075467771047,
    -8.528556568564767,
    -10.078605385271729,
    -11.977914180441122,
    -14.297730172177866,
    -17.12074773098599,
    -20.546899526257786,
    -24.69712651803999,
    -29.717801124731523,
    -35.785965943237116,
    -43.115592106701676,
    -51.96510193785432,
    -62.64644515801181,
    -75.5360704224374,
    -91.08819633646657
  ],
  "omega_max": [
    -1.0886116055365266e-13,
    1.1191976203472753e-13,
    -3.565278938454601e-14,
    -2.0005559165297346e-14,
    -1.6368004150746722e-15,
    -5.068788780117006e-14,
    -3.3817749175913214e-14,
    0.04010621901025721,
    0.06361785487007271,
    -0.08352698047572893,
    0.10243575526138485,
    -0.12128483170412238,
    -0.14057794079688207,
    -0.16065022748329294,
    -0.18175941841712426,
    -0.2041250269837099,
    0.22794840352546278,
    0.25342483634861174,
    -0.28075228036255645,
    -0.31013881624264816,
    0.3418098296048336,
    -0.3760152747121584,
    0.4130369664370131,
    0.4531955593347129,
    0.49685674439212996,
    -0.5444362671388193,
    -0.5964036586128476,
    -0.6532850185141271,
    -0.7156656686492424,
    -0.7841938397869509,
    0.8595866220706858,
    -0.9426391375053743,
    -1.0342373193391117,
    -1.1353739380512928,
    -1.247166798776877,
    1.3708776279168096,
    1.5079304064837404,
    1.5539521933053841,
    -1.7152963259109613,
    1.89999614155808,
    2.1098367539953347,
    -2.3465183442236324,
    2.6120316214503156,
    2.9088822412792688,
    3.240206419567138,
    -3.6098243451317553,
    -4.02226455379789,
    -4.482777841209296,
    4.997350943811082,
    5.572729274365449
  ],
  "params": {
    "alpha": -22.0,
    "dT": 0.9,
    "dR": 1.0
  },
  "metadata": {
    "shear_max": 2.9383597707980264e-09,
    "vel_net": 3.101927297073854e-25,
    "resolution": {
      "H": 25,
      "M": 65,
      "Nz": 129,
      "Nth": 128
    },
    "timestamp": "2026-04-13T11:52:27.900089"
  }
}