{
  "k": [
    0.1,
    0.10985411419875583,
    0.12067926406393285,
    0.13257113655901093,
    0.14563484775012436,
    0.15998587196060582,
    0.1757510624854792,
    0.193069772888325,
    0.21209508879201905,
    0.2329951810515372,
    0.2559547922699536,
    0.281176869797423,
    0.3088843596477481,
    0.3393221771895328,
    0.372759372031494,
    0.4094915062380424,
    0.44984326689694454,
    0.49417133613238345,
    0.5428675439323859,
    0.5963623316594643,
    0.6551285568595507,
    0.7196856730011519,
    0.7906043210907697,
    0.8685113737513525,
    0.9540954763499939,
    1.0481131341546859,
    1.151395399326447,
    1.2648552168552958,
    1.3894954943731375,
    1.5264179671752334,
    1.6768329368110073,
    1.8420699693267153,
    2.0235896477251565,
    2.2229964825261943,
    2.442053094548651,
    2.6826957952797246,
    2.9470517025518097,
    3.2374575428176433,
    3.5564803062231283,
    3.9069399370546147,
    4.291934260128776,
    4.714866363457392,
    5.17947467923121,
    5.689866029018296,
    6.250551925273969,
    6.866488450042998,
    7.543120063354615,
    8.286427728546842,
    9.102981779915218,
    10.0
  ],
  "gamma_max": [
    -1.6391989268425655,
    -1.64119756965925,
    -1.643608428205323,
    -1.6465162686326595,
    -1.6500231831593999,
    -1.6542520912864251,
    -1.659350935512852,
    -1.6654977075100792,
    -1.6729064686483415,
    -1.6818345655396236,
    -1.6925912902932612,
    -1.705548302911286,
    -1.721152230077175,
    -1.739939994673028,
    -1.7625576309349846,
    -1.7897836247607601,
    -1.82255820244022,
    -1.8620204831034017,
    -1.8185708828257285,
    -1.705061751409962,
    -1.5878381893001485,
    -1.468166281954713,
    -1.3477206945953342,
    -1.2286547156219465,
    -1.1136768452860515,
    -1.0061343303751151,
    -0.9101051500105938,
    -0.8305030296630482,
    -0.7732060081539761,
    -0.7452271048008995,
    -0.75495099203005,
    -0.402081301415571,
    -0.05026428040289753,
    0.23411868907230293,
    0.4116181772123268,
    0.439419990955609,
    0.2719786823622747,
    -0.1386175715639592,
    -0.8430435245966921,
    -1.896244306266732,
    -3.3598804465532837,
    -5.304895322867775,
    -7.812335375139502,
    -10.968739306669027,
    -14.854078634272902,
    -19.542231572129324,
    -25.147466634992767,
    -31.840305821107208,
    -39.69532503148871,
    -48.80838822156903
  ],
  "omega_max": [
    -0.15356492203406763,
    -0.16874595628354888,
    -0.18543901725738277,
    -0.20379848212364807,
    -0.22399577987910152,
    -0.24622171654281408,
    -0.2706892723219531,
    -0.2976369992664536,
    -0.32733321408812294,
    -0.36008123999007285,
    -0.3962260457115153,
    -0.4361627648344515,
    -0.4803477360850816,
    -0.5293129134657527,
    -0.5836847366488815,
    -0.6442087713314619,
    -0.7117815512507525,
    -0.7874908540812378,
    -7.40464244068915,
    -7.571007348904752,
    -7.753277310910657,
    -7.95246973898512,
    -8.169557802093516,
    -8.405467144735386,
    -8.661083250374494,
    -8.937267242074272,
    -9.234871269527249,
    -9.554736168871852,
    -9.897646366499027,
    -10.264214318668541,
    -10.654673593393793,
    -9.0370604776467,
    -9.507844068379747,
    -10.06387494457408,
    -10.711982067460589,
    -11.458181538235007,
    -12.308812531753059,
    -13.271331633194857,
    -14.355242000097142,
    -15.57339591285415,
    -16.94393917299511,
    -18.493353635062032,
    -20.26098567629877,
    -22.30343969505242,
    -24.689338366942025,
    -27.471649549038684,
    -30.676994161364433,
    -34.37939134555838,
    -38.692388348074495,
    -43.4870064989917
  ],
  "params": {
    "alpha": -45.0,
    "dT": 0.5,
    "dR": 1.0
  },
  "metadata": {
    "shear_max": 6.364450784708622,
    "vel_net": 2.7364315733499,
    "resolution": {
      "H": 20,
      "M": 49,
      "Nz": 97,
      "Nth": 96
    },
    "timestamp": "2026-02-14T07:04:22.370963"
  }
}