{
  "k": [
    0.1,
    0.10985411419875583,
    0.12067926406393285,
    0.13257113655901093,
    0.14563484775012436,
    0.15998587196060582,
    0.1757510624854792,
    0.193069772888325,
    0.21209508879201905,
    0.2329951810515372,
    0.2559547922699536,
    0.281176869797423,
    0.3088843596477481,
    0.3393221771895328,
    0.372759372031494,
    0.4094915062380424,
    0.44984326689694454,
    0.49417133613238345,
    0.5428675439323859,
    0.5963623316594643,
    0.6551285568595507,
    0.7196856730011519,
    0.7906043210907697,
    0.8685113737513525,
    0.9540954763499939,
    1.0481131341546859,
    1.151395399326447,
    1.2648552168552958,
    1.3894954943731375,
    1.5264179671752334,
    1.6768329368110073,
    1.8420699693267153,
    2.0235896477251565,
    2.2229964825261943,
    2.442053094548651,
    2.6826957952797246,
    2.9470517025518097,
    3.2374575428176433,
    3.5564803062231283,
    3.9069399370546147,
    4.291934260128776,
    4.714866363457392,
    5.17947467923121,
    5.689866029018296,
    6.250551925273969,
    6.866488450042998,
    7.543120063354615,
    8.286427728546842,
    9.102981779915218,
    10.0
  ],
  "gamma_max": [
    -1.0094058190418078,
    -1.0113512734300205,
    -1.0136992170167063,
    -1.0165329660532236,
    -1.01995310503604,
    -1.0240810758718206,
    -1.029063517869887,
    -1.035077517989051,
    -1.0423369658071864,
    -1.0511002510528789,
    -1.0616795955578544,
    -1.0744523793126177,
    -1.0898749063353124,
    -1.108499166557605,
    -1.1309932941423193,
    -1.1581666144987932,
    -1.191000433618347,
    -1.2306860893851808,
    -1.2786723141751524,
    -1.3367247536040368,
    -1.4070017333345253,
    -1.4921524183061685,
    -1.5954470841004784,
    -1.7209558842498944,
    -1.8738059929451674,
    -2.0605773355408794,
    -2.289975093990649,
    -2.574157118030398,
    -2.9320532359402494,
    -3.326513757674406,
    -3.726574055866452,
    -4.213750128627767,
    -4.805937681923893,
    -5.524681116785022,
    -6.395946703804013,
    -7.45105883516389,
    -8.727831592203993,
    -10.243597248140286,
    -12.068722082673501,
    -14.293252038103697,
    -16.99654800163761,
    -20.27435338607964,
    -24.24236541015482,
    -29.040432324621293,
    -34.837529211041165,
    -41.837704567356404,
    -50.28723051696074,
    -60.48323539410611,
    -72.7841505492946,
    -87.62236237674111
  ],
  "omega_max": [
    8.681145601060759e-16,
    3.6805187513532696e-16,
    -2.0314897122692557e-16,
    1.5274541286614225e-16,
    1.1306645977690102e-16,
    -2.9522396042051184e-16,
    3.8926775098247417e-16,
    3.6935201207095025e-16,
    -6.18007627585786e-16,
    -4.68456146829423e-16,
    -1.261048969190508e-17,
    7.78746867487483e-16,
    -6.619129405873172e-17,
    -8.648317673952321e-16,
    5.738754808002899e-16,
    -6.588142677852341e-15,
    1.2667749037235988e-15,
    -3.336353099782044e-16,
    -2.2932413323922676e-16,
    4.878527872018655e-16,
    3.7040665258583e-15,
    1.4257985855105578e-15,
    2.6847178127914296e-15,
    -6.576270984513712e-16,
    -1.3643554227716111e-15,
    -7.070975398112549e-16,
    -9.024090578347962e-15,
    8.827984834223065e-15,
    9.06729066215506e-15,
    -0.7464847232154734,
    0.8324219804539511,
    -0.9235905691161054,
    1.0213495564559683,
    1.127067702217235,
    1.242159358954137,
    1.368114224240348,
    -1.5065256816159687,
    -1.6016634195958446,
    -1.7774023339893357,
    1.9691217271584573,
    2.180340468360254,
    -2.4144031804359862,
    -2.6747327758175814,
    2.9650272435462823,
    -3.2894063183032785,
    -3.6525171404582912,
    -4.059605971098512,
    4.516561102190676,
    5.029934973353933,
    5.606962338171834
  ],
  "params": {
    "alpha": -16.0,
    "dT": 0.8571428571428571,
    "dR": 1.0
  },
  "metadata": {
    "shear_max": 1.5374390429252778e-09,
    "vel_net": 5.169878828456423e-26,
    "resolution": {
      "H": 25,
      "M": 65,
      "Nz": 129,
      "Nth": 128
    },
    "timestamp": "2026-04-13T10:56:35.357273"
  }
}