{
  "k": [
    0.1,
    0.10985411419875583,
    0.12067926406393285,
    0.13257113655901093,
    0.14563484775012436,
    0.15998587196060582,
    0.1757510624854792,
    0.193069772888325,
    0.21209508879201905,
    0.2329951810515372,
    0.2559547922699536,
    0.281176869797423,
    0.3088843596477481,
    0.3393221771895328,
    0.372759372031494,
    0.4094915062380424,
    0.44984326689694454,
    0.49417133613238345,
    0.5428675439323859,
    0.5963623316594643,
    0.6551285568595507,
    0.7196856730011519,
    0.7906043210907697,
    0.8685113737513525,
    0.9540954763499939,
    1.0481131341546859,
    1.151395399326447,
    1.2648552168552958,
    1.3894954943731375,
    1.5264179671752334,
    1.6768329368110073,
    1.8420699693267153,
    2.0235896477251565,
    2.2229964825261943,
    2.442053094548651,
    2.6826957952797246,
    2.9470517025518097,
    3.2374575428176433,
    3.5564803062231283,
    3.9069399370546147,
    4.291934260128776,
    4.714866363457392,
    5.17947467923121,
    5.689866029018296,
    6.250551925273969,
    6.866488450042998,
    7.543120063354615,
    8.286427728546842,
    9.102981779915218,
    10.0
  ],
  "gamma_max": [
    -1.973002446030633,
    -1.9719114705247087,
    -1.9709522836564712,
    -1.9701877818008326,
    -1.969697517514613,
    -1.9695815422871172,
    -1.9699650905813415,
    -1.9710042819050435,
    -1.9611173075058208,
    -1.90158955204829,
    -1.8384828831564937,
    -1.7719707191892278,
    -1.7023535403337269,
    -1.6300893497453481,
    -1.5558283130042996,
    -1.480451582289743,
    -1.405114230615538,
    -1.3312921700675229,
    -1.2608329235717928,
    -1.1960101792815254,
    -1.139582204078373,
    -1.0948544608822357,
    -1.065747214827584,
    -1.0568695929660925,
    -1.073602560346045,
    -1.1221946629325603,
    -1.2098762023144203,
    -1.3449997349084257,
    -1.5372173818779182,
    -1.7977084792166091,
    -2.139475129818046,
    -2.3826389454269954,
    -2.4591530007624502,
    -2.66698152606912,
    -3.0470200443311404,
    -3.645840545272431,
    -4.51482061383544,
    -5.7103114279579055,
    -7.295033891249735,
    -9.340650405114706,
    -11.931361179485865,
    -15.168419121319438,
    -19.175692106168825,
    -24.106934209139293,
    -30.15669493466468,
    -37.58047262600718,
    -46.73562029261998,
    -57.81626832017981,
    -70.2329055663806,
    -84.79682471706326
  ],
  "omega_max": [
    0.8527288123640593,
    0.8670572300780014,
    0.8828870236347168,
    0.9003825682087088,
    0.9197270559819868,
    0.9411245947800367,
    0.9648024526711655,
    0.9910134067073597,
    4.410953064827129,
    4.463651578019164,
    4.5219824005691445,
    4.586477088425425,
    4.657683020980673,
    4.736151738107663,
    4.822424019450349,
    4.917011991778643,
    5.020379126225666,
    5.1329197565607965,
    5.254940712303731,
    5.38664874874572,
    5.52814855011849,
    5.679456927169122,
    5.840539075796498,
    6.011371911943218,
    6.192037058180477,
    6.382841664066309,
    6.584458957945924,
    6.798072934826516,
    7.025504203316954,
    7.269288330475338,
    7.532675154630386,
    6.887966003423575,
    7.176779711266066,
    7.5078779743368695,
    7.890144812424169,
    8.331834763224636,
    8.840637993942085,
    9.424030542660901,
    10.08968664528103,
    10.845915299449223,
    11.702159697466893,
    12.669630357178088,
    13.762219659490679,
    14.998122496541747,
    16.40367386126922,
    18.026297034049495,
    20.003368493404558,
    22.89315445295981,
    26.424764146698664,
    29.987778502924073
  ],
  "params": {
    "alpha": -37.0,
    "dT": 0.8333333333333334,
    "dR": 1.0
  },
  "metadata": {
    "shear_max": 4.524043865046771,
    "vel_net": 1.8634233139691343,
    "resolution": {
      "H": 25,
      "M": 65,
      "Nz": 129,
      "Nth": 128
    },
    "timestamp": "2026-04-13T14:43:51.942346"
  }
}