{
  "k": [
    0.1,
    0.10985411419875583,
    0.12067926406393285,
    0.13257113655901093,
    0.14563484775012436,
    0.15998587196060582,
    0.1757510624854792,
    0.193069772888325,
    0.21209508879201905,
    0.2329951810515372,
    0.2559547922699536,
    0.281176869797423,
    0.3088843596477481,
    0.3393221771895328,
    0.372759372031494,
    0.4094915062380424,
    0.44984326689694454,
    0.49417133613238345,
    0.5428675439323859,
    0.5963623316594643,
    0.6551285568595507,
    0.7196856730011519,
    0.7906043210907697,
    0.8685113737513525,
    0.9540954763499939,
    1.0481131341546859,
    1.151395399326447,
    1.2648552168552958,
    1.3894954943731375,
    1.5264179671752334,
    1.6768329368110073,
    1.8420699693267153,
    2.0235896477251565,
    2.2229964825261943,
    2.442053094548651,
    2.6826957952797246,
    2.9470517025518097,
    3.2374575428176433,
    3.5564803062231283,
    3.9069399370546147,
    4.291934260128776,
    4.714866363457392,
    5.17947467923121,
    5.689866029018296,
    6.250551925273969,
    6.866488450042998,
    7.543120063354615,
    8.286427728546842,
    9.102981779915218,
    10.0
  ],
  "gamma_max": [
    -1.403523498783209,
    -1.4052467769768897,
    -1.4073286769888371,
    -1.4098444236570695,
    -1.4128853059051791,
    -1.4165622447732658,
    -1.4210102190352456,
    -1.4263937830227293,
    -1.4329139832409084,
    -1.4408170730043064,
    -1.4504055337756425,
    -1.4620520186565686,
    -1.476216874560352,
    -1.4934697001267987,
    -1.5145145261281607,
    -1.5402156588848634,
    -1.5716148972562265,
    -1.5939780313995706,
    -1.5033869493247416,
    -1.4101887956016665,
    -1.3154338923536433,
    -1.2204749979368585,
    -1.1270109237720471,
    -1.037132368142514,
    -0.9533690193161451,
    -0.8787366859470703,
    -0.8167837679357408,
    -0.7716388153253817,
    -0.7480663226916661,
    -0.7515466201714471,
    -0.788405826653108,
    -0.8476996714953863,
    -0.6900040738984059,
    -0.5866746317220192,
    -0.5637343460593127,
    -0.6501550086684224,
    -0.8769290691038517,
    -1.277198815456563,
    -1.8875123290422855,
    -2.7505335534371946,
    -3.920112678603419,
    -5.471801384901699,
    -7.531159024793801,
    -9.963197576016444,
    -12.400802480854567,
    -15.423378956497597,
    -18.959984244725497,
    -23.014385268494916,
    -27.912403721043713,
    -33.82392672998108
  ],
  "omega_max": [
    0.07999529421554871,
    0.08795476174400016,
    0.09672414452593084,
    0.10639195104481661,
    0.11705846342532135,
    0.128838022288186,
    0.14186197589031754,
    0.15628255731773333,
    0.17227805509690722,
    0.19005982538863908,
    0.20988196112468815,
    0.2320548416467492,
    0.25696445848377125,
    0.28510042101500394,
    0.3170971327694345,
    0.353794766141315,
    0.39632858580087066,
    5.031314640859113,
    5.139467623936057,
    5.257731415603492,
    5.386636279714097,
    5.526667792917254,
    5.678278368190652,
    5.841914423012029,
    6.018060181215629,
    6.2072947043636155,
    6.410352099377426,
    6.628166510344584,
    6.861875174753732,
    7.1127474215349125,
    7.382008560562293,
    6.478634720915724,
    6.817259912585533,
    7.208622318383641,
    7.660886587605272,
    8.180801281977082,
    8.774558549164185,
    9.44865529376565,
    10.210755560920864,
    11.07087461582625,
    12.043692806357086,
    13.155055742105949,
    14.47227159310808,
    12.704568237265747,
    13.498530278072831,
    14.37295908553879,
    23.905962148298826,
    26.648032973058786,
    29.619045146159277,
    32.86192410511736
  ],
  "params": {
    "alpha": -33.0,
    "dT": 0.3333333333333333,
    "dR": 1.0
  },
  "metadata": {
    "shear_max": 4.455733475361535,
    "vel_net": 1.8861656671434521,
    "resolution": {
      "H": 25,
      "M": 65,
      "Nz": 129,
      "Nth": 128
    },
    "timestamp": "2026-04-14T03:15:21.661174"
  }
}