{
  "k": [
    0.1,
    0.10985411419875583,
    0.12067926406393285,
    0.13257113655901093,
    0.14563484775012436,
    0.15998587196060582,
    0.1757510624854792,
    0.193069772888325,
    0.21209508879201905,
    0.2329951810515372,
    0.2559547922699536,
    0.281176869797423,
    0.3088843596477481,
    0.3393221771895328,
    0.372759372031494,
    0.4094915062380424,
    0.44984326689694454,
    0.49417133613238345,
    0.5428675439323859,
    0.5963623316594643,
    0.6551285568595507,
    0.7196856730011519,
    0.7906043210907697,
    0.8685113737513525,
    0.9540954763499939,
    1.0481131341546859,
    1.151395399326447,
    1.2648552168552958,
    1.3894954943731375,
    1.5264179671752334,
    1.6768329368110073,
    1.8420699693267153,
    2.0235896477251565,
    2.2229964825261943,
    2.442053094548651,
    2.6826957952797246,
    2.9470517025518097,
    3.2374575428176433,
    3.5564803062231283,
    3.9069399370546147,
    4.291934260128776,
    4.714866363457392,
    5.17947467923121,
    5.689866029018296,
    6.250551925273969,
    6.866488450042998,
    7.543120063354615,
    8.286427728546842,
    9.102981779915218,
    10.0
  ],
  "gamma_max": [
    -0.0024182647253202325,
    -0.009689934993361453,
    -0.018432461687294097,
    -0.028935029363390263,
    -0.041539753987355106,
    -0.05664939057865861,
    -0.0747349555367499,
    -0.0963421051159225,
    -0.12209360388860453,
    -0.152681085773995,
    -0.18882592734781994,
    -0.23113606345936186,
    -0.27951636066703206,
    -0.33007797925577254,
    -0.3646371889821735,
    -0.374163932659882,
    -0.3745684909381074,
    -0.37212972266470423,
    -0.36846050767541966,
    -0.36419735840460454,
    -0.3597647136547654,
    -0.35558650752614646,
    -0.35217510705394073,
    -0.3501861581891507,
    -0.18839715845047103,
    0.0329238779337165,
    0.2454118834654038,
    0.4396590044540312,
    0.6010131974979047,
    0.7058976635052012,
    0.7151807252971641,
    0.5626325509184408,
    0.18402213256812622,
    1.7661704832548684,
    3.4592364265510547,
    4.807372308350538,
    5.731127542751658,
    6.215657491196185,
    6.221594913414057,
    5.669332213387984,
    4.436031029475084,
    2.4340283746782294,
    0.9922985039191596,
    1.3664692336350346,
    1.3430321958127889,
    0.9281857213339638,
    0.11248641069771044,
    -1.139042817755463,
    -2.8708002811997884,
    -5.077757425470264
  ],
  "omega_max": [
    3.984770988202822e-12,
    2.316992727965606e-12,
    -2.0906864958308492e-12,
    -6.495921984454451e-13,
    1.959153866615312e-12,
    -6.395378911035585e-13,
    2.3974028541032927e-12,
    -1.038752921440779e-12,
    2.3879146688386902e-12,
    -2.0568262339094126e-12,
    -2.328267717264721e-12,
    -1.4988364673517813e-13,
    3.5660607508521296e-12,
    -6.517028735359942e-12,
    -9.689108577058787e-13,
    5.164345746624647e-13,
    7.510907194605393e-13,
    -1.4802564483173498e-13,
    -2.408048339580113e-13,
    -2.5773736495944107e-13,
    -1.326013122543945e-13,
    -2.785192673919573e-13,
    1.8855199434016909e-13,
    -6.794777166897268e-13,
    -7.853802147440398,
    7.944226833475026,
    -8.009731601835492,
    -8.038325906530789,
    -8.015890015846999,
    7.926574773248429,
    -7.75424419575626,
    -7.4873013637454795,
    -4.040103852703046e-11,
    -1.2622091999100144e-11,
    2.8714472643765116e-12,
    3.1510741326632954e-12,
    1.226660420566034e-12,
    -1.661867002489686e-12,
    5.533133570119538e-12,
    5.77890841282944e-12,
    -1.1970043448014346e-11,
    2.9279801288708125e-11,
    11.264732328261719,
    12.65139475029522,
    -14.25383969884004,
    16.009036218177854,
    17.92126351027734,
    20.034937634874268,
    22.43947715006164,
    -25.27435055479185
  ],
  "params": {
    "alpha": -52.0,
    "dT": 0.1,
    "dR": 1.0
  },
  "metadata": {
    "shear_max": 7.711125232878348,
    "vel_net": 1.9984014443252818e-15,
    "resolution": {
      "H": 25,
      "M": 65,
      "Nz": 129,
      "Nth": 128
    },
    "timestamp": "2026-04-16T05:22:16.191467"
  }
}