{
  "k": [
    0.1,
    0.10985411419875583,
    0.12067926406393285,
    0.13257113655901093,
    0.14563484775012436,
    0.15998587196060582,
    0.1757510624854792,
    0.193069772888325,
    0.21209508879201905,
    0.2329951810515372,
    0.2559547922699536,
    0.281176869797423,
    0.3088843596477481,
    0.3393221771895328,
    0.372759372031494,
    0.4094915062380424,
    0.44984326689694454,
    0.49417133613238345,
    0.5428675439323859,
    0.5963623316594643,
    0.6551285568595507,
    0.7196856730011519,
    0.7906043210907697,
    0.8685113737513525,
    0.9540954763499939,
    1.0481131341546859,
    1.151395399326447,
    1.2648552168552958,
    1.3894954943731375,
    1.5264179671752334,
    1.6768329368110073,
    1.8420699693267153,
    2.0235896477251565,
    2.2229964825261943,
    2.442053094548651,
    2.6826957952797246,
    2.9470517025518097,
    3.2374575428176433,
    3.5564803062231283,
    3.9069399370546147,
    4.291934260128776,
    4.714866363457392,
    5.17947467923121,
    5.689866029018296,
    6.250551925273969,
    6.866488450042998,
    7.543120063354615,
    8.286427728546842,
    9.102981779915218,
    10.0
  ],
  "gamma_max": [
    -2.011202071874725,
    -2.010411174347828,
    -2.0097667007248905,
    -2.0093296700439836,
    -2.009176842065207,
    -2.0094043203816674,
    -2.0101319498558703,
    -2.011508682124205,
    -2.0137191190867956,
    -1.9896275979325817,
    -1.9263840438425732,
    -1.8594833781820783,
    -1.7891593298245583,
    -1.715792671611833,
    -1.639945602801813,
    -1.5624006146068738,
    -1.4842037507308503,
    -1.4067120786448124,
    -1.3316451412852592,
    -1.2611401852318633,
    -1.1978110814834193,
    -1.1448110913972191,
    -1.1059000087887105,
    -1.0855167723878159,
    -1.0888594514188001,
    -1.121975647500254,
    -1.1918679371387524,
    -1.3066211286120522,
    -1.47556101253239,
    -1.7094583381202448,
    -2.0207978982240116,
    -2.14301346081467,
    -2.172882059155308,
    -2.3273379764025224,
    -2.647268292761225,
    -3.1790723183083798,
    -3.9736989079707317,
    -5.086741128664618,
    -6.579759327530071,
    -8.52280130873719,
    -10.99798997032526,
    -14.104086331740277,
    -17.96218835078494,
    -22.723354289863025,
    -28.580620229451753,
    -35.79384595548807,
    -44.75662083954472,
    -55.43894582404828,
    -67.2488022979748,
    -81.19293013700728
  ],
  "omega_max": [
    0.942565434484182,
    0.95810697808585,
    0.9752742953533438,
    0.9942448355124961,
    1.0152162730493248,
    1.0384087609425696,
    1.0640673451524196,
    1.092464504587538,
    1.123902749020778,
    4.738587213194826,
    4.797881905462065,
    4.86343990361495,
    4.935835814237782,
    5.015656978403804,
    5.103490010380494,
    5.199904154327325,
    5.305432152779705,
    5.42055009942543,
    5.545658750721585,
    5.681069929658208,
    5.827002829834387,
    5.983595971345843,
    6.1509408663747855,
    6.329142622673221,
    6.518410182251341,
    6.7191742587999865,
    6.932224289083722,
    7.158847470519665,
    7.400944512444536,
    7.661089683045711,
    7.942498379377618,
    7.205570258191539,
    7.513155775766624,
    7.867077179332663,
    8.27632012474586,
    8.749092571442793,
    9.293007278114178,
    9.915490046110987,
    10.624216349952185,
    11.427567118512325,
    12.33515671825357,
    13.358515147902526,
    14.51208993971166,
    15.815028481923475,
    17.295381656378495,
    19.004762146626437,
    21.11316299011353,
    17.61541727578036,
    28.087436486847356,
    31.768149912382675
  ],
  "params": {
    "alpha": -38.0,
    "dT": 0.8,
    "dR": 1.0
  },
  "metadata": {
    "shear_max": 4.783003847262411,
    "vel_net": 1.976000400145637,
    "resolution": {
      "H": 25,
      "M": 65,
      "Nz": 129,
      "Nth": 128
    },
    "timestamp": "2026-04-13T15:16:40.325066"
  }
}