{
  "k": [
    0.1,
    0.10985411419875583,
    0.12067926406393285,
    0.13257113655901093,
    0.14563484775012436,
    0.15998587196060582,
    0.1757510624854792,
    0.193069772888325,
    0.21209508879201905,
    0.2329951810515372,
    0.2559547922699536,
    0.281176869797423,
    0.3088843596477481,
    0.3393221771895328,
    0.372759372031494,
    0.4094915062380424,
    0.44984326689694454,
    0.49417133613238345,
    0.5428675439323859,
    0.5963623316594643,
    0.6551285568595507,
    0.7196856730011519,
    0.7906043210907697,
    0.8685113737513525,
    0.9540954763499939,
    1.0481131341546859,
    1.151395399326447,
    1.2648552168552958,
    1.3894954943731375,
    1.5264179671752334,
    1.6768329368110073,
    1.8420699693267153,
    2.0235896477251565,
    2.2229964825261943,
    2.442053094548651,
    2.6826957952797246,
    2.9470517025518097,
    3.2374575428176433,
    3.5564803062231283,
    3.9069399370546147,
    4.291934260128776,
    4.714866363457392,
    5.17947467923121,
    5.689866029018296,
    6.250551925273969,
    6.866488450042998,
    7.543120063354615,
    8.286427728546842,
    9.102981779915218,
    10.0
  ],
  "gamma_max": [
    2.5575182325802506,
    2.5550281149428207,
    2.5520247254499493,
    2.548402673732648,
    2.5440351109002877,
    2.5387694394554114,
    2.5324221997190404,
    2.5247729882327996,
    2.515557243672847,
    2.5044577154202408,
    2.491094407192952,
    2.4750127664601838,
    2.4556698658515392,
    2.432418296291626,
    2.404487454299968,
    2.3709618535770645,
    2.3307560007237806,
    2.2825852251681016,
    2.2249316020422207,
    2.1560037044695326,
    2.0736883119230107,
    1.9754913317729261,
    1.8584640423760383,
    1.719109362635729,
    1.5532612954699068,
    1.355929105875529,
    1.1210962682660752,
    0.8414625973327856,
    0.5081156124490075,
    0.11011253688671029,
    -0.3660558160956088,
    -0.937170674348029,
    -1.6242649608664532,
    -2.4541207264706757,
    -3.4619682599464703,
    -4.432932556779673,
    -5.588856350906816,
    -7.090310996304385,
    -9.017213319446071,
    -11.51111491444023,
    -14.800890208054202,
    -18.047493965139378,
    -21.98425593860652,
    -26.74994258189624,
    -32.512615150902484,
    -39.47561364673306,
    -47.88474248448502,
    -58.03693329761524,
    -70.29070631052511,
    -85.07880980080846
  ],
  "omega_max": [
    1.397559599405183e-13,
    -1.7142627332802635e-13,
    -1.4275838721148082e-13,
    1.8990403505866327e-13,
    1.4558400713200138e-12,
    3.1679314217214935e-13,
    -1.3072339979383088e-12,
    -6.662771702605579e-13,
    7.25757146926151e-14,
    3.579394086328545e-15,
    1.0941996720488202e-13,
    2.640549657206005e-13,
    1.283927295622717e-13,
    8.371098592405364e-14,
    8.753534473065764e-13,
    -9.23597439577987e-13,
    -1.4115615313517145e-12,
    -4.282790563264228e-14,
    -4.794014427080881e-13,
    3.710561586176393e-13,
    3.485761323003841e-13,
    -2.906145968392393e-14,
    5.357019198224319e-14,
    -1.6241361759343787e-14,
    1.0712991378233569e-13,
    7.738420056874906e-13,
    3.399367824954546e-13,
    3.3750623615604284e-14,
    2.6037556497929095e-14,
    -1.4594287603875808e-14,
    1.635501430285909e-14,
    -7.328336021640377e-14,
    -1.7349720747033326e-13,
    1.7067860065198032e-13,
    -6.676982128471669e-13,
    -1.768137941090697e-13,
    4.8127542784977475e-14,
    7.353454729245852e-13,
    7.018677947459873e-13,
    3.2612659381094164e-12,
    0.5526996088473536,
    1.1168770902352727,
    1.5764637112880682,
    -2.0182050646155987,
    2.4659176653585124,
    2.9320520146882303,
    -3.4255599352294257,
    3.954185185386479,
    -4.525369155562137,
    -5.146700781855511
  ],
  "params": {
    "alpha": -35.0,
    "dT": 0.8571428571428571,
    "dR": 1.0
  },
  "metadata": {
    "shear_max": 1.1774129340556427e-08,
    "vel_net": 3.1360339104609297e-12,
    "resolution": {
      "H": 25,
      "M": 65,
      "Nz": 129,
      "Nth": 128
    },
    "timestamp": "2026-04-13T13:57:18.348522"
  }
}