{
  "k": [
    0.1,
    0.10985411419875583,
    0.12067926406393285,
    0.13257113655901093,
    0.14563484775012436,
    0.15998587196060582,
    0.1757510624854792,
    0.193069772888325,
    0.21209508879201905,
    0.2329951810515372,
    0.2559547922699536,
    0.281176869797423,
    0.3088843596477481,
    0.3393221771895328,
    0.372759372031494,
    0.4094915062380424,
    0.44984326689694454,
    0.49417133613238345,
    0.5428675439323859,
    0.5963623316594643,
    0.6551285568595507,
    0.7196856730011519,
    0.7906043210907697,
    0.8685113737513525,
    0.9540954763499939,
    1.0481131341546859,
    1.151395399326447,
    1.2648552168552958,
    1.3894954943731375,
    1.5264179671752334,
    1.6768329368110073,
    1.8420699693267153,
    2.0235896477251565,
    2.2229964825261943,
    2.442053094548651,
    2.6826957952797246,
    2.9470517025518097,
    3.2374575428176433,
    3.5564803062231283,
    3.9069399370546147,
    4.291934260128776,
    4.714866363457392,
    5.17947467923121,
    5.689866029018296,
    6.250551925273969,
    6.866488450042998,
    7.543120063354615,
    8.286427728546842,
    9.102981779915218,
    10.0
  ],
  "gamma_max": [
    0.2074596573332242,
    0.20630231894677492,
    0.20490567450614755,
    0.2032202397270284,
    0.20118629234342206,
    0.19873174802694174,
    0.19576959036685904,
    0.19219475688396936,
    0.18788035808145637,
    0.18267307254436224,
    0.17638751318673435,
    0.16879928948407966,
    0.15963638292025004,
    0.14856828092904542,
    0.13519202803827193,
    0.11901385534301752,
    0.09942414780466262,
    0.07566179709217435,
    0.04676055115372343,
    0.011462569817360968,
    -0.031933094148949744,
    -0.0858662265460613,
    -0.15418448568747906,
    -0.2440453815419388,
    -0.37433959302248,
    -0.6255353871461581,
    -0.664593367473756,
    -0.7102493534826942,
    -0.7636545121953852,
    -0.82622807462437,
    -0.899728867344163,
    -0.9863359039039352,
    -1.088738030561651,
    -1.2102350762902085,
    -1.354855199298651,
    -1.5274942972865286,
    -1.6924910564016573,
    -1.9025979381337303,
    -2.1685328502866588,
    -2.500253542594227,
    -2.9097239673171686,
    -3.4113993026081775,
    -4.022779477563279,
    -4.765038511317086,
    -5.663749511995444,
    -6.749735577835451,
    -8.060085750824452,
    -9.639384043559899,
    -11.541209001295577,
    -13.829970046713882
  ],
  "omega_max": [
    1.1935399391545291e-15,
    2.0741219114987185e-15,
    5.580236703413795e-16,
    8.864457310221675e-16,
    6.322649524984046e-16,
    1.1686595452423324e-15,
    1.1939901197510052e-15,
    6.844202333379872e-16,
    3.1673919433407652e-15,
    -1.397490161641313e-16,
    1.4408622852668084e-15,
    1.5872377367803137e-15,
    1.3026953572582732e-15,
    -2.0482296621835773e-16,
    1.006953197412282e-15,
    7.24331167929228e-16,
    1.1107964223024865e-15,
    7.246486095831149e-16,
    3.313381249608839e-16,
    9.821321536607397e-16,
    8.268441057228743e-16,
    1.2293416187986186e-15,
    2.018772268199159e-15,
    1.8106773159109823e-14,
    -7.435223652231917e-15,
    -0.13133028159896207,
    0.30609828496051045,
    0.4289631835322037,
    0.5391627994599817,
    0.6455884515027496,
    0.752300579001377,
    0.8618161025928678,
    0.9760445076260057,
    1.0966511561492358,
    1.2252259322959649,
    -1.3633728309789197,
    1.4492584934916786,
    1.600609057480758,
    1.771238789005258,
    -1.962664537873334,
    2.176570872473762,
    2.414963953851145,
    2.6802875519600455,
    2.975508313577705,
    -3.304179714894405,
    3.670492085772068,
    -4.079312450375572,
    4.536215462065864,
    5.047507662287725,
    -5.620252593992557
  ],
  "params": {
    "alpha": -19.0,
    "dT": 0.125,
    "dR": 1.0
  },
  "metadata": {
    "shear_max": 6.976509382931478e-09,
    "vel_net": 4.2831675471623295e-16,
    "resolution": {
      "H": 25,
      "M": 65,
      "Nz": 129,
      "Nth": 128
    },
    "timestamp": "2026-04-13T11:52:20.314369"
  }
}