{
  "k": [
    0.1,
    0.10985411419875583,
    0.12067926406393285,
    0.13257113655901093,
    0.14563484775012436,
    0.15998587196060582,
    0.1757510624854792,
    0.193069772888325,
    0.21209508879201905,
    0.2329951810515372,
    0.2559547922699536,
    0.281176869797423,
    0.3088843596477481,
    0.3393221771895328,
    0.372759372031494,
    0.4094915062380424,
    0.44984326689694454,
    0.49417133613238345,
    0.5428675439323859,
    0.5963623316594643,
    0.6551285568595507,
    0.7196856730011519,
    0.7906043210907697,
    0.8685113737513525,
    0.9540954763499939,
    1.0481131341546859,
    1.151395399326447,
    1.2648552168552958,
    1.3894954943731375,
    1.5264179671752334,
    1.6768329368110073,
    1.8420699693267153,
    2.0235896477251565,
    2.2229964825261943,
    2.442053094548651,
    2.6826957952797246,
    2.9470517025518097,
    3.2374575428176433,
    3.5564803062231283,
    3.9069399370546147,
    4.291934260128776,
    4.714866363457392,
    5.17947467923121,
    5.689866029018296,
    6.250551925273969,
    6.866488450042998,
    7.543120063354615,
    8.286427728546842,
    9.102981779915218,
    10.0
  ],
  "gamma_max": [
    -0.04842412289212445,
    -0.05696510364993544,
    -0.06724820825198816,
    -0.07962329922936476,
    -0.09450847104022789,
    -0.11240300854833078,
    -0.13390345767368736,
    -0.15972514568977245,
    -0.1907356902032438,
    -0.22802171899761442,
    -0.273074009873265,
    -0.328596558950561,
    -0.4127996698814473,
    -0.4559626211912863,
    -0.49475880272430317,
    -0.4742826052605065,
    -0.45921231808801427,
    -0.4478663357815544,
    -0.43686185473445815,
    -0.4253715971745574,
    -0.41307468489656507,
    -0.39982102370811523,
    -0.3028548198824992,
    -0.13399815228098655,
    0.030931196464545004,
    0.18839849287531785,
    0.33400826117158594,
    0.4619946164296904,
    0.5645081684525687,
    0.6306806203935013,
    0.6455283280451193,
    0.5891168184470956,
    0.43784424348929724,
    0.26955828224459305,
    0.6647912767347584,
    1.1364381045566057,
    1.453174129985311,
    1.431457853225601,
    0.9466287706818132,
    -0.20329828495677088,
    -1.0651510964493598,
    -0.9712773731893953,
    -1.0367984863085258,
    -1.323364832197018,
    -1.8569098919322835,
    -2.6589333051436315,
    -3.757132659025241,
    -5.185185500603863,
    -6.976888973705384,
    -9.15719516382635
  ],
  "omega_max": [
    1.398424457278379e-12,
    1.3636361957000347e-13,
    -6.603017459667315e-14,
    -8.176526495453043e-14,
    -8.437990845975989e-13,
    -1.2213331648339741e-12,
    1.950705535485353e-12,
    3.221266461445164e-12,
    6.382476287871794e-13,
    -6.522851067140275e-13,
    2.9719774626731e-12,
    8.227309966132597e-14,
    -1.2205486370062757e-12,
    -0.04822719164723246,
    -0.039289730244844556,
    3.627566161457216e-14,
    -1.2226023281024834e-13,
    2.160949137272754e-13,
    1.7336204189946588e-13,
    1.5637366636923566e-15,
    -1.740466514851462e-13,
    1.7524300753595976e-14,
    5.352514338689059,
    -5.443285285833514,
    -5.529502323175188,
    5.605645448675188,
    5.665192279322259,
    -5.700696031781008,
    5.703957623599824,
    -5.666381291816437,
    5.57969983780969,
    5.437636355745922,
    -5.240773684030952,
    -5.7010604596335185e-12,
    3.648533121632204e-12,
    2.2877984293262267e-11,
    1.0196413408918535e-12,
    -6.913217335036388e-12,
    1.7662314570936853e-11,
    -1.768930574091524e-11,
    7.202868453755351,
    -7.954085082799699,
    8.878942886357777,
    -9.94689718475312,
    -11.13757108411276,
    -12.452228236689178,
    -13.90797502511048,
    15.53469652495132,
    -17.373182685644334,
    19.46565154579859
  ],
  "params": {
    "alpha": -40.0,
    "dT": 0.1111111111111111,
    "dR": 1.0
  },
  "metadata": {
    "shear_max": 5.449550688148168,
    "vel_net": 3.064215547965432e-13,
    "resolution": {
      "H": 25,
      "M": 65,
      "Nz": 129,
      "Nth": 128
    },
    "timestamp": "2026-04-15T18:54:18.173005"
  }
}