{
  "k": [
    0.1,
    0.10985411419875583,
    0.12067926406393285,
    0.13257113655901093,
    0.14563484775012436,
    0.15998587196060582,
    0.1757510624854792,
    0.193069772888325,
    0.21209508879201905,
    0.2329951810515372,
    0.2559547922699536,
    0.281176869797423,
    0.3088843596477481,
    0.3393221771895328,
    0.372759372031494,
    0.4094915062380424,
    0.44984326689694454,
    0.49417133613238345,
    0.5428675439323859,
    0.5963623316594643,
    0.6551285568595507,
    0.7196856730011519,
    0.7906043210907697,
    0.8685113737513525,
    0.9540954763499939,
    1.0481131341546859,
    1.151395399326447,
    1.2648552168552958,
    1.3894954943731375,
    1.5264179671752334,
    1.6768329368110073,
    1.8420699693267153,
    2.0235896477251565,
    2.2229964825261943,
    2.442053094548651,
    2.6826957952797246,
    2.9470517025518097,
    3.2374575428176433,
    3.5564803062231283,
    3.9069399370546147,
    4.291934260128776,
    4.714866363457392,
    5.17947467923121,
    5.689866029018296,
    6.250551925273969,
    6.866488450042998,
    7.543120063354615,
    8.286427728546842,
    9.102981779915218,
    10.0
  ],
  "gamma_max": [
    0.47553662206972314,
    0.4636909970852835,
    0.44929213037225785,
    0.4317623163163576,
    0.4103798131563016,
    0.38423634371671594,
    0.35217875436626067,
    0.31272716059277617,
    0.2639568059825227,
    0.20331985202548378,
    0.12735161341470538,
    0.031072619752936684,
    -0.09396087824726261,
    -0.2771784076952102,
    -0.4391343353168199,
    -0.523023079919892,
    -0.4634775197875367,
    -0.3381916549454698,
    -0.21761568628512507,
    -0.10340931522249519,
    0.004121239400227637,
    0.10495958660810865,
    0.19888019692401993,
    0.28525650333701136,
    0.3629803240876552,
    0.4304023832096156,
    0.48525767315383667,
    0.5245632122870274,
    0.5444920698722848,
    0.5402515149704079,
    0.5060384437258793,
    0.43522587095271137,
    0.3210436961183304,
    0.15800539384324852,
    -0.05644144907236985,
    -0.18534537740935486,
    -0.26501545693110384,
    -0.4646470590720375,
    -0.822107092281686,
    -1.3937781012297303,
    -1.7693404720944554,
    -2.05517040507413,
    -2.452964474573134,
    -2.9867339402033077,
    -3.681774367860016,
    -4.566965110033094,
    -5.676644952738056,
    -7.052293160755142,
    -8.74419589432046,
    -10.813124268880232
  ],
  "omega_max": [
    1.307699905830629e-13,
    -4.142956633401693e-14,
    4.85791185284099e-14,
    2.562080363087485e-13,
    -3.6748719026682845e-13,
    -1.3267641632629207e-14,
    -4.422422324415684e-13,
    -8.509634269275826e-14,
    -3.6201074188846407e-13,
    2.2774590297844885e-13,
    6.244374911319389e-14,
    1.7154491983788486e-13,
    4.245488374185195e-13,
    3.6824678974960293e-13,
    0.1511067837593382,
    0.2042419925306248,
    -2.0267479623481277,
    -2.1201687438247254,
    2.224072735439534,
    2.3344077874538005,
    -2.44785026366491,
    2.561769819103408,
    2.673883175096905,
    2.781962863807457,
    -2.883656944603911,
    -2.9764041262576315,
    3.05743266118547,
    -3.1238491721426715,
    3.172842556196105,
    3.202048401635742,
    3.2101440742308487,
    3.197778759983552,
    -3.1689841291194094,
    -3.133187791396261,
    -3.1075417033500723,
    -1.7021363353882997e-13,
    5.0201075307409495e-14,
    -9.062706598409856e-14,
    -1.3683681482078633e-13,
    -4.0325893512244657e-13,
    -5.091456710062136,
    5.674842953990391,
    6.313129871494284,
    7.013295716685358,
    -7.780944275887963,
    8.622505767489212,
    -9.546095088215507,
    10.561964477329314,
    11.683001532109643,
    -12.92557685267073
  ],
  "params": {
    "alpha": -30.0,
    "dT": 0.1111111111111111,
    "dR": 1.0
  },
  "metadata": {
    "shear_max": 2.9756585606406354,
    "vel_net": 8.386458194564739e-12,
    "resolution": {
      "H": 25,
      "M": 65,
      "Nz": 129,
      "Nth": 128
    },
    "timestamp": "2026-04-13T20:12:04.112820"
  }
}