{
  "k": [
    0.1,
    0.10985411419875583,
    0.12067926406393285,
    0.13257113655901093,
    0.14563484775012436,
    0.15998587196060582,
    0.1757510624854792,
    0.193069772888325,
    0.21209508879201905,
    0.2329951810515372,
    0.2559547922699536,
    0.281176869797423,
    0.3088843596477481,
    0.3393221771895328,
    0.372759372031494,
    0.4094915062380424,
    0.44984326689694454,
    0.49417133613238345,
    0.5428675439323859,
    0.5963623316594643,
    0.6551285568595507,
    0.7196856730011519,
    0.7906043210907697,
    0.8685113737513525,
    0.9540954763499939,
    1.0481131341546859,
    1.151395399326447,
    1.2648552168552958,
    1.3894954943731375,
    1.5264179671752334,
    1.6768329368110073,
    1.8420699693267153,
    2.0235896477251565,
    2.2229964825261943,
    2.442053094548651,
    2.6826957952797246,
    2.9470517025518097,
    3.2374575428176433,
    3.5564803062231283,
    3.9069399370546147,
    4.291934260128776,
    4.714866363457392,
    5.17947467923121,
    5.689866029018296,
    6.250551925273969,
    6.866488450042998,
    7.543120063354615,
    8.286427728546842,
    9.102981779915218,
    10.0
  ],
  "gamma_max": [
    0.9582796878134949,
    0.9406223248486784,
    0.9192190026882283,
    0.8932513953967479,
    0.8617117174636296,
    0.823354224763256,
    0.7766325479031188,
    0.7196183565261873,
    0.6498957217690748,
    0.5644247314600549,
    0.4593680418358691,
    0.3298737247927955,
    0.16978535011703932,
    -0.028970171163667846,
    -0.2795827833135958,
    -0.6783688353004449,
    -0.8605187252336765,
    -0.6416947207367719,
    -0.40923550240054163,
    -0.18512584248867528,
    0.02687364187350809,
    0.22528916115907016,
    0.40945678842400124,
    0.5785686050129093,
    0.7311601221783389,
    0.8647961383445968,
    0.9757837817472015,
    1.058813411868571,
    1.1064690834360063,
    1.1085760224629293,
    1.0513774194857144,
    0.9165713946449032,
    0.6803634404727471,
    0.3133319392492364,
    -0.21488495584136152,
    -0.9118753935706173,
    -0.9673687229175515,
    -1.3094373037035096,
    -2.1998845112838574,
    -3.729977728798716,
    -4.491434570570936,
    -5.328656260203686,
    -6.500547056863896,
    -8.081990406837713,
    -10.136562398837224,
    -12.737705972829419,
    -15.97587101452025,
    -19.963088607410167,
    -24.83785329517716,
    -30.770856123284148
  ],
  "omega_max": [
    -1.823095284995165e-12,
    2.420006309846382e-12,
    -1.804171797555199e-11,
    -1.2776907100754621e-12,
    -1.8825678076786446e-12,
    -1.0023979265178405e-12,
    4.05599397875742e-11,
    1.3642122417027446e-11,
    4.64947649117599e-11,
    -6.457472252928051e-12,
    -6.450286397429148e-12,
    -4.4177031664417836e-11,
    -2.0876272323657165e-11,
    -6.761995065528638e-12,
    -1.5434295851214697e-11,
    -4.234567810065971e-11,
    -0.23914735814798688,
    -4.043515828967247,
    -4.157304382683813,
    4.293258539391857,
    4.443669709904253,
    -4.6013715226492975,
    -4.760090527394484,
    -4.9140964298774445,
    5.0577525666941545,
    -5.185178418169759,
    -5.290066503779587,
    5.365663277097091,
    5.404938337131863,
    -5.400994087325365,
    -5.34780642360713,
    5.241468612506149,
    -5.082357552551452,
    -4.8793742777233,
    -4.658712376488543,
    4.475154001546608,
    -1.3952951620305333e-11,
    2.713638987093504e-11,
    1.8785357376538598e-11,
    -1.6272732133932153e-12,
    5.6263447239536974,
    -6.454806224476392,
    -7.393741768668187,
    8.409097061384106,
    9.499011206088452,
    -10.673533307506803,
    -11.947049691245093,
    -13.33574129821878,
    14.857049416168051,
    -16.53031182608544
  ],
  "params": {
    "alpha": -45.0,
    "dT": 0.3333333333333333,
    "dR": 1.0
  },
  "metadata": {
    "shear_max": 4.921226053675683,
    "vel_net": 6.063316515536599e-12,
    "resolution": {
      "H": 25,
      "M": 65,
      "Nz": 129,
      "Nth": 128
    },
    "timestamp": "2026-04-15T20:05:42.392350"
  }
}