{
  "k": [
    0.1,
    0.10985411419875583,
    0.12067926406393285,
    0.13257113655901093,
    0.14563484775012436,
    0.15998587196060582,
    0.1757510624854792,
    0.193069772888325,
    0.21209508879201905,
    0.2329951810515372,
    0.2559547922699536,
    0.281176869797423,
    0.3088843596477481,
    0.3393221771895328,
    0.372759372031494,
    0.4094915062380424,
    0.44984326689694454,
    0.49417133613238345,
    0.5428675439323859,
    0.5963623316594643,
    0.6551285568595507,
    0.7196856730011519,
    0.7906043210907697,
    0.8685113737513525,
    0.9540954763499939,
    1.0481131341546859,
    1.151395399326447,
    1.2648552168552958,
    1.3894954943731375,
    1.5264179671752334,
    1.6768329368110073,
    1.8420699693267153,
    2.0235896477251565,
    2.2229964825261943,
    2.442053094548651,
    2.6826957952797246,
    2.9470517025518097,
    3.2374575428176433,
    3.5564803062231283,
    3.9069399370546147,
    4.291934260128776,
    4.714866363457392,
    5.17947467923121,
    5.689866029018296,
    6.250551925273969,
    6.866488450042998,
    7.543120063354615,
    8.286427728546842,
    9.102981779915218,
    10.0
  ],
  "gamma_max": [
    -2.107734175440844,
    -2.106348071064281,
    -2.105071536070628,
    -2.1039667690401904,
    -2.103112900994276,
    -2.10260995382297,
    -2.1025836769649286,
    -2.10319145071735,
    -2.088445657566702,
    -2.027171072901676,
    -1.9620369103163646,
    -1.8931739644539995,
    -1.8208374524136661,
    -1.7454391094941806,
    -1.6675841740341966,
    -1.5881133063623454,
    -1.5081493397562729,
    -1.4291486395514545,
    -1.3529567813763599,
    -1.2818682839138296,
    -1.2186902709700473,
    -1.166810219148764,
    -1.1302683947410515,
    -1.113836235091442,
    -1.1231028384895498,
    -1.1645729744512572,
    -1.2457817131192053,
    -1.3754330286029686,
    -1.563572753402028,
    -1.8218104686792944,
    -2.1636113591698836,
    -2.2276579451037013,
    -2.2601703506648825,
    -2.4272647186305156,
    -2.7734608595529937,
    -3.3491237246245067,
    -4.20949213530326,
    -5.414823152111889,
    -7.031816307374033,
    -9.136293008170385,
    -11.816985103068633,
    -15.180285803867806,
    -19.356001764711245,
    -24.50458793003253,
    -30.827367379458774,
    -38.584386146220865,
    -48.13810929184049,
    -60.010902690608134,
    -73.19805262668677,
    -88.58084006104062
  ],
  "omega_max": [
    0.9561320772518925,
    0.9727216694300052,
    0.9910475462439212,
    1.0112993459482102,
    1.0336883200228182,
    1.0584497288598866,
    1.0858454040186536,
    1.1161664333983385,
    4.96408837940963,
    5.02034074433443,
    5.082567967427223,
    5.151348718066884,
    5.227287084738398,
    5.311002329325649,
    5.403115125213664,
    5.504230363444418,
    5.614917195138798,
    5.735687805522098,
    5.8669774802573755,
    6.009129774080964,
    6.162391856391577,
    6.32692613112844,
    6.502844573725341,
    6.690271369298597,
    6.889436776147102,
    7.100800260229978,
    7.325193824196204,
    7.563967746971137,
    7.81911198919382,
    8.093318998837754,
    8.389948896699126,
    7.593990020222106,
    7.91521746148249,
    8.285577052561349,
    8.714217973683983,
    9.209444678588195,
    9.778974822684027,
    10.430365475406969,
    11.171442088465444,
    12.010744452522612,
    12.958046535656182,
    14.025019644227152,
    15.226158024757291,
    16.580254495096927,
    18.113302364735937,
    19.86627133234813,
    21.92869699446344,
    24.76702551198761,
    19.874717536758805,
    32.86791748686225
  ],
  "params": {
    "alpha": -40.0,
    "dT": 0.875,
    "dR": 1.0
  },
  "metadata": {
    "shear_max": 5.059064981712649,
    "vel_net": 2.0895881609168363,
    "resolution": {
      "H": 25,
      "M": 65,
      "Nz": 129,
      "Nth": 128
    },
    "timestamp": "2026-04-13T15:52:59.209292"
  }
}