{
  "k": [
    0.1,
    0.10985411419875583,
    0.12067926406393285,
    0.13257113655901093,
    0.14563484775012436,
    0.15998587196060582,
    0.1757510624854792,
    0.193069772888325,
    0.21209508879201905,
    0.2329951810515372,
    0.2559547922699536,
    0.281176869797423,
    0.3088843596477481,
    0.3393221771895328,
    0.372759372031494,
    0.4094915062380424,
    0.44984326689694454,
    0.49417133613238345,
    0.5428675439323859,
    0.5963623316594643,
    0.6551285568595507,
    0.7196856730011519,
    0.7906043210907697,
    0.8685113737513525,
    0.9540954763499939,
    1.0481131341546859,
    1.151395399326447,
    1.2648552168552958,
    1.3894954943731375,
    1.5264179671752334,
    1.6768329368110073,
    1.8420699693267153,
    2.0235896477251565,
    2.2229964825261943,
    2.442053094548651,
    2.6826957952797246,
    2.9470517025518097,
    3.2374575428176433,
    3.5564803062231283,
    3.9069399370546147,
    4.291934260128776,
    4.714866363457392,
    5.17947467923121,
    5.689866029018296,
    6.250551925273969,
    6.866488450042998,
    7.543120063354615,
    8.286427728546842,
    9.102981779915218,
    10.0
  ],
  "gamma_max": [
    1.9368657131585587,
    1.916043476734205,
    1.8907595632064846,
    1.8600163584137537,
    1.8225726869457446,
    1.7768740133884524,
    1.7209573896222892,
    1.6523194159797896,
    1.5677289020856644,
    1.4629554496027382,
    1.3323694147474858,
    1.1683495149930725,
    0.9604319591233287,
    0.694249563982839,
    0.350900367609746,
    -0.09124926486161279,
    -0.6653167431105174,
    -0.3900647265620216,
    -0.05889361880976212,
    0.24106080550273787,
    0.5095146199319133,
    0.7505499474072835,
    0.9675302657735161,
    1.1619822963339068,
    1.3335662715695498,
    1.4801437274496323,
    1.597695751408521,
    1.680030732126044,
    1.718253455569601,
    1.699966995877394,
    1.6081648221974008,
    1.4197143910712797,
    1.103161280625948,
    0.6152781445951474,
    -0.10299241322832618,
    -1.1080749284548668,
    -1.4350856596081707,
    -1.7589240536192152,
    -2.99655718429416,
    -5.205086079961089,
    -5.999744726750746,
    -7.27062374693986,
    -9.107844033406087,
    -11.554105558013667,
    -14.689109734103344,
    -18.624265528569197,
    -23.499700364144193,
    -29.48483874010112,
    -36.78200875072265,
    -45.63459106168173
  ],
  "omega_max": [
    1.9916758952758838e-10,
    -6.412711883504963e-14,
    -1.4465284040348988e-11,
    9.189610168117445e-11,
    -1.5638610566208824e-10,
    9.894264858845941e-12,
    2.506071684506493e-10,
    -7.999914523436493e-13,
    -6.46512291920112e-14,
    -3.5913530886633435e-11,
    1.1367033563627797e-13,
    -3.0127623001071694e-13,
    2.451558978900992e-13,
    -2.6271738279231336e-13,
    4.8762153765699716e-12,
    1.4495126152409354e-10,
    -1.262308476942724e-12,
    4.248174778034375,
    4.404192851855808,
    -4.596867697920557,
    4.805977325917452,
    5.018877275786977,
    -5.227353608758518,
    5.424938497488634,
    -5.60547551144309,
    5.762426153030624,
    5.8885692098186135,
    -5.975946814316872,
    -6.0160228671812535,
    -6.000078076790005,
    5.919903579455296,
    5.768918460037939,
    -5.544096441286509,
    5.250269786043232,
    4.913516340262216,
    4.6235155195926065,
    2.492579833164512e-11,
    -8.336058194481427e-12,
    1.451626516271062e-10,
    -4.863559342909592,
    5.4621272564051395,
    6.368100187103396,
    -7.382786279733628,
    8.45854288523679,
    9.594513229698832,
    -10.804913082798148,
    12.11169340981066,
    -13.541529135271997,
    -15.122443289188585,
    -16.879764862712566
  ],
  "params": {
    "alpha": -54.0,
    "dT": 0.5,
    "dR": 1.0
  },
  "metadata": {
    "shear_max": 5.54231257141178,
    "vel_net": 1.188425580167518e-09,
    "resolution": {
      "H": 25,
      "M": 65,
      "Nz": 129,
      "Nth": 128
    },
    "timestamp": "2026-04-15T23:49:28.172554"
  }
}