{
  "k": [
    0.1,
    0.10985411419875583,
    0.12067926406393285,
    0.13257113655901093,
    0.14563484775012436,
    0.15998587196060582,
    0.1757510624854792,
    0.193069772888325,
    0.21209508879201905,
    0.2329951810515372,
    0.2559547922699536,
    0.281176869797423,
    0.3088843596477481,
    0.3393221771895328,
    0.372759372031494,
    0.4094915062380424,
    0.44984326689694454,
    0.49417133613238345,
    0.5428675439323859,
    0.5963623316594643,
    0.6551285568595507,
    0.7196856730011519,
    0.7906043210907697,
    0.8685113737513525,
    0.9540954763499939,
    1.0481131341546859,
    1.151395399326447,
    1.2648552168552958,
    1.3894954943731375,
    1.5264179671752334,
    1.6768329368110073,
    1.8420699693267153,
    2.0235896477251565,
    2.2229964825261943,
    2.442053094548651,
    2.6826957952797246,
    2.9470517025518097,
    3.2374575428176433,
    3.5564803062231283,
    3.9069399370546147,
    4.291934260128776,
    4.714866363457392,
    5.17947467923121,
    5.689866029018296,
    6.250551925273969,
    6.866488450042998,
    7.543120063354615,
    8.286427728546842,
    9.102981779915218,
    10.0
  ],
  "gamma_max": [
    1.1021486640876799,
    1.0926180413541369,
    1.0810296557185213,
    1.0669149631368318,
    1.0496861018717298,
    1.0285985440896466,
    1.0026979727858079,
    0.9707421370492206,
    0.9310811617253889,
    0.8814650476238306,
    0.8187151383189359,
    0.7381210347553591,
    0.6322286485561804,
    0.4881136358744835,
    0.28034642651449804,
    -0.05142562869928108,
    -0.23020446688158974,
    -0.056108191055056586,
    0.07642765126314664,
    0.182529083014248,
    0.27270393194943016,
    0.35175435048679604,
    0.42156510813686654,
    0.48240831422420055,
    0.5334978072820291,
    0.5732106943797801,
    0.5991407335777281,
    0.6080490137912979,
    0.5957418946331281,
    0.5569010375277065,
    0.4849094270058316,
    0.3717716315832934,
    0.20835165232915748,
    -0.014599279289834947,
    -0.3039569964936179,
    -0.6610044019709047,
    -0.8889170664361205,
    -1.1334356084648862,
    -1.5391939525152327,
    -2.1305150826940986,
    -2.958844095396747,
    -3.5742922137009208,
    -4.237226782178226,
    -5.0846847215294595,
    -6.152514192663167,
    -7.48202697561704,
    -9.122388858872785,
    -11.132911141024408,
    -13.585476472686816,
    -16.567304324357305
  ],
  "omega_max": [
    -4.2870916541074696e-13,
    -7.780425004325729e-13,
    2.5083774293482938e-12,
    5.535903869549881e-13,
    -1.9458073497285117e-12,
    -1.5470715573315416e-12,
    -3.051831312292121e-13,
    5.707989559391413e-13,
    1.273648556310299e-13,
    8.262130478335612e-13,
    -1.1365577335534345e-12,
    1.5799637024607953e-12,
    4.5083492094377964e-13,
    3.3541451774303364e-13,
    7.366903205556836e-13,
    2.0524737400277018e-12,
    -1.3476900149948774,
    -1.4644793211931164,
    -1.6068168130487968,
    -1.7506845978452903,
    -1.8909520631308394,
    2.0261909619316683,
    2.155387556848096,
    2.2772854578521584,
    2.3902593365580365,
    -2.4923229874287856,
    2.581198855777249,
    -2.654450577536622,
    2.709705055326283,
    -2.745006922953393,
    2.7593675216033007,
    -2.7536006520064196,
    -2.7315793519089353,
    -2.7020262666117847,
    2.6804708895110636,
    2.6894481461535276,
    -2.1620081793389956e-13,
    -1.414875799449786e-12,
    -1.4391702763194944e-12,
    1.0890959025998624e-13,
    9.405388261116349e-13,
    -4.997762644473465,
    -5.5919592249027765,
    -6.235825469203302,
    6.936675446471558,
    7.701258838211589,
    -8.536997906418929,
    9.452408788552075,
    10.457305863416947,
    11.563008928882885
  ],
  "params": {
    "alpha": -30.0,
    "dT": 0.16666666666666666,
    "dR": 1.0
  },
  "metadata": {
    "shear_max": 2.480917908134232,
    "vel_net": 7.562243331538099e-09,
    "resolution": {
      "H": 25,
      "M": 65,
      "Nz": 129,
      "Nth": 128
    },
    "timestamp": "2026-04-13T19:02:06.216233"
  }
}