{
  "k": [
    0.1,
    0.10985411419875583,
    0.12067926406393285,
    0.13257113655901093,
    0.14563484775012436,
    0.15998587196060582,
    0.1757510624854792,
    0.193069772888325,
    0.21209508879201905,
    0.2329951810515372,
    0.2559547922699536,
    0.281176869797423,
    0.3088843596477481,
    0.3393221771895328,
    0.372759372031494,
    0.4094915062380424,
    0.44984326689694454,
    0.49417133613238345,
    0.5428675439323859,
    0.5963623316594643,
    0.6551285568595507,
    0.7196856730011519,
    0.7906043210907697,
    0.8685113737513525,
    0.9540954763499939,
    1.0481131341546859,
    1.151395399326447,
    1.2648552168552958,
    1.3894954943731375,
    1.5264179671752334,
    1.6768329368110073,
    1.8420699693267153,
    2.0235896477251565,
    2.2229964825261943,
    2.442053094548651,
    2.6826957952797246,
    2.9470517025518097,
    3.2374575428176433,
    3.5564803062231283,
    3.9069399370546147,
    4.291934260128776,
    4.714866363457392,
    5.17947467923121,
    5.689866029018296,
    6.250551925273969,
    6.866488450042998,
    7.543120063354615,
    8.286427728546842,
    9.102981779915218,
    10.0
  ],
  "gamma_max": [
    -2.446856493681528,
    -2.444025495711659,
    -2.441139749575371,
    -2.438242337149042,
    -2.435391313379595,
    -2.4326636223608444,
    -2.430159964834867,
    -2.4280108391755815,
    -2.426384023598312,
    -2.4254938191990165,
    -2.3822195068731786,
    -2.308034580657712,
    -2.229248986674311,
    -2.1460543644727044,
    -2.0588047743258246,
    -1.9680587670237015,
    -1.8746278361522588,
    -1.7796311330529604,
    -1.684556098378618,
    -1.5913244763248016,
    -1.5023629498072606,
    -1.4206777176518366,
    -1.3499323887304988,
    -1.294528791906517,
    -1.2596906947479167,
    -1.251551017831945,
    -1.2772446916389084,
    -1.3450126599005774,
    -1.464329657465013,
    -1.6460816547325199,
    -1.5477133465488753,
    -1.2823550139775224,
    -1.0965290032220747,
    -1.0338735987238201,
    -1.1459268038697774,
    -1.490234784729413,
    -2.1291425469438923,
    -3.1295003419789573,
    -4.563649602110545,
    -6.511893229196326,
    -9.06632707015348,
    -12.335672155122273,
    -16.45064510390602,
    -21.56921755979561,
    -27.88035180152503,
    -35.603003564967885,
    -44.97788734525837,
    -56.27032203198101,
    -69.82117597777949,
    -85.97822733003898
  ],
  "omega_max": [
    1.4328614883790507,
    1.4566818209978551,
    1.4829432061204626,
    1.511902544520071,
    1.5438444646607832,
    1.579084246517477,
    1.6179709755019482,
    1.660890907395204,
    1.7082710042206548,
    1.7605825719804058,
    6.657312172999193,
    6.740141950596267,
    6.831614400567274,
    6.932558475201056,
    7.0438444774609446,
    7.166372887720731,
    7.301059726015602,
    7.448819203212602,
    7.610545415141669,
    7.787096187279854,
    7.9792836650612395,
    8.18787762806677,
    8.413628193398548,
    8.657313837230662,
    8.919817565099518,
    9.202227771871005,
    9.505950418774383,
    9.83280604185896,
    10.185070579672411,
    10.565406532274745,
    9.269417669466728,
    9.647500496351704,
    10.08888059804282,
    10.604637443820693,
    11.204232365114807,
    11.896097099158784,
    12.68832878499852,
    13.58928444129364,
    14.60818689969125,
    15.755859677628408,
    17.045701745310957,
    18.495082924372337,
    20.127483915952066,
    21.975896136996113,
    24.08798732464686,
    26.53189172136211,
    29.394242342372422,
    32.757217036967916,
    36.702161544031696,
    41.43201641974763
  ],
  "params": {
    "alpha": -49.0,
    "dT": 0.875,
    "dR": 1.0
  },
  "metadata": {
    "shear_max": 6.675335212168302,
    "vel_net": 2.791751894558014,
    "resolution": {
      "H": 25,
      "M": 65,
      "Nz": 129,
      "Nth": 128
    },
    "timestamp": "2026-04-16T13:33:21.077189"
  }
}