{
  "k": [
    0.1,
    0.10985411419875583,
    0.12067926406393285,
    0.13257113655901093,
    0.14563484775012436,
    0.15998587196060582,
    0.1757510624854792,
    0.193069772888325,
    0.21209508879201905,
    0.2329951810515372,
    0.2559547922699536,
    0.281176869797423,
    0.3088843596477481,
    0.3393221771895328,
    0.372759372031494,
    0.4094915062380424,
    0.44984326689694454,
    0.49417133613238345,
    0.5428675439323859,
    0.5963623316594643,
    0.6551285568595507,
    0.7196856730011519,
    0.7906043210907697,
    0.8685113737513525,
    0.9540954763499939,
    1.0481131341546859,
    1.151395399326447,
    1.2648552168552958,
    1.3894954943731375,
    1.5264179671752334,
    1.6768329368110073,
    1.8420699693267153,
    2.0235896477251565,
    2.2229964825261943,
    2.442053094548651,
    2.6826957952797246,
    2.9470517025518097,
    3.2374575428176433,
    3.5564803062231283,
    3.9069399370546147,
    4.291934260128776,
    4.714866363457392,
    5.17947467923121,
    5.689866029018296,
    6.250551925273969,
    6.866488450042998,
    7.543120063354615,
    8.286427728546842,
    9.102981779915218,
    10.0
  ],
  "gamma_max": [
    -0.7943322396199776,
    -0.799179629133818,
    -0.8051860222272298,
    -0.812695646133042,
    -0.8222146684698621,
    -0.8345613304761833,
    -0.851307270661278,
    -0.8769446676951539,
    -0.9200149611524027,
    -0.9268866840915694,
    -0.9352071477878205,
    -0.9452873992511363,
    -0.9575072305148771,
    -0.972330896730692,
    -0.9903264672428153,
    -1.0121895815697968,
    -1.0387724941224428,
    -1.0711193971230346,
    -1.1105091099806976,
    -1.1585063211419482,
    -1.2170226839980298,
    -1.2883892447414336,
    -1.3754419723540416,
    -1.4816226430132968,
    -1.6110980668648056,
    -1.7689016716635602,
    -1.9611027697390127,
    -2.1950103734389153,
    -2.4794201081997627,
    -2.8249145287156656,
    -3.244228969336303,
    -3.7526970464777634,
    -4.368792284937408,
    -5.114785333536178,
    -6.017540151401288,
    -7.1094775567686375,
    -8.429330637977595,
    -9.95746292569309,
    -11.833225809149342,
    -14.12445516412002,
    -16.91281938379067,
    -20.297013592963907,
    -24.396484476303037,
    -29.355799663254857,
    -35.34982209942207,
    -42.58989109111432,
    -51.331251785723346,
    -61.88201888616385,
    -74.614012254108,
    -89.9758636796777
  ],
  "omega_max": [
    -1.3603572540659464e-13,
    -2.9137754890055842e-15,
    1.016667497114296e-13,
    -5.837692483704906e-14,
    -2.666951547764956e-14,
    4.912270589422028e-15,
    5.5530220089706134e-14,
    -2.2114425646531312e-14,
    0.03182170829666796,
    -0.06252717900608891,
    0.08595596133967483,
    0.10752838697154914,
    0.12870813108405463,
    0.15019199022581642,
    -0.17241123375696846,
    -0.19568182287899338,
    0.22026453619956687,
    0.24639425337921897,
    0.274296919423018,
    -0.30420123681567723,
    0.33634809896156737,
    0.37099906679845585,
    0.4084443222824053,
    -0.44901004660187027,
    -0.4930649390062022,
    -0.5410255957770459,
    -0.5933606970527764,
    -0.6505943410200878,
    0.7133092979938315,
    -0.7821512731945856,
    0.8578353307385801,
    0.9411553764141506,
    1.0329970542791236,
    -1.1343536984981542,
    1.2463442942191651,
    1.370232016385183,
    1.4118491739389474,
    -1.552267466687387,
    1.7137303461047295,
    -1.8985916968739265,
    2.1086104683367215,
    -2.3454713102075657,
    2.611156426618132,
    2.908166962333659,
    3.239636556957531,
    -3.609383611507495,
    -4.02193520779861,
    4.482541019525191,
    -4.9971872247122,
    5.572619506497173
  ],
  "params": {
    "alpha": -22.0,
    "dT": 0.8888888888888888,
    "dR": 1.0
  },
  "metadata": {
    "shear_max": 3.25831320308367e-09,
    "vel_net": 4.1359030627651384e-25,
    "resolution": {
      "H": 25,
      "M": 65,
      "Nz": 129,
      "Nth": 128
    },
    "timestamp": "2026-04-13T11:56:30.009994"
  }
}