{
  "k": [
    0.1,
    0.10985411419875583,
    0.12067926406393285,
    0.13257113655901093,
    0.14563484775012436,
    0.15998587196060582,
    0.1757510624854792,
    0.193069772888325,
    0.21209508879201905,
    0.2329951810515372,
    0.2559547922699536,
    0.281176869797423,
    0.3088843596477481,
    0.3393221771895328,
    0.372759372031494,
    0.4094915062380424,
    0.44984326689694454,
    0.49417133613238345,
    0.5428675439323859,
    0.5963623316594643,
    0.6551285568595507,
    0.7196856730011519,
    0.7906043210907697,
    0.8685113737513525,
    0.9540954763499939,
    1.0481131341546859,
    1.151395399326447,
    1.2648552168552958,
    1.3894954943731375,
    1.5264179671752334,
    1.6768329368110073,
    1.8420699693267153,
    2.0235896477251565,
    2.2229964825261943,
    2.442053094548651,
    2.6826957952797246,
    2.9470517025518097,
    3.2374575428176433,
    3.5564803062231283,
    3.9069399370546147,
    4.291934260128776,
    4.714866363457392,
    5.17947467923121,
    5.689866029018296,
    6.250551925273969,
    6.866488450042998,
    7.543120063354615,
    8.286427728546842,
    9.102981779915218,
    10.0
  ],
  "gamma_max": [
    -0.5378803955109299,
    -0.5396227008428267,
    -0.5417329442420437,
    -0.5442909199436068,
    -0.5473947942318053,
    -0.5511659102116295,
    -0.5557551801975208,
    -0.5613517949094599,
    -0.568195450586942,
    -0.5765941798280585,
    -0.5869516425776344,
    -0.5998115717869733,
    -0.6159362686670881,
    -0.6364612260351967,
    -0.6632510029324511,
    -0.6999475263825883,
    -0.7570638684019941,
    -0.8576225778853993,
    -0.8666468881324934,
    -0.8773431746267137,
    -0.8899877395621291,
    -0.9048944258179906,
    -0.9224203477933506,
    -0.9429750461237382,
    -0.9670353700272214,
    -0.9951687140072475,
    -1.028066609874624,
    -1.0665887113006012,
    -1.1118144943570611,
    -1.1650984216020996,
    -1.228125801156926,
    -1.30297084350224,
    -1.3921626697342266,
    -1.4987665552949674,
    -1.6264864019585514,
    -1.7797922809279247,
    -1.9296442391915103,
    -2.1168851935436632,
    -2.3554666895610747,
    -2.6542088585074737,
    -3.023743646624565,
    -3.4769687477477644,
    -4.029537523791825,
    -4.700406762534765,
    -5.5124647683609105,
    -6.49326849133607,
    -7.675926284487866,
    -9.100172135639937,
    -10.81368709213182,
    -12.873731156240279
  ],
  "omega_max": [
    -2.2134990056659098e-15,
    -3.6961369934123416e-15,
    -9.47834878978619e-16,
    -5.399034945989404e-16,
    8.29840906352096e-16,
    1.9699172936564736e-15,
    -1.8364934595176202e-16,
    4.0691477071587946e-16,
    2.9280493573847275e-16,
    -1.1422790527156993e-15,
    -1.9548344183055787e-15,
    -1.35167919762733e-15,
    -4.777597730883032e-16,
    -8.346889073173228e-16,
    1.7722109114523555e-16,
    7.351476056462057e-15,
    2.519014314426405e-15,
    0.07600494804340627,
    0.15191301829876278,
    -0.2093290568564437,
    0.2620324862735008,
    0.31366414749666566,
    -0.3659374945283189,
    -0.4198987531963492,
    -0.4762999014291896,
    -0.535746312506107,
    0.5987698323634211,
    -0.6658759748041749,
    0.7375839475586219,
    0.8144650375069142,
    -0.8971773391037333,
    0.9864920589553124,
    1.0833086558915876,
    -1.1886604909746032,
    -1.3037161034256375,
    -1.4297820235326013,
    -1.5288270128809307,
    1.6776221627935317,
    -1.8434274261152244,
    -2.0285457723456615,
    2.235273261248206,
    2.4661005306024757,
    -2.7238634143071185,
    -3.0118570590810205,
    -3.3339241412577083,
    3.6945231272801937,
    4.098778366349219,
    -4.552512145975853,
    5.062261934553075,
    5.63529455613714
  ],
  "params": {
    "alpha": -16.0,
    "dT": 0.1111111111111111,
    "dR": 1.0
  },
  "metadata": {
    "shear_max": 3.780903900974927e-09,
    "vel_net": 2.5849394142282115e-25,
    "resolution": {
      "H": 25,
      "M": 65,
      "Nz": 129,
      "Nth": 128
    },
    "timestamp": "2026-04-13T11:12:58.712379"
  }
}