{
  "k": [
    0.1,
    0.10985411419875583,
    0.12067926406393285,
    0.13257113655901093,
    0.14563484775012436,
    0.15998587196060582,
    0.1757510624854792,
    0.193069772888325,
    0.21209508879201905,
    0.2329951810515372,
    0.2559547922699536,
    0.281176869797423,
    0.3088843596477481,
    0.3393221771895328,
    0.372759372031494,
    0.4094915062380424,
    0.44984326689694454,
    0.49417133613238345,
    0.5428675439323859,
    0.5963623316594643,
    0.6551285568595507,
    0.7196856730011519,
    0.7906043210907697,
    0.8685113737513525,
    0.9540954763499939,
    1.0481131341546859,
    1.151395399326447,
    1.2648552168552958,
    1.3894954943731375,
    1.5264179671752334,
    1.6768329368110073,
    1.8420699693267153,
    2.0235896477251565,
    2.2229964825261943,
    2.442053094548651,
    2.6826957952797246,
    2.9470517025518097,
    3.2374575428176433,
    3.5564803062231283,
    3.9069399370546147,
    4.291934260128776,
    4.714866363457392,
    5.17947467923121,
    5.689866029018296,
    6.250551925273969,
    6.866488450042998,
    7.543120063354615,
    8.286427728546842,
    9.102981779915218,
    10.0
  ],
  "gamma_max": [
    0.05357481220989692,
    0.051376121599096124,
    0.048722263407778514,
    0.04551887958589071,
    0.04165198778568285,
    0.03698386812742997,
    0.03134807097872111,
    0.024543348391952328,
    0.01632626254110291,
    0.006402157680042646,
    -0.005585905781597272,
    -0.02007078237622613,
    -0.0375781436440722,
    -0.058747627842725844,
    -0.08435963853519167,
    -0.11536989736242183,
    -0.152955087845234,
    -0.19857523412874706,
    -0.2540631146833088,
    -0.32176133542143953,
    -0.40475342633693,
    -0.5073103469401328,
    -0.6359473928648035,
    -0.8029330332977928,
    -1.0539533183335246,
    -1.295363978545807,
    -1.465901681287296,
    -1.6716113224156866,
    -1.9197726264680148,
    -2.219182817426498,
    -2.580473398225749,
    -3.016491735977498,
    -3.542760636121303,
    -4.178032247714703,
    -4.944956708360704,
    -5.8708909781291805,
    -6.937464133877971,
    -8.219717965706112,
    -9.797603671712452,
    -11.728191097618907,
    -14.080206556518316,
    -16.9367572093769,
    -20.398497927244485,
    -24.587334609237292,
    -29.650799889864338,
    -35.767273026670956,
    -43.152249311912996,
    -52.06590077347982,
    -62.822213318762365,
    -75.80003792859516
  ],
  "omega_max": [
    -2.8317006191809227e-15,
    -8.833699546844309e-17,
    -3.4252108425895504e-15,
    -6.280933052349975e-15,
    -6.060667679371842e-15,
    -3.264371676775689e-16,
    2.994144816786278e-16,
    2.030520231859691e-15,
    2.9425572047912074e-16,
    -2.4905818142085567e-16,
    1.1028241195500255e-16,
    -1.1550908382172194e-15,
    -1.887110545032241e-16,
    -2.894453736552332e-15,
    -4.3224331883044556e-16,
    -1.5687530368152543e-14,
    -3.9371154450361326e-15,
    1.3995012609926857e-14,
    7.612901953325906e-16,
    -7.438909715929739e-14,
    3.179164344755477e-14,
    3.685071779624716e-14,
    5.081309308258034e-14,
    -7.252380356829433e-16,
    -1.2276645106905997e-14,
    -0.20781254128380336,
    -0.3264247201460996,
    -0.42673010149386714,
    -0.5217874965055272,
    0.6164657322040682,
    0.713491296791315,
    -0.8148012095525996,
    -0.9220125415022333,
    -1.0366300498961143,
    -1.160154606631633,
    1.2941468078729217,
    -1.2994524749800778,
    -1.437257023785022,
    1.6010553659916587,
    -1.7916546519089729,
    2.009488848731746,
    2.2552281550307804,
    2.5301326804033337,
    2.836206899719095,
    3.1762405413820343,
    -3.5538027887499117,
    -3.9732280272191653,
    4.439609414484084,
    4.958805087981401,
    5.537459703450416
  ],
  "params": {
    "alpha": -24.0,
    "dT": 0.75,
    "dR": 1.0
  },
  "metadata": {
    "shear_max": 4.014564460445728e-09,
    "vel_net": 2.5849394142282115e-25,
    "resolution": {
      "H": 25,
      "M": 65,
      "Nz": 129,
      "Nth": 128
    },
    "timestamp": "2026-04-13T12:27:16.860200"
  }
}