{
  "k": [
    0.1,
    0.10985411419875583,
    0.12067926406393285,
    0.13257113655901093,
    0.14563484775012436,
    0.15998587196060582,
    0.1757510624854792,
    0.193069772888325,
    0.21209508879201905,
    0.2329951810515372,
    0.2559547922699536,
    0.281176869797423,
    0.3088843596477481,
    0.3393221771895328,
    0.372759372031494,
    0.4094915062380424,
    0.44984326689694454,
    0.49417133613238345,
    0.5428675439323859,
    0.5963623316594643,
    0.6551285568595507,
    0.7196856730011519,
    0.7906043210907697,
    0.8685113737513525,
    0.9540954763499939,
    1.0481131341546859,
    1.151395399326447,
    1.2648552168552958,
    1.3894954943731375,
    1.5264179671752334,
    1.6768329368110073,
    1.8420699693267153,
    2.0235896477251565,
    2.2229964825261943,
    2.442053094548651,
    2.6826957952797246,
    2.9470517025518097,
    3.2374575428176433,
    3.5564803062231287,
    3.9069399370546147,
    4.291934260128776,
    4.714866363457392,
    5.17947467923121,
    5.689866029018296,
    6.25055192527397,
    6.866488450042998,
    7.543120063354615,
    8.286427728546842,
    9.102981779915218,
    10.0
  ],
  "gamma_max": [
    -0.054658380048443464,
    -0.06242338182938408,
    -0.07175958729433872,
    -0.0829764278369363,
    -0.09644059799366034,
    -0.11258477721737906,
    -0.13191724029228757,
    -0.15503159104463682,
    -0.18261609460516723,
    -0.21546120457891302,
    -0.2544617326787526,
    -0.30060011493478184,
    -0.3548237003098238,
    -0.41631908936000117,
    -0.44334056364208296,
    -0.442139373400276,
    -0.43937125405192995,
    -0.4361711319569243,
    -0.4328157732882265,
    -0.4295361958624346,
    -0.42662120751391963,
    -0.42445795422198707,
    -0.42356084293591856,
    -0.3957307691753928,
    -0.16159498752573181,
    0.07022278853038832,
    0.29335243437402136,
    0.49819612037200867,
    0.6697153327294348,
    0.7836081934814629,
    0.7993903280924252,
    0.6478182682907592,
    0.32342964087310777,
    1.9317616714871033,
    3.6857936159803204,
    5.097271020921205,
    6.059147466451623,
    6.546270921684766,
    6.505190661742931,
    5.823522102344422,
    4.293360737933954,
    1.6711370625562425,
    0.903682135905656,
    1.3264073204786044,
    1.2517404070169984,
    0.7275984827897567,
    -0.24674640868126257,
    -1.7122780911952058,
    -3.7400032318084224,
    -6.4146964213004125
  ],
  "omega_max": [
    2.362205409793813e-12,
    -2.911162104587209e-12,
    2.8653299228889327e-12,
    4.5406563170242386e-12,
    3.5016693379422807e-12,
    -4.418527170047848e-12,
    -6.999900982949517e-12,
    -8.45566507192372e-12,
    4.491167975666573e-12,
    3.3809335752082183e-12,
    -5.243887635429769e-12,
    2.0866705460790096e-12,
    1.6347833700448688e-12,
    -2.315526803348597e-12,
    -1.3089152468654117e-12,
    -5.214031677939717e-13,
    -1.0008617277731967e-12,
    6.214743789701109e-15,
    -1.9002594188588003e-13,
    1.7721103121457628e-14,
    -9.705269827958993e-15,
    8.693483509085506e-15,
    -4.4640274823428166e-14,
    -8.149525673085938,
    8.26189353931808,
    8.358239897318914,
    -8.428070623751962,
    8.458566307663109,
    8.434611399627334,
    8.339220061580614,
    8.15513003034478,
    7.870400679545338,
    -1.5044937060582715e-11,
    1.8375683907004855e-11,
    1.6342035122663577e-12,
    1.1950671773342907e-11,
    -6.009498345005711e-12,
    8.854469412391972e-12,
    -8.322864096228809e-13,
    -2.8705658355775127e-12,
    -1.0974441281053522e-11,
    4.8924423722984533e-11,
    -11.274530255282524,
    12.799684424663853,
    14.513066932637365,
    -16.344969302197388,
    -18.302145097726836,
    20.421008519808996,
    22.766665081064662,
    25.457277887423224
  ],
  "params": {
    "alpha": -55.0,
    "dT": 0.125,
    "dR": 1.0
  },
  "metadata": {
    "shear_max": 8.029844709613386,
    "vel_net": 1.1002310174035301e-13,
    "resolution": {
      "H": 25,
      "M": 65,
      "Nz": 129,
      "Nth": 128
    },
    "timestamp": "2026-04-18T15:03:55.654309"
  }
}