{
  "k": [
    0.1,
    0.10985411419875583,
    0.12067926406393285,
    0.13257113655901093,
    0.14563484775012436,
    0.15998587196060582,
    0.1757510624854792,
    0.193069772888325,
    0.21209508879201905,
    0.2329951810515372,
    0.2559547922699536,
    0.281176869797423,
    0.3088843596477481,
    0.3393221771895328,
    0.372759372031494,
    0.4094915062380424,
    0.44984326689694454,
    0.49417133613238345,
    0.5428675439323859,
    0.5963623316594643,
    0.6551285568595507,
    0.7196856730011519,
    0.7906043210907697,
    0.8685113737513525,
    0.9540954763499939,
    1.0481131341546859,
    1.151395399326447,
    1.2648552168552958,
    1.3894954943731375,
    1.5264179671752334,
    1.6768329368110073,
    1.8420699693267153,
    2.0235896477251565,
    2.2229964825261943,
    2.442053094548651,
    2.6826957952797246,
    2.9470517025518097,
    3.2374575428176433,
    3.5564803062231283,
    3.9069399370546147,
    4.291934260128776,
    4.714866363457392,
    5.17947467923121,
    5.689866029018296,
    6.250551925273969,
    6.866488450042998,
    7.543120063354615,
    8.286427728546842,
    9.102981779915218,
    10.0
  ],
  "gamma_max": [
    -1.5365806428190532,
    -1.5352148760724342,
    -1.533805676923286,
    -1.532372001471102,
    -1.5309404389222228,
    -1.5295471912328593,
    -1.5282403889229599,
    -1.527082736759953,
    -1.5261544681076662,
    -1.5255565869948828,
    -1.5254144055932988,
    -1.5258814707167125,
    -1.527144116847294,
    -1.5294270700105128,
    -1.52139339377335,
    -1.453771292043788,
    -1.3843891650603068,
    -1.31390365470371,
    -1.2431565041927997,
    -1.1732059982765468,
    -1.1053611412173647,
    -1.0412182218791193,
    -0.9826993560642303,
    -0.9320925739034218,
    -0.892093088936027,
    -0.8658456210631779,
    -0.8569882609686417,
    -0.8696996766794431,
    -0.9087539755969887,
    -0.9795920015284673,
    -1.0884253754426623,
    -1.231385669005628,
    -1.2022357600052065,
    -1.233594757649488,
    -1.3458523792719206,
    -1.5625351124694797,
    -1.9097259201680516,
    -2.4160421420813654,
    -3.1134946945448183,
    -4.039379696196581,
    -5.2392187264585415,
    -6.7698329788637635,
    -8.692380076427515,
    -10.994046328132844,
    -13.530962211758595,
    -16.383394743748482,
    -19.748025046039597,
    -23.786114941036004,
    -28.655038246672536,
    -34.53111630230325
  ],
  "omega_max": [
    0.49372839897084886,
    0.4853353143583161,
    0.4763605656379755,
    0.46679656670781877,
    0.45664387969129805,
    0.44591300235535725,
    0.4346261461384686,
    0.4228188354041455,
    0.41054109419424223,
    0.39785792433856026,
    0.3848487321123187,
    0.3716053664159485,
    0.35822852009130524,
    0.34482245505015213,
    -3.430176662879811,
    -3.5053577429278655,
    -3.5872833669739475,
    -3.676250491883518,
    -3.7725132202421237,
    -3.8762792039697618,
    -3.9877126862623578,
    -4.106947761735847,
    -4.234115664340718,
    -4.36938930779862,
    -4.513046457211212,
    -4.6655494677674545,
    -4.827634401614477,
    -5.0003959043280695,
    -5.185347318787474,
    -5.384429281835874,
    -5.599935646081335,
    -5.153698199024805,
    -5.421587523247738,
    -5.724762970399507,
    -6.071161258616761,
    -6.468697657923395,
    -6.9252415032438535,
    -7.449002933355642,
    -8.049341935996173,
    -8.738280278286062,
    -9.533766561345207,
    -10.46812272949545,
    -11.611329161646944,
    -13.089745834265878,
    -14.876707177130083,
    -16.78914040751067,
    -18.802669327584884,
    -20.951861265014028,
    -23.272988627708198,
    -25.7998120783844
  ],
  "params": {
    "alpha": -28.0,
    "dT": 0.3333333333333333,
    "dR": 1.0
  },
  "metadata": {
    "shear_max": 3.407292647756622,
    "vel_net": 1.411131869519411,
    "resolution": {
      "H": 25,
      "M": 65,
      "Nz": 129,
      "Nth": 128
    },
    "timestamp": "2026-04-13T14:41:39.346015"
  }
}