{
  "k": [
    0.1,
    0.10985411419875583,
    0.12067926406393285,
    0.13257113655901093,
    0.14563484775012436,
    0.15998587196060582,
    0.1757510624854792,
    0.193069772888325,
    0.21209508879201905,
    0.2329951810515372,
    0.2559547922699536,
    0.281176869797423,
    0.3088843596477481,
    0.3393221771895328,
    0.372759372031494,
    0.4094915062380424,
    0.44984326689694454,
    0.49417133613238345,
    0.5428675439323859,
    0.5963623316594643,
    0.6551285568595507,
    0.7196856730011519,
    0.7906043210907697,
    0.8685113737513525,
    0.9540954763499939,
    1.0481131341546859,
    1.151395399326447,
    1.2648552168552958,
    1.3894954943731375,
    1.5264179671752334,
    1.6768329368110073,
    1.8420699693267153,
    2.0235896477251565,
    2.2229964825261943,
    2.442053094548651,
    2.6826957952797246,
    2.9470517025518097,
    3.2374575428176433,
    3.5564803062231283,
    3.9069399370546147,
    4.291934260128776,
    4.714866363457392,
    5.17947467923121,
    5.689866029018296,
    6.250551925273969,
    6.866488450042998,
    7.543120063354615,
    8.286427728546842,
    9.102981779915218,
    10.0
  ],
  "gamma_max": [
    -0.9449804275357441,
    -0.9544852450917105,
    -0.9562116308401245,
    -0.9582969945503529,
    -0.9608164470353793,
    -0.9638610141630705,
    -0.9675410895670398,
    -0.9719906665633663,
    -0.977372533357639,
    -0.9838846609505143,
    -0.9917680679417107,
    -1.0013165125183974,
    -1.0128884393099837,
    -1.0269216983820526,
    -1.0439516523078227,
    -1.0646333921649231,
    -1.0897688897791131,
    -1.1203400162649833,
    -1.157548453996639,
    -1.2028636258510552,
    -1.2580798810028122,
    -1.3253843451707505,
    -1.4074371204794087,
    -1.507465969269038,
    -1.6293782990782013,
    -1.7778942166334948,
    -1.958705631651827,
    -2.1786678162921485,
    -2.446031386272041,
    -2.7707243064081104,
    -3.164695236005247,
    -3.6423314179003246,
    -4.22096657637501,
    -4.921497186939392,
    -5.769129263152007,
    -6.794282590582161,
    -8.025479352868752,
    -9.459536841943455,
    -11.219952882618546,
    -13.370388204762243,
    -15.987468662164808,
    -19.163785356873607,
    -23.0113900540047,
    -27.66589283556204,
    -33.29131255173375,
    -40.08586938367444,
    -48.28894658659754,
    -58.18949010992066,
    -70.13616382142133,
    -84.54963597945249
  ],
  "omega_max": [
    -4.3725964672632804e-14,
    0.024950222695178187,
    -0.03809738734690071,
    -0.04949959307691862,
    0.06044318829848462,
    -0.07142988849103397,
    -0.08274180759849148,
    0.09457491456053872,
    -0.10708585526196002,
    0.12041227639634755,
    0.13468295884315637,
    0.15002340690266022,
    0.1665592043915247,
    0.18441822506855143,
    -0.20373229044252483,
    0.22463866134368016,
    -0.2472816662199537,
    -0.2718147353844975,
    0.29840308524005554,
    0.32722725067187314,
    -0.35848757679905957,
    -0.3924096452874059,
    0.429250438851297,
    -0.4693048788245578,
    -0.5129122661722184,
    0.5604621796235816,
    0.6123995743121322,
    -0.6692291628517987,
    -0.73151956369213,
    -0.7999080381735552,
    -0.8751067744463898,
    -0.9579115308297794,
    1.0492130256521623,
    1.150010857663491,
    1.2614291655014775,
    1.384732988314837,
    1.4286325690330037,
    1.572379469202703,
    1.7357741270813192,
    -1.921354234034561,
    -2.1311466101461245,
    2.3671149946150822,
    -2.631489132539882,
    2.926971106426427,
    -3.2568511896167407,
    -3.6250700239942644,
    4.036253703236474,
    -4.495736815718386,
    -5.00958227894396,
    -5.584607310777115
  ],
  "params": {
    "alpha": -21.0,
    "dT": 0.8333333333333334,
    "dR": 1.0
  },
  "metadata": {
    "shear_max": 2.925148259553772e-09,
    "vel_net": 0.0,
    "resolution": {
      "H": 25,
      "M": 65,
      "Nz": 129,
      "Nth": 128
    },
    "timestamp": "2026-04-13T11:42:54.994130"
  }
}