{
  "k": [
    0.1,
    0.10985411419875583,
    0.12067926406393285,
    0.13257113655901093,
    0.14563484775012436,
    0.15998587196060582,
    0.1757510624854792,
    0.193069772888325,
    0.21209508879201905,
    0.2329951810515372,
    0.2559547922699536,
    0.281176869797423,
    0.3088843596477481,
    0.3393221771895328,
    0.372759372031494,
    0.4094915062380424,
    0.44984326689694454,
    0.49417133613238345,
    0.5428675439323859,
    0.5963623316594643,
    0.6551285568595507,
    0.7196856730011519,
    0.7906043210907697,
    0.8685113737513525,
    0.9540954763499939,
    1.0481131341546859,
    1.151395399326447,
    1.2648552168552958,
    1.3894954943731375,
    1.5264179671752334,
    1.6768329368110073,
    1.8420699693267153,
    2.0235896477251565,
    2.2229964825261943,
    2.442053094548651,
    2.6826957952797246,
    2.9470517025518097,
    3.2374575428176433,
    3.5564803062231283,
    3.9069399370546147,
    4.291934260128776,
    4.714866363457392,
    5.17947467923121,
    5.689866029018296,
    6.250551925273969,
    6.866488450042998,
    7.543120063354615,
    8.286427728546842,
    9.102981779915218,
    10.0
  ],
  "gamma_max": [
    -0.008902577287793062,
    -0.020059237449485498,
    -0.03351382102760584,
    -0.049739217443379294,
    -0.06930708658236681,
    -0.09291116639007352,
    -0.12140006797740621,
    -0.15582918836663107,
    -0.1975585546545947,
    -0.2484856577901406,
    -0.31180306323294676,
    -0.3963405617310774,
    -0.5082659440590661,
    -0.5505617869801666,
    -0.5998832323360742,
    -0.6570816444554002,
    -0.7066859073419988,
    -0.6306413323657382,
    -0.6079906251013107,
    -0.5918299872609064,
    -0.5212567715570489,
    -0.34566844907910105,
    -0.17144395677836533,
    -0.0012401721843324507,
    0.1620807428754541,
    0.3151985714114262,
    0.4539720258821275,
    0.5729498465018067,
    0.6647291570992477,
    0.7191394261372821,
    0.7222716578038926,
    0.655525765373713,
    0.4954541763161133,
    0.21752258171097696,
    0.17563547433300755,
    0.48709786640199926,
    0.6669159401010674,
    0.5139371829457652,
    -0.13150552511457717,
    -1.472160979298066,
    -2.072131150593373,
    -2.149643225514158,
    -2.45988121687117,
    -3.051921597527485,
    -3.951597111809724,
    -5.19078880859121,
    -6.813736693851586,
    -8.878158709075283,
    -11.45531202708139,
    -14.627460091253397
  ],
  "omega_max": [
    3.332222031359356e-14,
    -1.9861322906934525e-14,
    2.986384878253358e-13,
    -6.477464136514352e-14,
    1.6050655620857725e-13,
    -1.9471560184023736e-13,
    2.251332253196065e-14,
    1.1927846507870804e-13,
    -9.365631493182255e-14,
    -6.483478020197235e-14,
    -4.928246087839501e-15,
    -2.841458593730098e-13,
    -0.06637162512305489,
    -0.11087965348111554,
    -0.12657032177820673,
    -0.11399839603929159,
    -2.0823489098173927e-13,
    3.1708279222057824e-15,
    -1.3003147482237249e-14,
    -2.3284220725017762e-15,
    -5.016851168132543,
    -5.119077883927931,
    5.225213568881038,
    5.3311983697772956,
    -5.43211779463937,
    -5.522234171909559,
    -5.59502050057182,
    -5.643241958631961,
    5.659151914711409,
    5.634896156932805,
    5.563274342314684,
    5.4391742920237505,
    5.262568899706816,
    -5.045750162928766,
    2.0093754085676642e-13,
    3.9538543837790613e-14,
    -2.8707263401726136e-13,
    2.7192764885605696e-12,
    -8.296715730622959e-13,
    -1.3425482274619496e-11,
    -6.714073300099822,
    7.50770289759215,
    -8.447595699721907,
    -9.499420769959091,
    10.6499819484862,
    11.90393682811896,
    13.27643568977886,
    14.790670199375544,
    -16.478759255851084,
    -18.38471050779047
  ],
  "params": {
    "alpha": -41.0,
    "dT": 0.16666666666666666,
    "dR": 1.0
  },
  "metadata": {
    "shear_max": 5.270002644067102,
    "vel_net": 1.1435297153639112e-14,
    "resolution": {
      "H": 25,
      "M": 65,
      "Nz": 129,
      "Nth": 128
    },
    "timestamp": "2026-04-15T18:09:21.528190"
  }
}