{
  "k": [
    0.1,
    0.10985411419875583,
    0.12067926406393285,
    0.13257113655901093,
    0.14563484775012436,
    0.15998587196060582,
    0.1757510624854792,
    0.193069772888325,
    0.21209508879201905,
    0.2329951810515372,
    0.2559547922699536,
    0.281176869797423,
    0.3088843596477481,
    0.3393221771895328,
    0.372759372031494,
    0.4094915062380424,
    0.44984326689694454,
    0.49417133613238345,
    0.5428675439323859,
    0.5963623316594643,
    0.6551285568595507,
    0.7196856730011519,
    0.7906043210907697,
    0.8685113737513525,
    0.9540954763499939,
    1.0481131341546859,
    1.151395399326447,
    1.2648552168552958,
    1.3894954943731375,
    1.5264179671752334,
    1.6768329368110073,
    1.8420699693267153,
    2.0235896477251565,
    2.2229964825261943,
    2.442053094548651,
    2.6826957952797246,
    2.9470517025518097,
    3.2374575428176433,
    3.5564803062231283,
    3.9069399370546147,
    4.291934260128776,
    4.714866363457392,
    5.17947467923121,
    5.689866029018296,
    6.250551925273969,
    6.866488450042998,
    7.543120063354615,
    8.286427728546842,
    9.102981779915218,
    10.0
  ],
  "gamma_max": [
    0.7880463892174352,
    0.7864916227855258,
    0.7846163433099362,
    0.7823547207690652,
    0.7796275117510305,
    0.776339372872086,
    0.772375655314769,
    0.7675985879337407,
    0.7618427421089153,
    0.7549096557524746,
    0.7465614759854904,
    0.7365134581500433,
    0.7244251314840578,
    0.7098899023466819,
    0.6924228055194525,
    0.6714460133996686,
    0.6462715395355423,
    0.6160802672339929,
    0.5798958951940653,
    0.5365514344491735,
    0.48464417580124436,
    0.4224718908645052,
    0.3479369379749489,
    0.2583922223167251,
    0.15037323837095368,
    0.019079711346802974,
    -0.14279830363295148,
    -0.3485313579497596,
    -0.6348910030488686,
    -1.044978553072632,
    -1.2219758488902872,
    -1.4324682873817027,
    -1.6832256975506514,
    -1.9824858637859684,
    -2.3402660295783324,
    -2.725979176017468,
    -3.1786046306719666,
    -3.745484518088109,
    -4.44811855128991,
    -5.312083963820933,
    -6.368122977540538,
    -7.653411026040882,
    -9.21301396249314,
    -11.101566822274057,
    -13.385229801089151,
    -16.14399812167406,
    -19.47446265483542,
    -23.49313842255928,
    -28.340498782796658,
    -34.185874571669146
  ],
  "omega_max": [
    1.5387842869559244e-15,
    -8.724143502317936e-14,
    -1.7605217868810718e-14,
    -5.227365629612063e-15,
    -1.3025093236195247e-14,
    -6.606769005074994e-14,
    -1.2357339254070649e-13,
    -4.1106323531931137e-14,
    1.2510712154684137e-14,
    3.178977510997805e-14,
    1.0996353105223474e-13,
    1.171708592729409e-13,
    3.155752174721672e-14,
    -2.1398787127637382e-14,
    5.994320415722788e-14,
    -8.499416760244335e-15,
    3.370374097940398e-14,
    -1.0618980238735986e-15,
    2.8353677537103162e-14,
    3.196008760887064e-14,
    2.245852841683017e-14,
    5.527537384637097e-15,
    8.789137295360438e-15,
    3.181628581754722e-15,
    -4.719574365318903e-15,
    -4.0398928500255525e-15,
    8.010469550258246e-15,
    2.474302021642918e-14,
    2.480438949053708e-14,
    0.24537920345428832,
    -0.45922758059688673,
    -0.623300434055667,
    -0.7738141992514563,
    -0.9213350929277992,
    1.0712035593819265,
    -1.099722831185918,
    -1.2318223004058029,
    1.3875196042405396,
    -1.5671604559370846,
    -1.7709528903091432,
    -1.999367866071362,
    -2.253389050899849,
    -2.5346405635872244,
    -2.845442542510266,
    3.188835498918013,
    3.568596181005175,
    -3.989252410601822,
    -4.456096819591118,
    4.975199468775518,
    -5.553424534606947
  ],
  "params": {
    "alpha": -23.0,
    "dT": 0.3333333333333333,
    "dR": 1.0
  },
  "metadata": {
    "shear_max": 7.8221816149351e-09,
    "vel_net": 2.465298420522654e-15,
    "resolution": {
      "H": 25,
      "M": 65,
      "Nz": 129,
      "Nth": 128
    },
    "timestamp": "2026-04-13T12:24:49.529571"
  }
}