{
  "k": [
    0.1,
    0.10985411419875583,
    0.12067926406393285,
    0.13257113655901093,
    0.14563484775012436,
    0.15998587196060582,
    0.1757510624854792,
    0.193069772888325,
    0.21209508879201905,
    0.2329951810515372,
    0.2559547922699536,
    0.281176869797423,
    0.3088843596477481,
    0.3393221771895328,
    0.372759372031494,
    0.4094915062380424,
    0.44984326689694454,
    0.49417133613238345,
    0.5428675439323859,
    0.5963623316594643,
    0.6551285568595507,
    0.7196856730011519,
    0.7906043210907697,
    0.8685113737513525,
    0.9540954763499939,
    1.0481131341546859,
    1.151395399326447,
    1.2648552168552958,
    1.3894954943731375,
    1.5264179671752334,
    1.6768329368110073,
    1.8420699693267153,
    2.0235896477251565,
    2.2229964825261943,
    2.442053094548651,
    2.6826957952797246,
    2.9470517025518097,
    3.2374575428176433,
    3.5564803062231283,
    3.9069399370546147,
    4.291934260128776,
    4.714866363457392,
    5.17947467923121,
    5.689866029018296,
    6.250551925273969,
    6.866488450042998,
    7.543120063354615,
    8.286427728546842,
    9.102981779915218,
    10.0
  ],
  "gamma_max": [
    0.6573077553853485,
    0.6557478483664528,
    0.653866256722248,
    0.6515968585408176,
    0.6488600355293143,
    0.645559958826873,
    0.6415813455668847,
    0.6367855891168348,
    0.6310061499214239,
    0.6240430752651827,
    0.6156564939606851,
    0.6055589042724436,
    0.5934060361788287,
    0.5787860158516711,
    0.561206477192742,
    0.5400791295234546,
    0.5147010584963038,
    0.48423163282046855,
    0.44766317159964775,
    0.40378223373949207,
    0.3511159976598133,
    0.28785358059011973,
    0.2117226139897331,
    0.11977970397595815,
    0.008016981343299607,
    -0.12948936573326902,
    -0.3028837216269615,
    -0.5360692311957994,
    -0.9570132510270831,
    -1.1054807308087908,
    -1.2818760101661288,
    -1.4917707289336455,
    -1.7419470398834151,
    -2.040656831661836,
    -2.397933643635314,
    -2.784175832732485,
    -3.2372076409924744,
    -3.804501941348248,
    -4.507564481204696,
    -5.371982567846233,
    -6.428511777031903,
    -7.714342775574349,
    -9.274556906920502,
    -11.163803355471305,
    -13.448253697583532,
    -16.207910584035307,
    -19.53936742546983,
    -23.559136207495943,
    -28.407681315383485,
    -34.25431880189553
  ],
  "omega_max": [
    1.5617636899942495e-15,
    3.8965568137976515e-15,
    -3.8503453122807105e-15,
    7.089502590628076e-16,
    5.2246005926793365e-15,
    -3.647616075733877e-15,
    -2.8599301217688394e-15,
    4.755972227958907e-16,
    -3.2916711229058014e-15,
    -7.445279442631831e-15,
    -1.2205826072666795e-16,
    -1.5045940998844872e-15,
    3.465704856565449e-17,
    -2.2101621152755898e-15,
    4.4173674487545755e-15,
    1.7503913839102297e-15,
    3.80474036714919e-15,
    -6.274358997906069e-17,
    -3.45997482131381e-15,
    -1.4292695567438243e-15,
    -2.5443319254516853e-15,
    1.0408170450951384e-15,
    -9.233704679526336e-16,
    -1.3110483925883094e-15,
    -3.6117164656472746e-16,
    2.095627543482453e-15,
    9.905561486218047e-16,
    1.8461767454189205e-14,
    -0.14135275029817618,
    -0.3822575607416579,
    0.542783490242033,
    -0.6856253894201457,
    0.8235726451921235,
    0.9624394722282613,
    1.1058373669690051,
    -1.1347047532673236,
    1.2658543636263027,
    1.4197961544726474,
    1.597173465520292,
    -1.7984404263071467,
    2.024248173710772,
    2.2757017720536723,
    2.5545031866129477,
    2.863022041277013,
    3.2043318785455543,
    -3.5822341479957744,
    4.001277961047853,
    -4.4667763230905395,
    4.984819537436296,
    5.562291658678454
  ],
  "params": {
    "alpha": -22.5,
    "dT": 0.3333333333333333,
    "dR": 1.0
  },
  "metadata": {
    "shear_max": 7.610094974023632e-09,
    "vel_net": 2.1268642200091023e-15,
    "resolution": {
      "H": 20,
      "M": 49,
      "Nz": 97,
      "Nth": 96
    },
    "timestamp": "2026-02-14T02:11:34.328040"
  }
}