{
  "k": [
    0.1,
    0.10985411419875583,
    0.12067926406393285,
    0.13257113655901093,
    0.14563484775012436,
    0.15998587196060582,
    0.1757510624854792,
    0.193069772888325,
    0.21209508879201905,
    0.2329951810515372,
    0.2559547922699536,
    0.281176869797423,
    0.3088843596477481,
    0.3393221771895328,
    0.372759372031494,
    0.4094915062380424,
    0.44984326689694454,
    0.49417133613238345,
    0.5428675439323859,
    0.5963623316594643,
    0.6551285568595507,
    0.7196856730011519,
    0.7906043210907697,
    0.8685113737513525,
    0.9540954763499939,
    1.0481131341546859,
    1.151395399326447,
    1.2648552168552958,
    1.3894954943731375,
    1.5264179671752334,
    1.6768329368110073,
    1.8420699693267153,
    2.0235896477251565,
    2.2229964825261943,
    2.442053094548651,
    2.6826957952797246,
    2.9470517025518097,
    3.2374575428176433,
    3.5564803062231283,
    3.9069399370546147,
    4.291934260128776,
    4.714866363457392,
    5.17947467923121,
    5.689866029018296,
    6.250551925273969,
    6.866488450042998,
    7.543120063354615,
    8.286427728546842,
    9.102981779915218,
    10.0
  ],
  "gamma_max": [
    0.5501694558925334,
    0.5389461953395865,
    0.5252881617994669,
    0.5086363997464189,
    0.48828826706529793,
    0.4633526200517335,
    0.4326869148175818,
    0.3948067467254639,
    0.3477520473161614,
    0.28888217102379865,
    0.2145448840172915,
    0.11947491917211235,
    -0.004725976527544569,
    -0.17853224071474777,
    -0.3947274575062123,
    -0.43457831769710753,
    -0.3231113614491696,
    -0.21307248101513002,
    -0.10833265183775617,
    -0.009713185947945112,
    0.08294981611106116,
    0.16979170234175328,
    0.25059274307916257,
    0.324694552205996,
    0.3909722950208078,
    0.4478017134887002,
    0.4930028682189312,
    0.52375741572906,
    0.5365076936478774,
    0.526866485678534,
    0.4896068272013814,
    0.41887024079580504,
    0.3088099341950204,
    0.15480794383973698,
    -0.0453902795147359,
    -0.19145862221036206,
    -0.272670206612792,
    -0.4654869937000437,
    -0.8063108157840899,
    -1.3796817657578964,
    -1.6202060643220644,
    -1.8841782013842332,
    -2.2487607465127573,
    -2.7352801879861928,
    -3.3665470659629277,
    -4.168738623703731,
    -5.172987957062393,
    -6.416855759387662,
    -7.945829234000851,
    -9.814886589042919
  ],
  "omega_max": [
    -3.618569911946513e-14,
    -1.0571708764581306e-13,
    1.013732802139443e-13,
    -2.559616721562229e-13,
    -4.135123685455635e-14,
    2.3506121064404773e-13,
    1.0002888988444617e-13,
    1.5490158318289603e-13,
    -1.406309934291881e-13,
    1.9182977001662518e-13,
    2.1739282586622055e-13,
    -4.228467629106792e-14,
    -1.3897444461459713e-13,
    -2.5382187041303763e-13,
    -0.13762309228879147,
    -1.6748844522785713,
    -1.7553867121147488,
    -1.851773395378823,
    -1.9580429307484895,
    -2.069394280618412,
    2.1826012445733727,
    2.2953755217560157,
    2.405803988942781,
    -2.5120129755813143,
    2.611994427090391,
    2.703537132153326,
    2.784240000146153,
    2.851610714059118,
    -2.903273946723197,
    2.9373335054404013,
    -2.9529557777214026,
    -2.951268625660946,
    -2.9366847570805623,
    -2.918667990692019,
    -2.9135023311756765,
    1.5798157167174167e-13,
    -1.6503523574564302e-13,
    -4.504995787967756e-14,
    8.516655744222034e-13,
    2.5473124958728244e-13,
    -4.882913726591507,
    5.438411222929542,
    -6.045737411097678,
    6.7117409699415385,
    7.4420208593906745,
    8.24284305572562,
    9.121932697578501,
    10.088902492932727,
    -11.155690827642871,
    -12.337270691854219
  ],
  "params": {
    "alpha": -29.0,
    "dT": 0.1,
    "dR": 1.0
  },
  "metadata": {
    "shear_max": 2.741107483909886,
    "vel_net": 1.9540480344915068e-11,
    "resolution": {
      "H": 25,
      "M": 65,
      "Nz": 129,
      "Nth": 128
    },
    "timestamp": "2026-04-13T20:12:31.478153"
  }
}