{
  "k": [
    0.1,
    0.10985411419875583,
    0.12067926406393285,
    0.13257113655901093,
    0.14563484775012436,
    0.15998587196060582,
    0.1757510624854792,
    0.193069772888325,
    0.21209508879201905,
    0.2329951810515372,
    0.2559547922699536,
    0.281176869797423,
    0.3088843596477481,
    0.3393221771895328,
    0.372759372031494,
    0.4094915062380424,
    0.44984326689694454,
    0.49417133613238345,
    0.5428675439323859,
    0.5963623316594643,
    0.6551285568595507,
    0.7196856730011519,
    0.7906043210907697,
    0.8685113737513525,
    0.9540954763499939,
    1.0481131341546859,
    1.151395399326447,
    1.2648552168552958,
    1.3894954943731375,
    1.5264179671752334,
    1.6768329368110073,
    1.8420699693267153,
    2.0235896477251565,
    2.2229964825261943,
    2.442053094548651,
    2.6826957952797246,
    2.9470517025518097,
    3.2374575428176433,
    3.5564803062231283,
    3.9069399370546147,
    4.291934260128776,
    4.714866363457392,
    5.17947467923121,
    5.689866029018296,
    6.250551925273969,
    6.866488450042998,
    7.543120063354615,
    8.286427728546842,
    9.102981779915218,
    10.0
  ],
  "gamma_max": [
    1.9786864014225867,
    1.9762554681622824,
    1.9733230974871492,
    1.9697861637532612,
    1.96552046906006,
    1.9603764968355586,
    1.9541743349984373,
    1.9466976163000895,
    1.9376862990021206,
    1.9268280844724022,
    1.9137482375393169,
    1.8979975413726393,
    1.879038079720814,
    1.8562264915426763,
    1.828794282123533,
    1.7958246911125768,
    1.7562254947899958,
    1.7086969361339397,
    1.651693693993099,
    1.5833793840384407,
    1.5015714745169355,
    1.4036736570075392,
    1.2865916019152353,
    1.1466266444255349,
    0.979340296644768,
    0.7793805329076917,
    0.5402583315948017,
    0.2540592930210281,
    -0.08893146976385298,
    -0.5007267521052491,
    -0.9963242084398756,
    -1.5947306043463303,
    -2.3207101794047413,
    -3.2085432582487896,
    -4.3141742470903015,
    -5.353974997086394,
    -6.597810658433563,
    -8.25407520641973,
    -10.58853302137674,
    -12.86202900480285,
    -15.63396082727231,
    -19.002382294648676,
    -23.0861149202588,
    -28.029149400661076,
    -34.005843587374585,
    -41.2271226260627,
    -49.94792598753062,
    -60.47618699151561,
    -73.18367887886178,
    -88.51912185850132
  ],
  "omega_max": [
    2.2545038083882072e-14,
    -4.354028042625013e-14,
    -3.5423736724175587e-13,
    5.333075286384264e-13,
    -2.4953685698015927e-13,
    2.7763780910895694e-13,
    -3.469787377424566e-13,
    7.447481739691728e-13,
    5.216899979743613e-13,
    2.7180882631286867e-13,
    -9.538544656943047e-14,
    -9.749254730844049e-14,
    -7.09522074821498e-14,
    4.586090111500241e-14,
    -4.428328812055542e-14,
    -1.5165914239997583e-14,
    1.123856127978515e-12,
    2.731941593350517e-13,
    1.8168739521997696e-13,
    -2.641380267383452e-13,
    1.6816276604325246e-13,
    -1.092470899437243e-13,
    2.2862511893106094e-13,
    -5.5311341343699324e-14,
    1.865200463332216e-13,
    -3.9255124665562073e-13,
    -4.407804531431058e-14,
    2.991982772328409e-14,
    -2.8077919425096106e-15,
    -2.385742730151998e-14,
    1.2623710285978802e-14,
    -3.361770547006956e-13,
    -2.7559458840410595e-13,
    6.804617212416157e-13,
    -3.6862492104639274e-13,
    -6.86677626314115e-13,
    4.2342451536827794e-12,
    7.242455837155383e-13,
    -0.30262135257083267,
    -0.7707482649758518,
    1.1439141444416523,
    -1.506654252285973,
    -1.8766431107217625,
    2.2625228542948395,
    2.670611826718361,
    3.1066249371512984,
    -3.5762759076155626,
    4.085546131864486,
    4.640841119506663,
    5.249109148571591
  ],
  "params": {
    "alpha": -33.0,
    "dT": 0.8888888888888888,
    "dR": 1.0
  },
  "metadata": {
    "shear_max": 9.108959108898992e-09,
    "vel_net": 1.7210985815083023e-14,
    "resolution": {
      "H": 25,
      "M": 65,
      "Nz": 129,
      "Nth": 128
    },
    "timestamp": "2026-04-13T13:44:31.622851"
  }
}