{
  "k": [
    0.1,
    0.10985411419875583,
    0.12067926406393285,
    0.13257113655901093,
    0.14563484775012436,
    0.15998587196060582,
    0.1757510624854792,
    0.193069772888325,
    0.21209508879201905,
    0.2329951810515372,
    0.2559547922699536,
    0.281176869797423,
    0.3088843596477481,
    0.3393221771895328,
    0.372759372031494,
    0.4094915062380424,
    0.44984326689694454,
    0.49417133613238345,
    0.5428675439323859,
    0.5963623316594643,
    0.6551285568595507,
    0.7196856730011519,
    0.7906043210907697,
    0.8685113737513525,
    0.9540954763499939,
    1.0481131341546859,
    1.151395399326447,
    1.2648552168552958,
    1.3894954943731375,
    1.5264179671752334,
    1.6768329368110073,
    1.8420699693267153,
    2.0235896477251565,
    2.2229964825261943,
    2.442053094548651,
    2.6826957952797246,
    2.9470517025518097,
    3.2374575428176433,
    3.5564803062231283,
    3.9069399370546147,
    4.291934260128776,
    4.714866363457392,
    5.17947467923121,
    5.689866029018296,
    6.250551925273969,
    6.866488450042998,
    7.543120063354615,
    8.286427728546842,
    9.102981779915218,
    10.0
  ],
  "gamma_max": [
    -1.291000333952886,
    -1.2925306826596477,
    -1.2943777127292777,
    -1.2966070527664444,
    -1.299297998364826,
    -1.3025464041769235,
    -1.3064682196085524,
    -1.3112038323134843,
    -1.3169234380324664,
    -1.3238337333570294,
    -1.332186341048474,
    -1.3422885414393315,
    -1.3545171187519012,
    -1.3693364616161263,
    -1.3873225036676617,
    -1.4091946574034184,
    -1.4358585429510193,
    -1.4684629027790355,
    -1.5084742625839722,
    -1.5577717747251398,
    -1.4665310564960563,
    -1.3477682959089143,
    -1.2265881032115007,
    -1.104673515200746,
    -0.9841751896361128,
    -0.867782816215441,
    -0.7588001770304508,
    -0.6612239649869864,
    -0.5798301918067646,
    -0.5202775009889431,
    -0.48923955542855846,
    -0.4693358595680747,
    -0.17535142580327745,
    0.06856357304328521,
    0.23134149465218515,
    0.2802873674157122,
    0.18116986999734028,
    -0.10199861271373753,
    -0.6077670909815042,
    -1.3790081384145696,
    -2.465657025858623,
    -3.9278947554415264,
    -5.837667889579264,
    -8.270143780934097,
    -11.060163350951854,
    -14.164872463900283,
    -18.004515873843687,
    -22.15571146261193,
    -27.12044399077567,
    -33.0810350533533
  ],
  "omega_max": [
    0.10851518799222638,
    0.11925386017402737,
    0.13106588823897763,
    0.14406218086685119,
    0.15836636376055882,
    0.17411668075927408,
    0.19146832487430915,
    0.21059633943847267,
    0.23169927859808553,
    0.2550038866355025,
    0.28077114974765327,
    0.3093041984223312,
    0.34095870004885537,
    0.3761565876442753,
    0.41540423153692546,
    0.4593165098353587,
    0.5086487164975116,
    0.5643390231654455,
    0.6275654956993313,
    0.6998236648594018,
    6.5797933066260565,
    6.747757685626443,
    6.930594476696125,
    7.128937125526025,
    7.343355238537125,
    7.574375894306766,
    7.822510258753242,
    8.08827026825788,
    8.372151855363008,
    8.674556426008406,
    8.995624819918739,
    7.6231458627445035,
    8.037832809240138,
    8.526838956279786,
    9.09603195934466,
    9.750276601879607,
    10.494897029966536,
    11.336535560559604,
    12.284110824114002,
    13.350318886528914,
    14.554284705268655,
    15.926722278221261,
    17.520660519304425,
    19.434333790217273,
    16.142507181474524,
    17.160784607688257,
    28.045361883990967,
    31.436824611006983,
    35.08641730800244,
    39.05205505665086
  ],
  "params": {
    "alpha": -38.0,
    "dT": 0.3333333333333333,
    "dR": 1.0
  },
  "metadata": {
    "shear_max": 5.345202967234547,
    "vel_net": 2.3087363805893064,
    "resolution": {
      "H": 25,
      "M": 65,
      "Nz": 129,
      "Nth": 128
    },
    "timestamp": "2026-04-14T16:29:51.089572"
  }
}