{
  "k": [
    0.1,
    0.10985411419875583,
    0.12067926406393285,
    0.13257113655901093,
    0.14563484775012436,
    0.15998587196060582,
    0.1757510624854792,
    0.193069772888325,
    0.21209508879201905,
    0.2329951810515372,
    0.2559547922699536,
    0.281176869797423,
    0.3088843596477481,
    0.3393221771895328,
    0.372759372031494,
    0.4094915062380424,
    0.44984326689694454,
    0.49417133613238345,
    0.5428675439323859,
    0.5963623316594643,
    0.6551285568595507,
    0.7196856730011519,
    0.7906043210907697,
    0.8685113737513525,
    0.9540954763499939,
    1.0481131341546859,
    1.151395399326447,
    1.2648552168552958,
    1.3894954943731375,
    1.5264179671752334,
    1.6768329368110073,
    1.8420699693267153,
    2.0235896477251565,
    2.2229964825261943,
    2.442053094548651,
    2.6826957952797246,
    2.9470517025518097,
    3.2374575428176433,
    3.5564803062231283,
    3.9069399370546147,
    4.291934260128776,
    4.714866363457392,
    5.17947467923121,
    5.689866029018296,
    6.250551925273969,
    6.866488450042998,
    7.543120063354615,
    8.286427728546842,
    9.102981779915218,
    10.0
  ],
  "gamma_max": [
    -1.0793624621438158,
    -1.0795224558835363,
    -1.0797486235594251,
    -1.0800675609300139,
    -1.0805159273668177,
    -1.0811438849358448,
    -1.0820195386131193,
    -1.083234610560848,
    -1.0849116362907845,
    -1.0872130589902227,
    -1.0903527407191047,
    -1.0946106507074518,
    -1.1003518880027225,
    -1.108051850514454,
    -1.1183304553394011,
    -1.1320001990076995,
    -1.150136258573109,
    -1.1741833864372953,
    -1.2061277363967562,
    -1.2487904772327265,
    -1.30077851729543,
    -1.1940061587254456,
    -1.0856892976590098,
    -0.9773084524293534,
    -0.8707002419273132,
    -0.7681014470061043,
    -0.672193239071337,
    -0.5861455925881939,
    -0.5136655690573515,
    -0.4590582210997969,
    -0.4273109191716506,
    -0.424200886275292,
    -0.38610478596479736,
    -0.22858117609816883,
    -0.1297293553028475,
    -0.11440165242611325,
    -0.20875489829350583,
    -0.4411933893372322,
    -0.8448689169280977,
    -1.4630475836340864,
    -2.3598563229253378,
    -3.498554704442226,
    -4.488348464273481,
    -5.762482835847565,
    -7.373066736065783,
    -9.15455419773128,
    -11.22480275229858,
    -13.724963352257928,
    -16.736550116511335,
    -20.357850161855094
  ],
  "omega_max": [
    -0.03863980028982564,
    -0.04275269006018384,
    -0.047360510303064346,
    -0.052536225846246475,
    -0.05836553151074956,
    -0.0649489600098064,
    -0.07240419266154614,
    -0.08086854819505836,
    -0.09050163493417923,
    -0.10148818642466213,
    -0.11404113102882642,
    -0.12840502366610695,
    -0.144860063519036,
    -0.16372706675337836,
    -0.18537400530828077,
    -0.21022520295544253,
    -0.23877540204919734,
    -0.2716137827778616,
    -0.3094711610818942,
    -0.3533291062987161,
    -5.090999340726671,
    -5.227810934534902,
    -5.376032758935465,
    -5.536035336966814,
    -5.708159716152654,
    -5.892754246050138,
    -6.090214697294789,
    -6.301011353748506,
    -6.525679274363819,
    -6.764743150627209,
    -7.01854818454737,
    -7.286973298243557,
    -6.456892354140541,
    -6.862757339090989,
    -7.3324778814517035,
    -7.872047429599938,
    -8.487376958896874,
    -9.185867798519176,
    -9.978566561250988,
    -10.885370526679234,
    -11.95474601324257,
    -10.70812254313728,
    -11.296043114785748,
    -11.950555382297587,
    -12.659093240553844,
    -21.487388020004836,
    -23.88619941514137,
    -26.507949995136208,
    -29.38363475442989,
    -32.54296930207729
  ],
  "params": {
    "alpha": -31.0,
    "dT": 0.2,
    "dR": 1.0
  },
  "metadata": {
    "shear_max": 4.237865550415383,
    "vel_net": 1.8104804985160814,
    "resolution": {
      "H": 25,
      "M": 65,
      "Nz": 129,
      "Nth": 128
    },
    "timestamp": "2026-04-13T19:11:01.560998"
  }
}