{
  "k": [
    0.1,
    0.10985411419875583,
    0.12067926406393285,
    0.13257113655901093,
    0.14563484775012436,
    0.15998587196060582,
    0.1757510624854792,
    0.193069772888325,
    0.21209508879201905,
    0.2329951810515372,
    0.2559547922699536,
    0.281176869797423,
    0.3088843596477481,
    0.3393221771895328,
    0.372759372031494,
    0.4094915062380424,
    0.44984326689694454,
    0.49417133613238345,
    0.5428675439323859,
    0.5963623316594643,
    0.6551285568595507,
    0.7196856730011519,
    0.7906043210907697,
    0.8685113737513525,
    0.9540954763499939,
    1.0481131341546859,
    1.151395399326447,
    1.2648552168552958,
    1.3894954943731375,
    1.5264179671752334,
    1.6768329368110073,
    1.8420699693267153,
    2.0235896477251565,
    2.2229964825261943,
    2.442053094548651,
    2.6826957952797246,
    2.9470517025518097,
    3.2374575428176433,
    3.5564803062231283,
    3.9069399370546147,
    4.291934260128776,
    4.714866363457392,
    5.17947467923121,
    5.689866029018296,
    6.250551925273969,
    6.866488450042998,
    7.543120063354615,
    8.286427728546842,
    9.102981779915218,
    10.0
  ],
  "gamma_max": [
    0.48130601006277635,
    0.46875978472506225,
    0.4535305765710118,
    0.4350217481662383,
    0.41249311088407203,
    0.3850211838224181,
    0.3514459334347751,
    0.31029805175308045,
    0.2596970575637376,
    0.1972021067840779,
    0.1195725761874299,
    0.022294448941557334,
    -0.10185481321687588,
    -0.27232029080341735,
    -0.4737294536354549,
    -0.5623869201768159,
    -0.6154748701979184,
    -0.4707253135081987,
    -0.329695079194981,
    -0.1949571806437558,
    -0.0675738800290511,
    0.05205064933752307,
    0.16353204331182597,
    0.2661686771817616,
    0.35877184176488885,
    0.4395528288777729,
    0.5060069002900055,
    0.554765970529723,
    0.5814136986610732,
    0.5802836860364434,
    0.5443104875379585,
    0.46509869075702664,
    0.33355131349934475,
    0.14162126175316783,
    -0.11455406321470953,
    -0.30115437920678884,
    -0.3861759957498045,
    -0.6122374503498283,
    -1.0250376942648773,
    -1.6655716245535974,
    -2.2948810642980386,
    -2.6581583061523553,
    -3.1642728901917794,
    -3.8437954053146424,
    -4.728339808036114,
    -5.853901942862898,
    -7.263436879982879,
    -9.009072828910188,
    -11.154290738375737,
    -13.77620428258684
  ],
  "omega_max": [
    -9.377074808606417e-13,
    -1.3626329118424381e-13,
    -2.3107445400588676e-13,
    1.2483486961788154e-12,
    2.6834675650609384e-13,
    7.647568752053761e-13,
    -1.8675138655410905e-13,
    1.117504865218948e-12,
    8.723035462395595e-13,
    -8.138978533150972e-13,
    9.768973033064835e-13,
    -6.951709045632934e-13,
    -8.963638357531767e-14,
    -1.093225654680861e-13,
    0.13226906930441773,
    -0.1977361255604551,
    -2.4055701767878817,
    2.495578157745187,
    -2.5984732695875272,
    -2.710476494545143,
    -2.827760390593935,
    -2.946963704384161,
    -3.0650971597012986,
    3.1792965024764013,
    -3.286615587226472,
    3.383904399317999,
    3.467778349031562,
    -3.5346887257083557,
    3.581119804718622,
    3.603957791170332,
    3.6011012773907365,
    3.572419482225962,
    -3.521224237743438,
    3.4564701342894684,
    -3.3956345376029238,
    1.1251939604861571e-12,
    -2.1031059789965777e-12,
    -3.715031522766662e-12,
    8.286674553431006e-14,
    1.7580308327847149e-12,
    -5.320301672222609,
    5.9484771977023865,
    -6.63365991913508,
    7.384158976109626,
    8.205757935838053,
    -9.105074855435996,
    10.090617176242487,
    11.173206940357513,
    12.366440922566099,
    13.687560287060718
  ],
  "params": {
    "alpha": -32.0,
    "dT": 0.14285714285714285,
    "dR": 1.0
  },
  "metadata": {
    "shear_max": 3.306496790376163,
    "vel_net": 1.830258167245802e-12,
    "resolution": {
      "H": 25,
      "M": 65,
      "Nz": 129,
      "Nth": 128
    },
    "timestamp": "2026-04-13T19:47:18.115758"
  }
}