{
  "k": [
    0.1,
    0.10985411419875583,
    0.12067926406393285,
    0.13257113655901093,
    0.14563484775012436,
    0.15998587196060582,
    0.1757510624854792,
    0.193069772888325,
    0.21209508879201905,
    0.2329951810515372,
    0.2559547922699536,
    0.281176869797423,
    0.3088843596477481,
    0.3393221771895328,
    0.372759372031494,
    0.4094915062380424,
    0.44984326689694454,
    0.49417133613238345,
    0.5428675439323859,
    0.5963623316594643,
    0.6551285568595507,
    0.7196856730011519,
    0.7906043210907697,
    0.8685113737513525,
    0.9540954763499939,
    1.0481131341546859,
    1.151395399326447,
    1.2648552168552958,
    1.3894954943731375,
    1.5264179671752334,
    1.6768329368110073,
    1.8420699693267153,
    2.0235896477251565,
    2.2229964825261943,
    2.442053094548651,
    2.6826957952797246,
    2.9470517025518097,
    3.2374575428176433,
    3.5564803062231283,
    3.9069399370546147,
    4.291934260128776,
    4.714866363457392,
    5.17947467923121,
    5.689866029018296,
    6.250551925273969,
    6.866488450042998,
    7.543120063354615,
    8.286427728546842,
    9.102981779915218,
    10.0
  ],
  "gamma_max": [
    -2.3126949320833803,
    -2.3107729815055533,
    -2.308887386065871,
    -2.307089580826719,
    -2.3054464113129614,
    -2.304043953134486,
    -2.302992236030015,
    -2.3024310841494335,
    -2.3025373286745947,
    -2.273899990435848,
    -2.206251503599564,
    -2.1343044183698683,
    -2.05819803143499,
    -1.9782110965850732,
    -1.8947988259459876,
    -1.808635745403821,
    -1.7206644419839037,
    -1.6321500196836516,
    -1.5447398809213835,
    -1.4605283245598504,
    -1.3821254389108504,
    -1.312729899264863,
    -1.256205555126163,
    -1.2171621041868372,
    -1.2010407147129536,
    -1.2142062822790978,
    -1.2640493952582939,
    -1.3591036151096527,
    -1.5091883764625251,
    -1.7255962567246275,
    -1.8744139087437652,
    -1.6982669772674288,
    -1.6097023097306502,
    -1.6495485594811083,
    -1.8663465817252896,
    -2.314494110089473,
    -3.053132423300399,
    -4.146089113478053,
    -5.663103393111409,
    -7.682425749067264,
    -10.294666118094877,
    -13.607644306960271,
    -17.752044465606765,
    -22.88781825470682,
    -29.211354174149854,
    -36.96320859876017,
    -46.43613238034418,
    -57.986935508705585,
    -71.83281971239032,
    -87.47539093705612
  ],
  "omega_max": [
    1.216993648090793,
    1.2379048490168505,
    1.2609811223838736,
    1.286454080824244,
    1.314580820004103,
    1.3456466101379763,
    1.3799677699844468,
    1.417894689582466,
    1.4598149408687806,
    5.936747951120215,
    6.005900395771534,
    6.082307411878013,
    6.1666706791386865,
    6.2597269983973485,
    6.362238058491267,
    6.474976594947108,
    6.598709216609031,
    6.734176957077561,
    6.882075692039847,
    7.043039927739445,
    7.217634939982323,
    7.406363533835749,
    7.609694288922566,
    7.828117385382614,
    8.06223120206528,
    8.31285718165994,
    8.581171724160404,
    8.868832593419016,
    9.17806489755918,
    9.511660400139363,
    8.442019765474459,
    8.776960296541576,
    9.164483687321871,
    9.61519995337181,
    10.138493330689004,
    10.742714206684933,
    11.435736474972652,
    12.225492557532437,
    13.120483991136604,
    14.130358260741591,
    15.266643217512657,
    16.54376371014681,
    17.98056581924644,
    19.60278911705853,
    21.447377001640003,
    23.57041617617696,
    26.062682691240717,
    29.09664000131613,
    33.16362678382521,
    37.96737223205208
  ],
  "params": {
    "alpha": -45.0,
    "dT": 0.875,
    "dR": 1.0
  },
  "metadata": {
    "shear_max": 5.987025266726833,
    "vel_net": 2.490347582168507,
    "resolution": {
      "H": 25,
      "M": 65,
      "Nz": 129,
      "Nth": 128
    },
    "timestamp": "2026-04-13T18:58:03.869668"
  }
}