{
  "k": [
    0.1,
    0.10985411419875583,
    0.12067926406393285,
    0.13257113655901093,
    0.14563484775012436,
    0.15998587196060582,
    0.1757510624854792,
    0.193069772888325,
    0.21209508879201905,
    0.2329951810515372,
    0.2559547922699536,
    0.281176869797423,
    0.3088843596477481,
    0.3393221771895328,
    0.372759372031494,
    0.4094915062380424,
    0.44984326689694454,
    0.49417133613238345,
    0.5428675439323859,
    0.5963623316594643,
    0.6551285568595507,
    0.7196856730011519,
    0.7906043210907697,
    0.8685113737513525,
    0.9540954763499939,
    1.0481131341546859,
    1.151395399326447,
    1.2648552168552958,
    1.3894954943731375,
    1.5264179671752334,
    1.6768329368110073,
    1.8420699693267153,
    2.0235896477251565,
    2.2229964825261943,
    2.442053094548651,
    2.6826957952797246,
    2.9470517025518097,
    3.2374575428176433,
    3.5564803062231283,
    3.9069399370546147,
    4.291934260128776,
    4.714866363457392,
    5.17947467923121,
    5.689866029018296,
    6.250551925273969,
    6.866488450042998,
    7.543120063354615,
    8.286427728546842,
    9.102981779915218,
    10.0
  ],
  "gamma_max": [
    -2.2695514110501733,
    -2.2678392202677307,
    -2.266169885620677,
    -2.2645925834948573,
    -2.263171093429859,
    -2.261987423699156,
    -2.261146302019606,
    -2.260780735151572,
    -2.2610588865787897,
    -2.2621925725020677,
    -2.1975865124371006,
    -2.1266141155961997,
    -2.0514619622548627,
    -1.9723815742954776,
    -1.8897932078553417,
    -1.804327168746518,
    -1.7168708443818625,
    -1.6286212849664214,
    -1.5411429745611962,
    -1.4564303071689129,
    -1.3769742612577056,
    -1.3058328735549407,
    -1.2467053472213556,
    -1.2040099813994363,
    -1.1829665996161436,
    -1.1896849032933283,
    -1.2312615055481002,
    -1.3158909323233259,
    -1.4530006431225384,
    -1.653428703027912,
    -1.8228819341853408,
    -1.6464689180864769,
    -1.5535566276595005,
    -1.5833503536843883,
    -1.78254652573505,
    -2.203476116714648,
    -2.902989560954774,
    -3.942388649274562,
    -5.38861082269932,
    -7.31674866547975,
    -9.813786221913931,
    -12.983326494952744,
    -16.95114692605472,
    -21.8715941490893,
    -27.93499435472274,
    -35.376340602965904,
    -44.48662054286259,
    -55.626010557894844,
    -68.68818338757471,
    -83.42128129653321
  ],
  "omega_max": [
    1.2224526667175613,
    1.242991808759815,
    1.2656538700936273,
    1.290665233267969,
    1.3182770644403778,
    1.3487679168945659,
    1.3824465136009196,
    1.4196546768794638,
    1.4607703502289677,
    1.5062106257854033,
    5.8924249155792285,
    5.967095315332877,
    6.0495493533913525,
    6.1405094216227845,
    6.2407227361760675,
    6.35094789610534,
    6.4719381890504994,
    6.604422665860702,
    6.749087062571205,
    6.906557975047605,
    7.077395127209392,
    7.262097831063238,
    7.461132314452988,
    7.6749858337508075,
    7.904250635871805,
    8.149735232332805,
    8.412591858610007,
    8.694437889389608,
    8.997436786085268,
    9.324293140800737,
    8.270927163709176,
    8.600916516076229,
    8.982585561323225,
    9.426454660643754,
    9.941818546534263,
    10.536915824210357,
    11.21949197713715,
    11.997347274695432,
    12.878856941404342,
    13.87355401053844,
    14.992870075707373,
    16.25116617142396,
    17.667297202213177,
    19.267201983442206,
    21.088576033140704,
    23.1900595798391,
    25.672424214527915,
    28.76895526696225,
    33.04202506140088,
    37.66366426803474
  ],
  "params": {
    "alpha": -44.0,
    "dT": 0.8333333333333334,
    "dR": 1.0
  },
  "metadata": {
    "shear_max": 5.864290437125297,
    "vel_net": 2.441276944663737,
    "resolution": {
      "H": 25,
      "M": 65,
      "Nz": 129,
      "Nth": 128
    },
    "timestamp": "2026-04-13T23:39:41.058031"
  }
}