{
  "k": [
    0.1,
    0.10985411419875583,
    0.12067926406393285,
    0.13257113655901093,
    0.14563484775012436,
    0.15998587196060582,
    0.1757510624854792,
    0.193069772888325,
    0.21209508879201905,
    0.2329951810515372,
    0.2559547922699536,
    0.281176869797423,
    0.3088843596477481,
    0.3393221771895328,
    0.372759372031494,
    0.4094915062380424,
    0.44984326689694454,
    0.49417133613238345,
    0.5428675439323859,
    0.5963623316594643,
    0.6551285568595507,
    0.7196856730011519,
    0.7906043210907697,
    0.8685113737513525,
    0.9540954763499939,
    1.0481131341546859,
    1.151395399326447,
    1.2648552168552958,
    1.3894954943731375,
    1.5264179671752334,
    1.6768329368110073,
    1.8420699693267153,
    2.0235896477251565,
    2.2229964825261943,
    2.442053094548651,
    2.6826957952797246,
    2.9470517025518097,
    3.2374575428176433,
    3.5564803062231283,
    3.9069399370546147,
    4.291934260128776,
    4.714866363457392,
    5.17947467923121,
    5.689866029018296,
    6.250551925273969,
    6.866488450042998,
    7.543120063354615,
    8.286427728546842,
    9.102981779915218,
    10.0
  ],
  "gamma_max": [
    -0.7587512942219036,
    -0.7630153847521317,
    -0.7682485051927213,
    -0.7747028792475865,
    -0.7827197040391104,
    -0.7927817603443678,
    -0.8056227928628318,
    -0.8225040680293274,
    -0.8461949752058241,
    -0.8902965685943247,
    -0.9184090424583798,
    -0.9284644812052023,
    -0.9406489702974081,
    -0.9554225072650174,
    -0.9733473140151091,
    -0.9951110770505166,
    -1.0215553503121304,
    -1.0537100992142405,
    -1.0928354691575959,
    -1.1404719675235264,
    -1.1985003715695643,
    -1.2692128538090237,
    -1.3553971057069278,
    -1.4604357075071337,
    -1.5884237018634362,
    -1.7443083189977961,
    -1.9340560694907236,
    -2.1648539152707693,
    -2.445352873708917,
    -2.7859641339439416,
    -3.19921956972152,
    -3.7002105053924015,
    -4.3071209366768635,
    -5.041874390651971,
    -5.9309175058508075,
    -7.006168388344564,
    -8.30204394464107,
    -9.805988292004013,
    -11.652326055696394,
    -13.907827817716395,
    -16.652879763618635,
    -19.98463032051578,
    -24.020658526229997,
    -28.90327619046159,
    -34.80462184164744,
    -41.93274514291221,
    -50.53891991442586,
    -60.9264672280309,
    -73.46142108335434,
    -88.58542985272331
  ],
  "omega_max": [
    -1.4068813057085534e-13,
    9.350086209948055e-15,
    -1.691363788203086e-14,
    1.770714209369803e-13,
    1.5403931768031416e-14,
    5.481271634426639e-14,
    2.127459216401501e-16,
    1.6759273750909572e-14,
    -8.449297937107534e-14,
    -1.0358558662062901e-13,
    -0.05519502026240854,
    0.08470457217726057,
    -0.11012198198250958,
    -0.13439274915669996,
    -0.15864011693962682,
    -0.18348076727096288,
    0.20933249706231977,
    -0.23652261462396826,
    0.26533633115639593,
    -0.2960427547668164,
    -0.32891143141645657,
    -0.36422456184792706,
    0.40228701684198725,
    0.4434349376082383,
    0.4880430967840738,
    -0.5365310000866642,
    -0.5893678090134,
    -0.6470764610496074,
    -0.7102377263428028,
    0.7794952139109148,
    -0.8555623949990301,
    -0.9392324742533562,
    1.0313914315304726,
    1.133033880843982,
    -1.2452807371145775,
    1.3693973244052273,
    -1.4096642953331746,
    1.5501348359035056,
    1.7117522279158144,
    1.8968205822321367,
    2.107066307290071,
    -2.344154807216524,
    2.6100577723012477,
    -2.907270760639479,
    -3.238924189530651,
    -3.608834194766421,
    4.021526011671911,
    4.482247911340612,
    -4.996985419166559,
    5.572484648219405
  ],
  "params": {
    "alpha": -22.0,
    "dT": 0.875,
    "dR": 1.0
  },
  "metadata": {
    "shear_max": 2.6463024885171646e-09,
    "vel_net": 0.0,
    "resolution": {
      "H": 25,
      "M": 65,
      "Nz": 129,
      "Nth": 128
    },
    "timestamp": "2026-04-13T11:53:33.651903"
  }
}