{
  "k": [
    0.1,
    0.10985411419875583,
    0.12067926406393285,
    0.13257113655901093,
    0.14563484775012436,
    0.15998587196060582,
    0.1757510624854792,
    0.193069772888325,
    0.21209508879201905,
    0.2329951810515372,
    0.2559547922699536,
    0.281176869797423,
    0.3088843596477481,
    0.3393221771895328,
    0.372759372031494,
    0.4094915062380424,
    0.44984326689694454,
    0.49417133613238345,
    0.5428675439323859,
    0.5963623316594643,
    0.6551285568595507,
    0.7196856730011519,
    0.7906043210907697,
    0.8685113737513525,
    0.9540954763499939,
    1.0481131341546859,
    1.151395399326447,
    1.2648552168552958,
    1.3894954943731375,
    1.5264179671752334,
    1.6768329368110073,
    1.8420699693267153,
    2.0235896477251565,
    2.2229964825261943,
    2.442053094548651,
    2.6826957952797246,
    2.9470517025518097,
    3.2374575428176433,
    3.5564803062231283,
    3.9069399370546147,
    4.291934260128776,
    4.714866363457392,
    5.17947467923121,
    5.689866029018296,
    6.250551925273969,
    6.866488450042998,
    7.543120063354615,
    8.286427728546842,
    9.102981779915218,
    10.0
  ],
  "gamma_max": [
    -0.2867625012525258,
    -0.2881788034998604,
    -0.289890399627174,
    -0.2919595007042165,
    -0.2944617413363267,
    -0.29748923893404167,
    -0.30115443820747484,
    -0.3055949927207405,
    -0.31098004603789314,
    -0.31751845266774775,
    -0.3254697761768884,
    -0.3351594224398391,
    -0.34700022715916995,
    -0.36152470302124257,
    -0.37943613535687326,
    -0.4016959331086308,
    -0.4296886675074006,
    -0.46557998020669356,
    -0.5132716947086382,
    -0.5821058477913689,
    -0.7526220745022817,
    -0.7680119827786844,
    -0.7861086988531424,
    -0.8073341645550095,
    -0.8321762672484807,
    -0.8612093342414475,
    -0.8951241118826779,
    -0.9347682719722796,
    -0.9811964411010093,
    -1.0357269149121164,
    -1.1000022123393092,
    -1.1760531168873936,
    -1.2663695195397326,
    -1.3739839092820407,
    -1.5025736136246455,
    -1.6565866717681914,
    -1.8072920806860717,
    -1.993724790188884,
    -2.2313239212200653,
    -2.5288911151367475,
    -2.897059192627495,
    -3.348723827328563,
    -3.8995289607801795,
    -4.568416849687949,
    -5.378261198080154,
    -6.3566104771188625,
    -7.536577045042585,
    -8.95791677303962,
    -10.668353433013422,
    -12.725209880591876
  ],
  "omega_max": [
    2.010921209636081e-15,
    -1.9786760683078444e-15,
    7.776009096136896e-16,
    -1.7960870920002002e-17,
    -6.556278988512253e-16,
    1.1125748238149033e-15,
    -2.8435984350206436e-17,
    6.936278915724887e-17,
    -4.3753903657129144e-16,
    1.3523368292288233e-16,
    -2.645065015962654e-16,
    -1.0643674040587472e-16,
    6.276383007177637e-16,
    9.835688473289091e-17,
    -4.675819777033779e-18,
    -8.711211134708119e-16,
    2.280231683386135e-15,
    -6.478847265200627e-16,
    -1.2741757953848808e-15,
    7.608749650791726e-15,
    0.031016417089594246,
    0.17810933098143705,
    -0.2615607433179427,
    -0.33484516902381906,
    -0.40511278930431516,
    0.475276442785162,
    -0.5469738922665712,
    -0.6213304579302323,
    -0.6992484451528792,
    0.7815498357392568,
    -0.8690612193581694,
    -0.962668591107404,
    -1.063351476765829,
    -1.1722020142077616,
    1.290435143826815,
    -1.4193964559832954,
    -1.5139688763566947,
    -1.662632406402004,
    -1.8291554725556307,
    2.0155662096924294,
    -2.223948956001291,
    -2.456627153356606,
    2.7163000604956613,
    -3.00614609353511,
    -3.3299026140536148,
    3.6919282944137626,
    4.097250395897268,
    4.551597435724211,
    5.061420022544852,
    -5.633909903940507
  ],
  "params": {
    "alpha": -17.0,
    "dT": 0.1111111111111111,
    "dR": 1.0
  },
  "metadata": {
    "shear_max": 4.745453712083743e-09,
    "vel_net": 2.0679515313825692e-25,
    "resolution": {
      "H": 25,
      "M": 65,
      "Nz": 129,
      "Nth": 128
    },
    "timestamp": "2026-04-13T11:26:37.129490"
  }
}