{
  "k": [
    0.1,
    0.10985411419875583,
    0.12067926406393285,
    0.13257113655901093,
    0.14563484775012436,
    0.15998587196060582,
    0.1757510624854792,
    0.193069772888325,
    0.21209508879201905,
    0.2329951810515372,
    0.2559547922699536,
    0.281176869797423,
    0.3088843596477481,
    0.3393221771895328,
    0.372759372031494,
    0.4094915062380424,
    0.44984326689694454,
    0.49417133613238345,
    0.5428675439323859,
    0.5963623316594643,
    0.6551285568595507,
    0.7196856730011519,
    0.7906043210907697,
    0.8685113737513525,
    0.9540954763499939,
    1.0481131341546859,
    1.151395399326447,
    1.2648552168552958,
    1.3894954943731375,
    1.5264179671752334,
    1.6768329368110073,
    1.8420699693267153,
    2.0235896477251565,
    2.2229964825261943,
    2.442053094548651,
    2.6826957952797246,
    2.9470517025518097,
    3.2374575428176433,
    3.5564803062231283,
    3.9069399370546147,
    4.291934260128776,
    4.714866363457392,
    5.17947467923121,
    5.689866029018296,
    6.250551925273969,
    6.866488450042998,
    7.543120063354615,
    8.286427728546842,
    9.102981779915218,
    10.0
  ],
  "gamma_max": [
    1.1904545339821349,
    1.1882192218535719,
    1.1855225824916993,
    1.1822696297208453,
    1.1783459187128567,
    1.1736136022148247,
    1.1679067056322072,
    1.161025472466677,
    1.1527296068407404,
    1.1427302099348693,
    1.1306801719333595,
    1.116162742584758,
    1.0986779513732985,
    1.0776264914050133,
    1.0522905976251848,
    1.0218113429238804,
    0.9851616183467014,
    0.9411138325821863,
    0.8882010205699662,
    0.8246695344126771,
    0.748420721159528,
    0.6569378622380654,
    0.5471929807337209,
    0.41552561525541315,
    0.257481649268465,
    0.0675932311791982,
    -0.16093333678551527,
    -0.43668756311673856,
    -0.770836491190928,
    -1.1786590572557103,
    -1.683517170685802,
    -2.33429717126382,
    -3.2494328305281774,
    -3.9290450407309203,
    -4.7482851622874005,
    -5.736249317965155,
    -6.848061125723515,
    -8.20733508690743,
    -9.882189354489242,
    -11.933287961352967,
    -14.433696333091833,
    -17.471798821253945,
    -21.154688145700085,
    -25.612125638691218,
    -31.001217840893013,
    -37.51199393494332,
    -45.37410372445305,
    -54.86489321431858,
    -66.31915944775875,
    -80.14094152778902
  ],
  "omega_max": [
    8.339709596874622e-14,
    1.8635344753299232e-13,
    1.0168603731994158e-13,
    2.1087139138059582e-13,
    -1.183052424893625e-13,
    -2.4514726586655634e-14,
    4.183757276545918e-13,
    -1.0844227598404888e-13,
    1.4112233577916423e-13,
    -6.35560562147727e-14,
    6.492919128143405e-14,
    -4.897911483018183e-14,
    -2.500162153123392e-14,
    1.6293327969722386e-13,
    -1.2261658137423799e-14,
    -1.1441350812320252e-13,
    8.543893402195194e-14,
    -7.583830849128983e-15,
    2.0086263931086807e-15,
    -2.831799882816957e-13,
    7.314376375641102e-14,
    -5.524692318899345e-14,
    7.81980425712309e-14,
    -1.0404836150634937e-13,
    4.176789934664313e-14,
    2.8326599690029683e-15,
    7.187335267043232e-15,
    2.5186262140790958e-14,
    1.2486362853005154e-14,
    3.813137842335221e-14,
    7.708691262263661e-13,
    4.584074178156527e-13,
    -0.26063660401828403,
    -0.5437757896966029,
    0.7539578662931863,
    0.9469935864959866,
    0.8433268480470476,
    -0.9915951993415765,
    1.180467089599748,
    1.4035840306585226,
    1.6565052599368544,
    -1.9370466463540361,
    2.244962561689224,
    2.5815395707249733,
    2.949266931405338,
    3.351608931593772,
    -3.792866064884479,
    -4.278104564435397,
    4.813135473540884,
    5.4045299368586885
  ],
  "params": {
    "alpha": -29.0,
    "dT": 0.8,
    "dR": 1.0
  },
  "metadata": {
    "shear_max": 6.2373909182588825e-09,
    "vel_net": 2.0679515313825692e-25,
    "resolution": {
      "H": 25,
      "M": 65,
      "Nz": 129,
      "Nth": 128
    },
    "timestamp": "2026-04-13T12:59:29.904291"
  }
}