{
  "k": [
    0.1,
    0.10985411419875583,
    0.12067926406393285,
    0.13257113655901093,
    0.14563484775012436,
    0.15998587196060582,
    0.1757510624854792,
    0.193069772888325,
    0.21209508879201905,
    0.2329951810515372,
    0.2559547922699536,
    0.281176869797423,
    0.3088843596477481,
    0.3393221771895328,
    0.372759372031494,
    0.4094915062380424,
    0.44984326689694454,
    0.49417133613238345,
    0.5428675439323859,
    0.5963623316594643,
    0.6551285568595507,
    0.7196856730011519,
    0.7906043210907697,
    0.8685113737513525,
    0.9540954763499939,
    1.0481131341546859,
    1.151395399326447,
    1.2648552168552958,
    1.3894954943731375,
    1.5264179671752334,
    1.6768329368110073,
    1.8420699693267153,
    2.0235896477251565,
    2.2229964825261943,
    2.442053094548651,
    2.6826957952797246,
    2.9470517025518097,
    3.2374575428176433,
    3.5564803062231283,
    3.9069399370546147,
    4.291934260128776,
    4.714866363457392,
    5.17947467923121,
    5.689866029018296,
    6.250551925273969,
    6.866488450042998,
    7.543120063354615,
    8.286427728546842,
    9.102981779915218,
    10.0
  ],
  "gamma_max": [
    -1.3728749455458864,
    -1.374548862932344,
    -1.3765703643261922,
    -1.379012021300479,
    -1.38196175852408,
    -1.385526206622592,
    -1.3898348425814222,
    -1.39504513083925,
    -1.4013489484118358,
    -1.408980672863753,
    -1.4182274403400068,
    -1.4294422448463586,
    -1.4430607378987663,
    -1.4596227439137277,
    -1.4797994613554095,
    -1.5044266226314875,
    -1.5345414347791289,
    -1.571414451728918,
    -1.5450673546160558,
    -1.4481577575685467,
    -1.3490277899002499,
    -1.2489554094778281,
    -1.149566389943437,
    -1.05288228302978,
    -0.9613699423956292,
    -0.8779914090619467,
    -0.8062534994239978,
    -0.7502589182972689,
    -0.71476621738976,
    -0.7052744814392434,
    -0.7281575197362449,
    -0.7720739586512366,
    -0.5874725105368787,
    -0.45614854015087875,
    -0.4052843460491685,
    -0.46474330198607655,
    -0.6662303545082239,
    -1.0434694658736678,
    -1.6334112057004986,
    -2.4787827978367654,
    -3.6327030119518113,
    -5.16761333385379,
    -7.197140594524569,
    -9.68393342681688,
    -12.126110813764312,
    -15.163332101672566,
    -18.789010735383307,
    -22.853109029809183,
    -27.76030383354495,
    -33.68015783891261
  ],
  "omega_max": [
    0.08644819927583819,
    0.09502949740725297,
    0.10447731677212829,
    0.11488416601896202,
    0.12635416849172199,
    0.13900512758808614,
    0.1529711547420273,
    0.16840606402669062,
    0.18548783508485708,
    0.20442456539466863,
    0.22546253534535834,
    0.24889730284923792,
    0.2750892002809137,
    0.3044853223963541,
    0.3376512295332831,
    0.37531738544000387,
    0.41844795907826743,
    0.46834251435062063,
    5.382744261845401,
    5.504982772395037,
    5.638400608966058,
    5.783549511445485,
    5.940942457532054,
    6.111075203703679,
    6.294463808842838,
    6.491694922125896,
    6.703478863889965,
    6.9306870908031275,
    7.174347406320912,
    7.435565428192074,
    7.715343045471833,
    6.719077326049581,
    7.072358532902615,
    7.482574489492498,
    7.95761981243788,
    8.503867650551147,
    9.127254388146124,
    9.834194021532808,
    10.632451935751716,
    11.53234396021937,
    12.549002185961358,
    13.708206000603669,
    15.069429553530641,
    13.21909560100052,
    14.039574405174665,
    14.94268349502303,
    24.805560105499957,
    27.670663787106506,
    30.773277566871872,
    34.15879878197015
  ],
  "params": {
    "alpha": -34.0,
    "dT": 0.3333333333333333,
    "dR": 1.0
  },
  "metadata": {
    "shear_max": 4.6436220954791,
    "vel_net": 1.9739886231448516,
    "resolution": {
      "H": 25,
      "M": 65,
      "Nz": 129,
      "Nth": 128
    },
    "timestamp": "2026-04-14T06:24:16.699941"
  }
}