{
  "k": [
    0.1,
    0.10985411419875583,
    0.12067926406393285,
    0.13257113655901093,
    0.14563484775012436,
    0.15998587196060582,
    0.1757510624854792,
    0.193069772888325,
    0.21209508879201905,
    0.2329951810515372,
    0.2559547922699536,
    0.281176869797423,
    0.3088843596477481,
    0.3393221771895328,
    0.372759372031494,
    0.4094915062380424,
    0.44984326689694454,
    0.49417133613238345,
    0.5428675439323859,
    0.5963623316594643,
    0.6551285568595507,
    0.7196856730011519,
    0.7906043210907697,
    0.8685113737513525,
    0.9540954763499939,
    1.0481131341546859,
    1.151395399326447,
    1.2648552168552958,
    1.3894954943731375,
    1.5264179671752334,
    1.6768329368110073,
    1.8420699693267153,
    2.0235896477251565,
    2.2229964825261943,
    2.442053094548651,
    2.6826957952797246,
    2.9470517025518097,
    3.2374575428176433,
    3.5564803062231283,
    3.9069399370546147,
    4.291934260128776,
    4.714866363457392,
    5.17947467923121,
    5.689866029018296,
    6.250551925273969,
    6.866488450042998,
    7.543120063354615,
    8.286427728546842,
    9.102981779915218,
    10.0
  ],
  "gamma_max": [
    -2.2192081921364464,
    -2.2175457904946043,
    -2.2159038780541813,
    -2.214324236034423,
    -2.212861569501577,
    -2.211586800084428,
    -2.210591161320477,
    -2.20999128843783,
    -2.2099355366267477,
    -2.21061181015351,
    -2.2122572376322984,
    -2.156758056247039,
    -2.082799220704105,
    -2.0046652284987982,
    -1.9226771102287572,
    -1.8373433338333174,
    -1.7494034204423217,
    -1.6598769775607938,
    -1.5701178499041046,
    -1.4818729406130045,
    -1.3973451857529082,
    -1.3192601908817323,
    -1.2509361493585767,
    -1.196356842679667,
    -1.1602478029745162,
    -1.1481562571571267,
    -1.1665366959310945,
    -1.22284662287045,
    -1.325662507629602,
    -1.4848359304959833,
    -1.6383934459202854,
    -1.4393563626776498,
    -1.3136492219568667,
    -1.298009311860541,
    -1.4362555502500962,
    -1.7773953930093582,
    -2.37449609347314,
    -3.2845581620882998,
    -4.56957642406118,
    -6.298882841758266,
    -8.55267292573412,
    -11.426508946009035,
    -15.036648714533564,
    -19.526201267052866,
    -25.072204719567488,
    -31.893734800820816,
    -40.26260065218106,
    -50.43285262942845,
    -61.84662289297265,
    -75.03055196323135
  ],
  "omega_max": [
    1.28717595677341,
    1.3077594255018177,
    1.3304551247517111,
    1.3554855317452328,
    1.3830970664821411,
    1.41356257708366,
    1.447184007584977,
    1.484295226164786,
    1.5252649728973167,
    1.5704998586232928,
    1.6204473070463832,
    5.9096931349316675,
    5.99002611513343,
    6.078675023652302,
    6.176384855710463,
    6.283917641458944,
    6.402037346067306,
    6.53149248253987,
    6.672998285279176,
    6.827221543961962,
    6.994772569309231,
    7.176209981512724,
    7.3720645879566735,
    7.582887893024654,
    7.809327987346964,
    8.05223000717876,
    8.312749752964631,
    8.592457867282157,
    8.89339971762794,
    9.218065448985735,
    8.136454717665485,
    8.467665060428965,
    8.851511528346997,
    9.298493420459014,
    9.817727038833091,
    10.417206246678248,
    11.104438716534894,
    11.887042613670692,
    12.773310446941604,
    13.772845961612571,
    14.897387942085487,
    16.161992006135232,
    17.586899829682107,
    19.20078303359747,
    21.046882742549904,
    23.195796610627127,
    25.78051530764841,
    29.182873020842738,
    33.52216387694837,
    37.933304748575
  ],
  "params": {
    "alpha": -43.0,
    "dT": 0.75,
    "dR": 1.0
  },
  "metadata": {
    "shear_max": 5.793289913033835,
    "vel_net": 2.420077827254203,
    "resolution": {
      "H": 25,
      "M": 65,
      "Nz": 129,
      "Nth": 128
    },
    "timestamp": "2026-04-13T20:57:56.933123"
  }
}