{
  "k": [
    0.1,
    0.10985411419875583,
    0.12067926406393285,
    0.13257113655901093,
    0.14563484775012436,
    0.15998587196060582,
    0.1757510624854792,
    0.193069772888325,
    0.21209508879201905,
    0.2329951810515372,
    0.2559547922699536,
    0.281176869797423,
    0.3088843596477481,
    0.3393221771895328,
    0.372759372031494,
    0.4094915062380424,
    0.44984326689694454,
    0.49417133613238345,
    0.5428675439323859,
    0.5963623316594643,
    0.6551285568595507,
    0.7196856730011519,
    0.7906043210907697,
    0.8685113737513525,
    0.9540954763499939,
    1.0481131341546859,
    1.151395399326447,
    1.2648552168552958,
    1.3894954943731375,
    1.5264179671752334,
    1.6768329368110073,
    1.8420699693267153,
    2.0235896477251565,
    2.2229964825261943,
    2.442053094548651,
    2.6826957952797246,
    2.9470517025518097,
    3.2374575428176433,
    3.5564803062231283,
    3.9069399370546147,
    4.291934260128776,
    4.714866363457392,
    5.17947467923121,
    5.689866029018296,
    6.250551925273969,
    6.866488450042998,
    7.543120063354615,
    8.286427728546842,
    9.102981779915218,
    10.0
  ],
  "gamma_max": [
    -2.31562578314815,
    -2.3136729723903806,
    -2.311764078312835,
    -2.309953318550177,
    -2.308310960993533,
    -2.306927262617142,
    -2.305917330663318,
    -2.3054271179797317,
    -2.3056408111543956,
    -2.2516554601563072,
    -2.1837164584406783,
    -2.1115386971317402,
    -2.0352861010986136,
    -1.9552678418342322,
    -1.8719762493084449,
    -1.7861306091822842,
    -1.6987268580721595,
    -1.611092970820949,
    -1.5249496436287662,
    -1.4424757677991997,
    -1.3663782024259206,
    -1.299965521990741,
    -1.2472257405624532,
    -1.2129084928277516,
    -1.2026128004022456,
    -1.2228824638297204,
    -1.281312558574207,
    -1.3866729818826726,
    -1.5490593816061515,
    -1.7800895314934764,
    -1.9548413045248978,
    -1.7922589584257693,
    -1.7209030080490455,
    -1.7821442033170558,
    -2.0251678098369688,
    -2.505137011049942,
    -3.282095457450448,
    -4.420947567927407,
    -5.992740171164096,
    -8.077326765023187,
    -10.767283114617163,
    -14.172831077312411,
    -18.427587658949907,
    -23.695126585802555,
    -30.176493949950068,
    -38.118822368896964,
    -47.82549451981503,
    -59.67283186811983,
    -73.94767754119577,
    -90.06435414900065
  ],
  "omega_max": [
    1.1810868097167726,
    1.2017366988411597,
    1.2245303345329006,
    1.2496981639867542,
    1.2774961778174305,
    1.3082086275616758,
    1.342150925286071,
    1.3796726847698073,
    1.421160839767284,
    5.901206450574673,
    5.970438549688953,
    6.046931033493925,
    6.131382298445886,
    6.224523904267413,
    6.327109751728937,
    6.439901595597522,
    6.563651214619796,
    6.6990803647575765,
    6.846860749043629,
    7.0075976195256136,
    7.181822109287152,
    7.3699986795435075,
    7.572554647078636,
    7.789937969939793,
    8.022706561937044,
    8.271646745251175,
    8.53790982239667,
    8.823144672806508,
    9.1295921239674,
    9.460095754808442,
    8.414599168988737,
    8.746136221248134,
    9.129209840143652,
    9.574393779599442,
    10.091106669890424,
    10.687753980881027,
    11.372255621430659,
    12.152563713177024,
    13.037155729614565,
    14.035587760155446,
    15.159193833698312,
    16.422044092232056,
    17.84236266101852,
    19.444799304288292,
    21.26437070441741,
    23.35382082961197,
    25.798686110286322,
    28.763457756493136,
    32.7557711807874,
    37.585582327324445
  ],
  "params": {
    "alpha": -45.0,
    "dT": 0.9,
    "dR": 1.0
  },
  "metadata": {
    "shear_max": 5.953428155797956,
    "vel_net": 2.4732418563699303,
    "resolution": {
      "H": 25,
      "M": 65,
      "Nz": 129,
      "Nth": 128
    },
    "timestamp": "2026-04-13T19:14:06.588052"
  }
}