{
  "k": [
    0.1,
    0.10985411419875583,
    0.12067926406393285,
    0.13257113655901093,
    0.14563484775012436,
    0.15998587196060582,
    0.1757510624854792,
    0.193069772888325,
    0.21209508879201905,
    0.2329951810515372,
    0.2559547922699536,
    0.281176869797423,
    0.3088843596477481,
    0.3393221771895328,
    0.372759372031494,
    0.4094915062380424,
    0.44984326689694454,
    0.49417133613238345,
    0.5428675439323859,
    0.5963623316594643,
    0.6551285568595507,
    0.7196856730011519,
    0.7906043210907697,
    0.8685113737513525,
    0.9540954763499939,
    1.0481131341546859,
    1.151395399326447,
    1.2648552168552958,
    1.3894954943731375,
    1.5264179671752334,
    1.6768329368110073,
    1.8420699693267153,
    2.0235896477251565,
    2.2229964825261943,
    2.442053094548651,
    2.6826957952797246,
    2.9470517025518097,
    3.2374575428176433,
    3.5564803062231283,
    3.9069399370546147,
    4.291934260128776,
    4.714866363457392,
    5.17947467923121,
    5.689866029018296,
    6.250551925273969,
    6.866488450042998,
    7.543120063354615,
    8.286427728546842,
    9.102981779915218,
    10.0
  ],
  "gamma_max": [
    -2.4535492476953213,
    -2.456169065134816,
    -2.459327175222045,
    -2.4631333416362216,
    -2.46771934207261,
    -2.4732432252965544,
    -2.479894327450633,
    -2.487899158452932,
    -2.4975282791461875,
    -2.5091043001815896,
    -2.5230111484364395,
    -2.528955560292493,
    -2.4955603334915804,
    -2.4083023551196345,
    -2.3159482025201235,
    -2.2188229754244464,
    -2.117461686878117,
    -2.0126591024447045,
    -1.9055256889209662,
    -1.7975491340417307,
    -1.690660637101261,
    -1.5873050061338307,
    -1.4905135563283187,
    -1.403978933588084,
    -1.332131421877459,
    -1.2802174649360354,
    -1.2543840688374888,
    -1.2617792744573575,
    -1.310691324483039,
    -1.3995062851061342,
    -0.9525797033270552,
    -0.5302341766999956,
    -0.1687263074323666,
    0.08536627232414232,
    0.17743252604535012,
    0.046530586720488334,
    -0.3731915502421544,
    -1.1516500429473062,
    -2.363231031173734,
    -4.088844886840305,
    -6.419483377562293,
    -9.46066207856261,
    -13.336696909954224,
    -18.19297540256685,
    -24.19302879174442,
    -31.508744642349818,
    -40.31974158931164,
    -50.85884060303519,
    -63.47861312796477,
    -78.66489905253094
  ],
  "omega_max": [
    0.20691496573109805,
    0.2273817911372364,
    0.24989063856092586,
    0.2746509683543244,
    0.30189557894403946,
    0.33188379090832704,
    0.36490523360182614,
    0.4012843858721653,
    0.44138606429045396,
    0.4856221040422298,
    0.5344595372719264,
    2.3089199949722747,
    7.777283296238389,
    7.890344426407415,
    8.01517105036082,
    8.152876322655361,
    8.30462660040787,
    8.471628503803087,
    8.655113669515092,
    8.85632320184199,
    9.076495086577436,
    9.316859003159317,
    9.578643515686469,
    9.863099725387356,
    10.171542093012555,
    10.50540031581988,
    10.866265452563619,
    11.25589996571129,
    11.676168512386244,
    10.059709960003815,
    10.442112595819971,
    10.892427666314484,
    11.424615773952555,
    12.049999309941091,
    12.777900979632706,
    13.616740292851945,
    14.574852170359376,
    15.661204810167376,
    16.886242346961932,
    18.26296610231165,
    19.80839044726347,
    21.545640812756275,
    23.50708249599943,
    25.73860925276604,
    28.303150718469077,
    31.27453709005958,
    34.707679881638796,
    38.60680339128128,
    42.95461159764353,
    47.779464215406946
  ],
  "params": {
    "alpha": -55.0,
    "dT": 0.8333333333333334,
    "dR": 1.0
  },
  "metadata": {
    "shear_max": 7.6810132597007765,
    "vel_net": 3.2471533033595685,
    "resolution": {
      "H": 25,
      "M": 65,
      "Nz": 129,
      "Nth": 128
    },
    "timestamp": "2026-04-16T12:47:34.273431"
  }
}