{
  "k": [
    0.1,
    0.10985411419875583,
    0.12067926406393285,
    0.13257113655901093,
    0.14563484775012436,
    0.15998587196060582,
    0.1757510624854792,
    0.193069772888325,
    0.21209508879201905,
    0.2329951810515372,
    0.2559547922699536,
    0.281176869797423,
    0.3088843596477481,
    0.3393221771895328,
    0.372759372031494,
    0.4094915062380424,
    0.44984326689694454,
    0.49417133613238345,
    0.5428675439323859,
    0.5963623316594643,
    0.6551285568595507,
    0.7196856730011519,
    0.7906043210907697,
    0.8685113737513525,
    0.9540954763499939,
    1.0481131341546859,
    1.151395399326447,
    1.2648552168552958,
    1.3894954943731375,
    1.5264179671752334,
    1.6768329368110073,
    1.8420699693267153,
    2.0235896477251565,
    2.2229964825261943,
    2.442053094548651,
    2.6826957952797246,
    2.9470517025518097,
    3.2374575428176433,
    3.5564803062231283,
    3.9069399370546147,
    4.291934260128776,
    4.714866363457392,
    5.17947467923121,
    5.689866029018296,
    6.250551925273969,
    6.866488450042998,
    7.543120063354615,
    8.286427728546842,
    9.102981779915218,
    10.0
  ],
  "gamma_max": [
    -2.315917637210834,
    -2.3184024896418824,
    -2.321397113709531,
    -2.3250050897329118,
    -2.3293505980485163,
    -2.334582319233805,
    -2.340877987936567,
    -2.3427051642516243,
    -2.34044323579965,
    -2.338755192050489,
    -2.3378756326171346,
    -2.338102542556929,
    -2.2979554416599832,
    -2.2157186632658283,
    -2.1288052348844877,
    -2.037566456607581,
    -1.9425619345391836,
    -1.844608063504672,
    -1.7448323672339427,
    -1.6447332603483962,
    -1.5462446008522095,
    -1.4518042745184785,
    -1.3644259913164416,
    -1.2877734741748978,
    -1.226236339049376,
    -1.1850075004877496,
    -1.1701636323633058,
    -1.188754485489715,
    -1.248915741225354,
    -1.360035537636904,
    -1.2539530064723134,
    -0.9426018646379545,
    -0.6943637153216966,
    -0.549710814159607,
    -0.5562722880802785,
    -0.7669752256254945,
    -1.2388695286597349,
    -2.0327295260879095,
    -3.213806748947588,
    -4.853977239448149,
    -7.035168924604795,
    -9.85365136621738,
    -13.42451981840678,
    -17.885151111133627,
    -23.39494321989996,
    -30.12746763024742,
    -38.26263698887555,
    -48.01862853303984,
    -59.699977414285584,
    -73.51776825422789
  ],
  "omega_max": [
    0.1788972366507098,
    0.19661283581884076,
    0.2161025055772992,
    0.23755033410309556,
    0.2611615830999293,
    0.28716576836630103,
    0.31582036522965584,
    1.7930132023467176,
    1.840289299240584,
    1.892435250805693,
    1.9499592347646206,
    2.0134203233459056,
    6.8333371732057735,
    6.9320354946172245,
    7.040921546214787,
    7.160918115847596,
    7.292977085399751,
    7.438064682588204,
    7.597145167300505,
    7.771165403613627,
    7.961044115973718,
    8.167670876556437,
    8.391920523557344,
    8.634688011303803,
    8.896945714873063,
    9.179819070593817,
    9.484666705375862,
    9.813138489472852,
    10.167171614538507,
    10.548875571955815,
    9.160874979316457,
    9.546847966897253,
    9.999853843586559,
    10.530827122487205,
    11.148754935314535,
    11.86155200699244,
    12.676895013495823,
    13.602899941678075,
    14.648825023725992,
    15.825945398895527,
    17.148745738780764,
    18.636684710862006,
    20.316967262678638,
    22.22886713513212,
    24.42929128026447,
    26.994217061194153,
    30.00083347175541,
    33.50086346172768,
    37.57973975924036,
    42.40794552348337
  ],
  "params": {
    "alpha": -48.0,
    "dT": 0.75,
    "dR": 1.0
  },
  "metadata": {
    "shear_max": 6.645664067819848,
    "vel_net": 2.7991229842710483,
    "resolution": {
      "H": 25,
      "M": 65,
      "Nz": 129,
      "Nth": 128
    },
    "timestamp": "2026-04-16T06:09:35.082960"
  }
}