{
  "k": [
    0.1,
    0.10985411419875583,
    0.12067926406393285,
    0.13257113655901093,
    0.14563484775012436,
    0.15998587196060582,
    0.1757510624854792,
    0.193069772888325,
    0.21209508879201905,
    0.2329951810515372,
    0.2559547922699536,
    0.281176869797423,
    0.3088843596477481,
    0.3393221771895328,
    0.372759372031494,
    0.4094915062380424,
    0.44984326689694454,
    0.49417133613238345,
    0.5428675439323859,
    0.5963623316594643,
    0.6551285568595507,
    0.7196856730011519,
    0.7906043210907697,
    0.8685113737513525,
    0.9540954763499939,
    1.0481131341546859,
    1.151395399326447,
    1.2648552168552958,
    1.3894954943731375,
    1.5264179671752334,
    1.6768329368110073,
    1.8420699693267153,
    2.0235896477251565,
    2.2229964825261943,
    2.442053094548651,
    2.6826957952797246,
    2.9470517025518097,
    3.2374575428176433,
    3.5564803062231283,
    3.9069399370546147,
    4.291934260128776,
    4.714866363457392,
    5.17947467923121,
    5.689866029018296,
    6.250551925273969,
    6.866488450042998,
    7.543120063354615,
    8.286427728546842,
    9.102981779915218,
    10.0
  ],
  "gamma_max": [
    -1.9976333137944569,
    -1.9999533771614761,
    -2.0027513506245005,
    -2.0061252342098794,
    -2.0101929317739695,
    -2.0150962137953856,
    -2.0210054384143232,
    -2.028125166294184,
    -2.036700827098543,
    -2.0470266239955976,
    -2.0594548990964996,
    -2.0744072359373282,
    -2.0923876545210947,
    -2.113998381819629,
    -2.1399588933001272,
    -2.171129273727259,
    -2.2085395328670785,
    -2.0988511712816806,
    -1.9840459193769109,
    -1.8651113758310274,
    -1.7432016047821528,
    -1.6198574561619594,
    -1.4970724680179888,
    -1.3773649572762783,
    -1.263857907091472,
    -1.1603699158356955,
    -1.0715235264566583,
    -1.002882556181523,
    -0.9611378702425764,
    -0.9543692561033161,
    -0.5907683422562869,
    -0.09684283669569226,
    0.3587676650560096,
    0.7331426891805523,
    0.9767911605394131,
    1.0348466131405363,
    0.8482978209271022,
    0.3550168207411848,
    -0.5102365622634257,
    -1.8173021617029286,
    -3.64339332725099,
    -6.076263159475773,
    -9.21603247108574,
    -13.172750266364677,
    -18.057459401072684,
    -23.97749014058014,
    -31.06772387460259,
    -39.548275257130385,
    -49.742641917489486,
    -62.06314085617495
  ],
  "omega_max": [
    0.19832948187802366,
    0.21792856843994202,
    0.23947718453173164,
    0.2631734554768461,
    0.2892370377889313,
    0.31791192140275143,
    0.3494697435121261,
    0.3842137477777807,
    0.42248356493717254,
    0.46466104746730685,
    0.5111774630508351,
    0.5625224475760878,
    0.619255225626833,
    0.6820187367776656,
    0.7515574228628222,
    0.8287394894773308,
    0.9145843730036117,
    8.520418580994503,
    8.703311666484302,
    8.90440573638373,
    9.12509244235393,
    9.366755002518317,
    9.63075166568557,
    9.918404207603446,
    10.230991432398884,
    10.569743172162415,
    10.93582348128084,
    11.330283987649496,
    11.753962992167164,
    12.207307809497308,
    10.305922721375934,
    10.774017241676326,
    11.332799452576806,
    11.992499428431813,
    12.761066703006051,
    13.64577399367997,
    14.654148772996331,
    15.794795413424227,
    17.078433870938674,
    18.51927776588487,
    20.13692521267713,
    21.959075983137414,
    24.025259561074044,
    26.39024454928112,
    29.120375760344395,
    32.27020282587918,
    35.85105374118628,
    39.84545475833593,
    44.26038888781298,
    49.16466658140552
  ],
  "params": {
    "alpha": -54.0,
    "dT": 0.6666666666666666,
    "dR": 1.0
  },
  "metadata": {
    "shear_max": 7.65027842502892,
    "vel_net": 3.279600635498676,
    "resolution": {
      "H": 25,
      "M": 65,
      "Nz": 129,
      "Nth": 128
    },
    "timestamp": "2026-04-15T23:45:24.716542"
  }
}