{
  "k": [
    0.1,
    0.10985411419875583,
    0.12067926406393285,
    0.13257113655901093,
    0.14563484775012436,
    0.15998587196060582,
    0.1757510624854792,
    0.193069772888325,
    0.21209508879201905,
    0.2329951810515372,
    0.2559547922699536,
    0.281176869797423,
    0.3088843596477481,
    0.3393221771895328,
    0.372759372031494,
    0.4094915062380424,
    0.44984326689694454,
    0.49417133613238345,
    0.5428675439323859,
    0.5963623316594643,
    0.6551285568595507,
    0.7196856730011519,
    0.7906043210907697,
    0.8685113737513525,
    0.9540954763499939,
    1.0481131341546859,
    1.151395399326447,
    1.2648552168552958,
    1.3894954943731375,
    1.5264179671752334,
    1.6768329368110073,
    1.8420699693267153,
    2.0235896477251565,
    2.2229964825261943,
    2.442053094548651,
    2.6826957952797246,
    2.9470517025518097,
    3.2374575428176433,
    3.5564803062231283,
    3.9069399370546147,
    4.291934260128776,
    4.714866363457392,
    5.17947467923121,
    5.689866029018296,
    6.250551925273969,
    6.866488450042998,
    7.543120063354615,
    8.286427728546842,
    9.102981779915218,
    10.0
  ],
  "gamma_max": [
    0.023361776159412193,
    0.021657778179343327,
    0.01960119452296289,
    0.0171190020854185,
    0.014123015435933917,
    0.01050671469369867,
    0.006141394135752456,
    0.0008714753422821572,
    -0.00549121509347398,
    -0.013174464192692862,
    -0.02245433797218229,
    -0.03366597949689054,
    -0.0472172419928978,
    -0.0636062199716164,
    -0.08344437306349983,
    -0.10748810180357142,
    -0.1366839097679552,
    -0.172237049394233,
    -0.21572442352892016,
    -0.2693003527263423,
    -0.3361272544163315,
    -0.42147923835407575,
    -0.5367544952822355,
    -0.7436233016147944,
    -0.8649533930546258,
    -0.9381564785551715,
    -1.0251034447708989,
    -1.128389607658623,
    -1.2511505504560636,
    -1.3971881117383333,
    -1.5711224056009059,
    -1.7785739012077506,
    -2.0263810934540585,
    -2.32286119030237,
    -2.6781230851095805,
    -3.0653329842770423,
    -3.522538737677032,
    -4.093850187543117,
    -4.80083327038968,
    -5.669143211190889,
    -6.72961617530608,
    -8.01953282815676,
    -9.58406676450545,
    -11.477953245099577,
    -13.767435562575878,
    -16.532566517320284,
    -19.869962122461367,
    -23.896124908654908,
    -28.751475445370005,
    -34.605252601159606
  ],
  "omega_max": [
    -3.5496833614009425e-16,
    1.8207497440903565e-15,
    -1.8802217054879752e-16,
    -2.3030412305279483e-16,
    2.823947405690995e-16,
    -3.725608530265268e-17,
    4.077620503123249e-17,
    -1.3799962755181033e-16,
    -4.60197769414665e-19,
    -1.3254950812923978e-15,
    -9.366639525792807e-16,
    9.494468323379909e-16,
    -1.968327953568386e-15,
    -1.0123965887651275e-15,
    -1.171621754829435e-16,
    3.3859504906980517e-16,
    -6.70014797985794e-15,
    8.082146331367833e-15,
    6.0022803052399195e-15,
    -3.3855315817609835e-14,
    -2.3584868304334112e-14,
    -2.3663396195734173e-15,
    5.0931219386001204e-15,
    4.5606375333491506e-14,
    -0.21626229708116151,
    -0.3260211337902233,
    -0.42033668377449945,
    -0.5099010909078247,
    0.5989549865369449,
    -0.6899351551202438,
    -0.7845937925364068,
    -0.884394484807286,
    -0.9906837228632784,
    1.104776202422272,
    1.22800440430512,
    1.2647599509828855,
    1.396109960485376,
    1.546340686754356,
    1.7171588402775801,
    1.9100062724826254,
    -2.126350096378609,
    -2.367920113797702,
    2.636877941793061,
    -2.9359304951661254,
    3.2684077157232934,
    3.6383189791134027,
    4.05039439534599,
    4.510112580161743,
    5.0237176252786115,
    -5.598234236020593
  ],
  "params": {
    "alpha": -20.0,
    "dT": 0.3333333333333333,
    "dR": 1.0
  },
  "metadata": {
    "shear_max": 4.546221912041022e-09,
    "vel_net": 0.0,
    "resolution": {
      "H": 25,
      "M": 65,
      "Nz": 129,
      "Nth": 128
    },
    "timestamp": "2026-04-13T11:50:26.060141"
  }
}