{
  "k": [
    0.1,
    0.10985411419875583,
    0.12067926406393285,
    0.13257113655901093,
    0.14563484775012436,
    0.15998587196060582,
    0.1757510624854792,
    0.193069772888325,
    0.21209508879201905,
    0.2329951810515372,
    0.2559547922699536,
    0.281176869797423,
    0.3088843596477481,
    0.3393221771895328,
    0.372759372031494,
    0.4094915062380424,
    0.44984326689694454,
    0.49417133613238345,
    0.5428675439323859,
    0.5963623316594643,
    0.6551285568595507,
    0.7196856730011519,
    0.7906043210907697,
    0.8685113737513525,
    0.9540954763499939,
    1.0481131341546859,
    1.151395399326447,
    1.2648552168552958,
    1.3894954943731375,
    1.5264179671752334,
    1.6768329368110073,
    1.8420699693267153,
    2.0235896477251565,
    2.2229964825261943,
    2.442053094548651,
    2.6826957952797246,
    2.9470517025518097,
    3.2374575428176433,
    3.5564803062231283,
    3.9069399370546147,
    4.291934260128776,
    4.714866363457392,
    5.17947467923121,
    5.689866029018296,
    6.250551925273969,
    6.866488450042998,
    7.543120063354615,
    8.286427728546842,
    9.102981779915218,
    10.0
  ],
  "gamma_max": [
    -0.09870698441761679,
    -0.10707417985679961,
    -0.11714171916151823,
    -0.1292486070874086,
    -0.14379916438516244,
    -0.16127534534998317,
    -0.18225224998824452,
    -0.20741954382867267,
    -0.23761641497566693,
    -0.27390501756549407,
    -0.3177850010313552,
    -0.372199902918639,
    -0.4582018018475108,
    -0.4907753507135735,
    -0.5289792144243023,
    -0.5121450178825663,
    -0.49993869738078034,
    -0.4922454305305612,
    -0.48569674277006225,
    -0.479612986047303,
    -0.47388246912673926,
    -0.46862988077689166,
    -0.46412868082009623,
    -0.3034965347761505,
    -0.08309094845057792,
    0.13322212602185274,
    0.3395296860757712,
    0.5272774364353624,
    0.6835777610520138,
    0.7884509805636527,
    0.8101956498706174,
    0.6976588370554817,
    0.3727959854991161,
    1.1419886698114714,
    2.5906878357491303,
    3.8269512875219105,
    4.629561217456642,
    4.947470557130935,
    4.712302463505294,
    3.7727688301567768,
    1.8203443410765632,
    -0.5296771142698521,
    0.09895969736929656,
    0.2063139616340902,
    -0.14945555396718688,
    -0.9357420825934503,
    -2.171527083375941,
    -3.910862254498809,
    -6.235615044595409,
    -9.239460797659568
  ],
  "omega_max": [
    2.398086159247257e-14,
    -1.3954459773852894e-14,
    5.3241246877543006e-14,
    -1.6120948809386136e-14,
    3.999287935680543e-15,
    1.2193281934612972e-14,
    -1.2283111521794295e-14,
    9.986202893365838e-15,
    3.407301868431763e-14,
    4.0949540945323715e-14,
    3.487312154751933e-14,
    6.483655006204255e-14,
    -0.017565122497663867,
    -0.04836471751363858,
    0.03899629942777687,
    -3.1391920101342805e-13,
    -4.0429021326755764e-14,
    2.77578687159734e-13,
    6.208394287575762e-14,
    1.200865948249574e-13,
    9.534136619769496e-15,
    5.174257436443663e-14,
    1.801635896018181e-13,
    7.570891847378042,
    -7.6773984003861155,
    7.769060689931798,
    7.836243293835131,
    7.867349385787851,
    7.848885795659314,
    7.76581449250188,
    7.602641080146746,
    7.346889459720092,
    -7.001177809015066,
    -7.175596236228238e-12,
    8.116753866181855e-12,
    1.2479422329456485e-13,
    -2.2154845581355757e-12,
    1.6811450592074077e-11,
    2.514518692759083e-11,
    1.7778009871491752e-13,
    -5.2573730496189377e-11,
    9.307880534038285,
    10.471541758234055,
    -11.9404208116223,
    13.530427541214095,
    -15.217562213853087,
    17.02018489305046,
    -18.97646479710144,
    -21.15067383406802,
    -23.661607093516764
  ],
  "params": {
    "alpha": -52.0,
    "dT": 0.14285714285714285,
    "dR": 1.0
  },
  "metadata": {
    "shear_max": 7.440934888067673,
    "vel_net": 3.0753177782116836e-14,
    "resolution": {
      "H": 25,
      "M": 65,
      "Nz": 129,
      "Nth": 128
    },
    "timestamp": "2026-04-16T10:03:27.410508"
  }
}