{
  "k": [
    0.1,
    0.10985411419875583,
    0.12067926406393285,
    0.13257113655901093,
    0.14563484775012436,
    0.15998587196060582,
    0.1757510624854792,
    0.193069772888325,
    0.21209508879201905,
    0.2329951810515372,
    0.2559547922699536,
    0.281176869797423,
    0.3088843596477481,
    0.3393221771895328,
    0.372759372031494,
    0.4094915062380424,
    0.44984326689694454,
    0.49417133613238345,
    0.5428675439323859,
    0.5963623316594643,
    0.6551285568595507,
    0.7196856730011519,
    0.7906043210907697,
    0.8685113737513525,
    0.9540954763499939,
    1.0481131341546859,
    1.151395399326447,
    1.2648552168552958,
    1.3894954943731375,
    1.5264179671752334,
    1.6768329368110073,
    1.8420699693267153,
    2.0235896477251565,
    2.2229964825261943,
    2.442053094548651,
    2.6826957952797246,
    2.9470517025518097,
    3.2374575428176433,
    3.5564803062231283,
    3.9069399370546147,
    4.291934260128776,
    4.714866363457392,
    5.17947467923121,
    5.689866029018296,
    6.250551925273969,
    6.866488450042998,
    7.543120063354615,
    8.286427728546842,
    9.102981779915218,
    10.0
  ],
  "gamma_max": [
    2.817956625445733,
    2.8155708194401696,
    2.812693554484235,
    2.8092240606644774,
    2.8050411142056677,
    2.7999989774389564,
    2.7939225721623493,
    2.7866017581625604,
    2.7777845737085958,
    2.7671692800150995,
    2.7543950394521874,
    2.73903104544662,
    2.72056391473526,
    2.698383143943181,
    2.671764421734601,
    2.63985056546625,
    2.6016297976322442,
    2.5559109687673063,
    2.5012951233556584,
    2.4361424405603205,
    2.3585329939254382,
    2.266218903299766,
    2.1565642658156885,
    2.026467779898272,
    1.8722613313391936,
    1.6895761782624386,
    1.4731669328496475,
    1.2166822709447571,
    0.9123697392163003,
    0.5506988598903108,
    0.11987924699296094,
    -0.39476693250043504,
    -1.0116592511713347,
    -1.754222527780869,
    -2.653038704348513,
    -3.4589572366804293,
    -4.472346509947154,
    -5.7914192412409005,
    -7.485389996957278,
    -9.665931310574972,
    -12.783252710432564,
    -15.626225416396574,
    -19.07430377014171,
    -23.24890840625136,
    -28.29712155257463,
    -34.396931798141004,
    -41.76352797232515,
    -50.656882020131064,
    -61.39090115058844,
    -74.34448185743852
  ],
  "omega_max": [
    -1.4184078994198029e-12,
    -8.699461179641242e-13,
    -4.971317455241744e-13,
    2.6010974040845835e-13,
    9.223615690069507e-13,
    -3.7591013934263534e-14,
    1.0849255305599347e-13,
    -7.825755965711779e-13,
    2.354202606850525e-13,
    7.534213682684849e-13,
    1.276072406713756e-13,
    -6.079807311391976e-13,
    3.867771077757158e-13,
    -1.1413365023210517e-12,
    2.2542174500366372e-13,
    3.3560170169110143e-14,
    -1.7724905396025366e-13,
    -2.1976699910388076e-13,
    2.0452692980432922e-13,
    2.3837336990101834e-13,
    -7.987734704713583e-14,
    -2.161298762119193e-13,
    -3.3784197539869457e-13,
    2.1543538751449833e-13,
    1.5336975303340249e-13,
    -9.127635166580876e-14,
    -1.2351335995895378e-13,
    2.4992634212099197e-13,
    1.0593218866850322e-13,
    -1.3577661446191415e-13,
    -1.2024832605124858e-15,
    -5.683797140582662e-14,
    2.2518329528068908e-13,
    2.0847524184426194e-13,
    1.8844869811748328e-14,
    2.5309851689187467e-13,
    6.696436634382468e-14,
    8.989199659413293e-13,
    3.8684963627963017e-13,
    1.0982243337140137e-12,
    0.30647045522403266,
    -1.0236252959705654,
    1.515637804892197,
    -1.9739780906363682,
    2.4322834702752365,
    -2.905928255175503,
    -3.4050725061916185,
    -3.938050641964621,
    -4.512630257278082,
    -5.1366046606831475
  ],
  "params": {
    "alpha": -35.0,
    "dT": 0.75,
    "dR": 1.0
  },
  "metadata": {
    "shear_max": 1.8275072061962094e-08,
    "vel_net": 1.399419451732409e-09,
    "resolution": {
      "H": 25,
      "M": 65,
      "Nz": 129,
      "Nth": 128
    },
    "timestamp": "2026-04-13T14:30:57.468019"
  }
}