{
  "k": [
    0.1,
    0.10985411419875583,
    0.12067926406393285,
    0.13257113655901093,
    0.14563484775012436,
    0.15998587196060582,
    0.1757510624854792,
    0.193069772888325,
    0.21209508879201905,
    0.2329951810515372,
    0.2559547922699536,
    0.281176869797423,
    0.3088843596477481,
    0.3393221771895328,
    0.372759372031494,
    0.4094915062380424,
    0.44984326689694454,
    0.49417133613238345,
    0.5428675439323859,
    0.5963623316594643,
    0.6551285568595507,
    0.7196856730011519,
    0.7906043210907697,
    0.8685113737513525,
    0.9540954763499939,
    1.0481131341546859,
    1.151395399326447,
    1.2648552168552958,
    1.3894954943731375,
    1.5264179671752334,
    1.6768329368110073,
    1.8420699693267153,
    2.0235896477251565,
    2.2229964825261943,
    2.442053094548651,
    2.6826957952797246,
    2.9470517025518097,
    3.2374575428176433,
    3.5564803062231283,
    3.9069399370546147,
    4.291934260128776,
    4.714866363457392,
    5.17947467923121,
    5.689866029018296,
    6.250551925273969,
    6.866488450042998,
    7.543120063354615,
    8.286427728546842,
    9.102981779915218,
    10.0
  ],
  "gamma_max": [
    -1.145988982286678,
    -1.1420219434297711,
    -1.138062491462646,
    -1.1341980652622934,
    -1.130540924052997,
    -1.1272334923255267,
    -1.1244552778541548,
    -1.122432200118317,
    -1.1214497496808575,
    -1.121872383062647,
    -1.1241735237365709,
    -1.1289846529639045,
    -1.1371817060280591,
    -1.1500528458377983,
    -1.1696741228643475,
    -1.1999630813848439,
    -1.2512525164241248,
    -1.2084804992582436,
    -1.143242530484049,
    -1.0772778378482577,
    -1.0113867661180262,
    -0.9465776800895429,
    -0.8840935881100406,
    -0.8254385293664415,
    -0.7724022660310094,
    -0.727081698656734,
    -0.6918979117838248,
    -0.6696094867165253,
    -0.6633265674954945,
    -0.676537103198165,
    -0.7131671868628883,
    -0.7777097555125517,
    -0.7382528002460172,
    -0.7276188735497351,
    -0.7672073932627045,
    -0.8726885051760286,
    -1.061223522059279,
    -1.3512522591469116,
    -1.7623574034459244,
    -2.31371239333133,
    -3.0150973703022665,
    -3.8414544330182365,
    -4.74599410765979,
    -5.753598766451239,
    -6.935210782355835,
    -8.355282976962462,
    -10.073281244970714,
    -12.152195599756325,
    -14.663847284383875,
    -17.69270587885221
  ],
  "omega_max": [
    0.19111782730123586,
    0.18560757978838924,
    0.17980464540686025,
    0.17370545018354552,
    0.16730638541645293,
    0.16060406809393155,
    0.15359623249654777,
    0.14628368538918674,
    0.13867398713406745,
    0.13078801302684145,
    0.12267154377557621,
    0.11441632063103575,
    0.10620055683862144,
    0.09837443965019375,
    0.09166763813165617,
    0.08782165286373211,
    0.09264118487784849,
    -2.976936915468795,
    -3.0699460358236714,
    -3.1691984303943785,
    -3.274906869775154,
    -3.387279219344485,
    -3.506541820938013,
    -3.632976144000986,
    -3.766969141869163,
    -3.909074641746292,
    -4.0600783905936,
    -4.221053405656305,
    -4.393385906849773,
    -4.578747025813274,
    -4.778983980360514,
    -4.995909216204484,
    -4.700237654855788,
    -5.00817834343462,
    -5.3590865544354855,
    -5.761433431130177,
    -6.224644385854588,
    -6.760107274840089,
    -7.383335942694434,
    -8.118175391221632,
    -9.002446590803453,
    -10.075932303617716,
    -11.318542870156806,
    -12.669933868205266,
    -14.116261407491027,
    -15.674099165605556,
    -17.366324191375565,
    -19.216593713184135,
    -21.248912035982393,
    -23.487849147905465
  ],
  "params": {
    "alpha": -25.0,
    "dT": 0.16666666666666666,
    "dR": 1.0
  },
  "metadata": {
    "shear_max": 2.947669212768698,
    "vel_net": 1.2156351408966362,
    "resolution": {
      "H": 20,
      "M": 49,
      "Nz": 97,
      "Nth": 96
    },
    "timestamp": "2026-02-13T13:46:35.634020"
  }
}