{
  "k": [
    0.1,
    0.10985411419875583,
    0.12067926406393285,
    0.13257113655901093,
    0.14563484775012436,
    0.15998587196060582,
    0.1757510624854792,
    0.193069772888325,
    0.21209508879201905,
    0.2329951810515372,
    0.2559547922699536,
    0.281176869797423,
    0.3088843596477481,
    0.3393221771895328,
    0.372759372031494,
    0.4094915062380424,
    0.44984326689694454,
    0.49417133613238345,
    0.5428675439323859,
    0.5963623316594643,
    0.6551285568595507,
    0.7196856730011519,
    0.7906043210907697,
    0.8685113737513525,
    0.9540954763499939,
    1.0481131341546859,
    1.151395399326447,
    1.2648552168552958,
    1.3894954943731375,
    1.5264179671752334,
    1.6768329368110073,
    1.8420699693267153,
    2.0235896477251565,
    2.2229964825261943,
    2.442053094548651,
    2.6826957952797246,
    2.9470517025518097,
    3.2374575428176433,
    3.5564803062231283,
    3.9069399370546147,
    4.291934260128776,
    4.714866363457392,
    5.17947467923121,
    5.689866029018296,
    6.250551925273969,
    6.866488450042998,
    7.543120063354615,
    8.286427728546842,
    9.102981779915218,
    10.0
  ],
  "gamma_max": [
    0.001517173493041449,
    -0.0006371369414903921,
    -0.0032374519730177793,
    -0.0063762452937196476,
    -0.010165232821519954,
    -0.01473941267135782,
    -0.020261973349349358,
    -0.026930268630200718,
    -0.03498310966512123,
    -0.04470969781722778,
    -0.056460620079410745,
    -0.07066147531141982,
    -0.08782991822835355,
    -0.10859725440453173,
    -0.13373629542512086,
    -0.16419819287509896,
    -0.20116285466162862,
    -0.24611132482708706,
    -0.3009367673729004,
    -0.3681308417715321,
    -0.4511390941457072,
    -0.5551760439819247,
    -0.6897413574123872,
    -0.8835642876437466,
    -1.1217746590389452,
    -1.2497507766063436,
    -1.4037664311216884,
    -1.5891544540616627,
    -1.8123623421459192,
    -2.0811883892195078,
    -2.405065702584077,
    -2.7954032771422095,
    -3.265995632827024,
    -3.8335156577282685,
    -4.518109325808098,
    -5.344115779188523,
    -6.276990161265921,
    -7.417219593451599,
    -8.821200794010498,
    -10.539706391426273,
    -12.633867626791119,
    -15.17760739096782,
    -18.260463961731855,
    -21.99088843162672,
    -26.50013649032565,
    -31.946907254506943,
    -38.52291188811862,
    -46.459587738212775,
    -56.036213223784294,
    -67.58972602963742
  ],
  "omega_max": [
    -1.1115652243289981e-16,
    -1.1014893461391443e-16,
    -1.2346044221038232e-16,
    -1.819356960245011e-16,
    -1.6341036795055175e-16,
    6.61980432899257e-16,
    -2.4644703611879097e-15,
    -2.6469832159225784e-15,
    1.2215679202052446e-16,
    -1.9359092720768113e-15,
    -6.779258548322016e-15,
    2.744875621406509e-16,
    1.3014231840066814e-16,
    -1.4421591632087688e-14,
    2.0831558769949106e-15,
    -7.936918313165754e-15,
    2.0255208113235633e-14,
    -3.169574713919497e-14,
    4.07450983819826e-15,
    3.2427121832823374e-14,
    1.831448683835711e-14,
    8.618707886297222e-15,
    1.3101073956000033e-13,
    2.966318293044044e-13,
    0.16988414919788292,
    0.289479385914327,
    0.38610130870028875,
    0.47611720426205156,
    0.5648692448203871,
    -0.655158381600837,
    0.7488866452654824,
    0.8475916837073472,
    0.952672826978478,
    1.0655048454830156,
    1.1875028299271044,
    1.32016266016272,
    1.3290092782940468,
    -1.4700493685562186,
    -1.6353996913668156,
    -1.8261443504977897,
    2.043090294677959,
    -2.28726430214438,
    2.560214735900194,
    2.864157135665384,
    3.202027971516713,
    3.5774988383148845,
    3.9949815115280303,
    4.459636478899528,
    -4.977388381466512,
    5.554951298957943
  ],
  "params": {
    "alpha": -23.0,
    "dT": 0.6666666666666666,
    "dR": 1.0
  },
  "metadata": {
    "shear_max": 3.635289762361889e-09,
    "vel_net": 3.618915179919496e-25,
    "resolution": {
      "H": 25,
      "M": 65,
      "Nz": 129,
      "Nth": 128
    },
    "timestamp": "2026-04-13T12:11:11.313357"
  }
}