{
  "k": [
    0.1,
    0.10985411419875583,
    0.12067926406393285,
    0.13257113655901093,
    0.14563484775012436,
    0.15998587196060582,
    0.1757510624854792,
    0.193069772888325,
    0.21209508879201905,
    0.2329951810515372,
    0.2559547922699536,
    0.281176869797423,
    0.3088843596477481,
    0.3393221771895328,
    0.372759372031494,
    0.4094915062380424,
    0.44984326689694454,
    0.49417133613238345,
    0.5428675439323859,
    0.5963623316594643,
    0.6551285568595507,
    0.7196856730011519,
    0.7906043210907697,
    0.8685113737513525,
    0.9540954763499939,
    1.0481131341546859,
    1.151395399326447,
    1.2648552168552958,
    1.3894954943731375,
    1.5264179671752334,
    1.6768329368110073,
    1.8420699693267153,
    2.0235896477251565,
    2.2229964825261943,
    2.442053094548651,
    2.6826957952797246,
    2.9470517025518097,
    3.2374575428176433,
    3.5564803062231283,
    3.9069399370546147,
    4.291934260128776,
    4.714866363457392,
    5.17947467923121,
    5.689866029018296,
    6.250551925273969,
    6.866488450042998,
    7.543120063354615,
    8.286427728546842,
    9.102981779915218,
    10.0
  ],
  "gamma_max": [
    -1.888144072455308,
    -1.8903627948298687,
    -1.890458033067234,
    -1.890127909435958,
    -1.8899254493175182,
    -1.8899001278379366,
    -1.890115127570682,
    -1.890650872317536,
    -1.8916094506931147,
    -1.8931201395585215,
    -1.8953462782910644,
    -1.898493783304649,
    -1.902821622647019,
    -1.8545958936861557,
    -1.780097021413834,
    -1.7020951298055758,
    -1.6211048769214844,
    -1.5378520845143988,
    -1.453313615194107,
    -1.3687607182333024,
    -1.2858056403730653,
    -1.2064512763128863,
    -1.1331435901339442,
    -1.0688264635848355,
    -1.0169985791509357,
    -0.9817721216453328,
    -0.9679339108924537,
    -0.9810117629096294,
    -1.0273534176008952,
    -1.1142334057023373,
    -1.2500156322906362,
    -1.2786900100736043,
    -1.1812689432082932,
    -1.1626149438233053,
    -1.253729137530095,
    -1.4896383390723544,
    -1.908319065472453,
    -2.5506023943879566,
    -3.4611799773945733,
    -4.690779678869236,
    -6.2996345902377975,
    -8.362741257072736,
    -10.978808260731213,
    -14.290433863290172,
    -18.54743680087658,
    -23.230489484530892,
    -28.46298992327759,
    -34.691668049421,
    -41.9443207497894,
    -50.693837892161504
  ],
  "omega_max": [
    0.11622540060912712,
    0.12782206335632026,
    1.165124716982872,
    1.1855835929444702,
    1.2081402585779744,
    1.233013467919005,
    1.2604446183708518,
    1.2906998099097893,
    1.3240719570938693,
    1.3608828880834032,
    1.4014853292280849,
    1.4462646177697132,
    1.4956399028948237,
    4.8628040580406005,
    4.94211722120416,
    5.02944153348624,
    5.125374349702338,
    5.230490603598472,
    5.345327929696892,
    5.470374774834492,
    5.606065249913094,
    5.752785334617457,
    5.91089536961427,
    6.080773030750875,
    6.262878577655114,
    6.457839563720065,
    6.666545202330068,
    6.890231644452198,
    7.130529853376358,
    7.389439743103666,
    7.669190671526868,
    6.835939902747401,
    7.161135644691983,
    7.536362557587754,
    7.970259045514603,
    8.470371468232837,
    9.043597694093565,
    9.696787614720876,
    10.437344248545836,
    11.273890226637421,
    12.21718131287351,
    13.281699219385409,
    14.489342720033132,
    15.882091850759759,
    17.60896911203201,
    14.96436114097917,
    16.011397738312464,
    26.3135920789048,
    29.435327442185447,
    32.786350823669075
  ],
  "params": {
    "alpha": -35.0,
    "dT": 0.5,
    "dR": 1.0
  },
  "metadata": {
    "shear_max": 4.6323972775686535,
    "vel_net": 1.93865449424947,
    "resolution": {
      "H": 25,
      "M": 65,
      "Nz": 129,
      "Nth": 128
    },
    "timestamp": "2026-04-13T17:23:50.689666"
  }
}