{
  "k": [
    0.1,
    0.10985411419875583,
    0.12067926406393285,
    0.13257113655901093,
    0.14563484775012436,
    0.15998587196060582,
    0.1757510624854792,
    0.193069772888325,
    0.21209508879201905,
    0.2329951810515372,
    0.2559547922699536,
    0.281176869797423,
    0.3088843596477481,
    0.3393221771895328,
    0.372759372031494,
    0.4094915062380424,
    0.44984326689694454,
    0.49417133613238345,
    0.5428675439323859,
    0.5963623316594643,
    0.6551285568595507,
    0.7196856730011519,
    0.7906043210907697,
    0.8685113737513525,
    0.9540954763499939,
    1.0481131341546859,
    1.151395399326447,
    1.2648552168552958,
    1.3894954943731375,
    1.5264179671752334,
    1.6768329368110073,
    1.8420699693267153,
    2.0235896477251565,
    2.2229964825261943,
    2.442053094548651,
    2.6826957952797246,
    2.9470517025518097,
    3.2374575428176433,
    3.5564803062231283,
    3.9069399370546147,
    4.291934260128776,
    4.714866363457392,
    5.17947467923121,
    5.689866029018296,
    6.250551925273969,
    6.866488450042998,
    7.543120063354615,
    8.286427728546842,
    9.102981779915218,
    10.0
  ],
  "gamma_max": [
    -0.7138598321537369,
    -0.7176270067916141,
    -0.7222212746780055,
    -0.7278399432644677,
    -0.7347373251679118,
    -0.7432485626883293,
    -0.7538299791086214,
    -0.7671349341171424,
    -0.7841791302308418,
    -0.8067929252732985,
    -0.8395154906186477,
    -0.9068216665436649,
    -0.9189537107153395,
    -0.9336549018263302,
    -0.9514799433356408,
    -0.9731063400124372,
    -0.9993619867822363,
    -1.0312587201407115,
    -1.0700329065192058,
    -1.1171942585104293,
    -1.1745842026902433,
    -1.2444453085710494,
    -1.3295035739399348,
    -1.4330658135450949,
    -1.559135074812978,
    -1.7125479486854296,
    -1.8991388540872645,
    -2.1259378102085096,
    -2.401409799530341,
    -2.735745506666428,
    -3.1412149931656814,
    -3.6325978246112633,
    -4.227705500727418,
    -4.948015010784187,
    -5.8194362114355425,
    -6.873240654945092,
    -8.138311739899272,
    -9.611172041068585,
    -11.419688943005703,
    -13.629263816712365,
    -16.318634738565162,
    -19.582961932060247,
    -23.537423535758748,
    -28.321431339599137,
    -34.10362134578239,
    -41.08781396625029,
    -49.52017732259595,
    -59.69786953576555,
    -71.97948589969964,
    -86.79769630500687
  ],
  "omega_max": [
    -5.4386738116929245e-14,
    6.613410464672923e-14,
    1.1971273381137333e-14,
    -8.456423800888025e-14,
    5.3055552806308756e-14,
    4.115506821126415e-14,
    -2.6469978907758602e-14,
    1.363002215394371e-14,
    -7.369015439552752e-14,
    -4.137697514195459e-14,
    -1.1944827129562867e-13,
    -0.028297291311670785,
    -0.07550842018031384,
    -0.10760827258347921,
    0.13646835029621593,
    -0.16449169967952215,
    0.19273417060946213,
    -0.22182179675556496,
    -0.2522030818852461,
    -0.2842459788404927,
    -0.31828413755175344,
    -0.354643127831166,
    0.39365764710134893,
    -0.4356841128922634,
    0.48111047205197643,
    -0.5303640309160127,
    -0.5839177986536391,
    0.6422958969415342,
    0.7060788062519308,
    -0.7759094121768414,
    -0.8525008413641827,
    0.9366468526989237,
    1.0292350777231223,
    -1.1312627696030109,
    1.2438541015302622,
    1.3682777334994007,
    1.4068020220269426,
    -1.5473526181963972,
    -1.7091794410363315,
    1.8945227721882671,
    -2.1050675177669627,
    2.3424546739687133,
    2.6086426525609454,
    -2.9061199459420384,
    3.238012845849988,
    3.60813454000037,
    4.021007855959427,
    4.481879278235252,
    4.996733589421138,
    -5.572317631115536
  ],
  "params": {
    "alpha": -22.0,
    "dT": 0.8571428571428571,
    "dR": 1.0
  },
  "metadata": {
    "shear_max": 3.155377638914632e-09,
    "vel_net": 0.0,
    "resolution": {
      "H": 25,
      "M": 65,
      "Nz": 129,
      "Nth": 128
    },
    "timestamp": "2026-04-13T11:53:08.256086"
  }
}