{
  "k": [
    0.1,
    0.10985411419875583,
    0.12067926406393285,
    0.13257113655901093,
    0.14563484775012436,
    0.15998587196060582,
    0.1757510624854792,
    0.193069772888325,
    0.21209508879201905,
    0.2329951810515372,
    0.2559547922699536,
    0.281176869797423,
    0.3088843596477481,
    0.3393221771895328,
    0.372759372031494,
    0.4094915062380424,
    0.44984326689694454,
    0.49417133613238345,
    0.5428675439323859,
    0.5963623316594643,
    0.6551285568595507,
    0.7196856730011519,
    0.7906043210907697,
    0.8685113737513525,
    0.9540954763499939,
    1.0481131341546859,
    1.151395399326447,
    1.2648552168552958,
    1.3894954943731375,
    1.5264179671752334,
    1.6768329368110073,
    1.8420699693267153,
    2.0235896477251565,
    2.2229964825261943,
    2.442053094548651,
    2.6826957952797246,
    2.9470517025518097,
    3.2374575428176433,
    3.5564803062231283,
    3.9069399370546147,
    4.291934260128776,
    4.714866363457392,
    5.17947467923121,
    5.689866029018296,
    6.250551925273969,
    6.866488450042998,
    7.543120063354615,
    8.286427728546842,
    9.102981779915218,
    10.0
  ],
  "gamma_max": [
    0.8716323088656132,
    0.8625159069955387,
    0.8514188249005412,
    0.8378839521242436,
    0.8213346553300936,
    0.8010357488063102,
    0.7760371323054223,
    0.7450894784215217,
    0.706512702617187,
    0.6579802283560469,
    0.5961432907407653,
    0.5159279812726014,
    0.4091021434280744,
    0.2610325945968102,
    0.04173028250831982,
    -0.2531110026180612,
    -0.11854445460565731,
    -0.001736348409393278,
    0.09388269892672653,
    0.17513175940380685,
    0.2467410174892768,
    0.31106701700463013,
    0.36894940527053965,
    0.42023007176187216,
    0.4640115526554549,
    0.4987671636280767,
    0.52236136064074,
    0.5320096591003503,
    0.5241986878764717,
    0.49459525652341396,
    0.43800335316939004,
    0.34849128554149833,
    0.21991300505483838,
    0.04709892069649549,
    -0.17249580378778753,
    -0.438903338306637,
    -0.5595986307520184,
    -0.7665091668087914,
    -1.107667078854989,
    -1.6220966971557753,
    -2.0244723057304665,
    -2.3469934820453866,
    -2.777178992818017,
    -3.3368207375196723,
    -4.0500980073963495,
    -4.945162322396532,
    -6.055644365971269,
    -7.422157281894454,
    -9.09392229908316,
    -11.130639054943927
  ],
  "omega_max": [
    -2.878083865494652e-14,
    1.4407471222028109e-13,
    5.598183252961102e-13,
    7.237974176089508e-13,
    6.880127747188787e-14,
    1.6509116680749634e-13,
    -2.338820036628029e-13,
    2.1579940578034153e-13,
    -5.233387921151594e-13,
    -5.076698824604108e-13,
    -2.666032687564335e-13,
    4.459544981181953e-13,
    -4.4897264461641193e-13,
    4.224713573721451e-13,
    -3.042852046096116e-13,
    -1.2157005102724454,
    1.2793213492023352,
    -1.3794315291146213,
    -1.4929086592138308,
    -1.6097803884662487,
    -1.7265621900432497,
    -1.8415237164421194,
    1.9532712164273158,
    2.0603377146045685,
    -2.1610629838195736,
    2.253577059521709,
    -2.3358465899435137,
    2.405789371315234,
    -2.4614836588401556,
    -2.5015158064126797,
    2.5255286657091047,
    2.5350521842732125,
    2.5346896419815677,
    2.533579217211914,
    2.546499674261879,
    -2.5933340151700954,
    1.7077843718095268e-13,
    1.0084569362786603e-14,
    1.4526295563855075e-14,
    -1.2874480301148113e-13,
    -4.419535026119732,
    4.936839199372393,
    -5.496263644618913,
    -6.106409309274964,
    6.773569941686329,
    7.504018181317779,
    8.304865725854214,
    -9.184447875474284,
    10.152581942345353,
    11.220878249835684
  ],
  "params": {
    "alpha": -28.0,
    "dT": 0.1111111111111111,
    "dR": 1.0
  },
  "metadata": {
    "shear_max": 2.3037206081670614,
    "vel_net": 2.4709551071921965e-09,
    "resolution": {
      "H": 25,
      "M": 65,
      "Nz": 129,
      "Nth": 128
    },
    "timestamp": "2026-04-13T18:28:00.789547"
  }
}