{
  "k": [
    0.1,
    0.10985411419875583,
    0.12067926406393285,
    0.13257113655901093,
    0.14563484775012436,
    0.15998587196060582,
    0.1757510624854792,
    0.193069772888325,
    0.21209508879201905,
    0.2329951810515372,
    0.2559547922699536,
    0.281176869797423,
    0.3088843596477481,
    0.3393221771895328,
    0.372759372031494,
    0.4094915062380424,
    0.44984326689694454,
    0.49417133613238345,
    0.5428675439323859,
    0.5963623316594643,
    0.6551285568595507,
    0.7196856730011519,
    0.7906043210907697,
    0.8685113737513525,
    0.9540954763499939,
    1.0481131341546859,
    1.151395399326447,
    1.2648552168552958,
    1.3894954943731375,
    1.5264179671752334,
    1.6768329368110073,
    1.8420699693267153,
    2.0235896477251565,
    2.2229964825261943,
    2.442053094548651,
    2.6826957952797246,
    2.9470517025518097,
    3.2374575428176433,
    3.5564803062231283,
    3.9069399370546147,
    4.291934260128776,
    4.714866363457392,
    5.17947467923121,
    5.689866029018296,
    6.250551925273969,
    6.866488450042998,
    7.543120063354615,
    8.286427728546842,
    9.102981779915218,
    10.0
  ],
  "gamma_max": [
    1.7640281134625853,
    1.7618801319037112,
    1.7592894704592439,
    1.7561652650736927,
    1.752398164871652,
    1.7478566426292974,
    1.7423825998807188,
    1.7357861434381867,
    1.7278393956984266,
    1.7182691816268794,
    1.7067484201426775,
    1.6928860282187712,
    1.6762151288633529,
    1.656179331176119,
    1.6321168228944336,
    1.603241967408664,
    1.5686240182597482,
    1.527162419815943,
    1.4775579200392432,
    1.4182783166978898,
    1.347517026757677,
    1.2631417304017956,
    1.1626290179219827,
    1.0429791878583559,
    0.900602999503801,
    0.7311690092078238,
    0.5293953421407817,
    0.2887611994036691,
    0.0010951787105557547,
    -0.3440472572215029,
    -0.76043089323797,
    -1.2672539236620204,
    -1.8949361870439583,
    -2.714362119957392,
    -3.7797522882889867,
    -4.587767634494885,
    -5.493778619272553,
    -6.622187198719469,
    -8.015342325399201,
    -9.72378896356575,
    -11.808370063555747,
    -14.3426846766193,
    -17.415936442889805,
    -21.13625298188327,
    -25.634597390518717,
    -31.069425821473168,
    -37.6322739115586,
    -45.5544857045201,
    -55.11533680427073,
    -66.6518513901157
  ],
  "omega_max": [
    -3.053842243403982e-13,
    7.326074112701773e-14,
    2.4156174231227026e-13,
    3.081334924889894e-13,
    -7.509860217783914e-14,
    -1.040584989185232e-13,
    -1.5963446389804487e-13,
    -1.6687234738241688e-13,
    -4.1802623680896404e-13,
    -1.9549363398555488e-13,
    -8.164651387161827e-14,
    -3.864149133090934e-14,
    2.1264277540765642e-14,
    -2.2198555836223301e-13,
    1.1493818397273998e-13,
    6.235967962535046e-13,
    -9.933743974713665e-14,
    -1.3451776733197347e-13,
    3.8469785619053674e-13,
    -1.430230873039147e-14,
    -2.385556319740712e-13,
    3.2183292248505375e-13,
    2.6349094016009906e-13,
    -3.559189110467053e-14,
    1.035430859500927e-13,
    -1.5658178917777358e-13,
    8.612276856939057e-15,
    3.668988375999787e-14,
    2.93778447379938e-16,
    -5.6553318126624505e-14,
    -1.0256493978220917e-14,
    7.541697110759462e-14,
    -7.973140265723922e-15,
    -2.4727712848780763e-12,
    0.3849829561402115,
    -0.24117197973569207,
    -0.44836855379087526,
    -0.6786795453433497,
    0.9289766016821397,
    1.1981403241617847,
    1.4862117845594074,
    1.794237670868355,
    2.1241660576899712,
    2.4787411085812625,
    -2.8614120716887004,
    3.2762727289977702,
    3.7280372774490105,
    4.222049206038449,
    -4.764314718625933,
    -5.361552983674338
  ],
  "params": {
    "alpha": -30.0,
    "dT": 0.6666666666666666,
    "dR": 1.0
  },
  "metadata": {
    "shear_max": 9.95088877499995e-09,
    "vel_net": 5.912849672636357e-14,
    "resolution": {
      "H": 25,
      "M": 65,
      "Nz": 129,
      "Nth": 128
    },
    "timestamp": "2026-04-13T13:24:05.616501"
  }
}