{
  "k": [
    0.1,
    0.10985411419875583,
    0.12067926406393285,
    0.13257113655901093,
    0.14563484775012436,
    0.15998587196060582,
    0.1757510624854792,
    0.193069772888325,
    0.21209508879201905,
    0.2329951810515372,
    0.2559547922699536,
    0.281176869797423,
    0.3088843596477481,
    0.3393221771895328,
    0.372759372031494,
    0.4094915062380424,
    0.44984326689694454,
    0.49417133613238345,
    0.5428675439323859,
    0.5963623316594643,
    0.6551285568595507,
    0.7196856730011519,
    0.7906043210907697,
    0.8685113737513525,
    0.9540954763499939,
    1.0481131341546859,
    1.151395399326447,
    1.2648552168552958,
    1.3894954943731375,
    1.5264179671752334,
    1.6768329368110073,
    1.8420699693267153,
    2.0235896477251565,
    2.2229964825261943,
    2.442053094548651,
    2.6826957952797246,
    2.9470517025518097,
    3.2374575428176433,
    3.5564803062231283,
    3.9069399370546147,
    4.291934260128776,
    4.714866363457392,
    5.17947467923121,
    5.689866029018296,
    6.250551925273969,
    6.866488450042998,
    7.543120063354615,
    8.286427728546842,
    9.102981779915218,
    10.0
  ],
  "gamma_max": [
    -2.0142525742058477,
    -2.0138046636615345,
    -2.013473638690739,
    -2.0133050837211113,
    -2.0133564715793435,
    -2.0137000134662,
    -2.0144261939586925,
    -2.0156481590052597,
    -2.017507165657199,
    -2.0201793501835064,
    -2.023884123652684,
    -1.9888349787302002,
    -1.919139770256236,
    -1.845707922090781,
    -1.7688931612053949,
    -1.6892309019754832,
    -1.6074777197923589,
    -1.5246552039768355,
    -1.4420979374471998,
    -1.3615052961247986,
    -1.2849967744171105,
    -1.2151706310204191,
    -1.1551658019556104,
    -1.1087272517563835,
    -1.0802752688668664,
    -1.0749797986403924,
    -1.0988420342043197,
    -1.1587876453641723,
    -1.2627799729920444,
    -1.4199683227582347,
    -1.6408976575521392,
    -1.624242203005309,
    -1.564226166530149,
    -1.6066832736401981,
    -1.7891797191639849,
    -2.1541239937142214,
    -2.74768280531374,
    -3.619722141268359,
    -4.824910701174813,
    -6.42500124370089,
    -8.492226798483596,
    -11.113808830945185,
    -14.397943427500737,
    -18.482719058394352,
    -23.553135457346723,
    -29.88882101794907,
    -37.667293832471536,
    -45.93674905510857,
    -55.78914032407396,
    -67.40562788072559
  ],
  "omega_max": [
    1.1004902767655758,
    1.1178395130003522,
    1.1369873231063832,
    1.1581260785589864,
    1.1814691871859013,
    1.2072532656026813,
    1.2357404438220736,
    1.267220771399535,
    1.3020146693803487,
    1.340475346328721,
    1.3829910530604825,
    5.085470112742145,
    5.156830913465661,
    5.2355794284696815,
    5.322347071099194,
    5.417766507085777,
    5.522455630019184,
    5.636999950674382,
    5.761935444971669,
    5.897735049554125,
    6.044803193880121,
    6.203483770034279,
    6.374087340462004,
    6.556942626270204,
    6.752474765706053,
    6.961307969230101,
    7.184382864950553,
    7.423069519587523,
    7.679247097145573,
    7.955312299216697,
    8.25407334664901,
    7.391161990114754,
    7.722986278804825,
    8.106610402555267,
    8.550965376147635,
    9.063973760837554,
    9.652938389967828,
    10.325069284383972,
    11.088001071113306,
    11.95033992719362,
    12.922333483438043,
    14.016819148240364,
    15.250803758811399,
    16.648722061682864,
    18.251612574890466,
    20.1613482227814,
    17.05499562401992,
    18.306136759457658,
    30.17415016752976,
    33.84705984782386
  ],
  "params": {
    "alpha": -38.0,
    "dT": 0.6666666666666666,
    "dR": 1.0
  },
  "metadata": {
    "shear_max": 4.98349643117912,
    "vel_net": 2.0739200114099416,
    "resolution": {
      "H": 25,
      "M": 65,
      "Nz": 129,
      "Nth": 128
    },
    "timestamp": "2026-04-13T17:07:43.096058"
  }
}