{
  "k": [
    0.1,
    0.10985411419875583,
    0.12067926406393285,
    0.13257113655901093,
    0.14563484775012436,
    0.15998587196060582,
    0.1757510624854792,
    0.193069772888325,
    0.21209508879201905,
    0.2329951810515372,
    0.2559547922699536,
    0.281176869797423,
    0.3088843596477481,
    0.3393221771895328,
    0.372759372031494,
    0.4094915062380424,
    0.44984326689694454,
    0.49417133613238345,
    0.5428675439323859,
    0.5963623316594643,
    0.6551285568595507,
    0.7196856730011519,
    0.7906043210907697,
    0.8685113737513525,
    0.9540954763499939,
    1.0481131341546859,
    1.151395399326447,
    1.2648552168552958,
    1.3894954943731375,
    1.5264179671752334,
    1.6768329368110073,
    1.8420699693267153,
    2.0235896477251565,
    2.2229964825261943,
    2.442053094548651,
    2.6826957952797246,
    2.9470517025518097,
    3.2374575428176433,
    3.5564803062231283,
    3.9069399370546147,
    4.291934260128776,
    4.714866363457392,
    5.17947467923121,
    5.689866029018296,
    6.250551925273969,
    6.866488450042998,
    7.543120063354615,
    8.286427728546842,
    9.102981779915218,
    10.0
  ],
  "gamma_max": [
    -1.5764609247611256,
    -1.5782509320383258,
    -1.5804261520028646,
    -1.5830721950106663,
    -1.5862944186318972,
    -1.5902224537945768,
    -1.5950155106063686,
    -1.600868293797092,
    -1.608016982194409,
    -1.616744009532067,
    -1.6273791311582169,
    -1.6402923617904503,
    -1.655872298202414,
    -1.6744832796311238,
    -1.6678359354856198,
    -1.5947790342940706,
    -1.5187776560168869,
    -1.4404013386343169,
    -1.3604096449701781,
    -1.2797836054968736,
    -1.1997602715847164,
    -1.121870286468938,
    -1.0479781332090428,
    -0.980324414685526,
    -0.9215692536927673,
    -0.8748358708984613,
    -0.8437540063396402,
    -0.8325047434934311,
    -0.8458723035990928,
    -0.889315409338738,
    -0.9690812605121765,
    -1.075981164435917,
    -0.9969148622437757,
    -0.9759728425510725,
    -1.0356774542356206,
    -1.2018969778599577,
    -1.5030350732892361,
    -1.9700615619608737,
    -2.6377098887914823,
    -3.547195828607648,
    -4.75132994449975,
    -6.32425807664011,
    -8.36985875600712,
    -10.800671317384609,
    -13.280184379103863,
    -16.09411347626593,
    -19.444400948750186,
    -23.482741699711703,
    -28.359854100487638,
    -34.24864052377789
  ],
  "omega_max": [
    0.05222005792618845,
    0.057683383735221076,
    0.06378829870988013,
    0.0706316922565815,
    0.07833111753853755,
    0.08703062317199696,
    0.09690853129231566,
    0.1081878930432522,
    0.12115055748580171,
    0.1361559664483323,
    0.15366566724865446,
    0.17427344365223757,
    0.19873778445645518,
    0.22800669629040182,
    4.003324954279232,
    4.07936343102497,
    4.162856610456485,
    4.254248468798278,
    4.353942135604325,
    4.462292779217499,
    4.579607108292991,
    4.706153014987969,
    4.842183056574838,
    4.987974792709752,
    5.143888952344086,
    5.310442532810168,
    5.488388069044232,
    5.678782835044667,
    5.883023769674046,
    6.102817277341507,
    6.340050048944231,
    5.7123472137222855,
    6.008309510151068,
    6.345646908389791,
    6.732632095031068,
    7.176887336395905,
    7.685588309902553,
    8.266047884208177,
    8.926590884539483,
    9.678031295772687,
    10.537083261100507,
    11.53759125917549,
    12.783539192058457,
    14.55424129014691,
    11.871505440338286,
    18.750172942088774,
    20.978353264458928,
    23.36220639730662,
    25.943271457112246,
    28.758515446652893
  ],
  "params": {
    "alpha": -30.0,
    "dT": 0.3333333333333333,
    "dR": 1.0
  },
  "metadata": {
    "shear_max": 3.8523278231519833,
    "vel_net": 1.6096323380650182,
    "resolution": {
      "H": 25,
      "M": 65,
      "Nz": 129,
      "Nth": 128
    },
    "timestamp": "2026-04-13T19:13:00.893121"
  }
}