{
  "k": [
    0.1,
    0.10985411419875583,
    0.12067926406393285,
    0.13257113655901093,
    0.14563484775012436,
    0.15998587196060582,
    0.1757510624854792,
    0.193069772888325,
    0.21209508879201905,
    0.2329951810515372,
    0.2559547922699536,
    0.281176869797423,
    0.3088843596477481,
    0.3393221771895328,
    0.372759372031494,
    0.4094915062380424,
    0.44984326689694454,
    0.49417133613238345,
    0.5428675439323859,
    0.5963623316594643,
    0.6551285568595507,
    0.7196856730011519,
    0.7906043210907697,
    0.8685113737513525,
    0.9540954763499939,
    1.0481131341546859,
    1.151395399326447,
    1.2648552168552958,
    1.3894954943731375,
    1.5264179671752334,
    1.6768329368110073,
    1.8420699693267153,
    2.0235896477251565,
    2.2229964825261943,
    2.442053094548651,
    2.6826957952797246,
    2.9470517025518097,
    3.2374575428176433,
    3.5564803062231283,
    3.9069399370546147,
    4.291934260128776,
    4.714866363457392,
    5.17947467923121,
    5.689866029018296,
    6.250551925273969,
    6.866488450042998,
    7.543120063354615,
    8.286427728546842,
    9.102981779915218,
    10.0
  ],
  "gamma_max": [
    -2.582905801941683,
    -2.5790812507884655,
    -2.5751182284916303,
    -2.571054851517184,
    -2.56694447365075,
    -2.5628597924573273,
    -2.558897957910263,
    -2.5551869142764407,
    -2.551893253412248,
    -2.5492319097362044,
    -2.547478083805085,
    -2.4945406838877475,
    -2.412698746700528,
    -2.325951236188953,
    -2.234563154175703,
    -2.13898972624188,
    -2.0399237411153437,
    -1.93834944013287,
    -1.8356026378417676,
    -1.7334364561488234,
    -1.6340918163988702,
    -1.540371703900608,
    -1.455718213777111,
    -1.384291515676076,
    -1.331050213122719,
    -1.3018334327210692,
    -1.3034472106836599,
    -1.343762997112111,
    -1.4318468993972937,
    -1.5781572363647842,
    -1.187188855625378,
    -0.817857941031467,
    -0.5197814826893391,
    -0.3400833209575109,
    -0.3341728587496321,
    -0.56393534695599,
    -1.0963515597554851,
    -2.002838581056195,
    -3.3598971648743263,
    -5.251405079857914,
    -7.77242189423304,
    -11.033987268584768,
    -15.168107956788617,
    -20.331598707240964,
    -26.70616924646597,
    -34.49127645061467,
    -43.89583084400048,
    -55.164508291674835,
    -68.65186199532745,
    -84.86205047144941
  ],
  "omega_max": [
    1.6649487048990559,
    1.691778662342286,
    1.7213429426570441,
    1.7539271852391976,
    1.789847717024744,
    1.829454838883516,
    1.8731364031303195,
    1.9213216743130945,
    1.9744854468582063,
    2.033152364860614,
    2.0979013500905164,
    7.46941233852414,
    7.569934022446287,
    7.680931138445221,
    7.803406838984249,
    7.938415699319987,
    8.087051899877952,
    8.250434340840348,
    8.429690026348128,
    8.62593828415474,
    8.840279811447749,
    9.073795863536613,
    9.327563555257944,
    9.602692401085918,
    9.900383826479432,
    10.222008449218853,
    10.569184905698217,
    10.943829542975395,
    11.348131092443348,
    11.784394225009338,
    10.226523470008752,
    10.657106394051008,
    11.163671994866823,
    11.75765184151062,
    12.448631723061242,
    13.24525358202132,
    14.155974911904218,
    15.189725591960668,
    16.35664983019448,
    17.669046645948853,
    19.14263025585277,
    20.798341200440017,
    22.665086384748786,
    24.78378392382449,
    27.212079453266032,
    30.024294501910553,
    33.291691141896216,
    37.04294007507923,
    41.26781879455417,
    45.993492697133185
  ],
  "params": {
    "alpha": -54.0,
    "dT": 0.8888888888888888,
    "dR": 1.0
  },
  "metadata": {
    "shear_max": 7.472669286123417,
    "vel_net": 3.142587819742087,
    "resolution": {
      "H": 25,
      "M": 65,
      "Nz": 129,
      "Nth": 128
    },
    "timestamp": "2026-04-16T19:21:39.722007"
  }
}