{
  "k": [
    0.1,
    0.10985411419875583,
    0.12067926406393285,
    0.13257113655901093,
    0.14563484775012436,
    0.15998587196060582,
    0.1757510624854792,
    0.193069772888325,
    0.21209508879201905,
    0.2329951810515372,
    0.2559547922699536,
    0.281176869797423,
    0.3088843596477481,
    0.3393221771895328,
    0.372759372031494,
    0.4094915062380424,
    0.44984326689694454,
    0.49417133613238345,
    0.5428675439323859,
    0.5963623316594643,
    0.6551285568595507,
    0.7196856730011519,
    0.7906043210907697,
    0.8685113737513525,
    0.9540954763499939,
    1.0481131341546859,
    1.151395399326447,
    1.2648552168552958,
    1.3894954943731375,
    1.5264179671752334,
    1.6768329368110073,
    1.8420699693267153,
    2.0235896477251565,
    2.2229964825261943,
    2.442053094548651,
    2.6826957952797246,
    2.9470517025518097,
    3.2374575428176433,
    3.5564803062231283,
    3.9069399370546147,
    4.291934260128776,
    4.714866363457392,
    5.17947467923121,
    5.689866029018296,
    6.250551925273969,
    6.866488450042998,
    7.543120063354615,
    8.286427728546842,
    9.102981779915218,
    10.0
  ],
  "gamma_max": [
    -0.13662190464559784,
    -0.14572285887485814,
    -0.1566806685020905,
    -0.16987011617625497,
    -0.1857415042696564,
    -0.20483780418989309,
    -0.22781923735809764,
    -0.25550386288720695,
    -0.28894953801272183,
    -0.3296690975359461,
    -0.38044901946785603,
    -0.4528904399525185,
    -0.5129445530614896,
    -0.547654668174036,
    -0.588245545187522,
    -0.6050406273218999,
    -0.5726619410419972,
    -0.5609796583709163,
    -0.5529857309384674,
    -0.5465574262091653,
    -0.5411608762657618,
    -0.5367648100554412,
    -0.485336472702036,
    -0.258588024905596,
    -0.031944665898750044,
    0.19021112858191114,
    0.4018702800304301,
    0.5943247538268732,
    0.7544256558421063,
    0.8617379912750764,
    0.8837093362199576,
    0.7672421983265096,
    0.4278828680904483,
    1.1262153565708075,
    2.625468130877537,
    3.9054742094853427,
    4.724564669923119,
    5.0291666572899745,
    4.742673177271905,
    3.6838385766067585,
    1.4340623294778836,
    -0.7442539525440898,
    -0.07794393127471214,
    -0.04296397543702249,
    -0.5130288013499978,
    -1.4476486243179407,
    -2.8691799058858196,
    -4.837868398894071,
    -7.445529876324856,
    -10.814189300981077
  ],
  "omega_max": [
    -2.682008713690019e-13,
    -6.351049633033171e-13,
    -2.2047074992512862e-13,
    -8.926046459830666e-13,
    1.5673912264902534e-13,
    2.075942708579961e-12,
    1.0740650737286849e-12,
    -1.1961876396294101e-12,
    -6.980926155765337e-13,
    1.8100579245086418e-13,
    -2.745479411410577e-13,
    1.3287308427633652e-12,
    0.05694491216120597,
    0.07456703050886476,
    0.06894651651858427,
    1.309481266182768e-12,
    -7.468166723212329e-14,
    3.750849314489552e-14,
    -2.2222247851248176e-14,
    2.1546122756283396e-14,
    -5.184507861961579e-14,
    -2.1680119818312878e-14,
    -7.664000503213877,
    -7.783539303812851,
    7.8955818262027195,
    7.992026404115472,
    -8.062812736730429,
    -8.095848911209623,
    -8.077068881569662,
    7.990786978421551,
    -7.8208301934340945,
    -7.554260859411855,
    -7.1949476606797536,
    -1.2105731689950692e-12,
    -2.5702128137630925e-12,
    -4.968163636836082e-13,
    -2.6281109686789026e-12,
    2.401988798070757e-11,
    -4.028239384272049e-12,
    -7.30221245617029e-12,
    -1.9026460909787964e-11,
    -9.220271783974168,
    -10.498669342290658,
    12.049928190938404,
    -13.691207766289326,
    -15.412174703860785,
    -17.234636329854197,
    19.19354623271473,
    -21.34066266919294,
    23.763823442541682
  ],
  "params": {
    "alpha": -54.0,
    "dT": 0.16666666666666666,
    "dR": 1.0
  },
  "metadata": {
    "shear_max": 7.649128952011923,
    "vel_net": 1.9984014443252818e-14,
    "resolution": {
      "H": 25,
      "M": 65,
      "Nz": 129,
      "Nth": 128
    },
    "timestamp": "2026-04-16T14:56:15.045567"
  }
}