{
  "k": [
    0.1,
    0.10985411419875583,
    0.12067926406393285,
    0.13257113655901093,
    0.14563484775012436,
    0.15998587196060582,
    0.1757510624854792,
    0.193069772888325,
    0.21209508879201905,
    0.2329951810515372,
    0.2559547922699536,
    0.281176869797423,
    0.3088843596477481,
    0.3393221771895328,
    0.372759372031494,
    0.4094915062380424,
    0.44984326689694454,
    0.49417133613238345,
    0.5428675439323859,
    0.5963623316594643,
    0.6551285568595507,
    0.7196856730011519,
    0.7906043210907697,
    0.8685113737513525,
    0.9540954763499939,
    1.0481131341546859,
    1.151395399326447,
    1.2648552168552958,
    1.3894954943731375,
    1.5264179671752334,
    1.6768329368110073,
    1.8420699693267153,
    2.0235896477251565,
    2.2229964825261943,
    2.442053094548651,
    2.6826957952797246,
    2.9470517025518097,
    3.2374575428176433,
    3.5564803062231283,
    3.9069399370546147,
    4.291934260128776,
    4.714866363457392,
    5.17947467923121,
    5.689866029018296,
    6.250551925273969,
    6.866488450042998,
    7.543120063354615,
    8.286427728546842,
    9.102981779915218,
    10.0
  ],
  "gamma_max": [
    -0.09943170834179312,
    -0.10785539294611922,
    -0.11799198449102258,
    -0.1301835586481616,
    -0.14483843397851284,
    -0.162443906120346,
    -0.18358249411075825,
    -0.20895480277745962,
    -0.23941773739884348,
    -0.27606680176647486,
    -0.3204823977106232,
    -0.3759312602647059,
    -0.46056493057819814,
    -0.4932547793375295,
    -0.5315934020539655,
    -0.516515488382148,
    -0.5029282482700869,
    -0.49453433949021025,
    -0.48739092684937485,
    -0.4807008732558191,
    -0.47429738971659396,
    -0.4682632805685211,
    -0.46282936517098117,
    -0.28801069954008884,
    -0.07186655757176857,
    0.13981224238424092,
    0.34123112594514476,
    0.524083872140271,
    0.6759697437445767,
    0.7778491162760941,
    0.7998586470954193,
    0.6945176349852298,
    0.39046020464347625,
    0.990025179330651,
    2.3476263573324183,
    3.5334401925982273,
    4.298131937642938,
    4.581694994156666,
    4.3128493871617835,
    3.3351822524900054,
    1.3316801705941463,
    -0.6100784892322029,
    -0.062475020585029094,
    -0.014278640052597316,
    -0.41177074870243624,
    -1.229970511995913,
    -2.4911938110275975,
    -4.2505452583875,
    -6.588620798251174,
    -9.590872351649425
  ],
  "omega_max": [
    6.595896020096955e-15,
    -4.7585109701908225e-14,
    2.2935833900863787e-14,
    -2.0068989528377042e-14,
    -3.403860296983628e-14,
    1.0641298032319722e-14,
    -2.8962725705542513e-14,
    1.3783730697910121e-14,
    -1.5706245920925303e-14,
    -5.531036329967742e-14,
    4.5588499179477654e-14,
    -4.5778533661410765e-14,
    -0.02328878135446382,
    -0.05111461504388286,
    -0.04230910300650455,
    2.503784166012232e-14,
    1.3424501113291032e-14,
    1.134163251069273e-14,
    4.283648128312512e-15,
    -1.2588388612251488e-14,
    -9.669624651294932e-15,
    1.655288409430344e-14,
    -7.774051754259608e-15,
    7.399914690563958,
    7.50460459818555,
    -7.5948467321157,
    -7.661271032496267,
    7.69264370543654,
    -7.6759450142461,
    -7.596717465965624,
    -7.440085676928285,
    7.193892608418846,
    -6.85956960041411,
    -1.579474348940887e-12,
    4.371997588773795e-13,
    5.348839257913346e-12,
    1.0217728741568251e-11,
    1.4704009980425666e-11,
    -4.6373734931597483e-11,
    4.383833203877467e-11,
    -5.359297219734803e-12,
    -9.150721649056882,
    -10.307952006567037,
    11.742157120278225,
    -13.293614886687646,
    14.943218402159284,
    16.710272331035185,
    18.633843847651384,
    20.780417065626864,
    -23.272053502594527
  ],
  "params": {
    "alpha": -51.0,
    "dT": 0.14285714285714285,
    "dR": 1.0
  },
  "metadata": {
    "shear_max": 7.274688279199431,
    "vel_net": 1.3655743202889425e-14,
    "resolution": {
      "H": 25,
      "M": 65,
      "Nz": 129,
      "Nth": 128
    },
    "timestamp": "2026-04-16T08:53:19.408752"
  }
}