{
  "k": [
    0.1,
    0.10985411419875583,
    0.12067926406393285,
    0.13257113655901093,
    0.14563484775012436,
    0.15998587196060582,
    0.1757510624854792,
    0.193069772888325,
    0.21209508879201905,
    0.2329951810515372,
    0.2559547922699536,
    0.281176869797423,
    0.3088843596477481,
    0.3393221771895328,
    0.372759372031494,
    0.4094915062380424,
    0.44984326689694454,
    0.49417133613238345,
    0.5428675439323859,
    0.5963623316594643,
    0.6551285568595507,
    0.7196856730011519,
    0.7906043210907697,
    0.8685113737513525,
    0.9540954763499939,
    1.0481131341546859,
    1.151395399326447,
    1.2648552168552958,
    1.3894954943731375,
    1.5264179671752334,
    1.6768329368110073,
    1.8420699693267153,
    2.0235896477251565,
    2.2229964825261943,
    2.442053094548651,
    2.6826957952797246,
    2.9470517025518097,
    3.2374575428176433,
    3.5564803062231283,
    3.9069399370546147,
    4.291934260128776,
    4.714866363457392,
    5.17947467923121,
    5.689866029018296,
    6.250551925273969,
    6.866488450042998,
    7.543120063354615,
    8.286427728546842,
    9.102981779915218,
    10.0
  ],
  "gamma_max": [
    -2.1516283094543787,
    -2.1501199483264877,
    -2.1487110897419823,
    -2.147463397728157,
    -2.146455531489274,
    -2.1457871423865926,
    -2.1455837631486157,
    -2.1460027821594294,
    -2.128162658715648,
    -2.06629677601314,
    -2.000490844886317,
    -1.9308644815878253,
    -1.8576609735163832,
    -1.781279773581984,
    -1.7023140861865724,
    -1.621593615117173,
    -1.5402323790946253,
    -1.4596813575079972,
    -1.3817856415073653,
    -1.308845770047786,
    -1.2436830592500885,
    -1.189709009103632,
    -1.1509993170891892,
    -1.1323736696482498,
    -1.1394833667491535,
    -1.1789100425302956,
    -1.2582803965924971,
    -1.3864041228298674,
    -1.573445404120942,
    -1.8311429711795313,
    -2.1731010564080244,
    -2.175174412228097,
    -2.1930203971403044,
    -2.3465438014485263,
    -2.6814521111981797,
    -3.249355928829124,
    -4.10677494238503,
    -5.315269919624034,
    -6.942866362923315,
    -9.066759546167946,
    -11.777156112324414,
    -15.182087732542099,
    -19.413195813748892,
    -24.63287973371098,
    -31.044057488883944,
    -38.90627682075293,
    -48.57235053269432,
    -60.580354067838414,
    -74.16826143596943,
    -89.82644682193587
  ],
  "omega_max": [
    0.9894568690353392,
    1.006786799694321,
    1.0259294115147628,
    1.0470824333835886,
    1.0704660724151798,
    1.096325493522267,
    1.1249334700953377,
    1.1565931610883322,
    5.136007280340836,
    5.193522438230856,
    5.257135191327938,
    5.327439400349173,
    5.405057086854192,
    5.490628627854954,
    5.584799392183224,
    5.6882028498968,
    5.801440760493328,
    5.925061883072102,
    6.059541743239297,
    6.205267275259088,
    6.362531484298043,
    6.531544343632646,
    6.712466536522979,
    6.905471792271689,
    7.110840850926794,
    7.329085059016454,
    7.561090206664303,
    7.80826210454521,
    8.072645906605494,
    8.356983044333694,
    8.664664294195427,
    7.820141930870179,
    8.152192079242733,
    8.535637770412501,
    8.979699581289992,
    9.492707398180611,
    10.08241397240351,
    10.756439269417818,
    11.522705564116919,
    12.38989302573284,
    13.367977981266332,
    14.468926625444663,
    15.707666375155641,
    17.10361349329275,
    18.683543912358815,
    20.48863271169306,
    22.600826841010704,
    25.368147442716698,
    20.441054868962027,
    33.7513091272399
  ],
  "params": {
    "alpha": -41.0,
    "dT": 0.8888888888888888,
    "dR": 1.0
  },
  "metadata": {
    "shear_max": 5.23080792999007,
    "vel_net": 2.1623138974674267,
    "resolution": {
      "H": 25,
      "M": 65,
      "Nz": 129,
      "Nth": 128
    },
    "timestamp": "2026-04-13T16:21:04.920996"
  }
}