{
  "k": [
    0.1,
    0.10985411419875583,
    0.12067926406393285,
    0.13257113655901093,
    0.14563484775012436,
    0.15998587196060582,
    0.1757510624854792,
    0.193069772888325,
    0.21209508879201905,
    0.2329951810515372,
    0.2559547922699536,
    0.281176869797423,
    0.3088843596477481,
    0.3393221771895328,
    0.372759372031494,
    0.4094915062380424,
    0.44984326689694454,
    0.49417133613238345,
    0.5428675439323859,
    0.5963623316594643,
    0.6551285568595507,
    0.7196856730011519,
    0.7906043210907697,
    0.8685113737513525,
    0.9540954763499939,
    1.0481131341546859,
    1.151395399326447,
    1.2648552168552958,
    1.3894954943731375,
    1.5264179671752334,
    1.6768329368110073,
    1.8420699693267153,
    2.0235896477251565,
    2.2229964825261943,
    2.442053094548651,
    2.6826957952797246,
    2.9470517025518097,
    3.2374575428176433,
    3.5564803062231283,
    3.9069399370546147,
    4.291934260128776,
    4.714866363457392,
    5.17947467923121,
    5.689866029018296,
    6.250551925273969,
    6.866488450042998,
    7.543120063354615,
    8.286427728546842,
    9.102981779915218,
    10.0
  ],
  "gamma_max": [
    -0.03610466112289532,
    -0.0440122128178347,
    -0.05352622844468228,
    -0.0649658140739142,
    -0.07871012106221692,
    -0.09520809032003011,
    -0.11498903166225553,
    -0.13867369909725105,
    -0.16698519831679065,
    -0.20075836485924572,
    -0.240944073734659,
    -0.28859439043907487,
    -0.3447288456545566,
    -0.4078337222558447,
    -0.42596485059149064,
    -0.4208751174722898,
    -0.41396797775638744,
    -0.40588025471743605,
    -0.3966713378206625,
    -0.3863358728404717,
    -0.37486640188539766,
    -0.362266695548615,
    -0.3485503489690407,
    -0.18274119823522034,
    -0.01126876233155599,
    0.15371881647633046,
    0.30751825651707154,
    0.44386952889563,
    0.5541107960233006,
    0.6260079073439148,
    0.6422760473955569,
    0.5792976601172973,
    0.4089448749106097,
    0.3814737351082314,
    0.932683819608496,
    1.5774648856619344,
    2.013333932957043,
    2.082423898392373,
    1.6927247431812367,
    0.7016669257007936,
    -0.8043395060995769,
    -0.6239890851517376,
    -0.5860690739231541,
    -0.7690042938682224,
    -1.201014447359382,
    -1.8996857606866466,
    -2.887056887704114,
    -4.188134437600276,
    -5.8218982699195205,
    -7.7948481483380245
  ],
  "omega_max": [
    -9.071874634444877e-13,
    8.421474337148991e-13,
    -3.974722814871808e-14,
    1.0717227010371376e-13,
    -4.210646012769251e-13,
    9.591791324012563e-13,
    -8.86113031778484e-13,
    -8.061544377577066e-13,
    -5.449444609731651e-13,
    -1.6093910799795353e-13,
    8.353670884555853e-13,
    -3.564271739415805e-12,
    1.055214663337319e-12,
    -8.253829211647861e-13,
    -6.870637693949489e-13,
    -5.076091443519435e-14,
    -1.378047812015916e-13,
    -7.144814814845974e-14,
    -1.108381490162689e-13,
    2.1760546023548367e-13,
    -4.753082389798833e-14,
    -1.5351747931466608e-13,
    8.287414699179353e-14,
    -5.705603600862441,
    5.789670737974118,
    -5.863208750949305,
    5.919352510551958,
    -5.950127515115117,
    5.946591242315422,
    -5.89914483018317,
    5.798217003265069,
    5.636067874472176,
    -5.413339078783662,
    1.3053573297819045e-12,
    -6.1217971905470285e-12,
    -1.458698747093005e-11,
    -1.3937666647976181e-11,
    3.729476727618155e-12,
    1.422013817440467e-11,
    -1.5162363323815887e-11,
    7.545113728221898,
    8.279444049901915,
    -9.21622450148929,
    10.320341592247974,
    -11.561813828168582,
    12.938611002724828,
    -14.469490789579924,
    -16.188822404593978,
    -18.140554320080394,
    -20.35984715249436
  ],
  "params": {
    "alpha": -41.0,
    "dT": 0.1,
    "dR": 1.0
  },
  "metadata": {
    "shear_max": 5.730424597508767,
    "vel_net": 1.8418599978531347e-13,
    "resolution": {
      "H": 25,
      "M": 65,
      "Nz": 129,
      "Nth": 128
    },
    "timestamp": "2026-04-15T20:28:14.905136"
  }
}