{
  "k": [
    0.1,
    0.10985411419875583,
    0.12067926406393285,
    0.13257113655901093,
    0.14563484775012436,
    0.15998587196060582,
    0.1757510624854792,
    0.193069772888325,
    0.21209508879201905,
    0.2329951810515372,
    0.2559547922699536,
    0.281176869797423,
    0.3088843596477481,
    0.3393221771895328,
    0.372759372031494,
    0.4094915062380424,
    0.44984326689694454,
    0.49417133613238345,
    0.5428675439323859,
    0.5963623316594643,
    0.6551285568595507,
    0.7196856730011519,
    0.7906043210907697,
    0.8685113737513525,
    0.9540954763499939,
    1.0481131341546859,
    1.151395399326447,
    1.2648552168552958,
    1.3894954943731375,
    1.5264179671752334,
    1.6768329368110073,
    1.8420699693267153,
    2.0235896477251565,
    2.2229964825261943,
    2.442053094548651,
    2.6826957952797246,
    2.9470517025518097,
    3.2374575428176433,
    3.5564803062231283,
    3.9069399370546147,
    4.291934260128776,
    4.714866363457392,
    5.17947467923121,
    5.689866029018296,
    6.250551925273969,
    6.866488450042998,
    7.543120063354615,
    8.286427728546842,
    9.102981779915218,
    10.0
  ],
  "gamma_max": [
    0.3054750574841762,
    0.3033194509502971,
    0.3007181600735778,
    0.29757905156790215,
    0.2937909499383777,
    0.2892197014384099,
    0.2837034227062781,
    0.2770467631587033,
    0.2690139728278312,
    0.25932051992411226,
    0.2476229415818844,
    0.2335065331695574,
    0.2164703735314285,
    0.19590903669010534,
    0.17109012563188958,
    0.14112644243979508,
    0.10494110362176258,
    0.06122307720302266,
    0.008369180564265754,
    -0.05559406754570683,
    -0.13312056710877163,
    -0.22730984447463493,
    -0.3421778652406695,
    -0.48316144477293715,
    -0.6582554824034587,
    -0.881517890028467,
    -1.1948913939788286,
    -1.5617650499194193,
    -1.8113263874063268,
    -2.1120725240619653,
    -2.4746034948141467,
    -2.911738080320643,
    -3.438974300488998,
    -4.0750434321028,
    -4.842577893907065,
    -5.768918558682568,
    -6.827969295580259,
    -8.108191689614904,
    -9.684253791670715,
    -11.613173502618004,
    -13.963619405560141,
    -16.818638923900078,
    -20.278828837088433,
    -24.466041659918577,
    -29.527763896138552,
    -35.64233821933932,
    -43.02523504915888,
    -51.93661509087353,
    -62.69046749875557,
    -75.6656607544232
  ],
  "omega_max": [
    2.122502735021071e-15,
    3.994435637573377e-14,
    5.196971349075811e-16,
    -9.681080286277109e-15,
    6.3418614798648395e-15,
    -3.269284519362991e-15,
    6.561584793519019e-15,
    -7.861915793658995e-15,
    4.63821546415141e-14,
    2.0934828900791745e-14,
    2.999348681329081e-15,
    7.317326353404576e-15,
    1.0790850009303402e-14,
    -2.7061096772118827e-14,
    1.5121685867201823e-14,
    3.5361739965779134e-16,
    -7.458187263465758e-15,
    -3.950567586292059e-17,
    -2.90682629373332e-16,
    8.968822348032414e-16,
    -1.2717159206668253e-14,
    3.4698613919229614e-15,
    -5.134256380289001e-14,
    1.8534936943736732e-14,
    -2.6805406250278e-15,
    1.078594332384122e-13,
    -1.9818864957662296e-13,
    -0.227693193112896,
    0.3791923799979156,
    0.5032416110744659,
    0.6195648407543906,
    0.734906607868152,
    0.8529242837279426,
    -0.976178022676346,
    1.1067878206381347,
    1.2467117347786332,
    1.237279562879688,
    1.3744198021769756,
    -1.53986833295866,
    1.7336953221645257,
    1.9556795952511168,
    -2.2059943122800476,
    2.4855584586768185,
    2.7961558849895716,
    3.140436480490144,
    -3.5218782195945213,
    -3.9447507857165967,
    -4.41409584317498,
    -4.935726503104882,
    5.516246198328528
  ],
  "params": {
    "alpha": -25.0,
    "dT": 0.75,
    "dR": 1.0
  },
  "metadata": {
    "shear_max": 5.075845261430857e-09,
    "vel_net": 1.0339757656912846e-25,
    "resolution": {
      "H": 25,
      "M": 65,
      "Nz": 129,
      "Nth": 128
    },
    "timestamp": "2026-04-13T12:38:22.669408"
  }
}