{
  "k": [
    0.1,
    0.10985411419875583,
    0.12067926406393285,
    0.13257113655901093,
    0.14563484775012436,
    0.15998587196060582,
    0.1757510624854792,
    0.193069772888325,
    0.21209508879201905,
    0.2329951810515372,
    0.2559547922699536,
    0.281176869797423,
    0.3088843596477481,
    0.3393221771895328,
    0.372759372031494,
    0.4094915062380424,
    0.44984326689694454,
    0.49417133613238345,
    0.5428675439323859,
    0.5963623316594643,
    0.6551285568595507,
    0.7196856730011519,
    0.7906043210907697,
    0.8685113737513525,
    0.9540954763499939,
    1.0481131341546859,
    1.151395399326447,
    1.2648552168552958,
    1.3894954943731375,
    1.5264179671752334,
    1.6768329368110073,
    1.8420699693267153,
    2.0235896477251565,
    2.2229964825261943,
    2.442053094548651,
    2.6826957952797246,
    2.9470517025518097,
    3.2374575428176433,
    3.5564803062231283,
    3.9069399370546147,
    4.291934260128776,
    4.714866363457392,
    5.17947467923121,
    5.689866029018296,
    6.250551925273969,
    6.866488450042998,
    7.543120063354615,
    8.286427728546842,
    9.102981779915218,
    10.0
  ],
  "gamma_max": [
    -1.7164862848354436,
    -1.7185963327900677,
    -1.7211411385795965,
    -1.7242098911262946,
    -1.7279099015073527,
    -1.7323702072300549,
    -1.737745858799144,
    -1.7442230018813634,
    -1.7520248798006286,
    -1.7614188889840798,
    -1.7727248201058192,
    -1.7863244042615296,
    -1.802672242925806,
    -1.8223081144082562,
    -1.8458704867707356,
    -1.8741107975007543,
    -1.8434990319713105,
    -1.7492282414489468,
    -1.651505679283055,
    -1.5512896410124541,
    -1.449864562576685,
    -1.3488964649236617,
    -1.250491882828149,
    -1.1572595322747434,
    -1.072373749141722,
    -0.9996388038292704,
    -0.9435543092228497,
    -0.9093853378651157,
    -0.903247995992665,
    -0.9322327338289456,
    -1.0046014744474003,
    -0.8386839842926098,
    -0.6145737552753274,
    -0.4633671639465391,
    -0.4207691600070896,
    -0.5259942884956785,
    -0.8208500068320088,
    -1.3496279961416486,
    -2.1599224984165493,
    -3.304557852039698,
    -4.844623096683264,
    -6.8534570789053735,
    -9.421321298870424,
    -12.660036761443633,
    -16.70489736792283,
    -21.693500103529473,
    -27.277227482569604,
    -33.67665733033659,
    -41.030907578323216,
    -49.85307429731435
  ],
  "omega_max": [
    -0.13225727800703532,
    -0.14535571068805309,
    -0.15976664841285998,
    -0.1756267466779126,
    -0.19308864353841326,
    -0.21232343340290732,
    -0.23352371427616,
    -0.256907404582201,
    -0.28272258638806586,
    -0.31125373068581413,
    -0.34282980757714215,
    -0.3778349453930491,
    -0.41672254571342005,
    -0.4600340029122703,
    -0.5084234097764818,
    -0.5626896629548822,
    -6.186657446130505,
    -6.3068464062892975,
    -6.438705568249367,
    -6.583020272788121,
    -6.740544512975132,
    -6.911996654459181,
    -7.09806721512383,
    -7.299442809439779,
    -7.516847927737473,
    -7.751101190218483,
    -8.003174814389894,
    -8.274235963864097,
    -8.565638658112816,
    -8.87882908814796,
    -9.21513077990208,
    -7.985067742669395,
    -8.380948552433766,
    -8.84452810514898,
    -9.383830490131853,
    -10.005553951564577,
    -10.716120571127952,
    -11.522467381468232,
    -12.432793836826885,
    -13.457495821466509,
    -14.610546025527196,
    -15.91181546407485,
    -17.39143229824252,
    -19.098709489258002,
    -21.1223317717835,
    -23.65396766956683,
    -18.858208850827644,
    -30.66919280474343,
    -34.46653598719623,
    -38.511128370931274
  ],
  "params": {
    "alpha": -40.0,
    "dT": 0.5,
    "dR": 1.0
  },
  "metadata": {
    "shear_max": 5.540447886065454,
    "vel_net": 2.3518777041089085,
    "resolution": {
      "H": 20,
      "M": 49,
      "Nz": 97,
      "Nth": 96
    },
    "timestamp": "2026-02-14T06:30:17.982086"
  }
}