{
  "k": [
    0.1,
    0.10985411419875583,
    0.12067926406393285,
    0.13257113655901093,
    0.14563484775012436,
    0.15998587196060582,
    0.1757510624854792,
    0.193069772888325,
    0.21209508879201905,
    0.2329951810515372,
    0.2559547922699536,
    0.281176869797423,
    0.3088843596477481,
    0.3393221771895328,
    0.372759372031494,
    0.4094915062380424,
    0.44984326689694454,
    0.49417133613238345,
    0.5428675439323859,
    0.5963623316594643,
    0.6551285568595507,
    0.7196856730011519,
    0.7906043210907697,
    0.8685113737513525,
    0.9540954763499939,
    1.0481131341546859,
    1.151395399326447,
    1.2648552168552958,
    1.3894954943731375,
    1.5264179671752334,
    1.6768329368110073,
    1.8420699693267153,
    2.0235896477251565,
    2.2229964825261943,
    2.442053094548651,
    2.6826957952797246,
    2.9470517025518097,
    3.2374575428176433,
    3.5564803062231283,
    3.9069399370546147,
    4.291934260128776,
    4.714866363457392,
    5.17947467923121,
    5.689866029018296,
    6.250551925273969,
    6.866488450042998,
    7.543120063354615,
    8.286427728546842,
    9.102981779915218,
    10.0
  ],
  "gamma_max": [
    1.0149768494545381,
    1.005794633138385,
    0.994625798259736,
    0.9810159544310165,
    0.9643939334519795,
    0.9440346641389555,
    0.9190060437011018,
    0.8880902325036701,
    0.8496620987833817,
    0.80149180080936,
    0.7404039259636465,
    0.6616429718897238,
    0.5575763270214682,
    0.41471398308674035,
    0.20577830808024503,
    -0.1418508553563613,
    -0.17578942828028526,
    -0.025453513785029646,
    0.09012469566289126,
    0.1840616487058934,
    0.26465513091432014,
    0.3357380250957109,
    0.3987807402284739,
    0.4538888444777746,
    0.5002392526583502,
    0.5362571835087557,
    0.5596568913372167,
    0.5673970120729939,
    0.5555762962541216,
    0.5192955495596348,
    0.45253504302590597,
    0.34815596448200264,
    0.1982571150258923,
    -0.004694494542395131,
    -0.26562487368205606,
    -0.5849994293708375,
    -0.7610600060792599,
    -0.9892209994254413,
    -1.363426839326665,
    -1.9080635498015803,
    -2.643150850814512,
    -3.074550061281215,
    -3.6388244310908213,
    -4.363929400451536,
    -5.280585466811899,
    -6.424406449213929,
    -7.837858075157273,
    -9.572192140924484,
    -11.689522016391999,
    -14.265203711970434
  ],
  "omega_max": [
    -6.554268084279844e-14,
    -2.3478404193455287e-13,
    -3.030348437574563e-13,
    7.651418402872714e-14,
    -1.0078892249863711e-12,
    -1.2426574072149071e-13,
    1.8786925831027319e-13,
    4.0642445624334847e-13,
    4.5176845285606866e-14,
    -1.1212158085305587e-13,
    4.885194165209192e-13,
    5.170113068206567e-13,
    1.2473839745784016e-12,
    -7.198825499385217e-13,
    3.011948820539779e-12,
    -1.1078573855457892e-12,
    1.281945526767998,
    1.3942799557148566,
    1.5255094271923506,
    -1.6582960689283532,
    -1.7886110708330705,
    1.9150765503419525,
    -2.0366109404045223,
    2.1519234737538007,
    -2.259410489834568,
    2.3571630665523826,
    -2.4430319074813287,
    2.514754448262036,
    2.570171341353856,
    2.607575586005235,
    -2.6262567587653933,
    -2.627329346376376,
    2.6149575733874597,
    2.598010135957256,
    2.5916396205393766,
    2.6170767027967665,
    -7.29233127034387e-13,
    -1.941219760766846e-12,
    8.188415748822084e-13,
    -4.7029235314047806e-14,
    -4.405211712258021,
    -4.941248745362506,
    5.516584451385101,
    6.141554171465927,
    -6.823037560904572,
    7.56758578391961,
    8.382461853151078,
    -9.276036857347869,
    -10.258009446181816,
    -11.339639316870716
  ],
  "params": {
    "alpha": -29.0,
    "dT": 0.14285714285714285,
    "dR": 1.0
  },
  "metadata": {
    "shear_max": 2.3703481533051276,
    "vel_net": 7.267652035736205e-09,
    "resolution": {
      "H": 25,
      "M": 65,
      "Nz": 129,
      "Nth": 128
    },
    "timestamp": "2026-04-13T17:52:12.311156"
  }
}