{
  "k": [
    0.1,
    0.10985411419875583,
    0.12067926406393285,
    0.13257113655901093,
    0.14563484775012436,
    0.15998587196060582,
    0.1757510624854792,
    0.193069772888325,
    0.21209508879201905,
    0.2329951810515372,
    0.2559547922699536,
    0.281176869797423,
    0.3088843596477481,
    0.3393221771895328,
    0.372759372031494,
    0.4094915062380424,
    0.44984326689694454,
    0.49417133613238345,
    0.5428675439323859,
    0.5963623316594643,
    0.6551285568595507,
    0.7196856730011519,
    0.7906043210907697,
    0.8685113737513525,
    0.9540954763499939,
    1.0481131341546859,
    1.151395399326447,
    1.2648552168552958,
    1.3894954943731375,
    1.5264179671752334,
    1.6768329368110073,
    1.8420699693267153,
    2.0235896477251565,
    2.2229964825261943,
    2.442053094548651,
    2.6826957952797246,
    2.9470517025518097,
    3.2374575428176433,
    3.5564803062231283,
    3.9069399370546147,
    4.291934260128776,
    4.714866363457392,
    5.17947467923121,
    5.689866029018296,
    6.250551925273969,
    6.866488450042998,
    7.543120063354615,
    8.286427728546842,
    9.102981779915218,
    10.0
  ],
  "gamma_max": [
    0.4865026186016645,
    0.4855483105195345,
    0.48439692907220233,
    0.48300783980656636,
    0.48133205615560354,
    0.47931053286389685,
    0.4768721139446549,
    0.4739310656843923,
    0.4703841106186825,
    0.46610685995219125,
    0.4609495177575084,
    0.45473169733928187,
    0.4472361432768334,
    0.4382010823744439,
    0.4273108166597354,
    0.41418399184621757,
    0.39835867087994203,
    0.37927281236980875,
    0.3562378005425263,
    0.3284008958353487,
    0.2946890041403075,
    0.2537189485110758,
    0.20364310269093855,
    0.14185776291007685,
    0.06437786578699825,
    -0.035785666704674784,
    -0.17454353773320597,
    -0.44028734968492783,
    -0.5768760689823257,
    -0.6269106576693463,
    -0.6857863272692446,
    -0.7553256487879426,
    -0.837768020150648,
    -0.9358444245518196,
    -1.0528680902442868,
    -1.1928464888405919,
    -1.3369887938356682,
    -1.5005292875932892,
    -1.7103593524226066,
    -1.9745811490934064,
    -2.3028996763592273,
    -2.7070136667090012,
    -3.2010659334267015,
    -3.8021551535136595,
    -4.530922700098674,
    -5.412237701320935,
    -6.47601157282861,
    -7.758181085937057,
    -9.301907102604826,
    -11.159043383248259
  ],
  "omega_max": [
    1.4155243446779929e-15,
    -1.6773256423307688e-15,
    2.1871154442102794e-16,
    -1.2738437180169802e-16,
    2.467253576053912e-15,
    -1.898464368081759e-15,
    1.6305479093165102e-16,
    2.6940939896031074e-16,
    4.153892190206956e-16,
    1.5184480947153997e-15,
    -3.0865407224639622e-15,
    2.824097799762676e-15,
    -4.0901783270627163e-16,
    7.342584863908197e-16,
    3.2701354010201097e-16,
    -2.907547767308268e-16,
    -2.540289744013759e-15,
    2.091928165206719e-15,
    1.2393733753110905e-15,
    -3.5406763112248447e-16,
    3.08069854891368e-16,
    -9.577706793382229e-16,
    -2.455965911651686e-17,
    -1.2963224255636499e-15,
    4.63361795795264e-17,
    -5.043354713415847e-16,
    -1.4655060351058779e-15,
    4.687158569177093e-15,
    0.32232535894462583,
    -0.48652322993083597,
    0.6271119832943942,
    -0.7603178697568208,
    0.8925906407533416,
    -1.0276669196481834,
    -1.168258283230901,
    1.3166455994786774,
    1.3864851514538403,
    -1.5417454416631966,
    -1.7167559603921987,
    -1.9128498835127985,
    -2.131564317383565,
    2.3747856842481125,
    2.6448573453758133,
    -2.9446570914737733,
    -3.2776546250030307,
    -3.647957007682289,
    4.060346255229364,
    -4.520310581320992,
    5.034071287036562,
    -5.608611774702823
  ],
  "params": {
    "alpha": -20.0,
    "dT": 0.1,
    "dR": 1.0
  },
  "metadata": {
    "shear_max": 9.864193185676063e-09,
    "vel_net": 1.6103921109658787e-14,
    "resolution": {
      "H": 20,
      "M": 49,
      "Nz": 97,
      "Nth": 96
    },
    "timestamp": "2026-02-12T18:58:27.354972"
  }
}