{
  "k": [
    0.1,
    0.10985411419875583,
    0.12067926406393285,
    0.13257113655901093,
    0.14563484775012436,
    0.15998587196060582,
    0.1757510624854792,
    0.193069772888325,
    0.21209508879201905,
    0.2329951810515372,
    0.2559547922699536,
    0.281176869797423,
    0.3088843596477481,
    0.3393221771895328,
    0.372759372031494,
    0.4094915062380424,
    0.44984326689694454,
    0.49417133613238345,
    0.5428675439323859,
    0.5963623316594643,
    0.6551285568595507,
    0.7196856730011519,
    0.7906043210907697,
    0.8685113737513525,
    0.9540954763499939,
    1.0481131341546859,
    1.151395399326447,
    1.2648552168552958,
    1.3894954943731375,
    1.5264179671752334,
    1.6768329368110073,
    1.8420699693267153,
    2.0235896477251565,
    2.2229964825261943,
    2.442053094548651,
    2.6826957952797246,
    2.9470517025518097,
    3.2374575428176433,
    3.5564803062231283,
    3.9069399370546147,
    4.291934260128776,
    4.714866363457392,
    5.17947467923121,
    5.689866029018296,
    6.250551925273969,
    6.866488450042998,
    7.543120063354615,
    8.286427728546842,
    9.102981779915218,
    10.0
  ],
  "gamma_max": [
    -0.0946448258552662,
    -0.10289024117990146,
    -0.1128084426187879,
    -0.12473147943629384,
    -0.13905451956837223,
    -0.15624714380964863,
    -0.17686705395194302,
    -0.20157796566343827,
    -0.23117669184786088,
    -0.2666456083179458,
    -0.3092946038779292,
    -0.3613601638468029,
    -0.4336618404705019,
    -0.483802063846246,
    -0.5218014593030866,
    -0.5019075809506153,
    -0.49296718715631316,
    -0.4871968894585758,
    -0.4823926374105018,
    -0.4781516686594993,
    -0.4745074367624947,
    -0.4717054820617657,
    -0.4701494828763407,
    -0.3455447986689952,
    -0.11285229941057848,
    0.11682686784515367,
    0.3372461137828379,
    0.5391212111499744,
    0.7080923326624534,
    0.8212738996208171,
    0.841150235381679,
    0.7046226719444282,
    0.3112573449288531,
    1.6487402076280815,
    3.330989412356639,
    4.70425597680703,
    5.617935775506195,
    6.038233486735743,
    5.902464864409548,
    5.071789140791707,
    3.2613718245534344,
    0.11880948178902447,
    0.5580073826525479,
    0.8531219218198481,
    0.6291559456952567,
    -0.05625914223030712,
    -1.2100191394458637,
    -2.8806648950967566,
    -5.148860610099228,
    -8.120263057852519
  ],
  "omega_max": [
    -2.9081699571397766e-15,
    -1.0989081009022475e-15,
    -2.20432368581509e-14,
    -4.9287097682750836e-14,
    -7.760890172415274e-14,
    -4.874290378636074e-14,
    -1.3886654372376911e-15,
    3.3994230461978445e-14,
    -6.297542746855525e-14,
    5.489508724298941e-14,
    1.0384322126488641e-16,
    -7.493010894873477e-15,
    5.037959155429315e-13,
    0.040820353119050655,
    0.030235399685356577,
    1.3614833562882673e-14,
    -1.7722929523462138e-15,
    2.5291936858461444e-14,
    2.684339437341322e-14,
    3.125165960082294e-14,
    -2.5207636046551045e-14,
    1.0138636158862378e-14,
    2.3247154760090463e-14,
    -8.067734738606783,
    -8.180230833719447,
    -8.27672090059631,
    8.346779352381645,
    8.377731862126257,
    -8.354685538041208,
    8.260909059332,
    8.079209257933178,
    7.796763384780023,
    7.421553257777011,
    1.7831927355387e-11,
    4.258359755688311e-12,
    4.0199920200108566e-12,
    2.172040361335056e-12,
    -3.229264120339458e-12,
    -3.2931344586369965e-12,
    1.206231910946229e-12,
    -3.018158016328414e-11,
    -6.184950987857874e-11,
    -10.966149027618389,
    12.53272125693057,
    -14.239682495955948,
    16.043082618421145,
    -17.95789588208477,
    -20.020114665587137,
    22.28770907690301,
    -24.862725545661633
  ],
  "params": {
    "alpha": -55.0,
    "dT": 0.14285714285714285,
    "dR": 1.0
  },
  "metadata": {
    "shear_max": 7.924884975288209,
    "vel_net": 2.042810365310288e-14,
    "resolution": {
      "H": 25,
      "M": 65,
      "Nz": 129,
      "Nth": 128
    },
    "timestamp": "2026-04-16T13:30:40.180844"
  }
}