{
  "k": [
    0.1,
    0.10985411419875583,
    0.12067926406393285,
    0.13257113655901093,
    0.14563484775012436,
    0.15998587196060582,
    0.1757510624854792,
    0.193069772888325,
    0.21209508879201905,
    0.2329951810515372,
    0.2559547922699536,
    0.281176869797423,
    0.3088843596477481,
    0.3393221771895328,
    0.372759372031494,
    0.4094915062380424,
    0.44984326689694454,
    0.49417133613238345,
    0.5428675439323859,
    0.5963623316594643,
    0.6551285568595507,
    0.7196856730011519,
    0.7906043210907697,
    0.8685113737513525,
    0.9540954763499939,
    1.0481131341546859,
    1.151395399326447,
    1.2648552168552958,
    1.3894954943731375,
    1.5264179671752334,
    1.6768329368110073,
    1.8420699693267153,
    2.0235896477251565,
    2.2229964825261943,
    2.442053094548651,
    2.6826957952797246,
    2.9470517025518097,
    3.2374575428176433,
    3.5564803062231283,
    3.9069399370546147,
    4.291934260128776,
    4.714866363457392,
    5.17947467923121,
    5.689866029018296,
    6.250551925273969,
    6.866488450042998,
    7.543120063354615,
    8.286427728546842,
    9.102981779915218,
    10.0
  ],
  "gamma_max": [
    1.45000391017955,
    1.4476508842395097,
    1.4448121130924445,
    1.4413875272699996,
    1.4372565323095565,
    1.4322738382400193,
    1.4262644578306076,
    1.4190177144482905,
    1.410280072074201,
    1.3997465665511453,
    1.3870505795189134,
    1.3717516501237463,
    1.353320966606262,
    1.3311241120385386,
    1.304400553780148,
    1.2722392534657114,
    1.2335496183370913,
    1.1870267959881795,
    1.1311099991682678,
    1.063932097114164,
    0.983258073042863,
    0.886409061383828,
    0.7701674721919731,
    0.6306570750301692,
    0.4631896500365365,
    0.26206645849323396,
    0.020317207884520128,
    -0.2706514563781009,
    -0.6215491223762161,
    -1.045945430362904,
    -1.5615416392475785,
    -2.192857601442107,
    -2.9794332627177824,
    -4.037231394596547,
    -5.18127685410699,
    -6.289402419026732,
    -7.553067083135243,
    -9.081550721353832,
    -10.964017612996559,
    -13.268662223876419,
    -16.07763130616069,
    -19.49029611909435,
    -23.627057403821944,
    -28.633794988433163,
    -34.68712579905255,
    -42.000677684498655,
    -50.83262615096712,
    -61.49478304305358,
    -74.36357587306357,
    -89.89331788183748
  ],
  "omega_max": [
    -2.5573652722135894e-13,
    2.4226592533169504e-13,
    1.4967399482321112e-13,
    -4.55510898882919e-13,
    -2.5634670472179137e-13,
    -3.181118398194996e-13,
    -4.80864779067544e-13,
    5.176734659274612e-13,
    6.677823164472642e-14,
    -1.1916144070826082e-13,
    -2.317257665533658e-13,
    -1.4911683151479295e-13,
    -4.31133685749986e-13,
    -3.040926971350825e-14,
    2.458251709900375e-13,
    -1.2511668721130887e-13,
    -4.397692444832658e-13,
    2.3603285078465694e-14,
    4.983665485605964e-13,
    -4.4145018572827037e-13,
    -1.4601186883696907e-13,
    5.812992722344981e-14,
    3.218964856497249e-14,
    -1.2557706016797962e-14,
    3.7072321156522706e-14,
    7.327055440230211e-14,
    -1.3592019478830142e-15,
    -3.96499438574303e-14,
    -2.0468264833422622e-13,
    -3.1866401021785447e-14,
    -1.1436754582420208e-13,
    4.455767077634013e-13,
    -2.2519760018513595e-13,
    -7.663566460029988e-12,
    -0.4632413240282409,
    0.7311324338369355,
    0.54004050148589,
    -0.7137580923147324,
    0.9341334626136764,
    -1.187238090314341,
    1.4666124663093203,
    -1.7699676763926355,
    -2.0974699384999544,
    2.4508893281374227,
    2.833144669633988,
    3.2480486578121637,
    3.7001697074678375,
    4.194768881691607,
    -4.737787638148444,
    -5.335872230539679
  ],
  "params": {
    "alpha": -31.0,
    "dT": 0.9,
    "dR": 1.0
  },
  "metadata": {
    "shear_max": 6.814174944775028e-09,
    "vel_net": 4.788657183155712e-16,
    "resolution": {
      "H": 25,
      "M": 65,
      "Nz": 129,
      "Nth": 128
    },
    "timestamp": "2026-04-13T13:16:55.572681"
  }
}