{
  "k": [
    0.1,
    0.10985411419875583,
    0.12067926406393285,
    0.13257113655901093,
    0.14563484775012436,
    0.15998587196060582,
    0.1757510624854792,
    0.193069772888325,
    0.21209508879201905,
    0.2329951810515372,
    0.2559547922699536,
    0.281176869797423,
    0.3088843596477481,
    0.3393221771895328,
    0.372759372031494,
    0.4094915062380424,
    0.44984326689694454,
    0.49417133613238345,
    0.5428675439323859,
    0.5963623316594643,
    0.6551285568595507,
    0.7196856730011519,
    0.7906043210907697,
    0.8685113737513525,
    0.9540954763499939,
    1.0481131341546859,
    1.151395399326447,
    1.2648552168552958,
    1.3894954943731375,
    1.5264179671752334,
    1.6768329368110073,
    1.8420699693267153,
    2.0235896477251565,
    2.2229964825261943,
    2.442053094548651,
    2.6826957952797246,
    2.9470517025518097,
    3.2374575428176433,
    3.5564803062231283,
    3.9069399370546147,
    4.291934260128776,
    4.714866363457392,
    5.17947467923121,
    5.689866029018296,
    6.250551925273969,
    6.866488450042998,
    7.543120063354615,
    8.286427728546842,
    9.102981779915218,
    10.0
  ],
  "gamma_max": [
    -1.2552275951762943,
    -1.2493856436681758,
    -1.2437109934107708,
    -1.238290191298288,
    -1.2332304691183529,
    -1.2286648218246674,
    -1.2247586484974609,
    -1.2217186053636668,
    -1.2198047039710953,
    -1.2193473669403254,
    -1.2207723789436735,
    -1.2246391282426266,
    -1.2317027194132333,
    -1.2430226186788036,
    -1.260171843257903,
    -1.2856941565167783,
    -1.3242783571211483,
    -1.3738780619579873,
    -1.2960895103070569,
    -1.2168893476003309,
    -1.1371698076193304,
    -1.058039315930889,
    -0.9808542600608224,
    -0.9072521638441617,
    -0.8391846721573566,
    -0.7789485909984354,
    -0.7292138692284468,
    -0.6930495802615078,
    -0.673953511673278,
    -0.675898438148124,
    -0.7034178036178791,
    -0.7617613823255016,
    -0.7160965531092842,
    -0.6758287671900051,
    -0.6930932586664629,
    -0.787505555313974,
    -0.9809060730388831,
    -1.2976076271430343,
    -1.7655997799501273,
    -2.417825820864284,
    -3.2847581022359655,
    -4.3363082614327775,
    -5.452837092608661,
    -6.660433267498263,
    -8.068463279928046,
    -9.759943819657117,
    -11.806363328965869,
    -14.28264366019954,
    -17.274337228482864,
    -20.882341745529853
  ],
  "omega_max": [
    0.0779975720263022,
    0.07606766516086562,
    0.07365586936501389,
    0.07070610338863935,
    0.06715821077560166,
    0.06294789450101353,
    0.058006724902868,
    0.05226226745923689,
    0.04563838789921722,
    0.03805579208996762,
    0.029432872301628846,
    0.019686813194673643,
    0.008734430366179644,
    -0.00350985160018175,
    -0.017150238409202018,
    -0.032394123214494155,
    -0.05002183536638053,
    -3.607680852676166,
    -3.7014590446411875,
    -3.803008759825394,
    -3.912587837598015,
    -4.030429772655636,
    -4.156765867995189,
    -4.291860401412318,
    -4.43605906981192,
    -4.589847577794623,
    -4.753912046760246,
    -4.9291863395385755,
    -5.116864583918063,
    -5.3183521063003125,
    -5.53512705169601,
    -5.768489884425764,
    -5.324553189000028,
    -5.656902736074973,
    -6.03620813751867,
    -6.470676856865426,
    -6.968916408327411,
    -7.541189567720384,
    -8.20221265899556,
    -8.978050182414028,
    -9.923460742669945,
    -11.129452584849343,
    -12.577676370475803,
    -14.142220565366612,
    -15.800435186570322,
    -17.57720903713353,
    -19.50162425913903,
    -21.60168305564165,
    -23.90486684717749,
    -26.43884292916744
  ],
  "params": {
    "alpha": -27.0,
    "dT": 0.2,
    "dR": 1.0
  },
  "metadata": {
    "shear_max": 3.4037703140905617,
    "vel_net": 1.4169573726849447,
    "resolution": {
      "H": 25,
      "M": 65,
      "Nz": 129,
      "Nth": 128
    },
    "timestamp": "2026-04-13T15:46:33.214204"
  }
}