{
  "k": [
    0.1,
    0.10985411419875583,
    0.12067926406393285,
    0.13257113655901093,
    0.14563484775012436,
    0.15998587196060582,
    0.1757510624854792,
    0.193069772888325,
    0.21209508879201905,
    0.2329951810515372,
    0.2559547922699536,
    0.281176869797423,
    0.3088843596477481,
    0.3393221771895328,
    0.372759372031494,
    0.4094915062380424,
    0.44984326689694454,
    0.49417133613238345,
    0.5428675439323859,
    0.5963623316594643,
    0.6551285568595507,
    0.7196856730011519,
    0.7906043210907697,
    0.8685113737513525,
    0.9540954763499939,
    1.0481131341546859,
    1.151395399326447,
    1.2648552168552958,
    1.3894954943731375,
    1.5264179671752334,
    1.6768329368110073,
    1.8420699693267153,
    2.0235896477251565,
    2.2229964825261943,
    2.442053094548651,
    2.6826957952797246,
    2.9470517025518097,
    3.2374575428176433,
    3.5564803062231283,
    3.9069399370546147,
    4.291934260128776,
    4.714866363457392,
    5.17947467923121,
    5.689866029018296,
    6.250551925273969,
    6.866488450042998,
    7.543120063354615,
    8.286427728546842,
    9.102981779915218,
    10.0
  ],
  "gamma_max": [
    -0.3920040227695556,
    -0.39369013250242224,
    -0.3957291257875033,
    -0.39819599443149484,
    -0.4011822367127793,
    -0.40479979036754715,
    -0.4091860698744855,
    -0.4145105181218078,
    -0.4209832963660886,
    -0.4288671054129404,
    -0.4384937961509014,
    -0.4502887050872969,
    -0.46480827691236737,
    -0.4828024274649813,
    -0.5053278489590131,
    -0.5339812903577784,
    -0.571476016053617,
    -0.6235761838895918,
    -0.7130523500786332,
    -0.7982445126324226,
    -0.8160836152002827,
    -0.8372273953136364,
    -0.862237393135203,
    -0.8917639347119845,
    -0.9265642376619659,
    -0.9675275294451793,
    -1.0157097737584897,
    -1.0723806244451193,
    -1.1390846354059825,
    -1.217717535314693,
    -1.3106170093011038,
    -1.4206668667069962,
    -1.551414528443296,
    -1.7072043126159724,
    -1.8933319055317614,
    -2.097921378824883,
    -2.3230564681639105,
    -2.60886734142979,
    -2.9664891194225063,
    -3.4090868611116183,
    -3.9524513869126388,
    -4.615659057873442,
    -5.4218083698941975,
    -6.398852899369426,
    -7.580561506269847,
    -9.007647994952205,
    -10.729123132091024,
    -12.803933103714797,
    -15.302960510823677,
    -18.311475009386253
  ],
  "omega_max": [
    1.233852088676968e-15,
    -1.428968965481791e-14,
    -6.406371612965177e-16,
    8.160002723508275e-15,
    -3.412640635411385e-15,
    1.3804844902644956e-14,
    3.042646811350771e-15,
    -1.510266318908614e-14,
    -6.478840532653759e-16,
    -2.7688843911458135e-15,
    1.1402357330587819e-14,
    2.6024717904116338e-14,
    6.4386587671168836e-15,
    3.8619143631462394e-16,
    2.007419008767056e-14,
    -2.891729255443967e-14,
    -8.896582610950243e-15,
    3.864608678990757e-14,
    -3.459113668447454e-14,
    -0.1227205882382069,
    -0.19739264501151532,
    0.2598637244015487,
    -0.3188049799904354,
    -0.37726839659508693,
    -0.4368719057848897,
    -0.49869440046765917,
    0.5635784374201134,
    0.6322610525921283,
    0.705441532128795,
    -0.7838232735263323,
    0.8681447132529514,
    0.9592053995878169,
    -1.0578889685889132,
    1.1651830891168784,
    1.2821967464555661,
    1.3587422558451347,
    -1.4937768715128428,
    -1.644365012605813,
    1.8126540642049223,
    2.0006588314938596,
    2.2104626049322587,
    -2.4443887507225805,
    2.705137882337056,
    -2.99589447874312,
    3.3204094288323085,
    -3.6830634738853147,
    -4.088913643851507,
    4.543723382933469,
    5.053979644373237,
    -5.626907776711361
  ],
  "params": {
    "alpha": -17.0,
    "dT": 0.16666666666666666,
    "dR": 1.0
  },
  "metadata": {
    "shear_max": 4.3488149177430526e-09,
    "vel_net": 1.0339757656912846e-25,
    "resolution": {
      "H": 25,
      "M": 65,
      "Nz": 129,
      "Nth": 128
    },
    "timestamp": "2026-04-13T11:26:59.795032"
  }
}