{
  "k": [
    0.1,
    0.10985411419875583,
    0.12067926406393285,
    0.13257113655901093,
    0.14563484775012436,
    0.15998587196060582,
    0.1757510624854792,
    0.193069772888325,
    0.21209508879201905,
    0.2329951810515372,
    0.2559547922699536,
    0.281176869797423,
    0.3088843596477481,
    0.3393221771895328,
    0.372759372031494,
    0.4094915062380424,
    0.44984326689694454,
    0.49417133613238345,
    0.5428675439323859,
    0.5963623316594643,
    0.6551285568595507,
    0.7196856730011519,
    0.7906043210907697,
    0.8685113737513525,
    0.9540954763499939,
    1.0481131341546859,
    1.151395399326447,
    1.2648552168552958,
    1.3894954943731375,
    1.5264179671752334,
    1.6768329368110073,
    1.8420699693267153,
    2.0235896477251565,
    2.2229964825261943,
    2.442053094548651,
    2.6826957952797246,
    2.9470517025518097,
    3.2374575428176433,
    3.5564803062231283,
    3.9069399370546147,
    4.291934260128776,
    4.714866363457392,
    5.17947467923121,
    5.689866029018296,
    6.250551925273969,
    6.866488450042998,
    7.543120063354615,
    8.286427728546842,
    9.102981779915218,
    10.0
  ],
  "gamma_max": [
    -1.6130378639923046,
    -1.6150029696540646,
    -1.617373442315617,
    -1.6202326730305228,
    -1.6236811147078942,
    -1.6278397387617733,
    -1.632854182633036,
    -1.6388997260863738,
    -1.6461872649294103,
    -1.6549704914000685,
    -1.6655545460719894,
    -1.6783064860572967,
    -1.6936680308686205,
    -1.7121712224443426,
    -1.7344578967549422,
    -1.7613042537960462,
    -1.793652376808035,
    -1.8326513433681588,
    -1.879711650737069,
    -1.7740415498031015,
    -1.6496006642529326,
    -1.5213186813710418,
    -1.3906304755056296,
    -1.2594304965980758,
    -1.1301594085200373,
    -1.0059038029200154,
    -0.8905110975635385,
    -0.788723107339881,
    -0.7063348230260386,
    -0.650388886835937,
    -0.6290081959751038,
    -0.1855141962913772,
    0.23020802393440812,
    0.5813971891217167,
    0.8270514314394548,
    0.9226359297527348,
    0.8206705635138397,
    0.4713217272920475,
    -0.17772756232039025,
    -1.1825477603844097,
    -2.6051142613943132,
    -4.515260840573214,
    -6.990127698482312,
    -10.107550483072025,
    -13.935343903575568,
    -18.542465830471038,
    -24.051596844323566,
    -30.670338658032914,
    -38.64168216326371,
    -48.06522797877947
  ],
  "omega_max": [
    -0.16409610594578194,
    -0.18031213767142412,
    -0.19814124744491482,
    -0.21774744219011435,
    -0.23931260575539332,
    -0.2630388622873974,
    -0.289151385517969,
    -0.31790178689281917,
    -0.3495722504424481,
    -0.3844806424409371,
    -0.42298691258369453,
    -0.4655012015067128,
    -0.5124942136903586,
    -0.564510574559398,
    -0.6221860802319104,
    -0.6862699004455135,
    -0.7576528503767473,
    -0.837402623847142,
    -0.9268060541224108,
    -8.031417714069432,
    -8.226778046883265,
    -8.440608731023655,
    -8.674005730950952,
    -8.927984284824344,
    -9.203465565474476,
    -9.50126973889526,
    -9.822109859217077,
    -10.166573989176444,
    -10.53507591937893,
    -10.927751375627302,
    -9.108744913158008,
    -9.533051843165278,
    -10.042187504538596,
    -10.64503125424762,
    -11.347810155934281,
    -12.156291883561307,
    -13.076827316491844,
    -14.11714086387945,
    -15.287366464864009,
    -16.60152486660381,
    -18.079683776663607,
    -19.751164188089415,
    -21.65867662051544,
    -23.860051831932463,
    -26.416114450597906,
    -29.359303136757543,
    -32.68916963636676,
    -36.43115572437378,
    -40.71026193399259,
    -45.702007332824095
  ],
  "params": {
    "alpha": -47.5,
    "dT": 0.5,
    "dR": 1.0
  },
  "metadata": {
    "shear_max": 6.7521677659340655,
    "vel_net": 2.920488065621286,
    "resolution": {
      "H": 20,
      "M": 49,
      "Nz": 97,
      "Nth": 96
    },
    "timestamp": "2026-02-14T07:21:38.613536"
  }
}