{
  "k": [
    0.1,
    0.10985411419875583,
    0.12067926406393285,
    0.13257113655901093,
    0.14563484775012436,
    0.15998587196060582,
    0.1757510624854792,
    0.193069772888325,
    0.21209508879201905,
    0.2329951810515372,
    0.2559547922699536,
    0.281176869797423,
    0.3088843596477481,
    0.3393221771895328,
    0.372759372031494,
    0.4094915062380424,
    0.44984326689694454,
    0.49417133613238345,
    0.5428675439323859,
    0.5963623316594643,
    0.6551285568595507,
    0.7196856730011519,
    0.7906043210907697,
    0.8685113737513525,
    0.9540954763499939,
    1.0481131341546859,
    1.151395399326447,
    1.2648552168552958,
    1.3894954943731375,
    1.5264179671752334,
    1.6768329368110073,
    1.8420699693267153,
    2.0235896477251565,
    2.2229964825261943,
    2.442053094548651,
    2.6826957952797246,
    2.9470517025518097,
    3.2374575428176433,
    3.5564803062231283,
    3.9069399370546147,
    4.291934260128776,
    4.714866363457392,
    5.17947467923121,
    5.689866029018296,
    6.250551925273969,
    6.866488450042998,
    7.543120063354615,
    8.286427728546842,
    9.102981779915218,
    10.0
  ],
  "gamma_max": [
    0.9481284426229808,
    0.9458506163816498,
    0.9431021405439504,
    0.9397858618736533,
    0.9357846131425266,
    0.9309571074205534,
    0.925132997069399,
    0.9181069294698874,
    0.9096313997795832,
    0.8994081594688291,
    0.887077893695046,
    0.8722078212633493,
    0.8542767997269437,
    0.8326574288460448,
    0.8065945309408812,
    0.775179236326823,
    0.7373176996440375,
    0.6916931952319023,
    0.63671994743229,
    0.570486492628396,
    0.49068555550520315,
    0.3945262094242886,
    0.27862222986691354,
    0.13884751891445857,
    -0.02985584586354336,
    -0.23374177988831926,
    -0.48064432486072706,
    -0.7805876115370488,
    -1.1469031133099152,
    -1.5988152893955274,
    -2.1704893628927877,
    -3.080277618797896,
    -3.7098529864578955,
    -4.4696274086098775,
    -5.386698134573996,
    -6.493803110670823,
    -7.774694834017845,
    -9.306741088460848,
    -11.192391797695581,
    -13.499913660076576,
    -16.31154342658422,
    -19.726751109800016,
    -23.86603722921658,
    -28.87537661989331,
    -34.93147225997528,
    -42.24802579691556,
    -51.08327127613925,
    -61.74906101268548,
    -74.62184277348445,
    -90.15592908637005
  ],
  "omega_max": [
    -1.1816322667040965e-13,
    8.226156729701524e-14,
    8.800106281322801e-14,
    2.8219937740470885e-13,
    -1.201646724058341e-13,
    4.865332252975602e-14,
    -1.548244675883429e-14,
    1.8771045541337166e-13,
    1.3977548396946825e-13,
    -2.574687776289727e-15,
    -8.749783095859954e-14,
    -3.923484034368294e-16,
    1.4014013997171501e-14,
    -1.9644922566156962e-13,
    -3.3378128308202826e-14,
    -4.048716627718246e-14,
    -7.089650500940632e-14,
    2.966123049774317e-14,
    2.8767927007331775e-14,
    7.116894996474237e-14,
    -1.1010877427962857e-14,
    -7.865799324522578e-16,
    9.007594362633493e-14,
    -1.2926814516875815e-14,
    4.965386137393211e-15,
    1.4345434040690634e-14,
    -9.611842757735937e-14,
    8.814776537654222e-14,
    1.4705176577948153e-13,
    -9.59285286411773e-13,
    2.7226783489950158e-14,
    -0.03738067297024349,
    -0.4281991825267377,
    0.6340768449622701,
    0.8160261781908952,
    -0.9926824029998127,
    0.9221891262363102,
    -1.0573901375293862,
    -1.2339670982354436,
    1.446717860946734,
    1.6912884798394812,
    1.9651765909158085,
    -2.2677582200608373,
    2.6000028882554247,
    -2.9641671790592157,
    3.3635563401837136,
    -3.802366279797009,
    -4.285594074426806,
    4.819001013187622,
    -5.4091160939825915
  ],
  "params": {
    "alpha": -29.0,
    "dT": 0.9,
    "dR": 1.0
  },
  "metadata": {
    "shear_max": 6.587227890158741e-09,
    "vel_net": 2.0679515313825692e-25,
    "resolution": {
      "H": 25,
      "M": 65,
      "Nz": 129,
      "Nth": 128
    },
    "timestamp": "2026-04-13T12:57:55.816251"
  }
}