{
  "k": [
    0.1,
    0.10985411419875583,
    0.12067926406393285,
    0.13257113655901093,
    0.14563484775012436,
    0.15998587196060582,
    0.1757510624854792,
    0.193069772888325,
    0.21209508879201905,
    0.2329951810515372,
    0.2559547922699536,
    0.281176869797423,
    0.3088843596477481,
    0.3393221771895328,
    0.372759372031494,
    0.4094915062380424,
    0.44984326689694454,
    0.49417133613238345,
    0.5428675439323859,
    0.5963623316594643,
    0.6551285568595507,
    0.7196856730011519,
    0.7906043210907697,
    0.8685113737513525,
    0.9540954763499939,
    1.0481131341546859,
    1.151395399326447,
    1.2648552168552958,
    1.3894954943731375,
    1.5264179671752334,
    1.6768329368110073,
    1.8420699693267153,
    2.0235896477251565,
    2.2229964825261943,
    2.442053094548651,
    2.6826957952797246,
    2.9470517025518097,
    3.2374575428176433,
    3.5564803062231283,
    3.9069399370546147,
    4.291934260128776,
    4.714866363457392,
    5.17947467923121,
    5.689866029018296,
    6.250551925273969,
    6.866488450042998,
    7.543120063354615,
    8.286427728546842,
    9.102981779915218,
    10.0
  ],
  "gamma_max": [
    0.9016744412532807,
    0.9005475305513635,
    0.899188371349821,
    0.8975492906848831,
    0.8955729148840876,
    0.893190232429107,
    0.8903182854588488,
    0.8868574248505544,
    0.8826880543953148,
    0.8776667795826111,
    0.871621865044366,
    0.8643478911854063,
    0.8555994854345762,
    0.845083976793102,
    0.8324527876943519,
    0.8172913097308014,
    0.7991068953167345,
    0.7773143882862517,
    0.75121824360202,
    0.7199896202922288,
    0.6826356465261346,
    0.637955915669578,
    0.5844772891268448,
    0.5203502155192753,
    0.4431728022567724,
    0.3496674754588343,
    0.2350164170522812,
    0.0912371098421942,
    -0.0981940498543081,
    -0.39638599607639036,
    -0.6936013798006005,
    -0.807800468240316,
    -0.9426130134000644,
    -1.1022423373393369,
    -1.2918430456224215,
    -1.5025439677124341,
    -1.723753481489496,
    -2.004915164437661,
    -2.3571923713649467,
    -2.7937807101926593,
    -3.330469436438926,
    -3.9862963780441536,
    -4.784292476213052,
    -5.752328453228113,
    -6.924092028470396,
    -8.340237099463346,
    -10.049756675604844,
    -12.111640800379146,
    -14.596890809871654,
    -17.590972256640807
  ],
  "omega_max": [
    4.0540836828226367e-16,
    3.0974266137540547e-13,
    2.435764677710891e-14,
    9.861094133113111e-14,
    6.554377804413194e-15,
    7.756723347343171e-14,
    -6.136787288233229e-14,
    -2.7592201689157795e-14,
    1.0126609226256238e-14,
    5.637280109576405e-14,
    -1.4747176407048717e-13,
    -3.341253086843026e-14,
    -3.0789433969151974e-15,
    8.18578032885998e-15,
    -3.7801875240345645e-14,
    3.143923744197721e-14,
    -7.878898202433677e-14,
    -2.2050970133096694e-14,
    -3.018312524988329e-14,
    -2.325511230613572e-15,
    1.9856812654864723e-14,
    2.7150366897402846e-14,
    -6.601167425241253e-14,
    -1.0723999569475901e-14,
    -1.1658548958104609e-14,
    -6.0874297100549186e-15,
    -4.114194732495406e-16,
    2.420560736464062e-15,
    -3.1120557251890343e-15,
    -1.4817887730395595e-14,
    0.3408472893464205,
    -0.548182116254343,
    0.7201349788488991,
    0.8817388481406793,
    -1.041988857818873,
    -1.127656271646055,
    1.2699142533521233,
    1.4324347788476914,
    1.6158577743364455,
    -1.8209350304404281,
    -2.048737543751939,
    -2.300800209183722,
    -2.579212491848317,
    2.886672796227819,
    -3.2265230895751262,
    -3.6027749365891575,
    4.020132559207736,
    4.484014962134706,
    -5.000578752514032,
    -5.576746561186923
  ],
  "params": {
    "alpha": -22.0,
    "dT": 0.16666666666666666,
    "dR": 1.0
  },
  "metadata": {
    "shear_max": 1.381549605673963e-08,
    "vel_net": 2.03505164255837e-11,
    "resolution": {
      "H": 25,
      "M": 65,
      "Nz": 129,
      "Nth": 128
    },
    "timestamp": "2026-04-13T12:37:55.662828"
  }
}