{
  "k": [
    0.1,
    0.10985411419875583,
    0.12067926406393285,
    0.13257113655901093,
    0.14563484775012436,
    0.15998587196060582,
    0.1757510624854792,
    0.193069772888325,
    0.21209508879201905,
    0.2329951810515372,
    0.2559547922699536,
    0.281176869797423,
    0.3088843596477481,
    0.3393221771895328,
    0.372759372031494,
    0.4094915062380424,
    0.44984326689694454,
    0.49417133613238345,
    0.5428675439323859,
    0.5963623316594643,
    0.6551285568595507,
    0.7196856730011519,
    0.7906043210907697,
    0.8685113737513525,
    0.9540954763499939,
    1.0481131341546859,
    1.151395399326447,
    1.2648552168552958,
    1.3894954943731375,
    1.5264179671752334,
    1.6768329368110073,
    1.8420699693267153,
    2.0235896477251565,
    2.2229964825261943,
    2.442053094548651,
    2.6826957952797246,
    2.9470517025518097,
    3.2374575428176433,
    3.5564803062231283,
    3.9069399370546147,
    4.291934260128776,
    4.714866363457392,
    5.17947467923121,
    5.689866029018296,
    6.250551925273969,
    6.866488450042998,
    7.543120063354615,
    8.286427728546842,
    9.102981779915218,
    10.0
  ],
  "gamma_max": [
    0.006585523101093412,
    -0.0006772004316015646,
    -0.009408558398137805,
    -0.01989719536181853,
    -0.03248461396445676,
    -0.04757295322367324,
    -0.06563280645815227,
    -0.08721008659191741,
    -0.11292968536756287,
    -0.14349025391166786,
    -0.1796334267307464,
    -0.2220273387183719,
    -0.2707817103408062,
    -0.3227998902274218,
    -0.36042971436172544,
    -0.3713364814483818,
    -0.3726837611820696,
    -0.37141100975420305,
    -0.36920846344695285,
    -0.36676272487685335,
    -0.36457181319643356,
    -0.36316737387039283,
    -0.3632157648874729,
    -0.36559129869247997,
    -0.21938338692070453,
    0.015157595534566741,
    0.2415214294380288,
    0.44956153083538314,
    0.6230585165032142,
    0.7352151594412222,
    0.7401750854893765,
    0.5571061195165055,
    0.4367847870455686,
    2.348004137279662,
    4.203431887090893,
    5.674783860167109,
    6.711781105782702,
    7.301778171845206,
    7.405489923831971,
    6.94584731886525,
    5.801987879320787,
    3.860274401446573,
    1.4030286462392918,
    1.9445564054742965,
    2.059089516509194,
    1.7537660599387372,
    1.0273044395781459,
    -0.15110937821714726,
    -1.8323642933762148,
    -4.050825005114318
  ],
  "omega_max": [
    4.103310670746671e-12,
    2.4241351370614915e-12,
    -4.689931176275845e-12,
    1.0954743050161812e-12,
    1.5177581927005507e-12,
    -1.6561539609497854e-12,
    -4.331208675471199e-13,
    5.634456258118783e-12,
    -3.884539163284054e-13,
    -2.955188948801056e-12,
    -2.905577374882472e-12,
    -2.584479163740036e-13,
    -1.7328583233300304e-12,
    -2.1239349384315187e-13,
    -6.179136310377494e-13,
    -1.8115924232408146e-13,
    -2.1266006057022624e-13,
    1.1846162658624866e-13,
    9.887535093807445e-15,
    3.000697053377355e-14,
    5.717465729921721e-13,
    2.7378727787764166e-14,
    -2.491480179624824e-13,
    -2.2593311760860413e-13,
    8.356187120831793,
    8.45384059435494,
    -8.52480455544658,
    -8.55610037629406,
    -8.532392008052708,
    -8.436555089873272,
    8.251857420087688,
    -7.969530767428696,
    5.861053387345743e-11,
    1.234971950512408e-11,
    1.9938305961620095e-11,
    6.110744256363889e-12,
    -1.0187399229583928e-11,
    4.783549651196137e-12,
    1.6009226528986468e-12,
    2.305369088341777e-11,
    2.2758162818072535e-12,
    2.0154130423841183e-11,
    -11.85555489259821,
    13.29872347071592,
    -14.99595368979196,
    16.857322480259434,
    18.875339080466123,
    -21.086339132394794,
    -23.567307899196507,
    -26.452510673332547
  ],
  "params": {
    "alpha": -55.0,
    "dT": 0.1,
    "dR": 1.0
  },
  "metadata": {
    "shear_max": 8.227964443554715,
    "vel_net": 1.438849039914203e-13,
    "resolution": {
      "H": 25,
      "M": 65,
      "Nz": 129,
      "Nth": 128
    },
    "timestamp": "2026-04-16T08:27:49.735711"
  }
}