{
  "k": [
    0.1,
    0.10985411419875583,
    0.12067926406393285,
    0.13257113655901093,
    0.14563484775012436,
    0.15998587196060582,
    0.1757510624854792,
    0.193069772888325,
    0.21209508879201905,
    0.2329951810515372,
    0.2559547922699536,
    0.281176869797423,
    0.3088843596477481,
    0.3393221771895328,
    0.372759372031494,
    0.4094915062380424,
    0.44984326689694454,
    0.49417133613238345,
    0.5428675439323859,
    0.5963623316594643,
    0.6551285568595507,
    0.7196856730011519,
    0.7906043210907697,
    0.8685113737513525,
    0.9540954763499939,
    1.0481131341546859,
    1.151395399326447,
    1.2648552168552958,
    1.3894954943731375,
    1.5264179671752334,
    1.6768329368110073,
    1.8420699693267153,
    2.0235896477251565,
    2.2229964825261943,
    2.442053094548651,
    2.6826957952797246,
    2.9470517025518097,
    3.2374575428176433,
    3.5564803062231283,
    3.9069399370546147,
    4.291934260128776,
    4.714866363457392,
    5.17947467923121,
    5.689866029018296,
    6.250551925273969,
    6.866488450042998,
    7.543120063354615,
    8.286427728546842,
    9.102981779915218,
    10.0
  ],
  "gamma_max": [
    -1.0091676452138274,
    -1.0110638293730443,
    -1.0133523058642295,
    -1.016114278509748,
    -1.0194477807547442,
    -1.0234711732685637,
    -1.0283273730142557,
    -1.0341889689877222,
    -1.0412644138774565,
    -1.0498055229961476,
    -1.0601165642036858,
    -1.0725652881812395,
    -1.087596331478236,
    -1.1057475311254292,
    -1.127669827856203,
    -1.1541516179656695,
    -1.1861486613874408,
    -1.2248209973702828,
    -1.2715788113104887,
    -1.3281399261109064,
    -1.3966027178710292,
    -1.4795400761528426,
    -1.5801231331256902,
    -1.7022891288100186,
    -1.8509788771702915,
    -2.032493385520335,
    -2.2550784915217186,
    -2.5300187967211203,
    -2.8741548927601186,
    -3.3181285263524813,
    -3.7458481219697264,
    -4.2196955092630715,
    -4.795838089549023,
    -5.495235306084584,
    -6.343147495092102,
    -7.370047627489811,
    -8.61272318711998,
    -10.087057198926704,
    -11.865016229721054,
    -14.031290472185985,
    -16.66315677753673,
    -19.85381401357198,
    -23.715851548166857,
    -28.385327091367877,
    -34.026601254984705,
    -40.838115201623665,
    -49.05933801308356,
    -58.97915607252236,
    -70.94602920794217,
    -85.38029560513272
  ],
  "omega_max": [
    3.340241622860386e-16,
    4.0681501552360626e-16,
    -4.1053303774799605e-17,
    8.497367233927903e-16,
    2.2200210483241712e-16,
    -2.371706281488824e-16,
    1.196373706411859e-15,
    -1.2091131521385076e-16,
    5.792755870523318e-16,
    -3.597544637487165e-17,
    -1.792834258507823e-16,
    -1.8857786021335087e-16,
    8.926571972576561e-16,
    -1.7334842631336008e-16,
    -4.465706315885362e-16,
    1.1176652731200618e-15,
    -5.000019909426136e-16,
    -1.4813022557216559e-15,
    -1.3424761529422224e-15,
    -1.0148994042544816e-15,
    -1.3834435111001784e-16,
    -2.6498603416677793e-15,
    1.4730150281488335e-15,
    -1.5620736617002432e-15,
    -1.0460341160211252e-15,
    -4.127727521969238e-15,
    -8.75115252988667e-15,
    -1.812165699165821e-14,
    -5.961340450083568e-15,
    -5.50058844342709e-15,
    -0.7924087680835454,
    0.8884965637800554,
    -0.9902699851271362,
    1.0993032621847436,
    1.2171533632138818,
    -1.34541163294446,
    1.4857452197739813,
    1.5872059373226295,
    1.7659487616032146,
    -1.9597656493245987,
    2.1723465845802443,
    -2.407211414513839,
    -2.667950740669817,
    -2.9584179947736766,
    -3.2828768840296934,
    -3.6461100388880356,
    4.053492783573159,
    4.511035127786772,
    5.025399720969165,
    5.60391450437495
  ],
  "params": {
    "alpha": -15.0,
    "dT": 0.8333333333333334,
    "dR": 1.0
  },
  "metadata": {
    "shear_max": 1.5001467263171571e-09,
    "vel_net": 0.0,
    "resolution": {
      "H": 25,
      "M": 65,
      "Nz": 129,
      "Nth": 128
    },
    "timestamp": "2026-04-13T10:45:29.979786"
  }
}