{
  "k": [
    0.1,
    0.10985411419875583,
    0.12067926406393285,
    0.13257113655901093,
    0.14563484775012436,
    0.15998587196060582,
    0.1757510624854792,
    0.193069772888325,
    0.21209508879201905,
    0.2329951810515372,
    0.2559547922699536,
    0.281176869797423,
    0.3088843596477481,
    0.3393221771895328,
    0.372759372031494,
    0.4094915062380424,
    0.44984326689694454,
    0.49417133613238345,
    0.5428675439323859,
    0.5963623316594643,
    0.6551285568595507,
    0.7196856730011519,
    0.7906043210907697,
    0.8685113737513525,
    0.9540954763499939,
    1.0481131341546859,
    1.151395399326447,
    1.2648552168552958,
    1.3894954943731375,
    1.5264179671752334,
    1.6768329368110073,
    1.8420699693267153,
    2.0235896477251565,
    2.2229964825261943,
    2.442053094548651,
    2.6826957952797246,
    2.9470517025518097,
    3.2374575428176433,
    3.5564803062231283,
    3.9069399370546147,
    4.291934260128776,
    4.714866363457392,
    5.17947467923121,
    5.689866029018296,
    6.250551925273969,
    6.866488450042998,
    7.543120063354615,
    8.286427728546842,
    9.102981779915218,
    10.0
  ],
  "gamma_max": [
    -2.5241675293743393,
    -2.526817338482071,
    -2.530011324578913,
    -2.533860327246913,
    -2.5384973598237592,
    -2.5440818744323095,
    -2.550804776697796,
    -2.5559693533973262,
    -2.55221407970329,
    -2.5490346655643195,
    -2.546697864032359,
    -2.5455436923682915,
    -2.4760306985883433,
    -2.3887173683106666,
    -2.296452059770818,
    -2.1996056549242464,
    -2.09876907618194,
    -1.9948046769008165,
    -1.8889037963790802,
    -1.7826498990994937,
    -1.6780864580683543,
    -1.577788580224935,
    -1.4849373350766086,
    -1.4033958703142189,
    -1.3377867948306923,
    -1.2935713784728504,
    -1.2771338971492985,
    -1.2958805801186946,
    -1.358374946551899,
    -1.4553891085168196,
    -1.0184403108620268,
    -0.609275798861618,
    -0.2645048824689487,
    -0.031188586046541834,
    0.035429462572083646,
    -0.12633458718831017,
    -0.5831800790597457,
    -1.4060176352227796,
    -2.6704433039913456,
    -4.458874782996353,
    -6.864208124881387,
    -9.994407028235946,
    -13.977051655548369,
    -18.962170210904343,
    -25.120315561937755,
    -32.63342679492626,
    -41.69108210319782,
    -52.5301109469411,
    -65.50520264293479,
    -81.11083821983004
  ],
  "omega_max": [
    0.20760445568407765,
    0.22814351057335977,
    0.2507330674454413,
    0.2755838459868801,
    0.3029301540307874,
    0.3330331294367489,
    0.36618459777783047,
    2.0205155112279507,
    2.075010014459709,
    2.1351308600526333,
    2.2014691952604903,
    2.27467651003762,
    7.749689143163503,
    7.862720519887626,
    7.987493216212548,
    8.125109056998571,
    8.276719473234134,
    8.44351198586123,
    8.626694568570674,
    8.82748008151404,
    9.047074287775459,
    9.286672188654249,
    9.547467992421899,
    9.83068313703314,
    10.13761336140705,
    10.469688885419952,
    10.82853081028328,
    11.215972831664008,
    11.634003526940287,
    10.050505225993877,
    10.43041955546329,
    10.876928738753469,
    11.403893702745505,
    12.022714057140046,
    12.742842256523762,
    13.572815609142808,
    14.521053292339188,
    15.596555045809495,
    16.80971425906398,
    18.17335757696158,
    19.70414135302534,
    21.424560863259472,
    23.365960973617625,
    25.572773158315016,
    28.106511149386282,
    31.041774238307568,
    34.439320131271614,
    38.310353563681396,
    42.637404022684436,
    47.44416692965769
  ],
  "params": {
    "alpha": -55.0,
    "dT": 0.8571428571428571,
    "dR": 1.0
  },
  "metadata": {
    "shear_max": 7.659751990321063,
    "vel_net": 3.232418179471014,
    "resolution": {
      "H": 25,
      "M": 65,
      "Nz": 129,
      "Nth": 128
    },
    "timestamp": "2026-04-16T15:25:32.790839"
  }
}