{
  "k": [
    0.1,
    0.10985411419875583,
    0.12067926406393285,
    0.13257113655901093,
    0.14563484775012436,
    0.15998587196060582,
    0.1757510624854792,
    0.193069772888325,
    0.21209508879201905,
    0.2329951810515372,
    0.2559547922699536,
    0.281176869797423,
    0.3088843596477481,
    0.3393221771895328,
    0.372759372031494,
    0.4094915062380424,
    0.44984326689694454,
    0.49417133613238345,
    0.5428675439323859,
    0.5963623316594643,
    0.6551285568595507,
    0.7196856730011519,
    0.7906043210907697,
    0.8685113737513525,
    0.9540954763499939,
    1.0481131341546859,
    1.151395399326447,
    1.2648552168552958,
    1.3894954943731375,
    1.5264179671752334,
    1.6768329368110073,
    1.8420699693267153,
    2.0235896477251565,
    2.2229964825261943,
    2.442053094548651,
    2.6826957952797246,
    2.9470517025518097,
    3.2374575428176433,
    3.5564803062231283,
    3.9069399370546147,
    4.291934260128776,
    4.714866363457392,
    5.17947467923121,
    5.689866029018296,
    6.250551925273969,
    6.866488450042998,
    7.543120063354615,
    8.286427728546842,
    9.102981779915218,
    10.0
  ],
  "gamma_max": [
    -0.04779553439476012,
    -0.049367186350556584,
    -0.05126439326968208,
    -0.05355474560703787,
    -0.05631994686589946,
    -0.05965880458464001,
    -0.06369088100896331,
    -0.0685609654614128,
    -0.07444458024832394,
    -0.08155480587924199,
    -0.09015082075882548,
    -0.1005487247326146,
    -0.11313550163237464,
    -0.12838746849908755,
    -0.1468954540600915,
    -0.16940066526950087,
    -0.19684871873873874,
    -0.23047713323542565,
    -0.2719708725167957,
    -0.3237753758560628,
    -0.38984779123803676,
    -0.47805614396825996,
    -0.6148685447699663,
    -0.7802666153676907,
    -0.8293257984622796,
    -0.8873713405773113,
    -0.956012524624854,
    -1.0371776203363798,
    -1.1331931634560333,
    -1.246882662632852,
    -1.381687360515196,
    -1.541811730627483,
    -1.7323966405481854,
    -1.9597237032527417,
    -2.23145552493475,
    -2.5218168329599027,
    -2.863319239695753,
    -3.29202167941091,
    -3.8242821048312594,
    -4.479521425298785,
    -5.2810603140875125,
    -6.257081528257252,
    -7.441724824675703,
    -8.87633949178636,
    -10.610938112912159,
    -12.70591213218252,
    -15.23408525811369,
    -18.283195827076977,
    -21.958914925426186,
    -26.388523047859678
  ],
  "omega_max": [
    2.2502546020016795e-15,
    -3.3773684355627866e-16,
    8.682646571707424e-17,
    8.120569579208917e-16,
    3.4952724653958816e-15,
    3.1395190178260097e-15,
    -1.2783001590465464e-16,
    1.652067135177433e-16,
    -3.2362901948190696e-15,
    -2.8671231167624105e-15,
    1.5697722604917065e-15,
    2.6456910125481852e-15,
    9.446307079592044e-16,
    9.170513218293017e-17,
    -7.62780045403258e-15,
    -5.200439594006772e-15,
    1.3514241736888858e-15,
    -2.0158257449501395e-15,
    3.727255142794137e-14,
    -2.312134792066269e-14,
    -5.2194097608183564e-14,
    4.3081790427745504e-14,
    3.6541350734789266e-14,
    -0.1640415347298244,
    0.27754283254912404,
    0.36936122958530515,
    0.4547876909280807,
    -0.5388311041221806,
    0.624102571683557,
    0.7123550779511453,
    -0.8049821269232104,
    0.9032242699126383,
    1.0082700643581295,
    1.1213141359943655,
    1.2435980012031687,
    -1.296263482952263,
    -1.4298286896573538,
    1.5811309177275186,
    -1.7519218557642016,
    -1.943794577215455,
    -2.158415689122564,
    2.3977220311951104,
    2.664070114816435,
    2.9603444531857726,
    3.2900361384748296,
    3.657300428205324,
    4.066997727052782,
    4.5247201008646005,
    -5.036807203999428,
    -5.610361511463013
  ],
  "params": {
    "alpha": -19.0,
    "dT": 0.25,
    "dR": 1.0
  },
  "metadata": {
    "shear_max": 5.054548338181479e-09,
    "vel_net": 4.1359030627651384e-25,
    "resolution": {
      "H": 25,
      "M": 65,
      "Nz": 129,
      "Nth": 128
    },
    "timestamp": "2026-04-13T11:43:33.122794"
  }
}