{
  "k": [
    0.1,
    0.10985411419875583,
    0.12067926406393285,
    0.13257113655901093,
    0.14563484775012436,
    0.15998587196060582,
    0.1757510624854792,
    0.193069772888325,
    0.21209508879201905,
    0.2329951810515372,
    0.2559547922699536,
    0.281176869797423,
    0.3088843596477481,
    0.3393221771895328,
    0.372759372031494,
    0.4094915062380424,
    0.44984326689694454,
    0.49417133613238345,
    0.5428675439323859,
    0.5963623316594643,
    0.6551285568595507,
    0.7196856730011519,
    0.7906043210907697,
    0.8685113737513525,
    0.9540954763499939,
    1.0481131341546859,
    1.151395399326447,
    1.2648552168552958,
    1.3894954943731375,
    1.5264179671752334,
    1.6768329368110073,
    1.8420699693267153,
    2.0235896477251565,
    2.2229964825261943,
    2.442053094548651,
    2.6826957952797246,
    2.9470517025518097,
    3.2374575428176433,
    3.5564803062231283,
    3.9069399370546147,
    4.291934260128776,
    4.714866363457392,
    5.17947467923121,
    5.689866029018296,
    6.250551925273969,
    6.866488450042998,
    7.543120063354615,
    8.286427728546842,
    9.102981779915218,
    10.0
  ],
  "gamma_max": [
    -1.009167728302273,
    -1.011063964243267,
    -1.0133525191332493,
    -1.0161146096494422,
    -1.0194482881740963,
    -1.0234719432689006,
    -1.0283285329892924,
    -1.0341907069108573,
    -1.0412670071281398,
    -1.0498093811072604,
    -1.0601222924483662,
    -1.0725737825161588,
    -1.0876089209501958,
    -1.1057661926356392,
    -1.1276975121591026,
    -1.15419274835055,
    -1.186209903537876,
    -1.22491246084587,
    -1.271715948983344,
    -1.328346583562012,
    -1.3969161203023437,
    -1.4800191693896798,
    -1.5808629286794464,
    -1.7034462622040596,
    -1.8528192995215431,
    -2.0354871321880714,
    -2.2601056907495947,
    -2.538883023649656,
    -2.8911906538833927,
    -3.262979674981608,
    -3.652466651045325,
    -4.126629744867309,
    -4.702871613796894,
    -5.402143860903485,
    -6.249698960395682,
    -7.276000965730096,
    -8.517826402346893,
    -9.985379450185524,
    -11.759913276652076,
    -13.923079882193287,
    -16.55203567745076,
    -19.739866165796116,
    -23.59906118631532,
    -28.26559722030747,
    -33.90377538084325,
    -40.71200227031013,
    -48.929740400182446,
    -58.845899536086534,
    -70.80899200679931,
    -85.23943255397523
  ],
  "omega_max": [
    2.8763767071166283e-16,
    1.2683706510981488e-15,
    -1.235968073863516e-16,
    9.521552075541725e-18,
    1.1786641119355282e-17,
    -6.608053545734549e-16,
    3.8210759399975257e-16,
    -4.601691451312568e-16,
    8.721197085840727e-16,
    -6.73277291449357e-16,
    -9.438677211967252e-17,
    6.753634378687106e-16,
    -9.427620450093778e-16,
    1.2729497723020481e-15,
    4.476768217572093e-16,
    -9.646154044956405e-17,
    -1.4092218296796772e-15,
    -2.275845435282086e-15,
    5.843129774275337e-16,
    -1.146095514285499e-15,
    -6.155262975296316e-16,
    -1.2370732344585634e-15,
    -7.630119756019827e-16,
    1.127548286823314e-15,
    0.0,
    -1.0809729204489046e-14,
    -2.069953511569718e-14,
    -2.2900533053076866e-14,
    6.960251872442103e-15,
    -0.749492870438412,
    0.8347188596079949,
    0.9253701309282175,
    1.0227574444784935,
    1.1282138697517132,
    -1.2431263728856337,
    -1.3689629016388003,
    -1.507299028143437,
    -1.601831340620037,
    -1.7772890414127718,
    1.9688835285240673,
    -2.1800790055046178,
    -2.4141820110181156,
    -2.674588605583994,
    2.9649773082604485,
    3.2894531952153345,
    -3.6526520829024256,
    4.059811633684385,
    -4.5168142454887095,
    5.030209402125653,
    -5.60723196745095
  ],
  "params": {
    "alpha": -16.0,
    "dT": 0.8333333333333334,
    "dR": 1.0
  },
  "metadata": {
    "shear_max": 1.7972593313358716e-09,
    "vel_net": 5.169878828456423e-26,
    "resolution": {
      "H": 25,
      "M": 65,
      "Nz": 129,
      "Nth": 128
    },
    "timestamp": "2026-04-13T10:55:02.601814"
  }
}