{
  "k": [
    0.1,
    0.10985411419875583,
    0.12067926406393285,
    0.13257113655901093,
    0.14563484775012436,
    0.15998587196060582,
    0.1757510624854792,
    0.193069772888325,
    0.21209508879201905,
    0.2329951810515372,
    0.2559547922699536,
    0.281176869797423,
    0.3088843596477481,
    0.3393221771895328,
    0.372759372031494,
    0.4094915062380424,
    0.44984326689694454,
    0.49417133613238345,
    0.5428675439323859,
    0.5963623316594643,
    0.6551285568595507,
    0.7196856730011519,
    0.7906043210907697,
    0.8685113737513525,
    0.9540954763499939,
    1.0481131341546859,
    1.151395399326447,
    1.2648552168552958,
    1.3894954943731375,
    1.5264179671752334,
    1.6768329368110073,
    1.8420699693267153,
    2.0235896477251565,
    2.2229964825261943,
    2.442053094548651,
    2.6826957952797246,
    2.9470517025518097,
    3.2374575428176433,
    3.5564803062231283,
    3.9069399370546147,
    4.291934260128776,
    4.714866363457392,
    5.17947467923121,
    5.689866029018296,
    6.250551925273969,
    6.866488450042998,
    7.543120063354615,
    8.286427728546842,
    9.102981779915218,
    10.0
  ],
  "gamma_max": [
    -2.1100373600580817,
    -2.108530397487091,
    -2.1071264849767837,
    -2.105888382726,
    -2.1048961063215925,
    -2.1042509730404526,
    -2.1040805443164547,
    -2.10454465463436,
    -2.075768798306051,
    -2.0143105666841055,
    -1.9490182233387787,
    -1.8800341060298278,
    -1.8076276200003711,
    -1.7322277035345837,
    -1.6544601825749858,
    -1.575190050452475,
    -1.4955685654517623,
    -1.4170849430277623,
    -1.3416223624563104,
    -1.2715180412669393,
    -1.2096272813160558,
    -1.159391685751364,
    -1.1249122141532213,
    -1.1110284260230534,
    -1.1234062172787591,
    -1.1686376575777842,
    -1.254358277908959,
    -1.389389435264474,
    -1.5839163476176037,
    -1.8497164014124896,
    -2.2004583571272076,
    -2.2826137584704465,
    -2.3246030973349234,
    -2.503476696563953,
    -2.864117141065725,
    -3.4573174804883844,
    -4.338824262135991,
    -5.569502867885941,
    -7.216790097860185,
    -9.357404773970757,
    -12.081165859909785,
    -15.495767442751633,
    -19.73254246402612,
    -24.953676203605834,
    -31.362300559662657,
    -39.21982090499221,
    -48.88706905917098,
    -60.89789963248892,
    -74.37940101173987,
    -90.01407347418913
  ],
  "omega_max": [
    0.9387323142922486,
    0.9551955340558917,
    0.9733831447666261,
    0.9934837291321728,
    1.0157073966919772,
    1.0402881700818856,
    1.0674865346390443,
    1.09759210612729,
    4.94097137128894,
    4.997278709697364,
    5.059567669937049,
    5.128415756998629,
    5.204424914820784,
    5.2882109803132975,
    5.380389596221497,
    5.481558688834982,
    5.592278208889998,
    5.713048667475686,
    5.844291067292331,
    5.986332077201218,
    6.139399555955832,
    6.303634542906672,
    6.479126166464513,
    6.665975052332855,
    6.8643881547503165,
    7.074803072591305,
    7.298032846925758,
    7.535413628573266,
    7.788928808816196,
    8.061275908452782,
    8.35583800763592,
    7.5719145460183395,
    7.8908329679138145,
    8.258356795151466,
    8.683637226196044,
    9.174996003468967,
    9.740169379624875,
    10.3867264577119,
    11.122492328073877,
    11.955987318134836,
    12.896937279520094,
    13.956920789931175,
    15.150264048565013,
    16.495450051781667,
    18.017853403742645,
    19.756960265636984,
    21.796638971085883,
    24.547000280250902,
    19.793981313554664,
    32.639542918471506
  ],
  "params": {
    "alpha": -40.0,
    "dT": 0.8888888888888888,
    "dR": 1.0
  },
  "metadata": {
    "shear_max": 5.037083034297076,
    "vel_net": 2.0793202079667843,
    "resolution": {
      "H": 25,
      "M": 65,
      "Nz": 129,
      "Nth": 128
    },
    "timestamp": "2026-04-13T15:44:35.782814"
  }
}