{
  "k": [
    0.1,
    0.10985411419875583,
    0.12067926406393285,
    0.13257113655901093,
    0.14563484775012436,
    0.15998587196060582,
    0.1757510624854792,
    0.193069772888325,
    0.21209508879201905,
    0.2329951810515372,
    0.2559547922699536,
    0.281176869797423,
    0.3088843596477481,
    0.3393221771895328,
    0.372759372031494,
    0.4094915062380424,
    0.44984326689694454,
    0.49417133613238345,
    0.5428675439323859,
    0.5963623316594643,
    0.6551285568595507,
    0.7196856730011519,
    0.7906043210907697,
    0.8685113737513525,
    0.9540954763499939,
    1.0481131341546859,
    1.151395399326447,
    1.2648552168552958,
    1.3894954943731375,
    1.5264179671752334,
    1.6768329368110073,
    1.8420699693267153,
    2.0235896477251565,
    2.2229964825261943,
    2.442053094548651,
    2.6826957952797246,
    2.9470517025518097,
    3.2374575428176433,
    3.5564803062231283,
    3.9069399370546147,
    4.291934260128776,
    4.714866363457392,
    5.17947467923121,
    5.689866029018296,
    6.250551925273969,
    6.866488450042998,
    7.543120063354615,
    8.286427728546842,
    9.102981779915218,
    10.0
  ],
  "gamma_max": [
    -1.6977975973363697,
    -1.6998811685986441,
    -1.7023942019604725,
    -1.7054248775237815,
    -1.7090793316625617,
    -1.7134852491143537,
    -1.7187961468052977,
    -1.7251964718254118,
    -1.7329076534036763,
    -1.7421952668383174,
    -1.753377484803619,
    -1.766835005623691,
    -1.7830226535259963,
    -1.8024828315791834,
    -1.8258609535333628,
    -1.8539228549510478,
    -1.8826115109503545,
    -1.7863827323451715,
    -1.6863224397942325,
    -1.5833257849351232,
    -1.4786081422924529,
    -1.3737612629259262,
    -1.27081324475243,
    -1.17229159634681,
    -1.0812884589064498,
    -1.0015271443457352,
    -0.9374303284114157,
    -0.8941937807277385,
    -0.8778768307817668,
    -0.8955322323959215,
    -0.9554108233836881,
    -0.7476956356241639,
    -0.49821857850507095,
    -0.32053070910731657,
    -0.25112818087375444,
    -0.3299563101182948,
    -0.5995457021634675,
    -1.10486706517384,
    -1.8940766731925816,
    -3.0203666014382065,
    -4.54488507054318,
    -6.540433696545578,
    -9.095297381075596,
    -12.315465354329541,
    -16.32069467013467,
    -21.225475885403164,
    -27.001251389429676,
    -33.396735997004406,
    -40.80728891872195,
    -49.65783541881685
  ],
  "omega_max": [
    0.13725270045872892,
    0.15083793829479905,
    0.1657818397048779,
    0.18222499753885105,
    0.20032416382267576,
    0.2202546639136016,
    0.2422133531917988,
    0.2664222919015744,
    0.2931333779478967,
    0.3226342698325272,
    0.35525605859458653,
    0.39138331809268484,
    0.43146738367387105,
    0.4760439732557046,
    0.5257565428842299,
    0.5813869394017304,
    6.379406562699139,
    6.50307371559388,
    6.638827770425787,
    6.787511191115841,
    6.949939498899436,
    7.126894826058532,
    7.3191304037548,
    7.527389989475054,
    7.752443873709586,
    7.995138136940429,
    8.256445978606177,
    8.537499966067271,
    8.839574392501829,
    9.1639818909577,
    9.511853445702243,
    8.216330366442586,
    8.627806359071082,
    9.110448911577521,
    9.67210085176041,
    10.319345123605318,
    11.058603053379693,
    11.896931266774573,
    12.84279884422421,
    13.907087424341412,
    15.104581709629816,
    16.45645178977144,
    17.9947325150229,
    19.770547827553354,
    21.86794176100627,
    24.428232836552073,
    27.684016263115126,
    31.450591536182035,
    35.397134048765714,
    39.59204398232013
  ],
  "params": {
    "alpha": -41.0,
    "dT": 0.5,
    "dR": 1.0
  },
  "metadata": {
    "shear_max": 5.715488420463701,
    "vel_net": 2.4318171518760847,
    "resolution": {
      "H": 25,
      "M": 65,
      "Nz": 129,
      "Nth": 128
    },
    "timestamp": "2026-04-13T22:48:07.115642"
  }
}