{
  "k": [
    0.1,
    0.10985411419875583,
    0.12067926406393285,
    0.13257113655901093,
    0.14563484775012436,
    0.15998587196060582,
    0.1757510624854792,
    0.193069772888325,
    0.21209508879201905,
    0.2329951810515372,
    0.2559547922699536,
    0.281176869797423,
    0.3088843596477481,
    0.3393221771895328,
    0.372759372031494,
    0.4094915062380424,
    0.44984326689694454,
    0.49417133613238345,
    0.5428675439323859,
    0.5963623316594643,
    0.6551285568595507,
    0.7196856730011519,
    0.7906043210907697,
    0.8685113737513525,
    0.9540954763499939,
    1.0481131341546859,
    1.151395399326447,
    1.2648552168552958,
    1.3894954943731375,
    1.5264179671752334,
    1.6768329368110073,
    1.8420699693267153,
    2.0235896477251565,
    2.2229964825261943,
    2.442053094548651,
    2.6826957952797246,
    2.9470517025518097,
    3.2374575428176433,
    3.5564803062231283,
    3.9069399370546147,
    4.291934260128776,
    4.714866363457392,
    5.17947467923121,
    5.689866029018296,
    6.250551925273969,
    6.866488450042998,
    7.543120063354615,
    8.286427728546842,
    9.102981779915218,
    10.0
  ],
  "gamma_max": [
    -1.0075009954894865,
    -1.0090528314407103,
    -1.0109258895546922,
    -1.013186740359058,
    -1.015915787141893,
    -1.0192101573189345,
    -1.0231872061945055,
    -1.0279887666747873,
    -1.033786309507203,
    -1.040787217793719,
    -1.049242429497785,
    -1.0594557661610435,
    -1.0717953505452344,
    -1.0867076285252621,
    -1.1047346638663236,
    -1.1265355883822736,
    -1.1529133971979928,
    -1.1848487352856258,
    -1.2235430265151745,
    -1.2704744354963695,
    -1.327472090030518,
    -1.3968174918318468,
    -1.4813888318625006,
    -1.5848782834228463,
    -1.7121461739487327,
    -1.8698676660429083,
    -2.0584167762997314,
    -2.234996151784212,
    -2.4498086818680935,
    -2.7108479035458912,
    -3.02772558204792,
    -3.4120063044751237,
    -3.8776149330647343,
    -4.441332199094757,
    -5.123396843552606,
    -5.948236302775666,
    -6.913628025838487,
    -8.069667921968636,
    -9.487735664550742,
    -11.219126714661325,
    -13.325479812064971,
    -15.881195741039253,
    -18.97624441651089,
    -22.719446609300842,
    -27.242351032377137,
    -32.7038585374813,
    -39.29577650034731,
    -47.249522074304494,
    -56.84423473212772,
    -68.41660530859001
  ],
  "omega_max": [
    -2.8378957387946803e-15,
    6.515685978406324e-16,
    1.2220834895704482e-15,
    -2.437690939092207e-15,
    1.7720991818982927e-16,
    1.049933351275299e-15,
    -3.64564821342458e-16,
    -7.163170600908057e-18,
    1.8726044269324213e-16,
    -9.642611251922766e-16,
    -7.892679262854265e-16,
    -1.5249515908800451e-15,
    5.56431799479834e-16,
    -4.596738253148758e-16,
    1.168205811291298e-15,
    -9.564973399350442e-16,
    -3.320367234756913e-15,
    1.5586049401194424e-16,
    1.6620677475808343e-16,
    3.584033717029686e-16,
    -1.9564151963025094e-16,
    3.0326172103327396e-15,
    2.6800385891463814e-15,
    1.9520911790202252e-15,
    3.254557202589141e-15,
    7.375399922098492e-15,
    0.5977880231954724,
    -0.6589533343371995,
    -0.7248995373751008,
    0.7963333269623507,
    -0.8740359322748167,
    -0.958870592507552,
    1.051790256915308,
    -1.153846180350944,
    -1.2661980261900287,
    -1.3901264178910668,
    -1.451133003280186,
    1.6073787032633733,
    1.7786747911429786,
    1.9681759054619654,
    2.1787393992230255,
    2.4131895663357885,
    2.6745384007461652,
    -2.966153921351478,
    -3.291883788098228,
    -3.656145573181852,
    -4.063991489063027,
    4.521151509077683,
    5.034059709110399,
    -5.6098759482530545
  ],
  "params": {
    "alpha": -17.0,
    "dT": 0.6666666666666666,
    "dR": 1.0
  },
  "metadata": {
    "shear_max": 1.9340715439026646e-09,
    "vel_net": 1.0339757656912846e-25,
    "resolution": {
      "H": 25,
      "M": 65,
      "Nz": 129,
      "Nth": 128
    },
    "timestamp": "2026-04-13T11:10:09.426763"
  }
}