{
  "k": [
    0.1,
    0.10985411419875583,
    0.12067926406393285,
    0.13257113655901093,
    0.14563484775012436,
    0.15998587196060582,
    0.1757510624854792,
    0.193069772888325,
    0.21209508879201905,
    0.2329951810515372,
    0.2559547922699536,
    0.281176869797423,
    0.3088843596477481,
    0.3393221771895328,
    0.372759372031494,
    0.4094915062380424,
    0.44984326689694454,
    0.49417133613238345,
    0.5428675439323859,
    0.5963623316594643,
    0.6551285568595507,
    0.7196856730011519,
    0.7906043210907697,
    0.8685113737513525,
    0.9540954763499939,
    1.0481131341546859,
    1.151395399326447,
    1.2648552168552958,
    1.3894954943731375,
    1.5264179671752334,
    1.6768329368110073,
    1.8420699693267153,
    2.0235896477251565,
    2.2229964825261943,
    2.442053094548651,
    2.6826957952797246,
    2.9470517025518097,
    3.2374575428176433,
    3.5564803062231283,
    3.9069399370546147,
    4.291934260128776,
    4.714866363457392,
    5.17947467923121,
    5.689866029018296,
    6.250551925273969,
    6.866488450042998,
    7.543120063354615,
    8.286427728546842,
    9.102981779915218,
    10.0
  ],
  "gamma_max": [
    1.8328354393205077,
    1.8113428343358489,
    1.7852506010316345,
    1.7535333757583957,
    1.7149172732097118,
    1.6678098139610775,
    1.610205301642446,
    1.5395548665532501,
    1.4525849553721724,
    1.345040139131684,
    1.2113162516166212,
    1.0439441823494762,
    0.8329112030895885,
    0.5649646039665237,
    0.22355252965630668,
    -0.20988943726690693,
    -0.7630955290150843,
    -0.42810157072829147,
    -0.10394857491785384,
    0.19486067610711055,
    0.4661332563034368,
    0.71216593458432,
    0.9352953856479683,
    1.136524197704914,
    1.3152440661628846,
    1.4691608700731085,
    1.5941311191087695,
    1.6838120122973412,
    1.7290745786713837,
    1.7171349792011334,
    1.6303419285031933,
    1.4444834970755969,
    1.1262466829663018,
    0.6290124342966961,
    -0.1125476537972548,
    -1.1595810204578585,
    -1.2040471180077776,
    -1.52762503222829,
    -2.8160774728536246,
    -5.179310231365869,
    -5.850504659891478,
    -7.0565532907077735,
    -8.850445188347454,
    -11.261661191473344,
    -14.36691871305606,
    -18.277168606436653,
    -23.133497156090446,
    -29.107576210207313,
    -36.4046537923462,
    -45.27006035847612
  ],
  "omega_max": [
    2.8823406764933878e-11,
    1.7749244989896102e-11,
    -6.557800876050795e-10,
    2.5421510580199097e-11,
    -1.0589070107222476e-11,
    -1.0828039471162437e-11,
    -3.803221674964773e-11,
    -5.437439385978734e-11,
    2.2353803066536267e-11,
    -3.1211724181429663e-12,
    -1.3049604593327333e-11,
    2.7077988380413317e-11,
    -1.5552437462339464e-11,
    1.3335656077688112e-11,
    -2.2934402490667322e-11,
    -5.7377244060760455e-12,
    4.385974683986761,
    -4.481512033738152,
    4.631559732451697,
    4.817112381259491,
    -5.020517027476779,
    5.2295545914512775,
    -5.435691327194551,
    5.631998889184087,
    5.811871000911657,
    5.968340388289195,
    -6.0937557084658245,
    6.179701837090927,
    6.217136231115925,
    6.196767354275671,
    -6.109738508007965,
    -5.948748802220132,
    5.710037247948625,
    -5.398050062017383,
    -5.040989204778225,
    -4.741900941093818,
    -2.3653337947202427e-11,
    4.105198989851337e-11,
    -5.1643374389964495e-11,
    -4.919390383302733,
    -5.561952064594021,
    6.5311987194710435,
    7.593840025703387,
    -8.707760190152856,
    9.875612589731539,
    11.11301626333145,
    -12.44248385833069,
    -13.891573362084591,
    -15.490756936903447,
    -17.26985967909858
  ],
  "params": {
    "alpha": -55.0,
    "dT": 0.5,
    "dR": 1.0
  },
  "metadata": {
    "shear_max": 5.738661846355908,
    "vel_net": 4.55802062759858e-10,
    "resolution": {
      "H": 25,
      "M": 65,
      "Nz": 129,
      "Nth": 128
    },
    "timestamp": "2026-04-16T00:20:50.912251"
  }
}