{
  "k": [
    0.1,
    0.10985411419875583,
    0.12067926406393285,
    0.13257113655901093,
    0.14563484775012436,
    0.15998587196060582,
    0.1757510624854792,
    0.193069772888325,
    0.21209508879201905,
    0.2329951810515372,
    0.2559547922699536,
    0.281176869797423,
    0.3088843596477481,
    0.3393221771895328,
    0.372759372031494,
    0.4094915062380424,
    0.44984326689694454,
    0.49417133613238345,
    0.5428675439323859,
    0.5963623316594643,
    0.6551285568595507,
    0.7196856730011519,
    0.7906043210907697,
    0.8685113737513525,
    0.9540954763499939,
    1.0481131341546859,
    1.151395399326447,
    1.2648552168552958,
    1.3894954943731375,
    1.5264179671752334,
    1.6768329368110073,
    1.8420699693267153,
    2.0235896477251565,
    2.2229964825261943,
    2.442053094548651,
    2.6826957952797246,
    2.9470517025518097,
    3.2374575428176433,
    3.5564803062231283,
    3.9069399370546147,
    4.291934260128776,
    4.714866363457392,
    5.17947467923121,
    5.689866029018296,
    6.250551925273969,
    6.866488450042998,
    7.543120063354615,
    8.286427728546842,
    9.102981779915218,
    10.0
  ],
  "gamma_max": [
    -0.48899941182431933,
    -0.49119280857773623,
    -0.4938473928075482,
    -0.49706224005676153,
    -0.5009587954289052,
    -0.505686519770088,
    -0.511430314087781,
    -0.5184205090633418,
    -0.5269467120427012,
    -0.5373777586124661,
    -0.5501919481246798,
    -0.5660259999527557,
    -0.5857616031679462,
    -0.6106979145122862,
    -0.6429602818809561,
    -0.6867827388565633,
    -0.7560214725200449,
    -0.8454359837337576,
    -0.866063626941022,
    -0.8907527153039441,
    -0.9202733987796323,
    -0.9555364168025285,
    -0.9976198773708639,
    -1.04780263015798,
    -1.107606232935695,
    -1.1788478747004025,
    -1.263706886647388,
    -1.3648076310547481,
    -1.485321674936469,
    -1.6290923820618672,
    -1.8007855754009807,
    -2.0060708369272224,
    -2.2518392599614834,
    -2.5464648467474853,
    -2.9001180827267588,
    -3.2839435202677523,
    -3.7457746399078546,
    -4.321284731071318,
    -5.0321978474288835,
    -5.904296596675956,
    -6.968529816092474,
    -8.262281372074106,
    -9.830818275429461,
    -11.728956468709988,
    -14.023002981059028,
    -16.79305250315654,
    -20.13573591694367,
    -24.167538995916683,
    -29.028831455199594,
    -34.88876861404527
  ],
  "omega_max": [
    -2.4458943929046785e-15,
    -7.604800043141603e-15,
    1.7835964656421035e-15,
    9.451598829565651e-15,
    -9.090451223537934e-15,
    -1.0295800340815032e-14,
    3.1859584510836745e-15,
    -9.88332964578321e-15,
    2.8137651412483485e-14,
    3.7902555235155254e-14,
    -4.2710803952853894e-14,
    1.5981026911276157e-14,
    9.302341997101836e-15,
    -4.291575055345698e-14,
    2.068477727607815e-14,
    8.933777319893024e-15,
    6.490174645878267e-14,
    -0.08889639284112942,
    0.15367699253065378,
    -0.2059809307464362,
    0.2548097574769895,
    0.3030139467379557,
    0.35203754370230295,
    -0.4028175775105999,
    0.4560749771406894,
    0.5124382478050806,
    0.5725070502463102,
    0.6368898996031875,
    -0.7062287280363232,
    -0.7812155396813942,
    0.8626036628234806,
    0.9512154086327036,
    -1.0479482078544864,
    -1.1537818682469243,
    1.2697899203041103,
    1.313603381033073,
    -1.4489626222013148,
    -1.6004338177396311,
    -1.7702648827050722,
    1.9604623527090108,
    2.173014735936478,
    -2.410098211672407,
    2.6742421649513486,
    -2.968455167335214,
    3.2963205681114194,
    3.6620691547277535,
    4.07063156107326,
    -4.527670835058402,
    -5.039598536037315,
    -5.613585830358245
  ],
  "params": {
    "alpha": -18.0,
    "dT": 0.3333333333333333,
    "dR": 1.0
  },
  "metadata": {
    "shear_max": 3.4787127954291645e-09,
    "vel_net": 0.0,
    "resolution": {
      "H": 25,
      "M": 65,
      "Nz": 129,
      "Nth": 128
    },
    "timestamp": "2026-04-13T11:27:49.690618"
  }
}