{
  "k": [
    0.1,
    0.10985411419875583,
    0.12067926406393285,
    0.13257113655901093,
    0.14563484775012436,
    0.15998587196060582,
    0.1757510624854792,
    0.193069772888325,
    0.21209508879201905,
    0.2329951810515372,
    0.2559547922699536,
    0.281176869797423,
    0.3088843596477481,
    0.3393221771895328,
    0.372759372031494,
    0.4094915062380424,
    0.44984326689694454,
    0.49417133613238345,
    0.5428675439323859,
    0.5963623316594643,
    0.6551285568595507,
    0.7196856730011519,
    0.7906043210907697,
    0.8685113737513525,
    0.9540954763499939,
    1.0481131341546859,
    1.151395399326447,
    1.2648552168552958,
    1.3894954943731375,
    1.5264179671752334,
    1.6768329368110073,
    1.8420699693267153,
    2.0235896477251565,
    2.2229964825261943,
    2.442053094548651,
    2.6826957952797246,
    2.9470517025518097,
    3.2374575428176433,
    3.5564803062231283,
    3.9069399370546147,
    4.291934260128776,
    4.714866363457392,
    5.17947467923121,
    5.689866029018296,
    6.250551925273969,
    6.866488450042998,
    7.543120063354615,
    8.286427728546842,
    9.102981779915218,
    10.0
  ],
  "gamma_max": [
    2.566996110562792,
    2.5646414950339347,
    2.5618017652748764,
    2.5583774160381707,
    2.554248728235081,
    2.5492717490756984,
    2.54327351006901,
    2.536046352751421,
    2.5273412185235364,
    2.5168597403928334,
    2.5042449617573768,
    2.4890704931522256,
    2.470827904293434,
    2.448912139017244,
    2.4226047202435557,
    2.3910544834096954,
    2.3532555140691533,
    2.308021845947436,
    2.2539582570514387,
    2.189426129099032,
    2.1125027448584626,
    2.0209315301511066,
    1.912059569272764,
    1.7827572533336975,
    1.6293132583941015,
    1.4472963358913027,
    1.2313737338985717,
    0.9750743091778232,
    0.6704818015231065,
    0.30783847956966165,
    -0.12497265253763855,
    -0.6431270912320739,
    -1.265869338894099,
    -2.0181599375902293,
    -2.933957555463624,
    -3.7460751262741554,
    -4.7745415988694395,
    -6.118370462952394,
    -7.861257668653816,
    -10.22259348355362,
    -12.902132179599079,
    -15.746112385640616,
    -19.195194502662353,
    -23.370835734439144,
    -28.420154893496065,
    -34.52117493316779,
    -41.88911445750987,
    -50.78396830612057,
    -61.519658002915754,
    -74.4750851655817
  ],
  "omega_max": [
    -5.803242678362824e-13,
    3.399251085312806e-13,
    9.8737159358811e-13,
    -3.6406353420592804e-13,
    -5.175792085234283e-13,
    -1.0649040089232976e-12,
    9.327915855249544e-13,
    1.233688452860552e-12,
    -4.772135692887103e-13,
    -3.6196892878044174e-13,
    5.229231114193023e-13,
    -5.0609983690826404e-14,
    -1.4901648810247114e-13,
    4.1689708177255267e-13,
    1.0741380758224007e-13,
    -4.121792381499186e-13,
    -2.8883467002354907e-13,
    6.51040015462825e-13,
    -7.430813316283183e-13,
    -3.476451286141534e-14,
    -1.436654598225599e-14,
    1.0502700641704094e-12,
    2.600138140393736e-13,
    5.863578251637301e-13,
    1.4064980473417184e-13,
    6.153390642673166e-13,
    2.2223481314614433e-13,
    1.0541115164768121e-14,
    9.847027163126031e-14,
    3.6342964824009943e-14,
    -1.6789054786551578e-14,
    5.893444158660904e-14,
    8.574606570683401e-14,
    1.4219603663279443e-13,
    -6.750535881277103e-13,
    -2.472580621721996e-14,
    1.7462555969191728e-14,
    2.375707580917459e-12,
    4.136390838145692e-12,
    -1.226910229390116e-12,
    -0.7740307309043827,
    1.2504704897640726,
    -1.6795791045991297,
    -2.10383160681874,
    2.539561413119938,
    2.996707273351333,
    3.483096041509658,
    -4.005880117864177,
    -4.572164951908183,
    5.189348100904695
  ],
  "params": {
    "alpha": -34.0,
    "dT": 0.75,
    "dR": 1.0
  },
  "metadata": {
    "shear_max": 1.2119267258940065e-08,
    "vel_net": 6.060050292931386e-11,
    "resolution": {
      "H": 25,
      "M": 65,
      "Nz": 129,
      "Nth": 128
    },
    "timestamp": "2026-04-13T14:19:25.859833"
  }
}