{
  "k": [
    0.1,
    0.10985411419875583,
    0.12067926406393285,
    0.13257113655901093,
    0.14563484775012436,
    0.15998587196060582,
    0.1757510624854792,
    0.193069772888325,
    0.21209508879201905,
    0.2329951810515372,
    0.2559547922699536,
    0.281176869797423,
    0.3088843596477481,
    0.3393221771895328,
    0.372759372031494,
    0.4094915062380424,
    0.44984326689694454,
    0.49417133613238345,
    0.5428675439323859,
    0.5963623316594643,
    0.6551285568595507,
    0.7196856730011519,
    0.7906043210907697,
    0.8685113737513525,
    0.9540954763499939,
    1.0481131341546859,
    1.151395399326447,
    1.2648552168552958,
    1.3894954943731375,
    1.5264179671752334,
    1.6768329368110073,
    1.8420699693267153,
    2.0235896477251565,
    2.2229964825261943,
    2.442053094548651,
    2.6826957952797246,
    2.9470517025518097,
    3.2374575428176433,
    3.5564803062231283,
    3.9069399370546147,
    4.291934260128776,
    4.714866363457392,
    5.17947467923121,
    5.689866029018296,
    6.250551925273969,
    6.866488450042998,
    7.543120063354615,
    8.286427728546842,
    9.102981779915218,
    10.0
  ],
  "gamma_max": [
    0.8098094491619717,
    0.7996112255623049,
    0.7871991559268199,
    0.7720635245272319,
    0.7535621901397199,
    0.730877997845899,
    0.7029578225634351,
    0.6684225005057703,
    0.6254287092575378,
    0.5714478475137328,
    0.5028940581044713,
    0.41446191051847436,
    0.297864310733886,
    0.13913421287966898,
    -0.09082383943256962,
    -0.35699304822238265,
    -0.2273825697386366,
    -0.10625997169254835,
    0.00014999328797336454,
    0.09437152622506009,
    0.17940571660665547,
    0.25696145516447005,
    0.3275909692456288,
    0.39097496946604127,
    0.4460971079104465,
    0.49131390229236543,
    0.5243478397450593,
    0.5422230087650732,
    0.5411597810228055,
    0.5164557338036405,
    0.4624120623833644,
    0.3724314990545787,
    0.23952615688493092,
    0.05756103160574152,
    -0.1768570813241202,
    -0.4557734126041047,
    -0.5564663510742989,
    -0.7703968471293157,
    -1.129956446787034,
    -1.6776121507929525,
    -2.2248959269931277,
    -2.5832442280198302,
    -3.062156429772376,
    -3.68634197167131,
    -4.482984471559286,
    -5.483628638706336,
    -6.72594401538114,
    -8.255455485473572,
    -10.127396059473323,
    -12.408824652821597
  ],
  "omega_max": [
    1.31938301523079e-13,
    -9.063034243457041e-14,
    -9.087373939523971e-14,
    -4.037520998524719e-14,
    -1.459931438184682e-13,
    -8.031691827999992e-13,
    -6.065033472743028e-14,
    6.463839911900569e-13,
    1.0196224535946481e-13,
    -2.0380713747803593e-12,
    5.965568769330129e-13,
    -5.456312489489938e-13,
    5.553495920958786e-13,
    4.0912230885569223e-13,
    1.3968419120906382e-13,
    -1.4428940778586394,
    -1.5129762272969394,
    -1.6132559432376228,
    -1.7286922975272156,
    -1.849712829522438,
    -1.9717485942205097,
    -2.0922875896463347,
    2.2094636427985894,
    2.321498553331093,
    -2.4264822484041626,
    2.522300352961215,
    2.6066514119318445,
    -2.6771481088821822,
    2.7315229489478123,
    2.7679784744958287,
    2.7857422560555403,
    2.785909320495505,
    -2.7726638027259916,
    2.75487472266614,
    -2.747593421533258,
    3.8062057191521037e-13,
    7.70416283200859e-13,
    5.303291967426652e-13,
    -8.867697859579329e-13,
    -3.3165664173144596e-13,
    -4.628754788212438,
    5.172990813292616,
    5.762047133600185,
    -6.404710489061644,
    -7.107296814700704,
    7.876192563026345,
    -8.718771725172575,
    -9.643787920322135,
    10.661650012688193,
    -11.784791933408897
  ],
  "params": {
    "alpha": -29.0,
    "dT": 0.125,
    "dR": 1.0
  },
  "metadata": {
    "shear_max": 2.535496347242485,
    "vel_net": 1.401677662826728e-10,
    "resolution": {
      "H": 25,
      "M": 65,
      "Nz": 129,
      "Nth": 128
    },
    "timestamp": "2026-04-13T18:21:12.357943"
  }
}