{
  "k": [
    0.1,
    0.10985411419875583,
    0.12067926406393285,
    0.13257113655901093,
    0.14563484775012436,
    0.15998587196060582,
    0.1757510624854792,
    0.193069772888325,
    0.21209508879201905,
    0.2329951810515372,
    0.2559547922699536,
    0.281176869797423,
    0.3088843596477481,
    0.3393221771895328,
    0.372759372031494,
    0.4094915062380424,
    0.44984326689694454,
    0.49417133613238345,
    0.5428675439323859,
    0.5963623316594643,
    0.6551285568595507,
    0.7196856730011519,
    0.7906043210907697,
    0.8685113737513525,
    0.9540954763499939,
    1.0481131341546859,
    1.151395399326447,
    1.2648552168552958,
    1.3894954943731375,
    1.5264179671752334,
    1.6768329368110073,
    1.8420699693267153,
    2.0235896477251565,
    2.2229964825261943,
    2.442053094548651,
    2.6826957952797246,
    2.9470517025518097,
    3.2374575428176433,
    3.5564803062231283,
    3.9069399370546147,
    4.291934260128776,
    4.714866363457392,
    5.17947467923121,
    5.689866029018296,
    6.250551925273969,
    6.866488450042998,
    7.543120063354615,
    8.286427728546842,
    9.102981779915218,
    10.0
  ],
  "gamma_max": [
    -1.1909849718216965,
    -1.1919870693581636,
    -1.1932053372942353,
    -1.1946883962120602,
    -1.196496597392526,
    -1.1987051408916263,
    -1.201408110934923,
    -1.204723719383462,
    -1.2088011467549284,
    -1.2138295037584477,
    -1.2200496259850364,
    -1.2277696880604714,
    -1.2373860325534118,
    -1.2494112377941298,
    -1.2645124373881738,
    -1.2835644668620536,
    -1.3077248035212425,
    -1.3385404016577642,
    -1.3780978843667646,
    -1.4223312603413174,
    -1.320683974468719,
    -1.2169805201043002,
    -1.1125635452543519,
    -1.0091177778581941,
    -0.9087141967402638,
    -0.8138552534678791,
    -0.7275201432190095,
    -0.6532110273276633,
    -0.5950056266780308,
    -0.5576281773943966,
    -0.5465556300898875,
    -0.5681701154878854,
    -0.4651928103191251,
    -0.32006250228206173,
    -0.24164006569962684,
    -0.256311245239821,
    -0.391971556753702,
    -0.6785583008504205,
    -1.1498389047812085,
    -1.8472379993016304,
    -2.828044712763938,
    -4.184864160023403,
    -5.725163536349381,
    -7.2533965899853925,
    -9.179892816050632,
    -11.536893651913608,
    -14.089289202738215,
    -17.17524538552895,
    -20.89954543349704,
    -25.386371736466632
  ],
  "omega_max": [
    -0.05912887303980284,
    -0.06507731961732274,
    -0.07165050843613782,
    -0.0789219502357202,
    -0.08697596203222846,
    -0.09590972596891259,
    -0.10583580445208672,
    -0.11688520642541436,
    -0.12921114074650708,
    -0.14299361893971047,
    -0.15844514632717252,
    -0.17581785905086636,
    -0.19541269069899483,
    -0.21759158717319213,
    -0.24279465554155416,
    -0.27156593316678673,
    -0.3045953750798494,
    -0.3427935942912326,
    -0.3874371277513889,
    -5.146822080349652,
    -5.273995343016357,
    -5.412411979370757,
    -5.562534476908276,
    -5.724787269257673,
    -5.89958686628421,
    -6.087383806576555,
    -6.288707162299406,
    -6.504194577304672,
    -6.734583379613361,
    -6.980633964491646,
    -7.242958160188262,
    -7.521733471462638,
    -6.645771733805824,
    -7.050139235737286,
    -7.517789131774398,
    -8.05482363142011,
    -8.667032368231345,
    -9.361050070982449,
    -10.145649690355311,
    -11.034098671723676,
    -12.050668988354094,
    -13.259443842453509,
    -11.702915061197091,
    -12.387985146995575,
    -13.143092451316297,
    -21.658330912052254,
    -24.134163609023243,
    -26.82225829016465,
    -29.76033240892025,
    -32.98332361275814
  ],
  "params": {
    "alpha": -32.0,
    "dT": 0.25,
    "dR": 1.0
  },
  "metadata": {
    "shear_max": 4.365023388620333,
    "vel_net": 1.8611577174622407,
    "resolution": {
      "H": 25,
      "M": 65,
      "Nz": 129,
      "Nth": 128
    },
    "timestamp": "2026-04-14T06:25:22.210520"
  }
}