{
  "k": [
    0.1,
    0.10985411419875583,
    0.12067926406393285,
    0.13257113655901093,
    0.14563484775012436,
    0.15998587196060582,
    0.1757510624854792,
    0.193069772888325,
    0.21209508879201905,
    0.2329951810515372,
    0.2559547922699536,
    0.281176869797423,
    0.3088843596477481,
    0.3393221771895328,
    0.372759372031494,
    0.4094915062380424,
    0.44984326689694454,
    0.49417133613238345,
    0.5428675439323859,
    0.5963623316594643,
    0.6551285568595507,
    0.7196856730011519,
    0.7906043210907697,
    0.8685113737513525,
    0.9540954763499939,
    1.0481131341546859,
    1.151395399326447,
    1.2648552168552958,
    1.3894954943731375,
    1.5264179671752334,
    1.6768329368110073,
    1.8420699693267153,
    2.0235896477251565,
    2.2229964825261943,
    2.442053094548651,
    2.6826957952797246,
    2.9470517025518097,
    3.2374575428176433,
    3.5564803062231283,
    3.9069399370546147,
    4.291934260128776,
    4.714866363457392,
    5.17947467923121,
    5.689866029018296,
    6.250551925273969,
    6.866488450042998,
    7.543120063354615,
    8.286427728546842,
    9.102981779915218,
    10.0
  ],
  "gamma_max": [
    0.31734371241677767,
    0.3160215414803962,
    0.3144263261491637,
    0.3125017643149795,
    0.31017997888837906,
    0.3073791506374609,
    0.30400067044751955,
    0.29992571289093484,
    0.29501111183502743,
    0.28908439094979577,
    0.28193776421731925,
    0.27332086883320283,
    0.26293191418893924,
    0.25040680810234706,
    0.23530562183614254,
    0.21709541534674126,
    0.19512784308841882,
    0.16860885700784056,
    0.1365557037323808,
    0.09773212101226801,
    0.0505432872713849,
    -0.007150383385405541,
    -0.0784032975733124,
    -0.16804756468939702,
    -0.2852909327784634,
    -0.4571022302868649,
    -0.7151775980539639,
    -0.7836683118008354,
    -0.8642746387899032,
    -0.9592274951596113,
    -1.0712544312773766,
    -1.203702452269743,
    -1.36068259306576,
    -1.547237739725625,
    -1.769536723348639,
    -2.0107751511435277,
    -2.2800605384398267,
    -2.620471578112396,
    -3.0451874388440694,
    -3.5698525632492166,
    -4.213244600109741,
    -4.998049022198358,
    -5.951740415781165,
    -7.107587783177012,
    -8.505818436887,
    -10.19498980405834,
    -12.233630939572329,
    -14.692227291460435,
    -17.65563464310467,
    -21.226021074615925
  ],
  "omega_max": [
    -1.9101105226667456e-15,
    -6.099629312610784e-15,
    4.8091425571017134e-15,
    -1.381172511340337e-14,
    3.7879205675227576e-15,
    1.2122086556243285e-14,
    3.8528547972306453e-16,
    -2.701317608358318e-14,
    -2.6307275699198104e-15,
    -1.6354859885574257e-15,
    2.8088399763235123e-15,
    8.964028533174464e-15,
    5.584028784422661e-15,
    -9.222545396452043e-15,
    -5.168112110360657e-15,
    2.2859590923584026e-15,
    -3.4276858029196403e-15,
    4.755112396481596e-15,
    -2.5899677991375042e-15,
    -3.068472974490083e-15,
    -1.2246945812475417e-15,
    -4.741799386409626e-16,
    -6.452603837325728e-15,
    1.0689042006112812e-14,
    -5.675764322848324e-15,
    2.2519853264956747e-14,
    -0.18807351212396958,
    -0.35243443715288025,
    -0.47864551228415775,
    -0.5942544150566246,
    0.7071816866906433,
    0.8213661930439513,
    -0.9393777411759555,
    -1.0632188036945283,
    1.1946519888707228,
    -1.2601222452964642,
    -1.3943334691278058,
    -1.5474426153881624,
    1.7207785319213305,
    -1.9156056085673943,
    2.1333505269885635,
    -2.375782838632714,
    2.645144589075333,
    -2.944239219319338,
    -3.2764932331420598,
    3.6460008576846326,
    4.057557265479866,
    4.516683009575462,
    -5.0296428715719514,
    -5.603466913484765
  ],
  "params": {
    "alpha": -20.0,
    "dT": 0.2,
    "dR": 1.0
  },
  "metadata": {
    "shear_max": 7.32412658728344e-09,
    "vel_net": 3.6574240211938434e-16,
    "resolution": {
      "H": 25,
      "M": 65,
      "Nz": 129,
      "Nth": 128
    },
    "timestamp": "2026-04-13T11:59:40.185627"
  }
}