{
  "k": [
    0.1,
    0.10985411419875583,
    0.12067926406393285,
    0.13257113655901093,
    0.14563484775012436,
    0.15998587196060582,
    0.1757510624854792,
    0.193069772888325,
    0.21209508879201905,
    0.2329951810515372,
    0.2559547922699536,
    0.281176869797423,
    0.3088843596477481,
    0.3393221771895328,
    0.372759372031494,
    0.4094915062380424,
    0.44984326689694454,
    0.49417133613238345,
    0.5428675439323859,
    0.5963623316594643,
    0.6551285568595507,
    0.7196856730011519,
    0.7906043210907697,
    0.8685113737513525,
    0.9540954763499939,
    1.0481131341546859,
    1.151395399326447,
    1.2648552168552958,
    1.3894954943731375,
    1.5264179671752334,
    1.6768329368110073,
    1.8420699693267153,
    2.0235896477251565,
    2.2229964825261943,
    2.442053094548651,
    2.6826957952797246,
    2.9470517025518097,
    3.2374575428176433,
    3.5564803062231283,
    3.9069399370546147,
    4.291934260128776,
    4.714866363457392,
    5.17947467923121,
    5.689866029018296,
    6.250551925273969,
    6.866488450042998,
    7.543120063354615,
    8.286427728546842,
    9.102981779915218,
    10.0
  ],
  "gamma_max": [
    -0.07196411444779478,
    -0.08006210086927948,
    -0.08980517369376684,
    -0.10152062610780216,
    -0.11559807091229166,
    -0.13250040691520248,
    -0.15277678015731627,
    -0.1770786663299081,
    -0.20618226727516445,
    -0.24102751845658363,
    -0.2828134787569059,
    -0.33336246271010483,
    -0.39830420768122937,
    -0.4592159722031915,
    -0.4964411381992401,
    -0.46919806357448596,
    -0.4599008669985079,
    -0.45206118201526196,
    -0.4442698138056202,
    -0.4361938857882517,
    -0.42777701620705444,
    -0.4190914137717865,
    -0.4102941933551699,
    -0.26770908946840793,
    -0.06793358808119408,
    0.12664901967023487,
    0.31062688549992407,
    0.4764432013719799,
    0.613110890503595,
    0.7042334160759419,
    0.7249769765527104,
    0.6378105771938857,
    0.39082668882504396,
    0.6744920344559704,
    1.741170767561675,
    2.752471271942383,
    3.4043507595182834,
    3.6107771270047855,
    3.2989737643269477,
    2.325977867814328,
    0.43779540838934994,
    -0.6365249759966408,
    -0.31316274331065913,
    -0.36074401029858283,
    -0.7768200026687713,
    -1.5593368009580766,
    -2.733727170722162,
    -4.345902826919544,
    -6.446635409611217,
    -9.047924487147524
  ],
  "omega_max": [
    1.5572597449089291e-12,
    -8.662729490033215e-13,
    2.8681417202438695e-12,
    -7.016306821555994e-12,
    4.1052565999191996e-13,
    2.8433418414825816e-13,
    -3.652666932912643e-12,
    4.110509595048759e-12,
    5.72619080534824e-13,
    3.5928460070903837e-13,
    6.172610814377785e-13,
    -8.691423976059483e-13,
    4.422719173505265e-12,
    -0.034041142621289516,
    0.018059763189910902,
    5.688134173027252e-13,
    -8.52046132212635e-14,
    -2.4381587592508343e-14,
    1.325275156330734e-13,
    9.384230094018644e-14,
    1.5521782940125722e-13,
    2.885257425441334e-14,
    4.0680242896146426e-13,
    -6.773708709237092,
    6.86974646761263,
    6.952867155937277,
    7.014682173652008,
    -7.045231412154179,
    7.033088572481037,
    -6.965687296334693,
    -6.830149303486084,
    -6.615600671131947,
    -6.3212640972741445,
    3.0953341106679703e-11,
    1.0762681661610094e-11,
    3.166919344862515e-12,
    -9.627378660053129e-12,
    -5.824820992114216e-12,
    -1.2026048437892235e-11,
    3.314342254835769e-11,
    8.829622033469681e-12,
    8.83546004952868,
    9.891877346872556,
    -11.182125128963918,
    -12.604421484270567,
    14.14418167424936,
    15.82239826628594,
    -17.68470269285961,
    -19.80879254817477,
    22.302298572209175
  ],
  "params": {
    "alpha": -47.0,
    "dT": 0.125,
    "dR": 1.0
  },
  "metadata": {
    "shear_max": 6.687463393260418,
    "vel_net": 4.9182879990894435e-14,
    "resolution": {
      "H": 25,
      "M": 65,
      "Nz": 129,
      "Nth": 128
    },
    "timestamp": "2026-04-16T07:54:46.318839"
  }
}