{
  "k": [
    0.1,
    0.10985411419875583,
    0.12067926406393285,
    0.13257113655901093,
    0.14563484775012436,
    0.15998587196060582,
    0.1757510624854792,
    0.193069772888325,
    0.21209508879201905,
    0.2329951810515372,
    0.2559547922699536,
    0.281176869797423,
    0.3088843596477481,
    0.3393221771895328,
    0.372759372031494,
    0.4094915062380424,
    0.44984326689694454,
    0.49417133613238345,
    0.5428675439323859,
    0.5963623316594643,
    0.6551285568595507,
    0.7196856730011519,
    0.7906043210907697,
    0.8685113737513525,
    0.9540954763499939,
    1.0481131341546859,
    1.151395399326447,
    1.2648552168552958,
    1.3894954943731375,
    1.5264179671752334,
    1.6768329368110073,
    1.8420699693267153,
    2.0235896477251565,
    2.2229964825261943,
    2.442053094548651,
    2.6826957952797246,
    2.9470517025518097,
    3.2374575428176433,
    3.5564803062231283,
    3.9069399370546147,
    4.291934260128776,
    4.714866363457392,
    5.17947467923121,
    5.689866029018296,
    6.250551925273969,
    6.866488450042998,
    7.543120063354615,
    8.286427728546842,
    9.102981779915218,
    10.0
  ],
  "gamma_max": [
    -2.2830925528614023,
    -2.2808771776153454,
    -2.2786317584455484,
    -2.2763942442624954,
    -2.2742154391248897,
    -2.27216236209114,
    -2.2703224293851076,
    -2.268808654012386,
    -2.2677660991898585,
    -2.2673798696972853,
    -2.267884976969961,
    -2.2473315774015377,
    -2.1719548071021193,
    -2.092111150101492,
    -2.0080646292240716,
    -1.9202582039857923,
    -1.8293571716971562,
    -1.7362983121884004,
    -1.6423445143967579,
    -1.5491444265729841,
    -1.4587965446210944,
    -1.373917106912576,
    -1.2977111932295153,
    -1.23404651364181,
    -1.1875295498796348,
    -1.163584189964588,
    -1.168534321060451,
    -1.2096950710916201,
    -1.2954841550842129,
    -1.435577093795271,
    -1.4835157824268654,
    -1.2396015477176643,
    -1.064940621306921,
    -0.9978066158898004,
    -1.0835918994420455,
    -1.372888447013075,
    -1.9203429892067136,
    -2.7844379070141296,
    -4.028443178009609,
    -5.722691849304965,
    -7.9480776022452915,
    -10.800489156232906,
    -14.39583256960172,
    -18.875147811432186,
    -24.40860274685672,
    -31.195391264481785,
    -39.457967661904426,
    -49.43648074355833,
    -61.143106608148386,
    -74.53203410568518
  ],
  "omega_max": [
    1.402301085531425,
    1.424298470931276,
    1.448541207964407,
    1.4752639672240715,
    1.5047264918856995,
    1.5372162171971262,
    1.573051099319876,
    1.6125826393778484,
    1.6561990702307292,
    1.7043286473840158,
    1.7574429468754011,
    6.255872996687488,
    6.339774902627743,
    6.432379971182064,
    6.534487641388761,
    6.646924186012435,
    6.7705289063959615,
    6.906137780102145,
    7.054566195230045,
    7.216593632028007,
    7.392954538221326,
    7.584340902415595,
    7.791422658068765,
    8.014891352213846,
    8.255529635258968,
    8.514303302045953,
    8.792463461431653,
    9.091634428321573,
    9.413849867351258,
    9.761488983377491,
    8.556990135133287,
    8.909970534258779,
    9.321306890877855,
    9.801738066450456,
    10.360345927917725,
    11.005082811292915,
    11.743509845927115,
    12.583430534394754,
    13.53350558872412,
    14.603978835803948,
    15.807643766797739,
    17.16125792224842,
    18.68779235379951,
    20.42021181301899,
    22.407794339450724,
    24.725180497709314,
    27.480809818032522,
    30.847134430089202,
    35.10039589681728,
    39.81488028393761
  ],
  "params": {
    "alpha": -45.0,
    "dT": 0.75,
    "dR": 1.0
  },
  "metadata": {
    "shear_max": 6.14219878728339,
    "vel_net": 2.5744464296636385,
    "resolution": {
      "H": 25,
      "M": 65,
      "Nz": 129,
      "Nth": 128
    },
    "timestamp": "2026-04-13T23:22:54.663817"
  }
}