{
  "k": [
    0.1,
    0.10985411419875583,
    0.12067926406393285,
    0.13257113655901093,
    0.14563484775012436,
    0.15998587196060582,
    0.1757510624854792,
    0.193069772888325,
    0.21209508879201905,
    0.2329951810515372,
    0.2559547922699536,
    0.281176869797423,
    0.3088843596477481,
    0.3393221771895328,
    0.372759372031494,
    0.4094915062380424,
    0.44984326689694454,
    0.49417133613238345,
    0.5428675439323859,
    0.5963623316594643,
    0.6551285568595507,
    0.7196856730011519,
    0.7906043210907697,
    0.8685113737513525,
    0.9540954763499939,
    1.0481131341546859,
    1.151395399326447,
    1.2648552168552958,
    1.3894954943731375,
    1.5264179671752334,
    1.6768329368110073,
    1.8420699693267153,
    2.0235896477251565,
    2.2229964825261943,
    2.442053094548651,
    2.6826957952797246,
    2.9470517025518097,
    3.2374575428176433,
    3.5564803062231283,
    3.9069399370546147,
    4.291934260128776,
    4.714866363457392,
    5.17947467923121,
    5.689866029018296,
    6.250551925273969,
    6.866488450042998,
    7.543120063354615,
    8.286427728546842,
    9.102981779915218,
    10.0
  ],
  "gamma_max": [
    -1.0097236408489119,
    -1.0117349417240777,
    -1.0141624051850782,
    -1.0170922013960069,
    -1.0206283712890174,
    -1.0248965462149184,
    -1.0300484482863785,
    -1.0362673384806695,
    -1.043774616977335,
    -1.0528378268927558,
    -1.0637803713279643,
    -1.076993328409162,
    -1.09294984547629,
    -1.1122227201797226,
    -1.1355059460531425,
    -1.1636412338333728,
    -1.197650851595567,
    -1.2387786153373586,
    -1.2885416116701411,
    -1.3487964415967255,
    -1.4218258246122175,
    -1.5104551034801943,
    -1.596939665964484,
    -1.699868763864101,
    -1.8260687630104198,
    -1.980637380101443,
    -2.169710825339502,
    -2.4006645316617554,
    -2.682357166012433,
    -3.0254285278061626,
    -3.4426637003920946,
    -3.9494377273108126,
    -4.564257355714369,
    -5.30941930722227,
    -6.211808369895446,
    -7.303863494270442,
    -8.624745929137172,
    -10.171702253184232,
    -12.052384167456085,
    -14.34803026627292,
    -17.140492816728727,
    -20.528641684907207,
    -24.632081750733683,
    -29.59551654997524,
    -35.59391821377029,
    -42.83870464252162,
    -51.5851653203949,
    -62.14142209288355,
    -74.8792639330946,
    -90.24725642340192
  ],
  "omega_max": [
    -3.0525084125745703e-16,
    -4.452442667029955e-16,
    2.5329645021767033e-16,
    -1.05698518947094e-16,
    -6.308143664190105e-16,
    6.079368021844043e-16,
    1.5500617415341605e-16,
    -6.058485414600549e-16,
    -1.2126867574880876e-15,
    -1.5998399678997395e-15,
    3.7690806423329287e-16,
    2.704304249223049e-15,
    -1.1935845958865674e-15,
    -2.060084401873632e-15,
    -1.1451939428060262e-15,
    -3.0066192226502293e-16,
    3.662676154984557e-15,
    1.0222306053745255e-15,
    1.4746776999578913e-15,
    -1.009887640659451e-15,
    4.264387158409159e-15,
    1.02869379003751e-14,
    -0.44613822754067795,
    0.487638473901487,
    -0.5322286380649824,
    0.5803231754745944,
    0.6324035931242931,
    -0.6890214561361113,
    0.7507997168902093,
    -0.8184336993480024,
    0.8926933318552356,
    0.9744280692687691,
    1.0645753981546628,
    1.1641730315503511,
    1.2743741337100272,
    1.3964644980129828,
    1.5318808614841455,
    1.5980794552290785,
    -1.7630736187067748,
    -1.9486536255093643,
    2.1573175044022177,
    2.3914268036134434,
    2.653527737974835,
    2.9465670729809927,
    3.274024895514849,
    -3.639993497768257,
    4.049224932155204,
    -4.5071610684300785,
    5.019955742238744,
    5.59450050062735
  ],
  "params": {
    "alpha": -20.0,
    "dT": 0.8888888888888888,
    "dR": 1.0
  },
  "metadata": {
    "shear_max": 2.7782975418354906e-09,
    "vel_net": 1.0339757656912846e-25,
    "resolution": {
      "H": 25,
      "M": 65,
      "Nz": 129,
      "Nth": 128
    },
    "timestamp": "2026-04-13T11:36:54.371024"
  }
}