{
  "k": [
    0.1,
    0.10985411419875583,
    0.12067926406393285,
    0.13257113655901093,
    0.14563484775012436,
    0.15998587196060582,
    0.1757510624854792,
    0.193069772888325,
    0.21209508879201905,
    0.2329951810515372,
    0.2559547922699536,
    0.281176869797423,
    0.3088843596477481,
    0.3393221771895328,
    0.372759372031494,
    0.4094915062380424,
    0.44984326689694454,
    0.49417133613238345,
    0.5428675439323859,
    0.5963623316594643,
    0.6551285568595507,
    0.7196856730011519,
    0.7906043210907697,
    0.8685113737513525,
    0.9540954763499939,
    1.0481131341546859,
    1.151395399326447,
    1.2648552168552958,
    1.3894954943731375,
    1.5264179671752334,
    1.6768329368110073,
    1.8420699693267153,
    2.0235896477251565,
    2.2229964825261943,
    2.442053094548651,
    2.6826957952797246,
    2.9470517025518097,
    3.2374575428176433,
    3.5564803062231283,
    3.9069399370546147,
    4.291934260128776,
    4.714866363457392,
    5.17947467923121,
    5.689866029018296,
    6.250551925273969,
    6.866488450042998,
    7.543120063354615,
    8.286427728546842,
    9.102981779915218,
    10.0
  ],
  "gamma_max": [
    -0.0696761679851216,
    -0.07824431010482834,
    -0.08855940652717238,
    -0.10097229069103066,
    -0.11590250741570945,
    -0.13385178231100145,
    -0.1554212277477363,
    -0.18133548322479748,
    -0.2124827291238906,
    -0.2499998089646677,
    -0.2955233758410695,
    -0.35238794152987457,
    -0.4414546823923883,
    -0.4744834829109818,
    -0.5132672734852785,
    -0.4991230634815892,
    -0.48216711567656484,
    -0.4708906512940787,
    -0.4605464754512383,
    -0.4501073723055482,
    -0.439223819757925,
    -0.42777678344882675,
    -0.36354953813008706,
    -0.1804775020743623,
    -0.0004640441499256263,
    0.1727124400119577,
    0.3342458627137184,
    0.4776844822767836,
    0.5940234077031246,
    0.6704274575209438,
    0.688526228109391,
    0.6225242027475871,
    0.43934355300479283,
    0.33289711820295564,
    0.9363806127737073,
    1.623825795802085,
    2.0782104226594704,
    2.1323774543923295,
    1.6784444573055088,
    0.5344682250068589,
    -1.2445668922734623,
    -1.0080369151598494,
    -0.9650450549332346,
    -1.2103890343603536,
    -1.7604992039833542,
    -2.630773051264403,
    -3.8504793955525383,
    -5.459806950165115,
    -7.499934395352579,
    -9.993970027292557
  ],
  "omega_max": [
    2.0869690582339795e-14,
    -1.6995641394882804e-14,
    -2.0566377154257162e-14,
    -5.961366029751798e-14,
    -2.982321974901889e-14,
    6.121850866579653e-14,
    1.5096882907745295e-14,
    -3.548614294853634e-14,
    2.1855587930982105e-14,
    -3.777768504650544e-16,
    4.133024655397751e-14,
    1.6195892494608133e-14,
    0.022327163642424357,
    -0.05380332119893939,
    0.04647129567936584,
    1.0106668579655765e-16,
    -2.713330943812935e-15,
    7.08262457041575e-14,
    -3.5165306708249393e-13,
    2.417875177100982e-13,
    -1.2056422587697908e-13,
    -7.907847695421953e-14,
    5.9060151683888344,
    6.002369047239433,
    -6.093536491498024,
    6.173433834098622,
    6.23476356129187,
    -6.269068736589201,
    6.2668894571909,
    6.218116627558529,
    6.112747860082359,
    -5.942683438616396,
    -5.707214385294248,
    -2.951308065569766e-12,
    -2.3213405718154078e-12,
    7.552411799932701e-12,
    2.6742055046794544e-12,
    -2.546631749015571e-12,
    -1.5157953875267814e-12,
    -8.383527314648983e-11,
    -7.504887235268406,
    -8.244266177106642,
    -9.23166918963508,
    -10.388262094497726,
    -11.668656649670977,
    -13.070177461438192,
    14.613017470801207,
    -16.334590607138736,
    -18.289868333773278,
    20.541893229254004
  ],
  "params": {
    "alpha": -43.0,
    "dT": 0.125,
    "dR": 1.0
  },
  "metadata": {
    "shear_max": 5.950787072417288,
    "vel_net": 3.6193270602780103e-14,
    "resolution": {
      "H": 25,
      "M": 65,
      "Nz": 129,
      "Nth": 128
    },
    "timestamp": "2026-04-15T21:44:56.264036"
  }
}