{
  "k": [
    0.1,
    0.10985411419875583,
    0.12067926406393285,
    0.13257113655901093,
    0.14563484775012436,
    0.15998587196060582,
    0.1757510624854792,
    0.193069772888325,
    0.21209508879201905,
    0.2329951810515372,
    0.2559547922699536,
    0.281176869797423,
    0.3088843596477481,
    0.3393221771895328,
    0.372759372031494,
    0.4094915062380424,
    0.44984326689694454,
    0.49417133613238345,
    0.5428675439323859,
    0.5963623316594643,
    0.6551285568595507,
    0.7196856730011519,
    0.7906043210907697,
    0.8685113737513525,
    0.9540954763499939,
    1.0481131341546859,
    1.151395399326447,
    1.2648552168552958,
    1.3894954943731375,
    1.5264179671752334,
    1.6768329368110073,
    1.8420699693267153,
    2.0235896477251565,
    2.2229964825261943,
    2.442053094548651,
    2.6826957952797246,
    2.9470517025518097,
    3.2374575428176433,
    3.5564803062231283,
    3.9069399370546147,
    4.291934260128776,
    4.714866363457392,
    5.17947467923121,
    5.689866029018296,
    6.250551925273969,
    6.866488450042998,
    7.543120063354615,
    8.286427728546842,
    9.102981779915218,
    10.0
  ],
  "gamma_max": [
    -1.6001913166026225,
    -1.6021427580226903,
    -1.6044967835577313,
    -1.6073362288459883,
    -1.6107608860517795,
    -1.614890943436866,
    -1.6198711145312767,
    -1.625875595932344,
    -1.6331140242320155,
    -1.6418386446269377,
    -1.6523529620832205,
    -1.665022229788316,
    -1.680286253359796,
    -1.6986751759352436,
    -1.7208291911057934,
    -1.7475235543936145,
    -1.7797008899757778,
    -1.8185136885035782,
    -1.8653811465599357,
    -1.8118460377033005,
    -1.683262448894374,
    -1.55003059576214,
    -1.4134394639442656,
    -1.2752248435983535,
    -1.1376627464909277,
    -1.003680142893762,
    -0.8769851708085442,
    -0.7622187776635635,
    -0.6651304839311166,
    -0.5927823603984947,
    -0.5305158009268875,
    -0.051791420754410615,
    0.4020264303814571,
    0.7932308982537755,
    1.0799809575686377,
    1.2167204466816992,
    1.154795392129679,
    0.8432109735413209,
    0.22867263203087831,
    -0.7455418956977837,
    -2.141578259332173,
    -4.028671872871685,
    -6.482043929336462,
    -9.575791634901753,
    -13.373593281596087,
    -17.9437219535033,
    -23.410295580300453,
    -29.981381778921897,
    -37.92627874125702,
    -47.46951870730702
  ],
  "omega_max": [
    0.17121904764819335,
    0.18813615678821913,
    0.20673514112934968,
    0.22718668093074473,
    0.24967995088986525,
    0.27442502452954776,
    0.30165572463326823,
    0.3316330415890872,
    0.36464928302482613,
    0.401033174329383,
    0.44115620491853386,
    0.48544061216071327,
    0.5343695219495288,
    0.588499905663527,
    0.6484791719871736,
    0.7150663336946869,
    0.7891586892449808,
    0.8718246910988205,
    0.9643428122408721,
    8.29635404411617,
    8.499831737791983,
    8.722726856805815,
    8.966205831821892,
    9.231332411756561,
    9.519041605439218,
    9.830119394356307,
    10.165185212594652,
    10.524667908880822,
    10.908758773621113,
    11.317320195865143,
    9.395597089919919,
    9.838708895454692,
    10.371933654945302,
    11.00369457345006,
    11.739940963202375,
    12.586359692242283,
    13.549344945878634,
    14.636792674135634,
    15.859198092798762,
    17.231218488772715,
    18.77392020620651,
    20.518007345739385,
    22.507645641193932,
    24.800869002662406,
    27.455131821707223,
    30.496626657873133,
    33.91924659873243,
    37.73577672348058,
    42.0349180507549,
    47.027878281300865
  ],
  "params": {
    "alpha": -49.0,
    "dT": 0.5,
    "dR": 1.0
  },
  "metadata": {
    "shear_max": 6.9825994525786514,
    "vel_net": 3.029629754590232,
    "resolution": {
      "H": 25,
      "M": 65,
      "Nz": 129,
      "Nth": 128
    },
    "timestamp": "2026-04-15T20:32:15.484542"
  }
}