{
  "k": [
    0.1,
    0.10985411419875583,
    0.12067926406393285,
    0.13257113655901093,
    0.14563484775012436,
    0.15998587196060582,
    0.1757510624854792,
    0.193069772888325,
    0.21209508879201905,
    0.2329951810515372,
    0.2559547922699536,
    0.281176869797423,
    0.3088843596477481,
    0.3393221771895328,
    0.372759372031494,
    0.4094915062380424,
    0.44984326689694454,
    0.49417133613238345,
    0.5428675439323859,
    0.5963623316594643,
    0.6551285568595507,
    0.7196856730011519,
    0.7906043210907697,
    0.8685113737513525,
    0.9540954763499939,
    1.0481131341546859,
    1.151395399326447,
    1.2648552168552958,
    1.3894954943731375,
    1.5264179671752334,
    1.6768329368110073,
    1.8420699693267153,
    2.0235896477251565,
    2.2229964825261943,
    2.442053094548651,
    2.6826957952797246,
    2.9470517025518097,
    3.2374575428176433,
    3.5564803062231283,
    3.9069399370546147,
    4.291934260128776,
    4.714866363457392,
    5.17947467923121,
    5.689866029018296,
    6.250551925273969,
    6.866488450042998,
    7.543120063354615,
    8.286427728546842,
    9.102981779915218,
    10.0
  ],
  "gamma_max": [
    -1.003122163358078,
    -1.0045503335062334,
    -1.0062757136030278,
    -1.0083605996946188,
    -1.010880536244935,
    -1.0139272121055471,
    -1.0176120186022302,
    -1.0220704306257562,
    -1.0274674117284956,
    -1.0340040940056474,
    -1.0419260448518215,
    -1.0515335050057113,
    -1.06319406679463,
    -1.0773583566842786,
    -1.0945793880172323,
    -1.1155363542691599,
    -1.1410637317136731,
    -1.1721866499566005,
    -1.2101635644423931,
    -1.256537339188854,
    -1.3131959438740184,
    -1.3824441326403423,
    -1.4670877676155047,
    -1.5705329487796746,
    -1.6969028760258373,
    -1.8511764299429672,
    -2.0393537937851898,
    -2.2686559882700785,
    -2.5477668610753827,
    -2.8871277956751684,
    -3.2992971775916344,
    -3.7993885836605976,
    -4.405603950628835,
    -5.139880913036593,
    -6.028677344572509,
    -7.103921043501734,
    -8.404158380389644,
    -9.913731108656023,
    -11.762433510679015,
    -14.02006127426053,
    -16.767087977094114,
    -20.100745700531636,
    -24.13868973366043,
    -29.02329786296899,
    -34.926762094126445,
    -42.05717113204842,
    -50.665821576013116,
    -61.05603952845851,
    -73.59384576304362,
    -88.72085832311144
  ],
  "omega_max": [
    -0.055652247508439306,
    0.06188220992005189,
    0.0686408696582461,
    0.0759868269824064,
    0.08398228549230771,
    -0.09269349456986088,
    -0.10219110113757193,
    0.11255042164918236,
    -0.1238516390035914,
    0.13617992861764508,
    0.14962552324137537,
    -0.16428373831515397,
    0.18025500009779644,
    0.19764494859138976,
    -0.21656472635674637,
    0.23713160967116856,
    -0.2594701828909728,
    0.2837142881210955,
    -0.3100099816056612,
    0.33851967572377284,
    0.3694275251619088,
    -0.4029459273738513,
    0.4393227775526603,
    -0.4788489057148743,
    0.5218650108666084,
    -0.5687674755816243,
    -0.6200127324346757,
    0.676120326070196,
    0.7376753511766161,
    -0.8053313751988385,
    -0.8798151149869907,
    -0.9619339421367958,
    -1.0525867668691928,
    -1.1527781282479634,
    1.263634625439967,
    1.3864224645047538,
    -1.522565204783886,
    1.5775198306184481,
    -1.740625052783243,
    -1.9257406338825294,
    -2.1349868089456745,
    -2.370385094666302,
    2.634199422393267,
    2.929152372449585,
    -3.258547703042258,
    3.6263361765140556,
    4.03715196911386,
    -4.496335529318441,
    5.009952522642927,
    -5.584818959358696
  ],
  "params": {
    "alpha": -21.0,
    "dT": 0.875,
    "dR": 1.0
  },
  "metadata": {
    "shear_max": 2.8070378177460235e-09,
    "vel_net": 2.0679515313825692e-25,
    "resolution": {
      "H": 25,
      "M": 65,
      "Nz": 129,
      "Nth": 128
    },
    "timestamp": "2026-04-13T11:44:09.273729"
  }
}