{
  "k": [
    0.1,
    0.10985411419875583,
    0.12067926406393285,
    0.13257113655901093,
    0.14563484775012436,
    0.15998587196060582,
    0.1757510624854792,
    0.193069772888325,
    0.21209508879201905,
    0.2329951810515372,
    0.2559547922699536,
    0.281176869797423,
    0.3088843596477481,
    0.3393221771895328,
    0.372759372031494,
    0.4094915062380424,
    0.44984326689694454,
    0.49417133613238345,
    0.5428675439323859,
    0.5963623316594643,
    0.6551285568595507,
    0.7196856730011519,
    0.7906043210907697,
    0.8685113737513525,
    0.9540954763499939,
    1.0481131341546859,
    1.151395399326447,
    1.2648552168552958,
    1.3894954943731375,
    1.5264179671752334,
    1.6768329368110073,
    1.8420699693267153,
    2.0235896477251565,
    2.2229964825261943,
    2.442053094548651,
    2.6826957952797246,
    2.9470517025518097,
    3.2374575428176433,
    3.5564803062231283,
    3.9069399370546147,
    4.291934260128776,
    4.714866363457392,
    5.17947467923121,
    5.689866029018296,
    6.250551925273969,
    6.866488450042998,
    7.543120063354615,
    8.286427728546842,
    9.102981779915218,
    10.0
  ],
  "gamma_max": [
    -1.5772614067612203,
    -1.5791922145140391,
    -1.5815214200207894,
    -1.5843310304782563,
    -1.5877198556806764,
    -1.591806923972124,
    -1.5967355868592221,
    -1.60267845306209,
    -1.6098433255927274,
    -1.618480359701789,
    -1.6288907211473884,
    -1.6414371137199357,
    -1.6565566774658198,
    -1.6747769597573618,
    -1.696735967534912,
    -1.7232077735041056,
    -1.7551358461180857,
    -1.7936772983805687,
    -1.8402627216635128,
    -1.8862238460099656,
    -1.7496774580831738,
    -1.6068640110227965,
    -1.4587617314161354,
    -1.3067680876196635,
    -1.1528112252942784,
    -0.9994896127163215,
    -0.8502410989020756,
    -0.7095376589687656,
    -0.5830970913853355,
    -0.478099953067624,
    -0.34353705584815664,
    0.206102054700717,
    0.7366004517226744,
    1.2085292498090539,
    1.5784372004943392,
    1.7986775074477053,
    1.8181359010607259,
    1.5833502245199946,
    1.0389098221464894,
    0.12661512884335993,
    -1.2162243574825544,
    -3.0579539892531598,
    -5.470591057159287,
    -8.522220883457276,
    -12.270594982375476,
    -16.783540307973986,
    -22.186335988507867,
    -28.68209871464568,
    -36.540196275988215,
    -46.08189387926544
  ],
  "omega_max": [
    0.18356297482423786,
    0.20169572879520842,
    0.2216298747859195,
    0.243547761204278,
    0.26765133327726764,
    0.2941646235936902,
    0.3233366857104137,
    0.3554450862485421,
    0.3908001085918563,
    0.4297498701723337,
    0.472686624313994,
    0.5200545956232069,
    0.5723598045510567,
    0.6301824507227799,
    0.6941925286762154,
    0.7651694130188038,
    0.8440260704741571,
    0.9318381777227701,
    1.0298774540617326,
    8.814011098473282,
    9.033854671023091,
    9.275033300559947,
    9.538836298541082,
    9.826394379938199,
    10.138625709763321,
    10.47618857020512,
    10.839444514606333,
    11.228430508072964,
    11.64282909008233,
    12.081914458493765,
    9.923930194996682,
    10.403018482682988,
    10.98297971752996,
    11.671155032772434,
    12.472889662929457,
    13.393646826483192,
    14.43981389464962,
    15.619525222697746,
    16.943898998025674,
    18.428774065895364,
    20.097117551452648,
    21.98226892153487,
    24.131141863229107,
    26.60236149614394,
    29.448705671585312,
    32.68906747810436,
    36.31324874690482,
    40.32465890515557,
    44.77308760650491,
    49.78930626397016
  ],
  "params": {
    "alpha": -52.0,
    "dT": 0.5,
    "dR": 1.0
  },
  "metadata": {
    "shear_max": 7.422461731015685,
    "vel_net": 3.2417362449552543,
    "resolution": {
      "H": 25,
      "M": 65,
      "Nz": 129,
      "Nth": 128
    },
    "timestamp": "2026-04-15T22:47:02.836326"
  }
}