{
  "k": [
    0.1,
    0.10985411419875583,
    0.12067926406393285,
    0.13257113655901093,
    0.14563484775012436,
    0.15998587196060582,
    0.1757510624854792,
    0.193069772888325,
    0.21209508879201905,
    0.2329951810515372,
    0.2559547922699536,
    0.281176869797423,
    0.3088843596477481,
    0.3393221771895328,
    0.372759372031494,
    0.4094915062380424,
    0.44984326689694454,
    0.49417133613238345,
    0.5428675439323859,
    0.5963623316594643,
    0.6551285568595507,
    0.7196856730011519,
    0.7906043210907697,
    0.8685113737513525,
    0.9540954763499939,
    1.0481131341546859,
    1.151395399326447,
    1.2648552168552958,
    1.3894954943731375,
    1.5264179671752334,
    1.6768329368110073,
    1.8420699693267153,
    2.0235896477251565,
    2.2229964825261943,
    2.442053094548651,
    2.6826957952797246,
    2.9470517025518097,
    3.2374575428176433,
    3.5564803062231283,
    3.9069399370546147,
    4.291934260128776,
    4.714866363457392,
    5.17947467923121,
    5.689866029018296,
    6.250551925273969,
    6.866488450042998,
    7.543120063354615,
    8.286427728546842,
    9.102981779915218,
    10.0
  ],
  "gamma_max": [
    -0.01600090477021189,
    -0.02334873127496655,
    -0.032183792233467165,
    -0.04279885117126705,
    -0.05554035485971003,
    -0.07081623716770306,
    -0.08910356743944627,
    -0.11095475107476443,
    -0.13699926647476468,
    -0.16793312505781136,
    -0.20447241810215996,
    -0.24718322920955813,
    -0.29576580736340136,
    -0.3452684701143813,
    -0.3759091754606756,
    -0.3828299361375275,
    -0.38158133820287243,
    -0.3774838935950596,
    -0.3719078699227972,
    -0.3653695000355683,
    -0.3581780917648101,
    -0.3506148147854556,
    -0.343000511962176,
    -0.33572713192649906,
    -0.1370278147163358,
    0.06543439002122335,
    0.25821884358454916,
    0.43298186384770115,
    0.5772259215038827,
    0.6716553380081532,
    0.6858029312767379,
    0.5714720556004701,
    0.26354982841848934,
    1.063885109613208,
    2.457494826494765,
    3.625181131475061,
    4.395374501116679,
    4.73752197720736,
    4.608386708648179,
    3.9214828030729683,
    2.5493720214532,
    0.4596181730275451,
    0.4185781517716846,
    0.5748293802680939,
    0.3805992157768856,
    -0.16529465762264473,
    -1.0797295400613012,
    -2.3943312432517185,
    -4.128569364632545,
    -6.237824133633854
  ],
  "omega_max": [
    -1.2933249140672583e-12,
    -1.443664534983255e-12,
    3.5607559278956418e-12,
    -8.418146441415354e-13,
    -3.5489564925033407e-12,
    -5.78151617273726e-13,
    -2.033635034646384e-13,
    4.3474586136153414e-13,
    1.8914800798521175e-12,
    3.2973252813475907e-12,
    -2.7815952894381834e-12,
    5.353854961868466e-13,
    1.7071473191288052e-12,
    -3.6416490438474386e-13,
    -6.196894919596532e-13,
    -1.2124614964712769e-13,
    1.1662017612235438e-13,
    1.8798875268144282e-14,
    2.604245853123183e-13,
    -7.23334725882112e-16,
    2.711188455583343e-13,
    -5.430787777639361e-14,
    1.720457781452056e-13,
    1.5703023033359452e-13,
    7.150500090924959,
    -7.232599108818099,
    -7.292338022282174,
    -7.319111138535994,
    7.300547014678901,
    -7.222789012706535,
    -7.071360953362814,
    -6.833953541002888,
    6.510972165414477,
    1.291838314730538e-11,
    -7.249126816763616e-12,
    1.0004329031833261e-11,
    -3.287079126872581e-12,
    -3.6370383019605807e-12,
    -2.1081215686803258e-11,
    1.5343647812750192e-11,
    1.1744134222260295e-11,
    -1.0305843721759775e-11,
    -10.500929735488365,
    11.795623818457454,
    -13.269481839037752,
    -14.889091839910254,
    -16.67128191852277,
    18.66869522506947,
    20.971610883561357,
    23.6703991292125
  ],
  "params": {
    "alpha": -48.0,
    "dT": 0.1,
    "dR": 1.0
  },
  "metadata": {
    "shear_max": 7.00633277265247,
    "vel_net": 5.828670879282072e-14,
    "resolution": {
      "H": 25,
      "M": 65,
      "Nz": 129,
      "Nth": 128
    },
    "timestamp": "2026-04-16T01:46:39.828707"
  }
}