{
  "k": [
    0.1,
    0.10985411419875583,
    0.12067926406393285,
    0.13257113655901093,
    0.14563484775012436,
    0.15998587196060582,
    0.1757510624854792,
    0.193069772888325,
    0.21209508879201905,
    0.2329951810515372,
    0.2559547922699536,
    0.281176869797423,
    0.3088843596477481,
    0.3393221771895328,
    0.372759372031494,
    0.4094915062380424,
    0.44984326689694454,
    0.49417133613238345,
    0.5428675439323859,
    0.5963623316594643,
    0.6551285568595507,
    0.7196856730011519,
    0.7906043210907697,
    0.8685113737513525,
    0.9540954763499939,
    1.0481131341546859,
    1.151395399326447,
    1.2648552168552958,
    1.3894954943731375,
    1.5264179671752334,
    1.6768329368110073,
    1.8420699693267153,
    2.0235896477251565,
    2.2229964825261943,
    2.442053094548651,
    2.6826957952797246,
    2.9470517025518097,
    3.2374575428176433,
    3.5564803062231283,
    3.9069399370546147,
    4.291934260128776,
    4.714866363457392,
    5.17947467923121,
    5.689866029018296,
    6.250551925273969,
    6.866488450042998,
    7.543120063354615,
    8.286427728546842,
    9.102981779915218,
    10.0
  ],
  "gamma_max": [
    0.2316271957867735,
    0.2305202061407316,
    0.22918432735222902,
    0.2275722322539981,
    0.22562680359754236,
    0.22327910380647012,
    0.22044591899804855,
    0.2170267840641776,
    0.21290037202018236,
    0.20792009892999694,
    0.20190875098522124,
    0.19465187498961734,
    0.18588957412204768,
    0.17530619293164434,
    0.1625171141641039,
    0.14705143946676189,
    0.12832851668729228,
    0.1056247559486743,
    0.07802416433425721,
    0.04433965154926807,
    0.0029774294714692896,
    -0.048321423841777886,
    -0.11304521699420507,
    -0.1974227837160351,
    -0.3162879622983913,
    -0.5980957508380377,
    -0.6333209901923986,
    -0.6744377956717376,
    -0.7224777887669475,
    -0.7787194198955685,
    -0.8447519808109187,
    -0.9225460514500048,
    -1.0145311232806966,
    -1.1236837780756925,
    -1.2536315178578268,
    -1.4087776669135872,
    -1.560391270563873,
    -1.7459482860478877,
    -1.9820920842195475,
    -2.2777141922913353,
    -2.6435061735698615,
    -3.0923891766434517,
    -3.6400064247594055,
    -4.30528331932101,
    -5.111071788286665,
    -6.08490533621097,
    -7.259899679263639,
    -8.67584224597107,
    -10.38052266064217,
    -12.431364278612897
  ],
  "omega_max": [
    1.4830651464621209e-15,
    3.1080962865301525e-16,
    5.089976823532569e-16,
    2.590954547717168e-16,
    3.3513133128079165e-16,
    6.200905853237381e-16,
    -8.963339550405247e-17,
    -2.995858846135479e-16,
    -1.2097410976221119e-17,
    7.590342910983717e-16,
    -1.223773166484464e-15,
    1.1851628755070914e-15,
    -1.5353916456462778e-15,
    -6.453488451575721e-16,
    6.703286929066333e-17,
    9.844611201212318e-16,
    -4.0469083766584787e-16,
    -3.0011250110095174e-16,
    4.767898401281881e-18,
    -6.768076550642263e-17,
    -6.05594946461082e-17,
    2.2898097144164054e-16,
    6.329361990601281e-16,
    5.12567043675992e-16,
    5.25900694592598e-16,
    -0.04802498069272716,
    -0.2825649900469856,
    0.4139821670851611,
    0.5285957313089534,
    -0.6379195257836673,
    0.746739328722531,
    0.8578694147313461,
    -0.9733734585110323,
    -1.095011922595951,
    1.2244408274925525,
    -1.3633132268674828,
    -1.4526124612214524,
    -1.6037064937957175,
    -1.7740950913667763,
    1.9652940909229415,
    -2.1789927874496544,
    2.4172036061229276,
    -2.682375263945488,
    2.977476521292352,
    3.30605963775824,
    -3.6723105941300647,
    4.081089566938302,
    -4.5379627509407445,
    -5.04922763299202,
    5.621939121545178
  ],
  "params": {
    "alpha": -19.0,
    "dT": 0.1111111111111111,
    "dR": 1.0
  },
  "metadata": {
    "shear_max": 7.19767563888277e-09,
    "vel_net": 6.393463610086394e-16,
    "resolution": {
      "H": 25,
      "M": 65,
      "Nz": 129,
      "Nth": 128
    },
    "timestamp": "2026-04-13T11:54:23.920655"
  }
}