{
  "k": [
    0.1,
    0.10985411419875583,
    0.12067926406393285,
    0.13257113655901093,
    0.14563484775012436,
    0.15998587196060582,
    0.1757510624854792,
    0.193069772888325,
    0.21209508879201905,
    0.2329951810515372,
    0.2559547922699536,
    0.281176869797423,
    0.3088843596477481,
    0.3393221771895328,
    0.372759372031494,
    0.4094915062380424,
    0.44984326689694454,
    0.49417133613238345,
    0.5428675439323859,
    0.5963623316594643,
    0.6551285568595507,
    0.7196856730011519,
    0.7906043210907697,
    0.8685113737513525,
    0.9540954763499939,
    1.0481131341546859,
    1.151395399326447,
    1.2648552168552958,
    1.3894954943731375,
    1.5264179671752334,
    1.6768329368110073,
    1.8420699693267153,
    2.0235896477251565,
    2.2229964825261943,
    2.442053094548651,
    2.6826957952797246,
    2.9470517025518097,
    3.2374575428176433,
    3.5564803062231283,
    3.9069399370546147,
    4.291934260128776,
    4.714866363457392,
    5.17947467923121,
    5.689866029018296,
    6.250551925273969,
    6.866488450042998,
    7.543120063354615,
    8.286427728546842,
    9.102981779915218,
    10.0
  ],
  "gamma_max": [
    2.7038982504549547,
    2.701336226034537,
    2.6982460647523343,
    2.6945193045443894,
    2.690025390286978,
    2.6846072532709466,
    2.6780760397164207,
    2.670204839171054,
    2.660721241150022,
    2.6492985273446235,
    2.6355452821884158,
    2.6189931803675646,
    2.599082683909371,
    2.575146350287547,
    2.546389414010907,
    2.5118672447092667,
    2.4704591912962,
    2.420838163079603,
    2.361435041224305,
    2.2903966025920623,
    2.2055350221377035,
    2.1042661470319803,
    1.9835325913486634,
    1.8397063172794008,
    1.6684638554144124,
    1.4646258158527372,
    1.221950972839522,
    0.932873871364093,
    0.5881731101617006,
    0.17655399484185583,
    -0.3158781898446674,
    -0.9062940878971314,
    -1.6160404729089177,
    -2.4719244400132454,
    -3.508277809561028,
    -4.538475390805759,
    -5.738469191341239,
    -7.292182797189283,
    -9.274416844254883,
    -11.79419901015698,
    -15.131974498683073,
    -18.896402911061102,
    -23.027632439077937,
    -28.02870688518769,
    -34.076045262993595,
    -41.38309757481924,
    -50.20788910580639,
    -60.86211662769278,
    -73.72213412273271,
    -89.24222623536977
  ],
  "omega_max": [
    -1.1410868399107352e-12,
    2.4708509653463775e-13,
    -6.736349374387923e-13,
    6.358065348150123e-14,
    2.0224647156467967e-13,
    -4.423458140300757e-14,
    8.14008901693066e-13,
    -7.337825502540225e-14,
    -5.029889228102572e-13,
    -3.324900519615194e-13,
    -1.4972094370140125e-12,
    1.5492721474759926e-12,
    -3.972582276129121e-13,
    5.427034608037574e-13,
    7.034622691373049e-14,
    -8.688376756817643e-13,
    -2.629421675020727e-13,
    5.456028980590147e-13,
    -2.9648781901496425e-13,
    -3.1766252069666705e-13,
    -4.905041673685001e-13,
    2.701571079116475e-14,
    -1.3711525713502463e-13,
    -1.281202643961884e-12,
    4.558781754033642e-13,
    3.556727982214248e-13,
    4.211597423482388e-14,
    -1.0404794026138207e-14,
    1.335341481799181e-13,
    2.8897353824518805e-14,
    1.2757284557586441e-13,
    7.00905469384027e-14,
    -1.680130484992104e-13,
    -2.6413178307714436e-13,
    4.898320862675364e-14,
    9.185780270282202e-13,
    -5.482507634944226e-13,
    -1.4879456471060418e-12,
    2.160588404295889e-13,
    3.257623786922786e-12,
    -5.497402649154646e-13,
    -0.8930941513861749,
    -1.421941161457368,
    -1.897030780320454,
    2.3658032755356753,
    -2.8469551347123896,
    -3.3519180386156053,
    3.8896411868869567,
    -4.468224827001805,
    5.095642625956102
  ],
  "params": {
    "alpha": -36.0,
    "dT": 0.9,
    "dR": 1.0
  },
  "metadata": {
    "shear_max": 1.076833293743277e-08,
    "vel_net": 5.635633507841746e-12,
    "resolution": {
      "H": 25,
      "M": 65,
      "Nz": 129,
      "Nth": 128
    },
    "timestamp": "2026-04-13T14:05:11.313241"
  }
}