{
  "k": [
    0.1,
    0.10985411419875583,
    0.12067926406393285,
    0.13257113655901093,
    0.14563484775012436,
    0.15998587196060582,
    0.1757510624854792,
    0.193069772888325,
    0.21209508879201905,
    0.2329951810515372,
    0.2559547922699536,
    0.281176869797423,
    0.3088843596477481,
    0.3393221771895328,
    0.372759372031494,
    0.4094915062380424,
    0.44984326689694454,
    0.49417133613238345,
    0.5428675439323859,
    0.5963623316594643,
    0.6551285568595507,
    0.7196856730011519,
    0.7906043210907697,
    0.8685113737513525,
    0.9540954763499939,
    1.0481131341546859,
    1.151395399326447,
    1.2648552168552958,
    1.3894954943731375,
    1.5264179671752334,
    1.6768329368110073,
    1.8420699693267153,
    2.0235896477251565,
    2.2229964825261943,
    2.442053094548651,
    2.6826957952797246,
    2.9470517025518097,
    3.2374575428176433,
    3.5564803062231283,
    3.9069399370546147,
    4.291934260128776,
    4.714866363457392,
    5.17947467923121,
    5.689866029018296,
    6.250551925273969,
    6.866488450042998,
    7.543120063354615,
    8.286427728546842,
    9.102981779915218,
    10.0
  ],
  "gamma_max": [
    -0.6607831900543202,
    -0.6623674221996748,
    -0.6642836602105998,
    -0.6666026233954461,
    -0.6694106406663833,
    -0.6728133634750463,
    -0.6769404970689235,
    -0.6819519001325797,
    -0.6880455619537135,
    -0.6954682207195484,
    -0.7045298102291384,
    -0.7156236619709442,
    -0.7292557571181362,
    -0.7460890385785018,
    -0.767014701782342,
    -0.7932769025434071,
    -0.8267196149122956,
    -0.8703834742375827,
    -0.9306170053163104,
    -1.0158712208151548,
    -1.026680082484017,
    -1.0394023602555935,
    -1.0543338481154607,
    -1.0718170120596395,
    -1.092260064516704,
    -1.1161668222661467,
    -1.1441773277947809,
    -1.1771148783408052,
    -1.216032035045763,
    -1.262250145117945,
    -1.3173939568244566,
    -1.3834299360417834,
    -1.4627187540226174,
    -1.5580891265302572,
    -1.6729356486497302,
    -1.8113407198815408,
    -1.9504791433882054,
    -2.118128895691938,
    -2.3332592506873646,
    -2.6038485811393994,
    -2.939485139499443,
    -3.351816631250604,
    -3.855000427553047,
    -4.466193419353837,
    -5.206108963773741,
    -6.0996694398155915,
    -7.176789011995717,
    -8.473330016511312,
    -10.01410314742465,
    -11.795769361839989
  ],
  "omega_max": [
    1.2650482879456524e-15,
    1.6319204821473313e-15,
    1.3992631969719211e-15,
    1.7645923941299303e-15,
    1.108965596439047e-15,
    6.51313824074893e-16,
    2.774707203108971e-16,
    1.2341227902715483e-15,
    1.5113355079342398e-15,
    9.266474693230655e-16,
    1.208824049156172e-15,
    1.7991261392642334e-15,
    1.1918764101106687e-15,
    1.1481557562077323e-15,
    4.494013203184723e-16,
    3.143926339810177e-16,
    1.2140782986604648e-15,
    -8.578901367855024e-15,
    -7.115147669179804e-15,
    -0.26099569276312723,
    0.3052708828635912,
    0.35100324388676246,
    0.39885146368306906,
    0.44933587259048274,
    -0.5028957656235469,
    -0.5599213967580625,
    -0.6207812919237555,
    0.6858552605699376,
    0.7555747563449228,
    0.8304639659805719,
    0.9111714696656418,
    0.9984860446023965,
    1.0933378171873007,
    1.196791698108462,
    -1.31004118539683,
    -1.4344085125740176,
    1.5393784053559871,
    1.6883851750533863,
    1.8535539110113943,
    -2.0374898837348225,
    -2.2427127201904664,
    -2.471881589939084,
    -2.727965641687025,
    -3.0143721921272593,
    3.335044738551498,
    -3.6945374272375564,
    4.098067731469431,
    -4.551547403332046,
    -7.682650236672568,
    8.501080901872422
  ],
  "params": {
    "alpha": -15.0,
    "dT": 0.1,
    "dR": 1.0
  },
  "metadata": {
    "shear_max": 3.1232051941753152e-09,
    "vel_net": 2.0679515313825692e-25,
    "resolution": {
      "H": 25,
      "M": 65,
      "Nz": 129,
      "Nth": 128
    },
    "timestamp": "2026-04-13T11:01:03.613650"
  }
}