{
  "k": [
    0.1,
    0.10985411419875583,
    0.12067926406393285,
    0.13257113655901093,
    0.14563484775012436,
    0.15998587196060582,
    0.1757510624854792,
    0.193069772888325,
    0.21209508879201905,
    0.2329951810515372,
    0.2559547922699536,
    0.281176869797423,
    0.3088843596477481,
    0.3393221771895328,
    0.372759372031494,
    0.4094915062380424,
    0.44984326689694454,
    0.49417133613238345,
    0.5428675439323859,
    0.5963623316594643,
    0.6551285568595507,
    0.7196856730011519,
    0.7906043210907697,
    0.8685113737513525,
    0.9540954763499939,
    1.0481131341546859,
    1.151395399326447,
    1.2648552168552958,
    1.3894954943731375,
    1.5264179671752334,
    1.6768329368110073,
    1.8420699693267153,
    2.0235896477251565,
    2.2229964825261943,
    2.442053094548651,
    2.6826957952797246,
    2.9470517025518097,
    3.2374575428176433,
    3.5564803062231283,
    3.9069399370546147,
    4.291934260128776,
    4.714866363457392,
    5.17947467923121,
    5.689866029018296,
    6.250551925273969,
    6.866488450042998,
    7.543120063354615,
    8.286427728546842,
    9.102981779915218,
    10.0
  ],
  "gamma_max": [
    -1.0088344868147658,
    -1.0106618782745782,
    -1.0128673830852133,
    -1.0155292945594179,
    -1.0187421437875612,
    -1.0226200795556264,
    -1.0273009576423988,
    -1.032951291235331,
    -1.0397722480934999,
    -1.0480069223247004,
    -1.0579491616260084,
    -1.0699542980371008,
    -1.0844522164464652,
    -1.1019633073605324,
    -1.123117999374541,
    -1.1486807688150455,
    -1.1795798054635815,
    -1.2169439177222692,
    -1.2621488630540778,
    -1.3168762246221812,
    -1.3831894756909986,
    -1.463634482636106,
    -1.5613764651765825,
    -1.680394827588369,
    -1.8257775974144634,
    -2.0042066969563925,
    -2.2248661465064092,
    -2.501504607116621,
    -2.768855735462374,
    -3.077145002299725,
    -3.4526001258311703,
    -3.909105031839272,
    -4.463360812575105,
    -5.135479837399241,
    -5.949706864472073,
    -6.93529273269778,
    -8.127551112725502,
    -9.520398092340333,
    -11.220969985310226,
    -13.295384718220772,
    -15.817596817830164,
    -18.876863580133456,
    -22.581090845434566,
    -27.060757975072978,
    -32.473565804407066,
    -39.00998825937689,
    -46.89994572735231,
    -56.420860407020854,
    -67.90740293236557,
    -81.76329504938947
  ],
  "omega_max": [
    1.3595995346593585e-16,
    1.9834921566633004e-15,
    9.480496971327505e-16,
    8.820517448941051e-16,
    -3.9351254832238946e-16,
    7.237839982627397e-17,
    7.529695029094222e-16,
    -5.161416960637186e-16,
    8.665245722073788e-17,
    -9.328889480331128e-16,
    -5.678424560649031e-16,
    2.7555207174397075e-15,
    4.517021736198257e-16,
    -1.1467789757340852e-16,
    -8.273786010996269e-16,
    -5.098736090445087e-15,
    1.0389358952536606e-15,
    7.610841535198829e-16,
    -1.6100907914810216e-15,
    -2.454767293317662e-15,
    3.1861398946880886e-16,
    -2.3783485167532947e-16,
    8.119826364640879e-16,
    6.42668128936294e-15,
    -2.220532980970267e-15,
    -1.694645428393309e-14,
    -3.022600118450406e-14,
    -2.2578558159939656e-14,
    0.7130493652556392,
    0.787332886945369,
    0.8671097778633213,
    0.953397302172109,
    1.0472769877267,
    -1.149909023471099,
    -1.262547277420585,
    -1.3865558893042043,
    -1.5234285071315472,
    1.6094195022506044,
    1.7815810312281848,
    1.971180558515448,
    -2.181369332427436,
    -2.4151759029296462,
    -2.675756211351217,
    -2.966583156082693,
    -3.2915834988192967,
    3.6552346255932555,
    -4.062630873110993,
    4.519525711447185,
    5.032357054486233,
    5.608269822786429
  ],
  "params": {
    "alpha": -17.0,
    "dT": 0.8,
    "dR": 1.0
  },
  "metadata": {
    "shear_max": 1.8854147570224005e-09,
    "vel_net": 7.754818242684634e-26,
    "resolution": {
      "H": 25,
      "M": 65,
      "Nz": 129,
      "Nth": 128
    },
    "timestamp": "2026-04-13T11:04:19.269399"
  }
}