{
  "k": [
    0.1,
    0.10985411419875583,
    0.12067926406393285,
    0.13257113655901093,
    0.14563484775012436,
    0.15998587196060582,
    0.1757510624854792,
    0.193069772888325,
    0.21209508879201905,
    0.2329951810515372,
    0.2559547922699536,
    0.281176869797423,
    0.3088843596477481,
    0.3393221771895328,
    0.372759372031494,
    0.4094915062380424,
    0.44984326689694454,
    0.49417133613238345,
    0.5428675439323859,
    0.5963623316594643,
    0.6551285568595507,
    0.7196856730011519,
    0.7906043210907697,
    0.8685113737513525,
    0.9540954763499939,
    1.0481131341546859,
    1.151395399326447,
    1.2648552168552958,
    1.3894954943731375,
    1.5264179671752334,
    1.6768329368110073,
    1.8420699693267153,
    2.0235896477251565,
    2.2229964825261943,
    2.442053094548651,
    2.6826957952797246,
    2.9470517025518097,
    3.2374575428176433,
    3.5564803062231283,
    3.9069399370546147,
    4.291934260128776,
    4.714866363457392,
    5.17947467923121,
    5.689866029018296,
    6.250551925273969,
    6.866488450042998,
    7.543120063354615,
    8.286427728546842,
    9.102981779915218,
    10.0
  ],
  "gamma_max": [
    0.06314213680243642,
    0.051304099708267034,
    0.0370184323238956,
    0.019778034144320406,
    -0.0010308332866221387,
    -0.026153145379193662,
    -0.05649847166560143,
    -0.09319076635020983,
    -0.1376550892291561,
    -0.19180567108546223,
    -0.25859017417563823,
    -0.3444346607886838,
    -0.4934756825350483,
    -0.5393482051872228,
    -0.5928259788672655,
    -0.6547441015876807,
    -0.7261965448221376,
    -0.6579058086663795,
    -0.6279329108028249,
    -0.6004352089289509,
    -0.43210398441635406,
    -0.2645860857628969,
    -0.10032354871352793,
    0.058278842853319864,
    0.20866120324622361,
    0.34784088211978864,
    0.4720766659680838,
    0.5764510834828424,
    0.6543502766765913,
    0.6968363104955765,
    0.6919615828196007,
    0.624229399513083,
    0.4748769514290294,
    0.22508635937241733,
    -0.003903451928244789,
    0.1788937267778098,
    0.24636944489358936,
    0.03877187851935219,
    -0.5768029148797602,
    -1.7145069552254508,
    -2.199094321491053,
    -2.3986492500300405,
    -2.8045347762638846,
    -3.461662327031587,
    -4.402350957278465,
    -5.662904688397294,
    -7.289528076531003,
    -9.340703296208797,
    -11.888585701901384,
    -15.018905186240659
  ],
  "omega_max": [
    1.0484822087919096e-13,
    -2.0347975689636793e-13,
    -1.015085096282755e-12,
    3.0532854037565113e-13,
    -6.993114327097469e-13,
    -2.8021735423023404e-13,
    -1.8369196770244262e-13,
    -1.6127699743304887e-13,
    -2.731371871243883e-13,
    -8.19298788537115e-13,
    5.196651985787754e-13,
    8.112353707878572e-13,
    -0.0385834992596625,
    0.11280181489808788,
    -0.1393834458290106,
    0.13651244526528175,
    -0.07996193774018913,
    -4.3725376649638895e-14,
    4.630352327755338e-16,
    -4.459529565298322,
    -4.5565698668635966,
    4.660656931567896,
    4.768430319104794,
    4.875825259121887,
    -4.978135997347346,
    -5.070039841298152,
    5.145620168806805,
    -5.198442419948901,
    -5.221749400019355,
    -5.208861217970101,
    -5.153906224802409,
    -5.0531229124089005,
    -4.9073244377295495,
    -4.727082139090474,
    -2.544726942520257e-11,
    3.4112415441535125e-12,
    3.420619979559745e-11,
    1.1014195594816668e-11,
    -3.130257559346408e-11,
    -2.549915638396631e-11,
    6.433045172180677,
    7.205600884953744,
    8.088333661032117,
    -9.069981837332222,
    10.146039856182073,
    11.321827243564984,
    12.609989210915593,
    14.02932760205961,
    15.605498888398813,
    17.373405891763124
  ],
  "params": {
    "alpha": -39.0,
    "dT": 0.16666666666666666,
    "dR": 1.0
  },
  "metadata": {
    "shear_max": 4.843371724964636,
    "vel_net": 6.994405055138486e-15,
    "resolution": {
      "H": 25,
      "M": 65,
      "Nz": 129,
      "Nth": 128
    },
    "timestamp": "2026-04-15T16:47:44.043217"
  }
}