{
  "k": [
    0.1,
    0.10985411419875583,
    0.12067926406393285,
    0.13257113655901093,
    0.14563484775012436,
    0.15998587196060582,
    0.1757510624854792,
    0.193069772888325,
    0.21209508879201905,
    0.2329951810515372,
    0.2559547922699536,
    0.281176869797423,
    0.3088843596477481,
    0.3393221771895328,
    0.372759372031494,
    0.4094915062380424,
    0.44984326689694454,
    0.49417133613238345,
    0.5428675439323859,
    0.5963623316594643,
    0.6551285568595507,
    0.7196856730011519,
    0.7906043210907697,
    0.8685113737513525,
    0.9540954763499939,
    1.0481131341546859,
    1.151395399326447,
    1.2648552168552958,
    1.3894954943731375,
    1.5264179671752334,
    1.6768329368110073,
    1.8420699693267153,
    2.0235896477251565,
    2.2229964825261943,
    2.442053094548651,
    2.6826957952797246,
    2.9470517025518097,
    3.2374575428176433,
    3.5564803062231283,
    3.9069399370546147,
    4.291934260128776,
    4.714866363457392,
    5.17947467923121,
    5.689866029018296,
    6.250551925273969,
    6.866488450042998,
    7.543120063354615,
    8.286427728546842,
    9.102981779915218,
    10.0
  ],
  "gamma_max": [
    -0.052457302652313055,
    -0.060483235494794084,
    -0.07014031266730933,
    -0.08175310393708572,
    -0.09570776369671842,
    -0.11246252846665367,
    -0.1325596952833992,
    -0.15663951944889262,
    -0.1854573811309942,
    -0.21990881327786915,
    -0.2610801748765266,
    -0.31041417038922947,
    -0.37080466607710477,
    -0.44065565363060916,
    -0.45920184827598987,
    -0.44433571883675876,
    -0.4358633941122946,
    -0.4274998555018251,
    -0.4185642091944962,
    -0.40885988288715264,
    -0.3983292339975961,
    -0.3869825686175821,
    -0.37487249960521607,
    -0.2136565925360202,
    -0.032371898900744094,
    0.1427454869352951,
    0.30676113880838046,
    0.45300426856676956,
    0.5720936159686675,
    0.6505354869662276,
    0.6688135105456404,
    0.5993032225123427,
    0.40721746805566217,
    0.4316448468129619,
    1.1324854172501846,
    1.9012758249885646,
    2.408165332280401,
    2.5155295031467215,
    2.1372165936541117,
    1.1300996215059704,
    -0.7987193058057674,
    -0.7072093339145096,
    -0.5985369244737807,
    -0.7583688669135242,
    -1.2099592911636345,
    -1.9669267657940626,
    -3.053570067307789,
    -4.5015516378450044,
    -6.336461413217574,
    -8.56038134124667
  ],
  "omega_max": [
    6.247853147313403e-13,
    2.6482323177485075e-12,
    1.4322744897883989e-12,
    -1.4959165251611014e-13,
    -7.02020513149033e-13,
    1.2967485962287225e-12,
    -8.620128315760116e-13,
    3.18345374342286e-12,
    2.4070071048929743e-12,
    -2.3705214166569394e-13,
    -8.643278084125285e-13,
    1.4739733675682157e-12,
    4.237464858565495e-12,
    -0.023551953481367894,
    -8.248681566582202e-13,
    1.5466296179579979e-13,
    1.7194542875158535e-13,
    2.9141177290394e-13,
    -1.654534260391771e-13,
    -4.345430032789954e-14,
    5.82361177025489e-14,
    2.238800174200643e-13,
    -3.5308498084336326e-14,
    6.06890117881526,
    -6.157289564193411,
    -6.234346835570402,
    -6.292704233056196,
    6.323743383149258,
    6.3177305225075395,
    -6.264135542845755,
    -6.152347377625673,
    5.973533625177527,
    5.727199005702129,
    1.4543290804401253e-13,
    8.713925474322765e-12,
    5.688988275435659e-12,
    4.2340650619619344e-13,
    -7.606237238692601e-13,
    -1.0857067921416786e-11,
    1.041583979190904e-11,
    2.10725115008174e-12,
    -8.442132772002687,
    9.416455011975865,
    -10.577545672251942,
    11.875441922953831,
    -13.30435125951159,
    -14.88498125230156,
    16.65782970347819,
    18.679951778914898,
    21.00431230735966
  ],
  "params": {
    "alpha": -43.0,
    "dT": 0.1111111111111111,
    "dR": 1.0
  },
  "metadata": {
    "shear_max": 6.042864566000059,
    "vel_net": 2.1227464230832993e-13,
    "resolution": {
      "H": 25,
      "M": 65,
      "Nz": 129,
      "Nth": 128
    },
    "timestamp": "2026-04-15T21:03:05.801556"
  }
}