{
  "k": [
    0.1,
    0.10985411419875583,
    0.12067926406393285,
    0.13257113655901093,
    0.14563484775012436,
    0.15998587196060582,
    0.1757510624854792,
    0.193069772888325,
    0.21209508879201905,
    0.2329951810515372,
    0.2559547922699536,
    0.281176869797423,
    0.3088843596477481,
    0.3393221771895328,
    0.372759372031494,
    0.4094915062380424,
    0.44984326689694454,
    0.49417133613238345,
    0.5428675439323859,
    0.5963623316594643,
    0.6551285568595507,
    0.7196856730011519,
    0.7906043210907697,
    0.8685113737513525,
    0.9540954763499939,
    1.0481131341546859,
    1.151395399326447,
    1.2648552168552958,
    1.3894954943731375,
    1.5264179671752334,
    1.6768329368110073,
    1.8420699693267153,
    2.0235896477251565,
    2.2229964825261943,
    2.442053094548651,
    2.6826957952797246,
    2.9470517025518097,
    3.2374575428176433,
    3.5564803062231283,
    3.9069399370546147,
    4.291934260128776,
    4.714866363457392,
    5.17947467923121,
    5.689866029018296,
    6.250551925273969,
    6.866488450042998,
    7.543120063354615,
    8.286427728546842,
    9.102981779915218,
    10.0
  ],
  "gamma_max": [
    -2.2262892835707295,
    -2.22877493527491,
    -2.2317719681459165,
    -2.2353849540953923,
    -2.2397395700146254,
    -2.2449867382877806,
    -2.251307531287304,
    -2.2589189630418645,
    -2.2680808061715307,
    -2.2791035891325766,
    -2.2923579504587903,
    -2.3082855586770923,
    -2.3274118615028954,
    -2.3503610286771535,
    -2.3481135249309264,
    -2.2508479601543474,
    -2.1486437233524835,
    -2.0420884766894085,
    -1.9320436238757013,
    -1.8197006484317628,
    -1.7066424591729523,
    -1.5949090334726577,
    -1.4870666462650926,
    -1.3862801603722499,
    -1.2963883990365885,
    -1.2219839798276122,
    -1.1685021766365573,
    -1.1423299877960955,
    -1.150958225381616,
    -1.203215703757398,
    -0.8036624696823922,
    -0.3572604084722554,
    0.038565706651419535,
    0.3394374610595831,
    0.49361801535849725,
    0.4435613711869113,
    0.1272457384414745,
    -0.5209344606460662,
    -1.5704215425861658,
    -3.096309382996622,
    -5.1825590074056604,
    -7.925909854651604,
    -11.439192949682507,
    -15.851715264518313,
    -21.30333765295341,
    -27.934405371751286,
    -35.89759956615486,
    -45.41614692682075,
    -56.831304018491416,
    -70.59566409553116
  ],
  "omega_max": [
    0.20081650736963344,
    0.22067138223194865,
    0.24250445999418033,
    0.26651780717289664,
    0.29293576439336877,
    0.3220079314857896,
    0.354012714081062,
    0.38926157790026256,
    0.428104201282304,
    0.4709347737703118,
    0.5181997592269822,
    0.5704075318320802,
    0.6281403851019566,
    0.6920695134551492,
    7.96729265821389,
    8.102868494533825,
    8.252369662198747,
    8.417026449781286,
    8.598103509046725,
    8.79688393185716,
    9.01465444179869,
    9.252695259515932,
    9.512278682879465,
    9.794679624977226,
    10.101198324249834,
    10.433189340324331,
    10.792081530201516,
    11.179362282692285,
    11.596489664244219,
    12.044695010875456,
    10.291657562010643,
    10.744695147604096,
    11.282166391012897,
    11.915003319532842,
    12.651974851190076,
    13.500995510238566,
    14.470012509665633,
    15.567771383978643,
    16.804731659065308,
    18.194257720801495,
    19.754241180104597,
    21.509454152356927,
    23.494995853070535,
    25.760552957414543,
    28.37178569893103,
    31.396984541168873,
    34.871878733960195,
    38.78602986912558,
    43.13188657726821,
    47.963059895103456
  ],
  "params": {
    "alpha": -54.0,
    "dT": 0.75,
    "dR": 1.0
  },
  "metadata": {
    "shear_max": 7.595164173375889,
    "vel_net": 3.2287786896391806,
    "resolution": {
      "H": 25,
      "M": 65,
      "Nz": 129,
      "Nth": 128
    },
    "timestamp": "2026-04-16T10:55:46.552174"
  }
}