{
  "k": [
    0.1,
    0.10985411419875583,
    0.12067926406393285,
    0.13257113655901093,
    0.14563484775012436,
    0.15998587196060582,
    0.1757510624854792,
    0.193069772888325,
    0.21209508879201905,
    0.2329951810515372,
    0.2559547922699536,
    0.281176869797423,
    0.3088843596477481,
    0.3393221771895328,
    0.372759372031494,
    0.4094915062380424,
    0.44984326689694454,
    0.49417133613238345,
    0.5428675439323859,
    0.5963623316594643,
    0.6551285568595507,
    0.7196856730011519,
    0.7906043210907697,
    0.8685113737513525,
    0.9540954763499939,
    1.0481131341546859,
    1.151395399326447,
    1.2648552168552958,
    1.3894954943731375,
    1.5264179671752334,
    1.6768329368110073,
    1.8420699693267153,
    2.0235896477251565,
    2.2229964825261943,
    2.442053094548651,
    2.6826957952797246,
    2.9470517025518097,
    3.2374575428176433,
    3.5564803062231283,
    3.9069399370546147,
    4.291934260128776,
    4.714866363457392,
    5.17947467923121,
    5.689866029018296,
    6.250551925273969,
    6.866488450042998,
    7.543120063354615,
    8.286427728546842,
    9.102981779915218,
    10.0
  ],
  "gamma_max": [
    -2.4809545357178178,
    -2.477925606646998,
    -2.4748273959833527,
    -2.4717026770398096,
    -2.468609422318567,
    -2.465624799167988,
    -2.462850136960556,
    -2.4604170913958763,
    -2.4584952781186957,
    -2.457301699764464,
    -2.411987542120116,
    -2.337141143735302,
    -2.2576395404445835,
    -2.1736714871665908,
    -2.085588657988401,
    -1.9939480462108476,
    -1.899560826112676,
    -1.8035475892944122,
    -1.7073996086399852,
    -1.6130455392589866,
    -1.52292281666235,
    -1.4400529842052963,
    -1.3681202826681593,
    -1.3115530498213768,
    -1.2756078285275518,
    -1.266456763227385,
    -1.2912804218285117,
    -1.3583717743685413,
    -1.4772646000263547,
    -1.6589136781609606,
    -1.5088312048924577,
    -1.228747878592404,
    -1.0282102444307695,
    -0.9518163165558826,
    -1.0521848500433977,
    -1.3880712827590864,
    -2.0231333036297268,
    -3.0255893069878774,
    -4.469170191902462,
    -6.435591126579619,
    -9.018417912897588,
    -12.327943744696197,
    -16.496566393824803,
    -21.68392565532026,
    -28.08021361239097,
    -35.90425675266119,
    -45.394449329396544,
    -56.81341897322848,
    -70.50696130713261,
    -86.9094515494629
  ],
  "omega_max": [
    1.4641486248761655,
    1.4885337661522335,
    1.5154164787303652,
    1.545059437652887,
    1.577753664294771,
    1.6138215218866179,
    1.6536199509167742,
    1.6975439256437748,
    1.7460300927725996,
    1.7995605240780055,
    6.793323960295802,
    6.877807400779865,
    6.9711083624425045,
    7.0740760672453415,
    7.1876037199144545,
    7.312617624380235,
    7.450062807811238,
    7.600885865933913,
    7.766016757124449,
    7.946352605495081,
    8.142748091110343,
    8.356018384774845,
    8.586961292828198,
    8.836404522444816,
    9.105280832041144,
    9.394727406383756,
    9.706195649478689,
    10.041544140124499,
    10.403072604171925,
    10.793442131602692,
    9.456854615730725,
    9.843790130994169,
    10.296029830518814,
    10.824740503852905,
    11.439438842091246,
    12.148629308425043,
    12.96050582847395,
    13.883549849521554,
    14.927150713303183,
    16.102365518447478,
    17.42292957850088,
    18.906703227701804,
    20.577885108076906,
    22.47049305457851,
    24.633494373902607,
    27.135914958407046,
    30.062242765352906,
    33.48415112279895,
    37.45306805570726,
    42.118212703815864
  ],
  "params": {
    "alpha": -50.0,
    "dT": 0.8888888888888888,
    "dR": 1.0
  },
  "metadata": {
    "shear_max": 6.8257499854691535,
    "vel_net": 2.8560369858343315,
    "resolution": {
      "H": 25,
      "M": 65,
      "Nz": 129,
      "Nth": 128
    },
    "timestamp": "2026-04-16T15:54:10.772138"
  }
}