{
  "k": [
    0.1,
    0.10985411419875583,
    0.12067926406393285,
    0.13257113655901093,
    0.14563484775012436,
    0.15998587196060582,
    0.1757510624854792,
    0.193069772888325,
    0.21209508879201905,
    0.2329951810515372,
    0.2559547922699536,
    0.281176869797423,
    0.3088843596477481,
    0.3393221771895328,
    0.372759372031494,
    0.4094915062380424,
    0.44984326689694454,
    0.49417133613238345,
    0.5428675439323859,
    0.5963623316594643,
    0.6551285568595507,
    0.7196856730011519,
    0.7906043210907697,
    0.8685113737513525,
    0.9540954763499939,
    1.0481131341546859,
    1.151395399326447,
    1.2648552168552958,
    1.3894954943731375,
    1.5264179671752334,
    1.6768329368110073,
    1.8420699693267153,
    2.0235896477251565,
    2.2229964825261943,
    2.442053094548651,
    2.6826957952797246,
    2.9470517025518097,
    3.2374575428176433,
    3.5564803062231283,
    3.9069399370546147,
    4.291934260128776,
    4.714866363457392,
    5.17947467923121,
    5.689866029018296,
    6.250551925273969,
    6.866488450042998,
    7.543120063354615,
    8.286427728546842,
    9.102981779915218,
    10.0
  ],
  "gamma_max": [
    -0.5649478726535806,
    -0.5668045609376905,
    -0.5690547103965783,
    -0.5717843377396954,
    -0.5750996269950555,
    -0.5791324069521905,
    -0.5840475598386521,
    -0.5900533264114796,
    -0.5974161562423006,
    -0.6064830928817756,
    -0.6177175200908437,
    -0.6317606878484893,
    -0.6495487540866256,
    -0.6725689056904248,
    -0.7035535993415202,
    -0.7492713821313823,
    -0.8581158191122427,
    -0.8664554283057859,
    -0.8763758917134357,
    -0.888150577187052,
    -0.9020925789380755,
    -0.9185596979639528,
    -0.9379611846198471,
    -0.9607676828804836,
    -0.9875264714632805,
    -1.0188845700700866,
    -1.0556221051046568,
    -1.098697061903269,
    -1.1493003238108102,
    -1.208917928016383,
    -1.2793975525650996,
    -1.3630190722289452,
    -1.4625730219577298,
    -1.5814534483710363,
    -1.7237718082971003,
    -1.892939642250276,
    -2.0575041061544743,
    -2.270025214359155,
    -2.538938784640431,
    -2.8741832727741414,
    -3.287701734930943,
    -3.7939528747033076,
    -4.410465282982791,
    -5.158457214820125,
    -6.0635473294467355,
    -7.156588982880996,
    -8.474669083416314,
    -10.062322258641453,
    -11.97302157051242,
    -14.271015394880559
  ],
  "omega_max": [
    9.724758424884008e-15,
    7.618344681299502e-16,
    6.072030707812948e-16,
    -8.494503409204682e-18,
    4.233050069790941e-15,
    -2.7125286250408097e-16,
    2.419663939364678e-17,
    1.1966833633475478e-15,
    5.5491022733705445e-15,
    2.8063299916816523e-15,
    1.6664311645904401e-15,
    3.16203299289387e-15,
    3.647806770324379e-15,
    5.83615262054568e-15,
    1.2606842585722624e-15,
    2.2147325417888757e-15,
    0.0359565002528816,
    0.12370375656179959,
    -0.1792067660791191,
    0.2286376221060818,
    0.27645843270347825,
    0.32456566308261986,
    0.37406030680361013,
    0.4257139010500325,
    0.48014079396114995,
    -0.537876212230139,
    -0.5994189549284977,
    0.6652614623864467,
    0.7359175756856868,
    -0.8119516127525446,
    0.8940073818952444,
    -0.9828330060828027,
    -1.0792981183156372,
    1.1844033179897935,
    1.2992852431904611,
    1.3878270037761797,
    -1.5227709712335937,
    -1.6721898625964315,
    -1.8385811128951042,
    -2.024220186965633,
    -2.2313962548084807,
    2.462601178718337,
    2.720675474859754,
    3.008920979761987,
    -3.3311887285515582,
    -3.6919470864311354,
    4.09633154570448,
    4.550176179045804,
    -5.060029972701459,
    5.633169937943206
  ],
  "params": {
    "alpha": -16.0,
    "dT": 0.125,
    "dR": 1.0
  },
  "metadata": {
    "shear_max": 3.802456524902258e-09,
    "vel_net": 1.550963648536927e-25,
    "resolution": {
      "H": 25,
      "M": 65,
      "Nz": 129,
      "Nth": 128
    },
    "timestamp": "2026-04-13T11:13:48.390333"
  }
}