{
  "k": [
    0.1,
    0.10985411419875583,
    0.12067926406393285,
    0.13257113655901093,
    0.14563484775012436,
    0.15998587196060582,
    0.1757510624854792,
    0.193069772888325,
    0.21209508879201905,
    0.2329951810515372,
    0.2559547922699536,
    0.281176869797423,
    0.3088843596477481,
    0.3393221771895328,
    0.372759372031494,
    0.4094915062380424,
    0.44984326689694454,
    0.49417133613238345,
    0.5428675439323859,
    0.5963623316594643,
    0.6551285568595507,
    0.7196856730011519,
    0.7906043210907697,
    0.8685113737513525,
    0.9540954763499939,
    1.0481131341546859,
    1.151395399326447,
    1.2648552168552958,
    1.3894954943731375,
    1.5264179671752334,
    1.6768329368110073,
    1.8420699693267153,
    2.0235896477251565,
    2.2229964825261943,
    2.442053094548651,
    2.6826957952797246,
    2.9470517025518097,
    3.2374575428176433,
    3.5564803062231283,
    3.9069399370546147,
    4.291934260128776,
    4.714866363457392,
    5.17947467923121,
    5.689866029018296,
    6.250551925273969,
    6.866488450042998,
    7.543120063354615,
    8.286427728546842,
    9.102981779915218,
    10.0
  ],
  "gamma_max": [
    -2.2158460253312247,
    -2.2183293049996204,
    -2.221323596536748,
    -2.224933450999965,
    -2.2292845461772046,
    -2.23452784284717,
    -2.2408445147369727,
    -2.2484517788423433,
    -2.2576097705661984,
    -2.26862962872669,
    -2.2818829806209213,
    -2.2978130554690424,
    -2.316947717705246,
    -2.3399148219247876,
    -2.367460493221127,
    -2.2840160008932964,
    -2.180724040207648,
    -2.0728664140278137,
    -1.961260691862141,
    -1.8470465206849935,
    -1.7317459380365379,
    -1.6173279949875188,
    -1.5062770784052528,
    -1.4016646085435942,
    -1.3072244933011987,
    -1.2274343188256824,
    -1.1676077502367452,
    -1.13401050602761,
    -1.1340238612461946,
    -1.1763948820938568,
    -0.7296881001439378,
    -0.26077225209225474,
    0.15971224734559447,
    0.48680165595056624,
    0.6681101468834933,
    0.6453195822915503,
    0.35555536756375306,
    -0.26762439065019905,
    -1.2943880751488543,
    -2.8003823029879475,
    -4.8699062661996475,
    -7.599756433235933,
    -11.10235458922888,
    -15.505706953257038,
    -20.94694245881,
    -27.562869157887597,
    -35.50497046154407,
    -44.99829571082943,
    -56.38427053975707,
    -70.11345620724244
  ],
  "omega_max": [
    0.2046410469976353,
    0.22487075603403517,
    0.2471149368761662,
    0.2715790108355944,
    0.29849093168607865,
    0.3281041722991111,
    0.36070126530784546,
    0.39659804009419036,
    0.4361487433755361,
    0.47975228526782115,
    0.5278599232344694,
    0.5809847854946146,
    0.6397137276895994,
    0.7047221195799066,
    0.7767922290732951,
    8.250790599989374,
    8.403245774101194,
    8.571220571072889,
    8.756030537884518,
    8.959015490792465,
    9.181523852166446,
    9.424900652203863,
    9.690482862887421,
    9.979604910172226,
    10.293614217148159,
    10.633890668474148,
    11.001854796866963,
    11.398938741389268,
    11.82648556837248,
    12.285543088542514,
    10.471858865132548,
    10.936189581199665,
    11.487838165719662,
    12.137705661326596,
    12.89452848986997,
    13.766226377975753,
    14.760788247795631,
    15.88705569566242,
    17.15567777201005,
    18.580353945071757,
    20.179520726113466,
    21.97878274406505,
    24.014420277641204,
    26.33752236855205,
    29.014550590338605,
    32.11215418750498,
    35.661762511656946,
    39.649865603810824,
    44.067025644562506,
    48.958027428153905
  ],
  "params": {
    "alpha": -55.0,
    "dT": 0.75,
    "dR": 1.0
  },
  "metadata": {
    "shear_max": 7.747190834127271,
    "vel_net": 3.2982669386647765,
    "resolution": {
      "H": 25,
      "M": 65,
      "Nz": 129,
      "Nth": 128
    },
    "timestamp": "2026-04-16T11:38:08.866995"
  }
}