{
  "k": [
    0.1,
    0.10985411419875583,
    0.12067926406393285,
    0.13257113655901093,
    0.14563484775012436,
    0.15998587196060582,
    0.1757510624854792,
    0.193069772888325,
    0.21209508879201905,
    0.2329951810515372,
    0.2559547922699536,
    0.281176869797423,
    0.3088843596477481,
    0.3393221771895328,
    0.372759372031494,
    0.4094915062380424,
    0.44984326689694454,
    0.49417133613238345,
    0.5428675439323859,
    0.5963623316594643,
    0.6551285568595507,
    0.7196856730011519,
    0.7906043210907697,
    0.8685113737513525,
    0.9540954763499939,
    1.0481131341546859,
    1.151395399326447,
    1.2648552168552958,
    1.3894954943731375,
    1.5264179671752334,
    1.6768329368110073,
    1.8420699693267153,
    2.0235896477251565,
    2.2229964825261943,
    2.442053094548651,
    2.6826957952797246,
    2.9470517025518097,
    3.2374575428176433,
    3.5564803062231283,
    3.9069399370546147,
    4.291934260128776,
    4.714866363457392,
    5.17947467923121,
    5.689866029018296,
    6.250551925273969,
    6.866488450042998,
    7.543120063354615,
    8.286427728546842,
    9.102981779915218,
    10.0
  ],
  "gamma_max": [
    0.005446825503737416,
    -0.0042480791860763705,
    -0.015937458415137638,
    -0.03002965124817817,
    -0.04701642446680386,
    -0.06749099259919662,
    -0.09217202678585422,
    -0.1219393151095175,
    -0.15789731677496815,
    -0.20152175711736672,
    -0.2551310834822173,
    -0.32447945467655565,
    -0.4210043417764365,
    -0.4578056778082864,
    -0.5006628291761496,
    -0.5503357706503714,
    -0.4918212234227333,
    -0.47221875364020227,
    -0.45677956858270136,
    -0.44201418533554193,
    -0.4151495054439727,
    -0.26954754971056266,
    -0.1255435274145252,
    0.01450024168500261,
    0.14810822160980713,
    0.27249139934936867,
    0.3842778335203741,
    0.47918011632535157,
    0.5516047441174999,
    0.5942380947390914,
    0.5977357933284448,
    0.5508633461299092,
    0.44184761716108445,
    0.2618119824972819,
    0.303945351540804,
    0.4449853522255038,
    0.48485515029414716,
    0.3156324694872783,
    -0.15720283880700128,
    -1.0350512315618754,
    -1.063129987609743,
    -1.1616084453575248,
    -1.3845309214367945,
    -1.7629360109756225,
    -2.3218124996465583,
    -3.0867760359358076,
    -4.087664380400931,
    -5.359730111179022,
    -6.942713337818095,
    -8.877533631959386
  ],
  "omega_max": [
    -1.857383347541447e-15,
    1.991150047291412e-14,
    2.935878442677355e-14,
    -2.9389363442809326e-14,
    -1.920643564730911e-14,
    -4.352597372997661e-14,
    7.480592009391022e-15,
    1.9052082567991346e-14,
    -1.9118476542633192e-15,
    -6.5559635863967195e-15,
    -6.068582631334951e-15,
    -3.332024014019e-15,
    0.04563037172224064,
    -0.07882229816936567,
    0.08105797386160445,
    0.03158668840204735,
    4.140511731987365e-15,
    -6.709195963059703e-15,
    1.983035387595823e-15,
    -2.9992540028285046e-15,
    4.0538303724294495,
    -4.1393254781762625,
    4.228321599048899,
    4.317515409094143,
    -4.402963972097242,
    4.480146488297869,
    -4.544020388085443,
    4.589114971511575,
    -4.609724637589772,
    4.600291053195154,
    4.556131837538411,
    -4.474886080780105,
    -4.35970440650885,
    -4.226560466638667,
    2.1454313775890443e-12,
    -2.936471743581233e-13,
    5.61760847879028e-13,
    -7.200737368301606e-13,
    -1.393907677626002e-12,
    1.8784178382790155e-12,
    6.396911232871358,
    -7.111033471810077,
    -7.923988579721188,
    -8.834401366210246,
    9.842808727138753,
    10.955448414246822,
    12.18480345545998,
    13.549867718677186,
    15.076521411708256,
    16.795976680341752
  ],
  "params": {
    "alpha": -35.0,
    "dT": 0.1,
    "dR": 1.0
  },
  "metadata": {
    "shear_max": 4.420028080947435,
    "vel_net": 4.789502128232925e-13,
    "resolution": {
      "H": 25,
      "M": 65,
      "Nz": 129,
      "Nth": 128
    },
    "timestamp": "2026-04-15T15:57:25.679382"
  }
}