{
  "k": [
    0.1,
    0.10985411419875583,
    0.12067926406393285,
    0.13257113655901093,
    0.14563484775012436,
    0.15998587196060582,
    0.1757510624854792,
    0.193069772888325,
    0.21209508879201905,
    0.2329951810515372,
    0.2559547922699536,
    0.281176869797423,
    0.3088843596477481,
    0.3393221771895328,
    0.372759372031494,
    0.4094915062380424,
    0.44984326689694454,
    0.49417133613238345,
    0.5428675439323859,
    0.5963623316594643,
    0.6551285568595507,
    0.7196856730011519,
    0.7906043210907697,
    0.8685113737513525,
    0.9540954763499939,
    1.0481131341546859,
    1.151395399326447,
    1.2648552168552958,
    1.3894954943731375,
    1.5264179671752334,
    1.6768329368110073,
    1.8420699693267153,
    2.0235896477251565,
    2.2229964825261943,
    2.442053094548651,
    2.6826957952797246,
    2.9470517025518097,
    3.2374575428176433,
    3.5564803062231283,
    3.9069399370546147,
    4.291934260128776,
    4.714866363457392,
    5.17947467923121,
    5.689866029018296,
    6.250551925273969,
    6.866488450042998,
    7.543120063354615,
    8.286427728546842,
    9.102981779915218,
    10.0
  ],
  "gamma_max": [
    -1.264942669438756,
    -1.2603249069323608,
    -1.2557571203758229,
    -1.251345656783562,
    -1.2472242298142002,
    -1.2435597915966763,
    -1.240560489160708,
    -1.2384868749307547,
    -1.2376683268682498,
    -1.2385281452999848,
    -1.2416238902705707,
    -1.2477166687603727,
    -1.257901432128873,
    -1.2738859283734956,
    -1.2987196816272615,
    -1.3395238644055802,
    -1.3679567455274424,
    -1.2979445857279293,
    -1.2266407002510686,
    -1.154747934528738,
    -1.0831582756962963,
    -1.0129830808152938,
    -0.9455842997720866,
    -0.88260570790345,
    -0.8260028589877154,
    -0.7780703741966714,
    -0.7414656845417943,
    -0.7192300668988348,
    -0.714811600514459,
    -0.7321014267999928,
    -0.7755047988218028,
    -0.850080098076341,
    -0.7979886534986973,
    -0.7835651489616251,
    -0.8261406766906114,
    -0.9437244850045517,
    -1.1562791456887804,
    -1.4857336000933377,
    -1.956539911389399,
    -2.5959044283498947,
    -3.428523678078193,
    -4.446370738337214,
    -5.574642145338197,
    -6.801856139159049,
    -8.218013366836582,
    -9.909981124131692,
    -11.952756470542965,
    -14.423294417822468,
    -17.40856043349742,
    -21.010615779866846
  ],
  "omega_max": [
    0.18114215673208964,
    0.17517944742119182,
    0.16890853959528934,
    0.16231939564764764,
    0.15540035044045028,
    0.14813876581661994,
    0.14052261447031655,
    0.13254351247533447,
    0.12420207137590007,
    0.11551716790445418,
    0.10654236973333407,
    0.09739661836883029,
    0.08832657022151563,
    0.07985003235620285,
    0.0731569196833517,
    0.07171391012857065,
    -3.1986242531731706,
    -3.285001063617619,
    -3.3781397061134855,
    -3.478262020796833,
    -3.5855693432529345,
    -3.7002542325620467,
    -3.822523447335939,
    -3.952634606551553,
    -4.090947177131519,
    -4.237985099508776,
    -4.394503368712872,
    -4.561544538976933,
    -4.7404643556769805,
    -4.932900135492257,
    -5.140653320001497,
    -5.365461249707909,
    -5.013173465806867,
    -5.32766158034091,
    -5.6860184847169,
    -6.0965381811502795,
    -6.568127227411798,
    -7.111270481445018,
    -7.740175192620547,
    -8.477446315884633,
    -9.363757934171545,
    -10.463069123786987,
    -11.790863612150657,
    -13.257410568917583,
    -14.819147032797089,
    -16.49036145054164,
    -18.297047495422298,
    -20.26572308128853,
    -22.422721225317538,
    -24.79474897116953
  ],
  "params": {
    "alpha": -26.0,
    "dT": 0.2,
    "dR": 1.0
  },
  "metadata": {
    "shear_max": 3.167421339552227,
    "vel_net": 1.3098616287713858,
    "resolution": {
      "H": 25,
      "M": 65,
      "Nz": 129,
      "Nth": 128
    },
    "timestamp": "2026-04-13T14:48:34.028354"
  }
}