{
  "k": [
    0.1,
    0.10985411419875583,
    0.12067926406393285,
    0.13257113655901093,
    0.14563484775012436,
    0.15998587196060582,
    0.1757510624854792,
    0.193069772888325,
    0.21209508879201905,
    0.2329951810515372,
    0.2559547922699536,
    0.281176869797423,
    0.3088843596477481,
    0.3393221771895328,
    0.372759372031494,
    0.4094915062380424,
    0.44984326689694454,
    0.49417133613238345,
    0.5428675439323859,
    0.5963623316594643,
    0.6551285568595507,
    0.7196856730011519,
    0.7906043210907697,
    0.8685113737513525,
    0.9540954763499939,
    1.0481131341546859,
    1.151395399326447,
    1.2648552168552958,
    1.3894954943731375,
    1.5264179671752334,
    1.6768329368110073,
    1.8420699693267153,
    2.0235896477251565,
    2.2229964825261943,
    2.442053094548651,
    2.6826957952797246,
    2.9470517025518097,
    3.2374575428176433,
    3.5564803062231283,
    3.9069399370546147,
    4.291934260128776,
    4.714866363457392,
    5.17947467923121,
    5.689866029018296,
    6.250551925273969,
    6.866488450042998,
    7.543120063354615,
    8.286427728546842,
    9.102981779915218,
    10.0
  ],
  "gamma_max": [
    -0.05135307097240353,
    -0.059689604049285847,
    -0.06972416756879701,
    -0.08179656090526842,
    -0.09631216674096345,
    -0.11375392725511983,
    -0.13469677681042397,
    -0.1598260922299291,
    -0.18996454534337864,
    -0.22612151704068056,
    -0.269620561327248,
    -0.32261262971512256,
    -0.39342029671647594,
    -0.45080883591629184,
    -0.48889204481409915,
    -0.4624575404208869,
    -0.4502744453532636,
    -0.4400957525424044,
    -0.42984786369783057,
    -0.41897592180889337,
    -0.4072648702019223,
    -0.3946242948677465,
    -0.336005778231037,
    -0.16206233803948203,
    0.008515734004241347,
    0.17207793674561592,
    0.3240396528780692,
    0.45832907868774214,
    0.566592356710687,
    0.6371151140901139,
    0.6534858550696814,
    0.5934136454132563,
    0.42993977341420353,
    0.3162098749916383,
    0.8002270445516867,
    1.3724523797636525,
    1.758122390179453,
    1.780960618675877,
    1.3292246620428452,
    0.22492314356029341,
    -1.0328428871952806,
    -0.8822635891161669,
    -0.8934601146922567,
    -1.1405653233570552,
    -1.6488727422404563,
    -2.4375693011330823,
    -3.533051746570138,
    -4.9678207785014115,
    -6.7725289977593555,
    -8.965099511063734
  ],
  "omega_max": [
    -2.793713703663332e-12,
    -8.068525157235038e-13,
    1.318042932958512e-12,
    1.6551338785871207e-12,
    -3.645170232091063e-12,
    3.4383631053442355e-13,
    1.411327995467401e-12,
    -1.5978134669707913e-12,
    -2.391901610368676e-12,
    1.849017427425689e-13,
    -4.602372544342284e-13,
    7.255488218365991e-13,
    7.332441195742709e-13,
    -0.04018945128692288,
    0.027412490771714464,
    -1.8981278571419426e-14,
    1.8102895462633267e-13,
    1.1777908057178051e-13,
    2.5217211994365936e-14,
    7.810254053630273e-14,
    6.867906561937097e-14,
    1.2215360258981518e-13,
    5.566240216525656,
    -5.657677227130062,
    -5.744337908559771,
    5.820515535258762,
    5.879402351949063,
    -5.91315615948927,
    5.913060920307752,
    -5.86987023015009,
    -5.774527093964715,
    5.619884901074272,
    -5.406112247759103,
    1.3804250252443286e-11,
    -5.350329505890468e-12,
    -8.504359195487719e-12,
    8.015362640083001e-12,
    2.6547168344339787e-13,
    -1.0949328661720156e-11,
    2.5366433446267192e-11,
    -7.375342945412171,
    8.12039577927981,
    -9.063168676476682,
    10.162485410828443,
    11.389662371653584,
    12.744014651930685,
    -14.243937362720418,
    15.922638788115114,
    17.82550466320322,
    -19.997280903670063
  ],
  "params": {
    "alpha": -41.0,
    "dT": 0.1111111111111111,
    "dR": 1.0
  },
  "metadata": {
    "shear_max": 5.652592795717229,
    "vel_net": 1.6076029396572267e-13,
    "resolution": {
      "H": 25,
      "M": 65,
      "Nz": 129,
      "Nth": 128
    },
    "timestamp": "2026-04-15T19:37:14.057125"
  }
}