{
  "k": [
    0.1,
    0.10985411419875583,
    0.12067926406393285,
    0.13257113655901093,
    0.14563484775012436,
    0.15998587196060582,
    0.1757510624854792,
    0.193069772888325,
    0.21209508879201905,
    0.2329951810515372,
    0.2559547922699536,
    0.281176869797423,
    0.3088843596477481,
    0.3393221771895328,
    0.372759372031494,
    0.4094915062380424,
    0.44984326689694454,
    0.49417133613238345,
    0.5428675439323859,
    0.5963623316594643,
    0.6551285568595507,
    0.7196856730011519,
    0.7906043210907697,
    0.8685113737513525,
    0.9540954763499939,
    1.0481131341546859,
    1.151395399326447,
    1.2648552168552958,
    1.3894954943731375,
    1.5264179671752334,
    1.6768329368110073,
    1.8420699693267153,
    2.0235896477251565,
    2.2229964825261943,
    2.442053094548651,
    2.6826957952797246,
    2.9470517025518097,
    3.2374575428176433,
    3.5564803062231283,
    3.9069399370546147,
    4.291934260128776,
    4.714866363457392,
    5.17947467923121,
    5.689866029018296,
    6.250551925273969,
    6.866488450042998,
    7.543120063354615,
    8.286427728546842,
    9.102981779915218,
    10.0
  ],
  "gamma_max": [
    -0.7298092825445958,
    -0.7314940932811579,
    -0.7335329615556289,
    -0.736001794589265,
    -0.7389935149456326,
    -0.7426222561300322,
    -0.7470288005366499,
    -0.752387749089324,
    -0.7589171821576204,
    -0.7668920477867559,
    -0.7766634071215467,
    -0.7886874757455107,
    -0.8035724243940857,
    -0.8221610289975384,
    -0.8456973831822688,
    -0.876240649648022,
    -0.918161530299083,
    -1.0051421920160093,
    -1.029842387649969,
    -1.0423921897930533,
    -1.0572877511317902,
    -1.0749298000041887,
    -1.0957808139353284,
    -1.1203771654470183,
    -1.1493469726510825,
    -1.1834363769976417,
    -1.2235468466937642,
    -1.2707847866756747,
    -1.3265223311182566,
    -1.392466061161655,
    -1.4707305738017875,
    -1.5639170522728143,
    -1.6752013936626058,
    -1.8084392007806531,
    -1.9682949883846355,
    -2.1475383074314793,
    -2.3405509796971224,
    -2.5867800998854973,
    -2.8959972362109423,
    -3.2796127779044344,
    -3.7512727931806817,
    -4.327459713736975,
    -5.028133268630635,
    -5.877441117191535,
    -6.904531260337345,
    -8.144505159936598,
    -9.63955931950724,
    -11.440373805418057,
    -13.607817894876614,
    -16.187879350189437
  ],
  "omega_max": [
    1.0349574119173322e-15,
    1.3373336478405275e-15,
    -7.012967112571756e-16,
    -1.0454647767006654e-16,
    2.7505046666462896e-16,
    -6.696215228296621e-16,
    -6.059582242887414e-16,
    -3.057384192133833e-16,
    -1.7266807164242625e-15,
    -1.7109551097637731e-16,
    -3.9679055984446767e-16,
    -9.30937752598723e-17,
    4.659868233617222e-16,
    -2.2513616224704973e-16,
    -5.558252133496656e-16,
    1.6196106506845179e-15,
    -1.4975054009645452e-15,
    0.008015167435485929,
    -0.2593665430499372,
    -0.29337810371996104,
    0.32961967482426885,
    -0.36844407387024586,
    -0.41019945438193905,
    -0.4552379123723684,
    -0.5039205777431843,
    0.5566211561379123,
    0.613730258523301,
    -0.6756634196099189,
    0.7428752869010256,
    -0.8158802069320458,
    -0.8952760667718664,
    -0.9817661700332948,
    1.0761750816751918,
    -1.17945806298357,
    -1.2927072919278664,
    1.383165778271371,
    1.5203123756893262,
    -1.671035351918882,
    -1.8379457180762049,
    -2.023488500345385,
    -2.2301232678147644,
    2.460496229800304,
    -2.717584842662326,
    -3.0048151922715785,
    -3.3261560738148543,
    -3.6861920018565333,
    4.0901746911337575,
    4.544052056949169,
    -5.054478382203184,
    -8.494113308472597
  ],
  "params": {
    "alpha": -15.0,
    "dT": 0.14285714285714285,
    "dR": 1.0
  },
  "metadata": {
    "shear_max": 2.720317800856444e-09,
    "vel_net": 3.101927297073854e-25,
    "resolution": {
      "H": 25,
      "M": 65,
      "Nz": 129,
      "Nth": 128
    },
    "timestamp": "2026-04-13T10:57:29.112516"
  }
}