{
  "k": [
    0.1,
    0.10985411419875583,
    0.12067926406393285,
    0.13257113655901093,
    0.14563484775012436,
    0.15998587196060582,
    0.1757510624854792,
    0.193069772888325,
    0.21209508879201905,
    0.2329951810515372,
    0.2559547922699536,
    0.281176869797423,
    0.3088843596477481,
    0.3393221771895328,
    0.372759372031494,
    0.4094915062380424,
    0.44984326689694454,
    0.49417133613238345,
    0.5428675439323859,
    0.5963623316594643,
    0.6551285568595507,
    0.7196856730011519,
    0.7906043210907697,
    0.8685113737513525,
    0.9540954763499939,
    1.0481131341546859,
    1.151395399326447,
    1.2648552168552958,
    1.3894954943731375,
    1.5264179671752334,
    1.6768329368110073,
    1.8420699693267153,
    2.0235896477251565,
    2.2229964825261943,
    2.442053094548651,
    2.6826957952797246,
    2.9470517025518097,
    3.2374575428176433,
    3.5564803062231283,
    3.9069399370546147,
    4.291934260128776,
    4.714866363457392,
    5.17947467923121,
    5.689866029018296,
    6.250551925273969,
    6.866488450042998,
    7.543120063354615,
    8.286427728546842,
    9.102981779915218,
    10.0
  ],
  "gamma_max": [
    -1.0094038242927121,
    -1.0055168137455432,
    -1.0014193379784955,
    -0.9971596930810839,
    -0.9928015518045189,
    -0.9884265108247177,
    -0.9841373234609068,
    -0.9800620620738555,
    -0.9763595375885307,
    -0.9732264160858982,
    -0.970906666330512,
    -0.9697042750812439,
    -0.9700006635926467,
    -0.9722790944073274,
    -0.9771598719929964,
    -0.9854530317854439,
    -0.9982411160256804,
    -1.0170179305034173,
    -1.0439428854586676,
    -1.0823707310860469,
    -1.1381886450145824,
    -1.0800447164871432,
    -0.9836925971431427,
    -0.8877835469670899,
    -0.7939741573053571,
    -0.7042529286955923,
    -0.6209724890595891,
    -0.5468818539534906,
    -0.48516345004205297,
    -0.4394854622322146,
    -0.41408385657803504,
    -0.4138815388043414,
    -0.4446167974001756,
    -0.34349114935444025,
    -0.2838655495875399,
    -0.29336000197327816,
    -0.3949497758234048,
    -0.614237941276147,
    -0.9801420706024705,
    -1.5151727013543548,
    -2.1724826874548677,
    -2.845476476712503,
    -3.567864533212311,
    -4.415451509843854,
    -5.440468555021739,
    -6.685377855500096,
    -8.192869334926256,
    -10.010985745838765,
    -12.196999326098792,
    -14.821187364198849
  ],
  "omega_max": [
    0.03029235451859014,
    0.030081445630050357,
    0.029363619997897106,
    0.028051717024321365,
    0.0260523566564468,
    0.023265585836329438,
    0.01958433875274503,
    0.014893714326804018,
    0.009070066863206161,
    0.001979934656872098,
    -0.006521164991119896,
    -0.01659001227071773,
    -0.02839689888230473,
    -0.04212653634343192,
    -0.05797816770718398,
    -0.07616398200992129,
    -0.09690415035803333,
    -0.12041552205107155,
    -0.1468894369033736,
    -0.1764571655201615,
    -0.20919999249732854,
    -4.431363829637301,
    -4.5676541880990325,
    -4.713705835245313,
    -4.869833789344752,
    -5.036404751469834,
    -5.213880451237621,
    -5.402846305969215,
    -5.604003261867363,
    -5.8180962816348165,
    -6.045751649879574,
    -6.28719546309891,
    -6.541821580216596,
    -6.129367308127346,
    -6.560654642404075,
    -7.056687584080356,
    -7.627034917651245,
    -8.285343180953067,
    -9.056769440825885,
    -9.996078736280444,
    -11.184649069809607,
    -12.58323394363886,
    -14.096218994205385,
    -15.71689891412327,
    -17.468735288201398,
    -19.378035184276527,
    -21.470326188794985,
    -23.770149612473976,
    -26.301255152213965,
    -29.087301956602786
  ],
  "params": {
    "alpha": -28.0,
    "dT": 0.14285714285714285,
    "dR": 1.0
  },
  "metadata": {
    "shear_max": 3.718641459840655,
    "vel_net": 1.5665495283309037,
    "resolution": {
      "H": 25,
      "M": 65,
      "Nz": 129,
      "Nth": 128
    },
    "timestamp": "2026-04-13T17:14:52.875451"
  }
}