{
  "k": [
    0.1,
    0.10985411419875583,
    0.12067926406393285,
    0.13257113655901093,
    0.14563484775012436,
    0.15998587196060582,
    0.1757510624854792,
    0.193069772888325,
    0.21209508879201905,
    0.2329951810515372,
    0.2559547922699536,
    0.281176869797423,
    0.3088843596477481,
    0.3393221771895328,
    0.372759372031494,
    0.4094915062380424,
    0.44984326689694454,
    0.49417133613238345,
    0.5428675439323859,
    0.5963623316594643,
    0.6551285568595507,
    0.7196856730011519,
    0.7906043210907697,
    0.8685113737513525,
    0.9540954763499939,
    1.0481131341546859,
    1.151395399326447,
    1.2648552168552958,
    1.3894954943731375,
    1.5264179671752334,
    1.6768329368110073,
    1.8420699693267153,
    2.0235896477251565,
    2.2229964825261943,
    2.442053094548651,
    2.6826957952797246,
    2.9470517025518097,
    3.2374575428176433,
    3.5564803062231283,
    3.9069399370546147,
    4.291934260128776,
    4.714866363457392,
    5.17947467923121,
    5.689866029018296,
    6.250551925273969,
    6.866488450042998,
    7.543120063354615,
    8.286427728546842,
    9.102981779915218,
    10.0
  ],
  "gamma_max": [
    0.757749942935334,
    0.7556765161856475,
    0.7531751572974654,
    0.7501577483648854,
    0.7465181155327556,
    0.742128367246153,
    0.7368345053652625,
    0.7304511704565606,
    0.7227553580486485,
    0.7134789129802269,
    0.7022995747363392,
    0.6888303045840839,
    0.6726065709529753,
    0.6530712008530465,
    0.62955630507468,
    0.6012616440628522,
    0.5672285810557641,
    0.526308427433975,
    0.477123432546181,
    0.418017770539773,
    0.34699437309586867,
    0.26163087178272704,
    0.15896321954785397,
    0.03531632711032954,
    -0.11395923989633953,
    -0.29493680474756034,
    -0.5159972363054542,
    -0.7900011810042465,
    -1.1422497028237926,
    -1.753547449772233,
    -2.081118712438816,
    -2.474856744461374,
    -2.948480119685908,
    -3.518595120837224,
    -4.205288048356936,
    -5.032249674268768,
    -5.944970129910309,
    -7.079563157014822,
    -8.478420782310817,
    -10.192183832002877,
    -12.281831794383699,
    -14.821126129048887,
    -17.899444560273814,
    -21.625087963983646,
    -26.129180606089403,
    -31.570316935081717,
    -38.14013769019342,
    -46.07005014959413,
    -55.63934616271305,
    -67.18501910581467
  ],
  "omega_max": [
    -2.7654213655366663e-14,
    -2.867901900236102e-14,
    -2.139215530587578e-15,
    5.675446851314768e-14,
    2.448647742613203e-14,
    -1.6287313084872886e-14,
    5.1967670864723255e-14,
    -3.284338362065183e-15,
    -5.0565469057588084e-14,
    2.1821811428881394e-14,
    -3.68219999973434e-14,
    7.500013982030542e-14,
    1.1641081630443229e-14,
    -9.230613655206641e-14,
    2.153664437863399e-13,
    4.0784295524935556e-14,
    -1.7776241876469225e-14,
    -7.478797489883242e-14,
    1.7202732062340659e-13,
    -1.3797797141517904e-13,
    2.529272179390195e-14,
    8.811719828182855e-15,
    9.444260540968488e-15,
    -6.206744032543285e-15,
    -2.2107827674242618e-15,
    -6.437070863378008e-14,
    -2.186385643617496e-15,
    3.6719578605608e-14,
    1.6474127338095036e-14,
    -0.05649935205513301,
    0.3768994280913391,
    -0.5534758031720125,
    -0.7081834562459708,
    -0.8570195353907395,
    -1.0068716161852576,
    -1.009588192873274,
    1.1212237675055328,
    -1.2640954122326613,
    -1.437847820522387,
    1.6411428015562377,
    1.8728091431059373,
    2.1324695436034062,
    2.4207610046708483,
    -2.7393377656998017,
    -3.0907948221723736,
    -3.4785863161943102,
    3.906968830326319,
    4.380975083043669,
    4.90641333041204,
    -5.489887616091146
  ],
  "params": {
    "alpha": -26.0,
    "dT": 0.6666666666666666,
    "dR": 1.0
  },
  "metadata": {
    "shear_max": 5.681659367252095e-09,
    "vel_net": 1.0339757656912846e-25,
    "resolution": {
      "H": 25,
      "M": 65,
      "Nz": 129,
      "Nth": 128
    },
    "timestamp": "2026-04-13T12:42:09.956417"
  }
}