{
  "k": [
    0.1,
    0.10985411419875583,
    0.12067926406393285,
    0.13257113655901093,
    0.14563484775012436,
    0.15998587196060582,
    0.1757510624854792,
    0.193069772888325,
    0.21209508879201905,
    0.2329951810515372,
    0.2559547922699536,
    0.281176869797423,
    0.3088843596477481,
    0.3393221771895328,
    0.372759372031494,
    0.4094915062380424,
    0.44984326689694454,
    0.49417133613238345,
    0.5428675439323859,
    0.5963623316594643,
    0.6551285568595507,
    0.7196856730011519,
    0.7906043210907697,
    0.8685113737513525,
    0.9540954763499939,
    1.0481131341546859,
    1.151395399326447,
    1.2648552168552958,
    1.3894954943731375,
    1.5264179671752334,
    1.6768329368110073,
    1.8420699693267153,
    2.0235896477251565,
    2.2229964825261943,
    2.442053094548651,
    2.6826957952797246,
    2.9470517025518097,
    3.2374575428176433,
    3.5564803062231283,
    3.9069399370546147,
    4.291934260128776,
    4.714866363457392,
    5.17947467923121,
    5.689866029018296,
    6.250551925273969,
    6.866488450042998,
    7.543120063354615,
    8.286427728546842,
    9.102981779915218,
    10.0
  ],
  "gamma_max": [
    2.981650990955893,
    2.9790575420277254,
    2.9759296191041327,
    2.9721575223018646,
    2.967609235693482,
    2.9621259748279862,
    2.9555168832274914,
    2.947552731468612,
    2.9379584510152426,
    2.9264043163308906,
    2.9124955687500638,
    2.895760254009645,
    2.8756350265593102,
    2.851448650233807,
    2.82240289539914,
    2.7875504852462716,
    2.745769662947133,
    2.6957348072931393,
    2.6358822756142266,
    2.564370248184366,
    2.479030725441483,
    2.3773109361581484,
    2.256200235161364,
    2.1121371414448227,
    1.9408896205656085,
    1.7374002375870135,
    1.4955865753150452,
    1.2080863350194713,
    0.865935450275914,
    0.45816540159549385,
    -0.02869903220665646,
    -0.611271188263386,
    -1.3101155748182292,
    -2.150845221917504,
    -3.1657297505953568,
    -4.166992145700322,
    -5.341512649428137,
    -6.860810212685335,
    -8.794122487589831,
    -11.233633315814549,
    -14.32881851911271,
    -18.526191822235507,
    -22.60574778753001,
    -27.54451743462042,
    -33.516706307873775,
    -40.733099671227635,
    -49.4485158495552,
    -59.97079222372847,
    -72.67163697264284,
    -87.99973936184867
  ],
  "omega_max": [
    -1.3199965721736849e-12,
    9.681434892427734e-15,
    2.463300793419396e-13,
    -2.1044881914499907e-13,
    5.714912158214775e-13,
    -2.5504737238414744e-13,
    2.7618943026966837e-13,
    -1.8366000480027025e-13,
    -5.080570670940644e-13,
    -3.1704367507420607e-13,
    -4.878270926365878e-13,
    1.834131262548314e-13,
    5.456462885846868e-14,
    3.11997347670551e-13,
    -6.481181080543582e-13,
    5.833390316848621e-14,
    -1.6603178471595608e-13,
    -3.3063156215180363e-13,
    -9.621056455660974e-13,
    -4.9370199717302e-13,
    -2.850978832223417e-13,
    5.946920535015406e-13,
    -2.347239545543086e-13,
    1.7710994345477256e-14,
    -3.254327631283002e-14,
    -2.6468783750077227e-13,
    -6.095007786768284e-14,
    8.27082337749167e-14,
    2.1326315230902603e-14,
    -1.0340191673129782e-14,
    -3.4927345538164213e-15,
    -3.42653060117618e-14,
    -1.4407946585143514e-14,
    -4.453646518406924e-13,
    -1.316087682849587e-13,
    2.198515122170332e-13,
    -3.9424072574842196e-13,
    8.005295745302907e-13,
    -1.6665056921915516e-12,
    5.056005224878723e-12,
    3.3735931762305125e-12,
    0.4689536126770555,
    1.1982885691990726,
    -1.7340076116836562,
    2.2363147170307984,
    -2.739842075407248,
    -3.261196209675881,
    -3.811580875158392,
    -4.400248141371472,
    5.035821160364173
  ],
  "params": {
    "alpha": -37.0,
    "dT": 0.8888888888888888,
    "dR": 1.0
  },
  "metadata": {
    "shear_max": 1.41392287954819e-08,
    "vel_net": 9.707738240459331e-11,
    "resolution": {
      "H": 25,
      "M": 65,
      "Nz": 129,
      "Nth": 128
    },
    "timestamp": "2026-04-13T14:24:21.126052"
  }
}