{
  "k": [
    0.1,
    0.10985411419875583,
    0.12067926406393285,
    0.13257113655901093,
    0.14563484775012436,
    0.15998587196060582,
    0.1757510624854792,
    0.193069772888325,
    0.21209508879201905,
    0.2329951810515372,
    0.2559547922699536,
    0.281176869797423,
    0.3088843596477481,
    0.3393221771895328,
    0.372759372031494,
    0.4094915062380424,
    0.44984326689694454,
    0.49417133613238345,
    0.5428675439323859,
    0.5963623316594643,
    0.6551285568595507,
    0.7196856730011519,
    0.7906043210907697,
    0.8685113737513525,
    0.9540954763499939,
    1.0481131341546859,
    1.151395399326447,
    1.2648552168552958,
    1.3894954943731375,
    1.5264179671752334,
    1.6768329368110073,
    1.8420699693267153,
    2.0235896477251565,
    2.2229964825261943,
    2.442053094548651,
    2.6826957952797246,
    2.9470517025518097,
    3.2374575428176433,
    3.5564803062231283,
    3.9069399370546147,
    4.291934260128776,
    4.714866363457392,
    5.17947467923121,
    5.689866029018296,
    6.250551925273969,
    6.866488450042998,
    7.543120063354615,
    8.286427728546842,
    9.102981779915218,
    10.0
  ],
  "gamma_max": [
    -0.013245068691806793,
    -0.022480948367434514,
    -0.03361038833641393,
    -0.047018072789663266,
    -0.06316582731386625,
    -0.08260847718045351,
    -0.1060144451478507,
    -0.13419531935751375,
    -0.1681564467426496,
    -0.20920888875456836,
    -0.25931421751065353,
    -0.32283174341983617,
    -0.41832286607623725,
    -0.4535550190887001,
    -0.4947380372661484,
    -0.5017598610609869,
    -0.471662968803839,
    -0.4559980741694236,
    -0.4422885227466505,
    -0.42855707825479467,
    -0.41408812391417193,
    -0.32009744254140493,
    -0.17037748687089876,
    -0.02375094514217586,
    0.11712795860602895,
    0.2492573606345015,
    0.3690090378422819,
    0.47176046742126754,
    0.5514411753543516,
    0.6000254819847751,
    0.6071017618966414,
    0.5599102243785291,
    0.4448008352035137,
    0.2514001559168707,
    0.37784960586557104,
    0.5710945611537434,
    0.6594117233341658,
    0.5126134253095486,
    0.016659465401185455,
    -0.9874664631729757,
    -1.0040595341884426,
    -1.0629089223833983,
    -1.251511305639266,
    -1.6042337960600481,
    -2.146268028906849,
    -2.9024531388123775,
    -3.9016625092924135,
    -5.177788421716249,
    -6.767986970982884,
    -8.708569175927915
  ],
  "omega_max": [
    4.6899548280966626e-14,
    -1.282362308863346e-14,
    -5.084746030409989e-15,
    -7.643683859969787e-15,
    5.8155114462044765e-15,
    -5.575513994915324e-15,
    1.948923660695084e-14,
    1.846334451593628e-14,
    -2.155647896837903e-14,
    -9.498122105818044e-15,
    5.302893977968438e-14,
    2.0569953492518014e-14,
    0.03351998438193546,
    0.06674847581614084,
    -0.06490723632074348,
    2.922252290073823e-14,
    3.913442249983463e-15,
    4.2318386401173675e-15,
    -2.811484003987315e-15,
    2.0223839299449076e-15,
    2.9321083429949584e-16,
    4.395008326701992,
    4.482690741359681,
    4.570613832880229,
    4.654741046037349,
    4.730337010549144,
    4.792029321528258,
    -4.833906228661555,
    4.849709247847074,
    4.833211935006526,
    4.778954900537094,
    -4.6837709924515245,
    -4.550434719422681,
    4.3968740611056045,
    -5.435983527642043e-13,
    -7.217770382027966e-14,
    -5.147367925325911e-13,
    2.608221544219289e-13,
    -1.7215316901572406e-13,
    6.19844105133858e-14,
    -6.599902343772787,
    7.3284784820999285,
    -8.16812590971052,
    -9.114058791529468,
    10.164361515710972,
    -11.32470379809447,
    -12.608460205617146,
    14.036579553852734,
    -15.637411273377426,
    17.443450357987295
  ],
  "params": {
    "alpha": -36.0,
    "dT": 0.1,
    "dR": 1.0
  },
  "metadata": {
    "shear_max": 4.657407361965899,
    "vel_net": 1.5565326805244695e-13,
    "resolution": {
      "H": 25,
      "M": 65,
      "Nz": 129,
      "Nth": 128
    },
    "timestamp": "2026-04-15T16:43:36.577840"
  }
}