{
  "k": [
    0.1,
    0.10985411419875583,
    0.12067926406393285,
    0.13257113655901093,
    0.14563484775012436,
    0.15998587196060582,
    0.1757510624854792,
    0.193069772888325,
    0.21209508879201905,
    0.2329951810515372,
    0.2559547922699536,
    0.281176869797423,
    0.3088843596477481,
    0.3393221771895328,
    0.372759372031494,
    0.4094915062380424,
    0.44984326689694454,
    0.49417133613238345,
    0.5428675439323859,
    0.5963623316594643,
    0.6551285568595507,
    0.7196856730011519,
    0.7906043210907697,
    0.8685113737513525,
    0.9540954763499939,
    1.0481131341546859,
    1.151395399326447,
    1.2648552168552958,
    1.3894954943731375,
    1.5264179671752334,
    1.6768329368110073,
    1.8420699693267153,
    2.0235896477251565,
    2.2229964825261943,
    2.442053094548651,
    2.6826957952797246,
    2.9470517025518097,
    3.2374575428176433,
    3.5564803062231283,
    3.9069399370546147,
    4.291934260128776,
    4.714866363457392,
    5.17947467923121,
    5.689866029018296,
    6.250551925273969,
    6.866488450042998,
    7.543120063354615,
    8.286427728546842,
    9.102981779915218,
    10.0
  ],
  "gamma_max": [
    -0.9784554304159105,
    -0.9943043675551145,
    -1.0059490177996582,
    -1.0072074320445337,
    -1.0087374168497554,
    -1.0105993537651228,
    -1.0128674972381537,
    -1.0156332106485721,
    -1.0190089387463797,
    -1.0231330809843417,
    -1.0279005175456035,
    -1.0332627331983664,
    -1.0397201441408703,
    -1.0474934989910265,
    -1.0568469325833638,
    -1.0680961373291271,
    -1.081618001511308,
    -1.0978619935977607,
    -1.1173636516342031,
    -1.1407606500464647,
    -1.1688120728135325,
    -1.202421729057947,
    -1.242666605894684,
    -1.2908318550094118,
    -1.3484540356384422,
    -1.417374666467414,
    -1.4998064633556678,
    -1.5984149801332872,
    -1.71641877936375,
    -1.8577118010743778,
    -2.0270122864202147,
    -2.230043386830698,
    -2.473751348605074,
    -2.7665679165279506,
    -3.118724574444568,
    -3.4950149080854622,
    -3.9630796996754394,
    -4.544115089902918,
    -5.2600687813070754,
    -6.136907809096251,
    -7.205737363744385,
    -8.504076855041994,
    -10.077311008803708,
    -11.980355209701145,
    -14.27959440813597,
    -17.05517415395683,
    -20.403742219488183,
    -24.441760884586582,
    -29.30953288260645,
    -35.17610595359165
  ],
  "omega_max": [
    1.0038174388900277e-14,
    -2.3416845939194774e-14,
    5.093225279334672e-15,
    -2.4641255316775065e-15,
    5.261129179924925e-16,
    -1.342524347961983e-15,
    1.8829440100788165e-15,
    9.315207527517746e-15,
    -2.354223171624993e-16,
    5.1617186686753906e-15,
    -0.12334297095857465,
    -0.13818296017077641,
    0.15417846182131006,
    -0.1714771844025253,
    -0.19023304494071797,
    0.21060845263152672,
    -0.23277625431703977,
    -0.25692156465372773,
    -0.28324365515613503,
    0.31195806219448013,
    0.34329907465655507,
    0.37752276143545344,
    -0.41491068075088017,
    0.4557743603667922,
    -0.5004605363557029,
    0.5493569865656521,
    0.6028986161530909,
    0.661573305112416,
    -0.7259270077151256,
    0.7965678130881674,
    0.8741692053611665,
    -0.9594735442033895,
    1.053297575264267,
    1.1565421931595494,
    -1.2702084220479368,
    -1.3267704167106853,
    -1.46738785845071,
    -1.6218522101750503,
    1.792711981218164,
    -1.9823628777508373,
    -2.193199048501189,
    2.4277782767373797,
    -2.6889720970149282,
    -2.9800922603867135,
    -3.304994072284101,
    -3.6681576198253842,
    4.074745456357495,
    -4.530635087010046,
    -5.04242977114205,
    5.617461973623343
  ],
  "params": {
    "alpha": -16.0,
    "dT": 0.3333333333333333,
    "dR": 1.0
  },
  "metadata": {
    "shear_max": 2.487910597589665e-09,
    "vel_net": 0.0,
    "resolution": {
      "H": 25,
      "M": 65,
      "Nz": 129,
      "Nth": 128
    },
    "timestamp": "2026-04-13T11:05:33.671197"
  }
}