{
  "k": [
    0.1,
    0.10985411419875583,
    0.12067926406393285,
    0.13257113655901093,
    0.14563484775012436,
    0.15998587196060582,
    0.1757510624854792,
    0.193069772888325,
    0.21209508879201905,
    0.2329951810515372,
    0.2559547922699536,
    0.281176869797423,
    0.3088843596477481,
    0.3393221771895328,
    0.372759372031494,
    0.4094915062380424,
    0.44984326689694454,
    0.49417133613238345,
    0.5428675439323859,
    0.5963623316594643,
    0.6551285568595507,
    0.7196856730011519,
    0.7906043210907697,
    0.8685113737513525,
    0.9540954763499939,
    1.0481131341546859,
    1.151395399326447,
    1.2648552168552958,
    1.3894954943731375,
    1.5264179671752334,
    1.6768329368110073,
    1.8420699693267153,
    2.0235896477251565,
    2.2229964825261943,
    2.442053094548651,
    2.6826957952797246,
    2.9470517025518097,
    3.2374575428176433,
    3.5564803062231283,
    3.9069399370546147,
    4.291934260128776,
    4.714866363457392,
    5.17947467923121,
    5.689866029018296,
    6.250551925273969,
    6.866488450042998,
    7.543120063354615,
    8.286427728546842,
    9.102981779915218,
    10.0
  ],
  "gamma_max": [
    -1.0094057370697733,
    -1.0113511417321843,
    -1.013699010239015,
    -1.0165326466338018,
    -1.019952617435854,
    -1.0240803380808472,
    -1.0290624088872087,
    -1.0350758593404634,
    -1.0423344942028874,
    -1.0510965778380672,
    -1.0616741463862505,
    -1.0744443040565683,
    -1.0898629439295413,
    -1.1084814411222061,
    -1.1309670054267578,
    -1.1581275642271234,
    -1.1909422940818737,
    -1.230599261736037,
    -1.2785421232954106,
    -1.3365285502856044,
    -1.4067041567980572,
    -1.491697478204653,
    -1.5947445611863906,
    -1.7198571548827453,
    -1.8720590787859712,
    -2.057738081361175,
    -2.2852157844342282,
    -2.5657964028640654,
    -2.916121702595578,
    -3.365573446760248,
    -3.8193785235090765,
    -4.306285811115369,
    -4.898419142167692,
    -5.6173307603665315,
    -6.488994880639405,
    -7.544744875460775,
    -8.822405752079032,
    -10.345010531862679,
    -12.173586704187112,
    -14.401244198588474,
    -17.107465440949316,
    -20.388108413446062,
    -24.358971056675983,
    -29.159983941581835,
    -34.96018257694444,
    -41.96365074485495,
    -50.416667632410594,
    -60.61633844759127,
    -72.92104207925169,
    -87.7630882386473
  ],
  "omega_max": [
    -1.6212750928794872e-16,
    9.193986738031112e-16,
    -5.204658831646791e-17,
    1.2912098212201643e-15,
    3.3909611029529375e-16,
    8.229757170380936e-16,
    -2.300621475683723e-15,
    6.529492007281435e-16,
    -7.862824560876592e-16,
    1.3063793314114265e-16,
    5.913117256974806e-16,
    4.61735574032773e-16,
    2.4293894503984555e-15,
    9.40836960062381e-16,
    -2.4298847726920716e-16,
    -1.5956694704930602e-15,
    5.092190898126643e-16,
    3.921150949009189e-15,
    8.0303955778726075e-16,
    -1.8972085396448524e-16,
    1.0667573748589938e-15,
    1.2813454032027972e-15,
    1.4706771664868109e-15,
    -9.304335023463857e-16,
    -9.727233447789862e-16,
    4.230901640517952e-15,
    5.507928138421799e-15,
    1.8272359128407793e-15,
    -8.9690227413136e-15,
    1.3204369660807e-14,
    -0.7893763974700347,
    0.8861599824135931,
    0.9884336784943772,
    1.0978241887673978,
    -1.215926065904663,
    1.3443590065710278,
    -1.48481243797356,
    1.586507174451974,
    -1.7656092086845119,
    -1.9596166025179649,
    2.1722766582543365,
    2.4071492244123482,
    2.667853310851622,
    -2.958263072556329,
    3.2826578137335662,
    3.6458321167131937,
    4.053170258632055,
    4.510688284969592,
    -5.025051804179634,
    5.6035885900013325
  ],
  "params": {
    "alpha": -15.0,
    "dT": 0.8571428571428571,
    "dR": 1.0
  },
  "metadata": {
    "shear_max": 1.298320441804524e-09,
    "vel_net": 5.169878828456423e-26,
    "resolution": {
      "H": 25,
      "M": 65,
      "Nz": 129,
      "Nth": 128
    },
    "timestamp": "2026-04-13T10:47:09.976427"
  }
}