{
  "k": [
    0.1,
    0.10985411419875583,
    0.12067926406393285,
    0.13257113655901093,
    0.14563484775012436,
    0.15998587196060582,
    0.1757510624854792,
    0.193069772888325,
    0.21209508879201905,
    0.2329951810515372,
    0.2559547922699536,
    0.281176869797423,
    0.3088843596477481,
    0.3393221771895328,
    0.372759372031494,
    0.4094915062380424,
    0.44984326689694454,
    0.49417133613238345,
    0.5428675439323859,
    0.5963623316594643,
    0.6551285568595507,
    0.7196856730011519,
    0.7906043210907697,
    0.8685113737513525,
    0.9540954763499939,
    1.0481131341546859,
    1.151395399326447,
    1.2648552168552958,
    1.3894954943731375,
    1.5264179671752334,
    1.6768329368110073,
    1.8420699693267153,
    2.0235896477251565,
    2.2229964825261943,
    2.442053094548651,
    2.6826957952797246,
    2.9470517025518097,
    3.2374575428176433,
    3.5564803062231283,
    3.9069399370546147,
    4.291934260128776,
    4.714866363457392,
    5.17947467923121,
    5.689866029018296,
    6.250551925273969,
    6.866488450042998,
    7.543120063354615,
    8.286427728546842,
    9.102981779915218,
    10.0
  ],
  "gamma_max": [
    0.6168990698380838,
    0.6053660367741318,
    0.5913389183512273,
    0.5742489090677562,
    0.5533827800093616,
    0.5278386647936631,
    0.4964643643131055,
    0.457769164183632,
    0.4097943022936942,
    0.3499164893084424,
    0.27453683484956726,
    0.17854856655599197,
    0.05422004743018839,
    -0.11300366360025642,
    -0.40132833144183455,
    -0.49935551923564764,
    -0.39393391346842455,
    -0.27001038833787655,
    -0.15225589857628075,
    -0.0421699521767431,
    0.06044270776222393,
    0.15592455317216697,
    0.24423062985164679,
    0.32479717086052434,
    0.3965116851088574,
    0.4576830446111297,
    0.5059814603897095,
    0.5383410838661963,
    0.5508306906911588,
    0.5385178680969354,
    0.49539265075453764,
    0.4144936440241833,
    0.28850215277955926,
    0.11114534313561286,
    -0.12077950972153954,
    -0.3292668671152271,
    -0.42043965200759925,
    -0.6320722702678339,
    -1.0010841251779568,
    -1.5756234754264375,
    -2.1016239127493046,
    -2.4402554870467,
    -2.9019422479790213,
    -3.512437322654179,
    -4.299399415449902,
    -5.2946633835995,
    -6.536196760174664,
    -8.069925966384966,
    -9.951630401496336,
    -12.249027810505044
  ],
  "omega_max": [
    2.1809511798544385e-12,
    1.0861161178447535e-13,
    -9.305260605304608e-14,
    4.3792518240066785e-14,
    -1.224940358908804e-13,
    -1.1146996617999766e-14,
    -9.001733021534821e-13,
    -1.2078921973597949e-12,
    6.149940959680803e-13,
    -2.751885925683981e-13,
    -2.9916895701590455e-13,
    -1.3330238827082105e-12,
    -3.8482318570101085e-13,
    6.246173584889162e-13,
    -0.07770867653768632,
    -0.2046242720906663,
    1.8793605598594414,
    -1.977989090767681,
    -2.088977479118218,
    2.2065171810858195,
    2.3265420329403863,
    -2.446227302640179,
    2.5633081255157144,
    2.675642528959906,
    -2.780979632762945,
    2.8768601333844375,
    -2.9606134950971996,
    3.02944853555792,
    3.080657962584387,
    -3.111978197583598,
    -3.122168048816616,
    -3.111897129824337,
    3.085061670843718,
    -3.0506023836927803,
    3.0245176082500875,
    -1.0424929420509767e-13,
    -6.022548398646041e-14,
    -1.8668059781229455e-13,
    -2.026818362680154e-14,
    -7.586561509668323e-14,
    4.953170799136555,
    5.529694375469345,
    6.157107483052525,
    -6.8434936196903715,
    7.594842719284666,
    8.417601624692226,
    9.3195983826284,
    -10.310459207751373,
    -11.401983062816944,
    -12.608752304348686
  ],
  "params": {
    "alpha": -30.0,
    "dT": 0.125,
    "dR": 1.0
  },
  "metadata": {
    "shear_max": 2.8618816116166124,
    "vel_net": 1.492300727434781e-11,
    "resolution": {
      "H": 25,
      "M": 65,
      "Nz": 129,
      "Nth": 128
    },
    "timestamp": "2026-04-13T18:58:19.499502"
  }
}