{
  "k": [
    0.1,
    0.10985411419875583,
    0.12067926406393285,
    0.13257113655901093,
    0.14563484775012436,
    0.15998587196060582,
    0.1757510624854792,
    0.193069772888325,
    0.21209508879201905,
    0.2329951810515372,
    0.2559547922699536,
    0.281176869797423,
    0.3088843596477481,
    0.3393221771895328,
    0.372759372031494,
    0.4094915062380424,
    0.44984326689694454,
    0.49417133613238345,
    0.5428675439323859,
    0.5963623316594643,
    0.6551285568595507,
    0.7196856730011519,
    0.7906043210907697,
    0.8685113737513525,
    0.9540954763499939,
    1.0481131341546859,
    1.151395399326447,
    1.2648552168552958,
    1.3894954943731375,
    1.5264179671752334,
    1.6768329368110073,
    1.8420699693267153,
    2.0235896477251565,
    2.2229964825261943,
    2.442053094548651,
    2.6826957952797246,
    2.9470517025518097,
    3.2374575428176433,
    3.5564803062231283,
    3.9069399370546147,
    4.291934260128776,
    4.714866363457392,
    5.17947467923121,
    5.689866029018296,
    6.250551925273969,
    6.866488450042998,
    7.543120063354615,
    8.286427728546842,
    9.102981779915218,
    10.0
  ],
  "gamma_max": [
    -0.30903553715989673,
    -0.3114992076159626,
    -0.3144752397440952,
    -0.31807093138463416,
    -0.32241640254518544,
    -0.32766962005930084,
    -0.3340226139495812,
    -0.3417092130017648,
    -0.35101474238147323,
    -0.3622882970934974,
    -0.3759584690707699,
    -0.3925538335859217,
    -0.4127302290989434,
    -0.43730819727400017,
    -0.46732656798148803,
    -0.5041238239717513,
    -0.5494725191079282,
    -0.6058301206552027,
    -0.6769000135642006,
    -0.7693113243569061,
    -0.9019770656114159,
    -1.0754706109708785,
    -1.1661785966658607,
    -1.2763622218192727,
    -1.410193580412198,
    -1.572714526663864,
    -1.7700104383367425,
    -2.0094194535069456,
    -2.299785490072939,
    -2.65176510692589,
    -3.0782001471914713,
    -3.5945702007454186,
    -4.219541410888522,
    -4.975631280433681,
    -5.890013184050299,
    -6.995489472377993,
    -8.318783519891333,
    -9.861267821611658,
    -11.756172438818336,
    -14.072032078973047,
    -16.891382904215327,
    -20.314003266209088,
    -24.460691317708065,
    -29.47769400977756,
    -35.54195015625843,
    -42.86735239662059,
    -51.71227317953752,
    -62.38864376395362,
    -75.2729270097475,
    -90.81938694947084
  ],
  "omega_max": [
    2.5608783913908973e-14,
    -3.3428296374044255e-14,
    5.92506380645006e-14,
    5.365888036802891e-15,
    -6.867184430480245e-15,
    1.72257321990085e-14,
    7.628490065518433e-15,
    2.315166252924571e-13,
    6.825935757856216e-15,
    -3.4943574334574534e-14,
    5.2264740816408554e-14,
    3.4792230945281154e-14,
    2.0513654843773163e-14,
    -2.603835270626146e-14,
    1.6847483295401e-15,
    -4.170602258338451e-15,
    1.9380349961365056e-14,
    2.6395336676206153e-14,
    -2.1388237971936175e-14,
    -1.7670458928932378e-13,
    7.031918591452353e-14,
    -0.11488633451759636,
    0.2019197775069383,
    -0.2718392599248796,
    0.3372225011345342,
    0.40203432435451397,
    0.46832557613872644,
    -0.5374690233658806,
    -0.6105526240054399,
    -0.6885439528846791,
    -0.7723742641701502,
    -0.8629902678303057,
    0.9613920570265235,
    1.068664704213507,
    1.1860062266396758,
    -1.3147523044544882,
    -1.339772398244047,
    1.474317826574772,
    -1.633990834024383,
    1.820234554518997,
    -2.0338519333612406,
    2.275688219577706,
    2.547065267675093,
    2.8499967848848597,
    -3.1872652554931156,
    -3.562432551225261,
    3.9798293207146886,
    4.444545214128571,
    4.962429257478557,
    5.540106488854912
  ],
  "params": {
    "alpha": -24.0,
    "dT": 0.9,
    "dR": 1.0
  },
  "metadata": {
    "shear_max": 3.838744007527809e-09,
    "vel_net": 2.0679515313825692e-25,
    "resolution": {
      "H": 25,
      "M": 65,
      "Nz": 129,
      "Nth": 128
    },
    "timestamp": "2026-04-13T12:11:06.931511"
  }
}