{
  "k": [
    0.1,
    0.10985411419875583,
    0.12067926406393285,
    0.13257113655901093,
    0.14563484775012436,
    0.15998587196060582,
    0.1757510624854792,
    0.193069772888325,
    0.21209508879201905,
    0.2329951810515372,
    0.2559547922699536,
    0.281176869797423,
    0.3088843596477481,
    0.3393221771895328,
    0.372759372031494,
    0.4094915062380424,
    0.44984326689694454,
    0.49417133613238345,
    0.5428675439323859,
    0.5963623316594643,
    0.6551285568595507,
    0.7196856730011519,
    0.7906043210907697,
    0.8685113737513525,
    0.9540954763499939,
    1.0481131341546859,
    1.151395399326447,
    1.2648552168552958,
    1.3894954943731375,
    1.5264179671752334,
    1.6768329368110073,
    1.8420699693267153,
    2.0235896477251565,
    2.2229964825261943,
    2.442053094548651,
    2.6826957952797246,
    2.9470517025518097,
    3.2374575428176433,
    3.5564803062231283,
    3.9069399370546147,
    4.291934260128776,
    4.714866363457392,
    5.17947467923121,
    5.689866029018296,
    6.250551925273969,
    6.866488450042998,
    7.543120063354615,
    8.286427728546842,
    9.102981779915218,
    10.0
  ],
  "gamma_max": [
    0.950939105903484,
    0.933192234854655,
    0.9116794043418214,
    0.8855774552876271,
    0.8538724402053843,
    0.8153106935619718,
    0.7683355730546053,
    0.7110053046371032,
    0.6408862062346188,
    0.5549146981230888,
    0.44922144902741645,
    0.31890977698432693,
    0.15775291307957778,
    -0.042478609343512844,
    -0.29567651943077244,
    -0.718104747080773,
    -0.8671786959037244,
    -0.6335903645256473,
    -0.4013782837077313,
    -0.17764918187091125,
    0.03396730447477647,
    0.23206421551516318,
    0.41599908998278773,
    0.584964334622099,
    0.7374890520336086,
    0.8711315811025948,
    0.9821954902414823,
    1.065372129709167,
    1.1132526820370647,
    1.115677816886915,
    1.0589176674012006,
    0.9247129199068419,
    0.6893294819320025,
    0.3234065219213707,
    -0.20347258765402865,
    -0.8994020498957748,
    -0.9719961077693509,
    -1.3113802816052293,
    -2.199186997089957,
    -3.726109792000669,
    -4.480780078637218,
    -5.319533453140914,
    -6.492751021359004,
    -8.075357550808079,
    -10.131127037172925,
    -12.733654154657547,
    -15.97349291247567,
    -19.96275286886306,
    -24.84000571902635,
    -30.77604260431597
  ],
  "omega_max": [
    2.8454999903189644e-12,
    -4.833940433298377e-12,
    3.6113280659481777e-12,
    2.1252851763179913e-12,
    -3.92135148600528e-13,
    4.4543399439133754e-13,
    -3.326290846081877e-13,
    6.549069139474367e-13,
    -4.3353351315072006e-13,
    2.0838933997084055e-13,
    -1.4675199944635947e-13,
    3.399947071639254e-13,
    7.096578067184565e-14,
    5.74525748123554e-14,
    -1.1118890035860525e-14,
    0.057288667867709246,
    3.9568005766132,
    4.04300864369843,
    -4.157584743834256,
    4.294059256212104,
    4.4447521943253685,
    -4.602562256859883,
    -4.761274300531159,
    4.915198772659572,
    5.058724698889255,
    -5.185986957479881,
    -5.290686832618283,
    -5.3660750429719295,
    5.405121594044588,
    -5.400924376797686,
    -5.347446097618127,
    5.24074894898131,
    5.081139217188551,
    4.877358921846515,
    -4.65528020744877,
    4.469347428214444,
    -3.915446209094057e-12,
    7.461901911775228e-13,
    1.1332340800924665e-11,
    6.469326636967513e-12,
    5.608389351855048,
    6.436151705434549,
    -7.3741336031383415,
    8.388067185651792,
    9.476146486620529,
    10.64851236402902,
    11.91963950026622,
    13.305790073856121,
    14.824485861369165,
    16.495165878784576
  ],
  "params": {
    "alpha": -45.0,
    "dT": 0.3333333333333333,
    "dR": 1.0
  },
  "metadata": {
    "shear_max": 4.913262149189787,
    "vel_net": 6.1986977855735264e-12,
    "resolution": {
      "H": 20,
      "M": 49,
      "Nz": 97,
      "Nth": 96
    },
    "timestamp": "2026-02-14T04:16:29.823476"
  }
}