{
  "k": [
    0.1,
    0.10985411419875583,
    0.12067926406393285,
    0.13257113655901093,
    0.14563484775012436,
    0.15998587196060582,
    0.1757510624854792,
    0.193069772888325,
    0.21209508879201905,
    0.2329951810515372,
    0.2559547922699536,
    0.281176869797423,
    0.3088843596477481,
    0.3393221771895328,
    0.372759372031494,
    0.4094915062380424,
    0.44984326689694454,
    0.49417133613238345,
    0.5428675439323859,
    0.5963623316594643,
    0.6551285568595507,
    0.7196856730011519,
    0.7906043210907697,
    0.8685113737513525,
    0.9540954763499939,
    1.0481131341546859,
    1.151395399326447,
    1.2648552168552958,
    1.3894954943731375,
    1.5264179671752334,
    1.6768329368110073,
    1.8420699693267153,
    2.0235896477251565,
    2.2229964825261943,
    2.442053094548651,
    2.6826957952797246,
    2.9470517025518097,
    3.2374575428176433,
    3.5564803062231283,
    3.9069399370546147,
    4.291934260128776,
    4.714866363457392,
    5.17947467923121,
    5.689866029018296,
    6.250551925273969,
    6.866488450042998,
    7.543120063354615,
    8.286427728546842,
    9.102981779915218,
    10.0
  ],
  "gamma_max": [
    -2.0976954778506243,
    -2.1000689647549207,
    -2.1029301741571778,
    -2.1063785636447196,
    -2.1105335293975274,
    -2.1155382504655433,
    -2.1215642069420704,
    -2.1288164607187405,
    -2.137539787167782,
    -2.1480257389378266,
    -2.160620710043959,
    -2.17573504878333,
    -2.1938532497698224,
    -2.2074270319529328,
    -2.1219057671606807,
    -2.031730832675905,
    -1.9373351135681753,
    -1.8393799501171537,
    -1.7388053616865586,
    -1.6368856285753295,
    -1.535289722225147,
    -1.4361459267992005,
    -1.3421098848533473,
    -1.2564352144523647,
    -1.1830458537353676,
    -1.126609718074939,
    -1.092614895481345,
    -1.0874538689257303,
    -1.1185300194196273,
    -1.1944152962641195,
    -1.1626276552704329,
    -0.8505210280691773,
    -0.593332722844379,
    -0.4286208173971678,
    -0.4004996658870916,
    -0.5577919412969308,
    -0.9529392095422392,
    -1.6416479159838744,
    -2.6835944871699904,
    -4.144425389355958,
    -6.098948450041377,
    -8.635099888318427,
    -11.857955164028729,
    -15.892294816870919,
    -20.88043778129943,
    -26.972037104546462,
    -34.32112923188592,
    -43.12330706855403,
    -53.54835936556254,
    -65.63327285496199
  ],
  "omega_max": [
    0.16732288565477293,
    0.18388812526069678,
    0.2021110054339937,
    0.22216321377067552,
    0.24423613273817185,
    0.2685437164081198,
    0.29532597058393895,
    0.32485320576729176,
    0.3574312850718983,
    0.39340815663676354,
    0.4331820429116525,
    0.4772117548425834,
    0.5260296947036596,
    6.7136155960669965,
    6.817872197959015,
    6.932801551963622,
    7.059329618913532,
    7.198399538935159,
    7.350956009369597,
    7.517930047604585,
    7.700227555774818,
    7.89872627541952,
    8.114286347360721,
    8.347779052063304,
    8.600135512012349,
    8.872411349655382,
    9.165854126055246,
    9.481948552742598,
    9.822402455913611,
    10.189029135575023,
    8.810601366629951,
    9.187885081886272,
    9.631181653794377,
    10.151214896039862,
    10.756590087420845,
    11.454793645827083,
    12.253108902331432,
    13.15933330288015,
    14.182512106436523,
    15.333858871668637,
    16.6280361469667,
    18.085098826908148,
    19.73361868417933,
    21.615590425481784,
    23.792371864015895,
    26.34414735210121,
    29.349312377563606,
    32.88403811193977,
    37.0997379477034,
    41.905841495582564
  ],
  "params": {
    "alpha": -46.0,
    "dT": 0.6666666666666666,
    "dR": 1.0
  },
  "metadata": {
    "shear_max": 6.398031024990033,
    "vel_net": 2.70449727047889,
    "resolution": {
      "H": 25,
      "M": 65,
      "Nz": 129,
      "Nth": 128
    },
    "timestamp": "2026-04-14T02:12:57.783681"
  }
}