{
  "k": [
    0.1,
    0.10985411419875583,
    0.12067926406393285,
    0.13257113655901093,
    0.14563484775012436,
    0.15998587196060582,
    0.1757510624854792,
    0.193069772888325,
    0.21209508879201905,
    0.2329951810515372,
    0.2559547922699536,
    0.281176869797423,
    0.3088843596477481,
    0.3393221771895328,
    0.372759372031494,
    0.4094915062380424,
    0.44984326689694454,
    0.49417133613238345,
    0.5428675439323859,
    0.5963623316594643,
    0.6551285568595507,
    0.7196856730011519,
    0.7906043210907697,
    0.8685113737513525,
    0.9540954763499939,
    1.0481131341546859,
    1.151395399326447,
    1.2648552168552958,
    1.3894954943731375,
    1.5264179671752334,
    1.6768329368110073,
    1.8420699693267153,
    2.0235896477251565,
    2.2229964825261943,
    2.442053094548651,
    2.6826957952797246,
    2.9470517025518097,
    3.2374575428176433,
    3.5564803062231283,
    3.9069399370546147,
    4.291934260128776,
    4.714866363457392,
    5.17947467923121,
    5.689866029018296,
    6.250551925273969,
    6.866488450042998,
    7.543120063354615,
    8.286427728546842,
    9.102981779915218,
    10.0
  ],
  "gamma_max": [
    -2.1052885590280073,
    -2.1040429872532314,
    -2.1029137439038106,
    -2.1019621353834017,
    -2.101265972899523,
    -2.1009234192097743,
    -2.101057691007892,
    -2.1018228037852373,
    -2.1034105837683708,
    -2.043719809425693,
    -1.978789504797354,
    -1.9100829058906175,
    -1.8378369400020567,
    -1.7624411343995214,
    -1.6844741101390999,
    -1.6047450199139321,
    -1.524339836151752,
    -1.4446722661676923,
    -1.3675389962419373,
    -1.2951789782977265,
    -1.2303365982619827,
    -1.176328827066981,
    -1.1371168757233878,
    -1.1173834858112752,
    -1.122617836838235,
    -1.1592112270638113,
    -1.2345683035922395,
    -1.3572408499716724,
    -1.5370942444820084,
    -1.7855211877602586,
    -2.115724313447214,
    -2.1572718117415333,
    -2.1776115070863358,
    -2.3295707331753386,
    -2.6572052060066382,
    -3.2103312234754426,
    -4.043536391769185,
    -5.216297574408734,
    -6.794369086102925,
    -8.85242232884505,
    -11.477796781501947,
    -14.77522061374477,
    -18.872548848867517,
    -23.928027941195293,
    -30.140684197664367,
    -37.768893620636725,
    -47.17758259730673,
    -58.859091448542266,
    -71.681052278636,
    -86.73682404288324
  ],
  "omega_max": [
    0.9780942999076536,
    0.9948588595309242,
    1.0133765341510659,
    1.033838506497555,
    1.0564576995022124,
    1.0814711823597751,
    1.109142744306879,
    1.139765596754907,
    1.1736651317774018,
    5.049791680957061,
    5.11193676687399,
    5.1806278540641175,
    5.256471691099594,
    5.340091825675193,
    5.432115263922421,
    5.533155705376422,
    5.643793983292549,
    5.764557157925934,
    5.895898771335103,
    6.038184020742278,
    6.191684883420504,
    6.356591257472177,
    6.533044547827837,
    6.721199278954073,
    6.921315656338705,
    7.133881094151131,
    7.359751534098781,
    7.600294537448837,
    7.857506957725191,
    8.134072194222504,
    8.43331697980915,
    7.621706649860813,
    7.945935098900849,
    8.319981754189719,
    8.752992194286934,
    9.253246628723705,
    9.828436885231369,
    10.486103423484117,
    11.234072339231206,
    12.080910606348112,
    13.036459254418654,
    14.11251900542188,
    15.323819341108736,
    16.68958854876025,
    18.23669427790576,
    20.008223157361883,
    22.10206548914258,
    25.064388527021862,
    19.97724855916212,
    33.15804467452581
  ],
  "params": {
    "alpha": -40.0,
    "dT": 0.8571428571428571,
    "dR": 1.0
  },
  "metadata": {
    "shear_max": 5.086982798361902,
    "vel_net": 2.102725805367896,
    "resolution": {
      "H": 25,
      "M": 65,
      "Nz": 129,
      "Nth": 128
    },
    "timestamp": "2026-04-13T15:53:54.136472"
  }
}