{
  "k": [
    0.1,
    0.10985411419875583,
    0.12067926406393285,
    0.13257113655901093,
    0.14563484775012436,
    0.15998587196060582,
    0.1757510624854792,
    0.193069772888325,
    0.21209508879201905,
    0.2329951810515372,
    0.2559547922699536,
    0.281176869797423,
    0.3088843596477481,
    0.3393221771895328,
    0.372759372031494,
    0.4094915062380424,
    0.44984326689694454,
    0.49417133613238345,
    0.5428675439323859,
    0.5963623316594643,
    0.6551285568595507,
    0.7196856730011519,
    0.7906043210907697,
    0.8685113737513525,
    0.9540954763499939,
    1.0481131341546859,
    1.151395399326447,
    1.2648552168552958,
    1.3894954943731375,
    1.5264179671752334,
    1.6768329368110073,
    1.8420699693267153,
    2.0235896477251565,
    2.2229964825261943,
    2.442053094548651,
    2.6826957952797246,
    2.9470517025518097,
    3.2374575428176433,
    3.5564803062231283,
    3.9069399370546147,
    4.291934260128776,
    4.714866363457392,
    5.17947467923121,
    5.689866029018296,
    6.250551925273969,
    6.866488450042998,
    7.543120063354615,
    8.286427728546842,
    9.102981779915218,
    10.0
  ],
  "gamma_max": [
    -0.1672509304661565,
    -0.17765186965418733,
    -0.19018661973331488,
    -0.20529295083930713,
    -0.2235018928564168,
    -0.2454632619598724,
    -0.27198629212463743,
    -0.3041155711650151,
    -0.34330641125940536,
    -0.3919641207129962,
    -0.4561843443982956,
    -0.5523689742837011,
    -0.5853171225925367,
    -0.6239003640407625,
    -0.6688658029739277,
    -0.7210271978176064,
    -0.6881140331627895,
    -0.6638930726177097,
    -0.6514635757993164,
    -0.6429454814259902,
    -0.6366050026176517,
    -0.6165982349821048,
    -0.38939182507073905,
    -0.16016759999675512,
    0.06757243058528337,
    0.2893992437003836,
    0.49933078093209443,
    0.6887983147349813,
    0.844998083617213,
    0.9482426571059245,
    0.9675106720060773,
    0.8525506266546562,
    0.5215365432456733,
    0.821563110675164,
    2.253052537528842,
    3.5177624472411684,
    4.300018360819123,
    4.532310955500869,
    4.12525584066574,
    2.848606871881217,
    0.09862578756458781,
    -1.111812177659075,
    -0.6292964128037336,
    -0.8218567487275409,
    -1.5334452452471112,
    -2.7390920204730747,
    -4.47419357824718,
    -6.8104539896019025,
    -9.851248561686154,
    -13.734549243078684
  ],
  "omega_max": [
    3.572745108329234e-11,
    2.278009308877897e-11,
    4.2950535602608285e-11,
    -3.367823650761752e-12,
    -3.2772944122103245e-11,
    -2.316510125152616e-11,
    5.236089190042417e-11,
    -5.821652843106985e-12,
    -1.392936894411326e-11,
    -3.933160376616937e-11,
    -2.4448102715178393e-11,
    -0.04641400305423004,
    0.08867966945134717,
    0.10684582320523446,
    -0.10637128406643301,
    -0.07431853555501981,
    -3.178060631600783e-12,
    1.1063231811350949e-12,
    -8.507033469498507e-13,
    -1.2931892825044392e-12,
    -2.7301667958904555e-13,
    -7.514931629692956,
    7.640997361877026,
    7.765874485926841,
    7.88304730875041,
    -7.9842199154636875,
    8.059203876522245,
    8.095858881142204,
    8.080157423664756,
    7.996528877956023,
    7.828907020472875,
    -7.564073352736224,
    -7.204193886188119,
    9.43173481930326e-11,
    -1.2243699235958193e-13,
    3.038898418457859e-11,
    6.858571681920286e-12,
    -6.88288034756577e-12,
    -3.381443238635248e-11,
    1.1687257403370921e-11,
    -5.550338238122234e-11,
    -8.910653752305956,
    -10.325044044252428,
    11.899648780257145,
    13.531327218593765,
    15.22934770311097,
    -17.019039711595873,
    -18.933231489781196,
    21.01557961574468,
    -23.33238093215127
  ],
  "params": {
    "alpha": -55.0,
    "dT": 0.2,
    "dR": 1.0
  },
  "metadata": {
    "shear_max": 7.642342562850524,
    "vel_net": 1.7208456881689926e-14,
    "resolution": {
      "H": 25,
      "M": 65,
      "Nz": 129,
      "Nth": 128
    },
    "timestamp": "2026-04-16T14:14:15.785137"
  }
}