{
  "k": [
    0.1,
    0.10985411419875583,
    0.12067926406393285,
    0.13257113655901093,
    0.14563484775012436,
    0.15998587196060582,
    0.1757510624854792,
    0.193069772888325,
    0.21209508879201905,
    0.2329951810515372,
    0.2559547922699536,
    0.281176869797423,
    0.3088843596477481,
    0.3393221771895328,
    0.372759372031494,
    0.4094915062380424,
    0.44984326689694454,
    0.49417133613238345,
    0.5428675439323859,
    0.5963623316594643,
    0.6551285568595507,
    0.7196856730011519,
    0.7906043210907697,
    0.8685113737513525,
    0.9540954763499939,
    1.0481131341546859,
    1.151395399326447,
    1.2648552168552958,
    1.3894954943731375,
    1.5264179671752334,
    1.6768329368110073,
    1.8420699693267153,
    2.0235896477251565,
    2.2229964825261943,
    2.442053094548651,
    2.6826957952797246,
    2.9470517025518097,
    3.2374575428176433,
    3.5564803062231283,
    3.9069399370546147,
    4.291934260128776,
    4.714866363457392,
    5.17947467923121,
    5.689866029018296,
    6.250551925273969,
    6.866488450042998,
    7.543120063354615,
    8.286427728546842,
    9.102981779915218,
    10.0
  ],
  "gamma_max": [
    -1.0094060981578163,
    -1.0113517219477033,
    -1.0136999213740923,
    -1.0165340543581902,
    -1.0199547667988018,
    -1.024083591086344,
    -1.029067299934601,
    -1.0350831771680127,
    -1.0423454032826687,
    -1.0511127987246953,
    -1.0616982245872424,
    -1.0744800125746667,
    -1.0899158890181175,
    -1.1085599794327228,
    -1.1310836427966298,
    -1.1583011076543708,
    -1.1912011968038683,
    -1.2309868871313803,
    -1.2791251504117307,
    -1.3374106335616993,
    -1.408048600615972,
    -1.4937658693101428,
    -1.5979647729636588,
    -1.7249481878182673,
    -1.8802734366179445,
    -2.030698651991442,
    -2.212607267797467,
    -2.4349812800792305,
    -2.706380633481577,
    -3.0370824030865786,
    -3.439431824549978,
    -3.928271111612774,
    -4.521462048872597,
    -5.240521195461834,
    -6.111390267303875,
    -7.165368979384279,
    -8.440243183190962,
    -9.932200869036118,
    -11.748206658446811,
    -13.964519993704755,
    -16.66015956720846,
    -19.930551035774574,
    -23.891111958550805,
    -28.681458959792426,
    -34.470391463985244,
    -41.46184575586605,
    -49.90205241163292,
    -60.08817395423492,
    -72.3787508926292,
    -87.2063438230973
  ],
  "omega_max": [
    4.3558472543543575e-16,
    1.779984257307572e-15,
    -1.1490619488861286e-16,
    -1.7444923764828258e-15,
    1.4043409491564388e-15,
    1.6108079143686324e-15,
    -6.312478303387563e-16,
    9.275432285843515e-17,
    1.1800442579737714e-17,
    1.773775371896181e-15,
    5.815182461012455e-16,
    -1.1912228389911954e-16,
    1.6471317471681968e-16,
    -1.2876136922522604e-15,
    3.550910140931712e-16,
    4.468630319087759e-16,
    9.452174318360439e-16,
    -1.5141175476301615e-15,
    1.8165037811888414e-16,
    1.7872375607103257e-15,
    3.7419195130053044e-15,
    7.431843381752912e-16,
    -2.8349449628182174e-16,
    -2.9730680424131204e-15,
    -2.281472387885204e-15,
    -0.5721674209305094,
    -0.6265260946611723,
    0.6850717983490606,
    0.7484595393529053,
    0.8174159886177672,
    -0.8927424916504929,
    0.9753198332202736,
    -1.0661158487853493,
    1.1661962434803101,
    -1.2767382821823756,
    -1.3990466770849632,
    1.5345713274870605,
    -1.6073866542666222,
    1.7746471220283533,
    -1.961370389594149,
    2.1702950543472057,
    -2.4040272753603147,
    -2.6653339293615015,
    -2.9573483076280818,
    -3.2837045872368784,
    3.6486237794150953,
    -4.056968938337599,
    4.514280782253824,
    -5.026802461175243,
    5.601505662194488
  ],
  "params": {
    "alpha": -19.0,
    "dT": 0.8571428571428571,
    "dR": 1.0
  },
  "metadata": {
    "shear_max": 1.9495908058939434e-09,
    "vel_net": 7.754818242684634e-26,
    "resolution": {
      "H": 25,
      "M": 65,
      "Nz": 129,
      "Nth": 128
    },
    "timestamp": "2026-04-13T11:24:45.684052"
  }
}