{
  "k": [
    0.1,
    0.10985411419875583,
    0.12067926406393285,
    0.13257113655901093,
    0.14563484775012436,
    0.15998587196060582,
    0.1757510624854792,
    0.193069772888325,
    0.21209508879201905,
    0.2329951810515372,
    0.2559547922699536,
    0.281176869797423,
    0.3088843596477481,
    0.3393221771895328,
    0.372759372031494,
    0.4094915062380424,
    0.44984326689694454,
    0.49417133613238345,
    0.5428675439323859,
    0.5963623316594643,
    0.6551285568595507,
    0.7196856730011519,
    0.7906043210907697,
    0.8685113737513525,
    0.9540954763499939,
    1.0481131341546859,
    1.151395399326447,
    1.2648552168552958,
    1.3894954943731375,
    1.5264179671752334,
    1.6768329368110073,
    1.8420699693267153,
    2.0235896477251565,
    2.2229964825261943,
    2.442053094548651,
    2.6826957952797246,
    2.9470517025518097,
    3.2374575428176433,
    3.5564803062231283,
    3.9069399370546147,
    4.291934260128776,
    4.714866363457392,
    5.17947467923121,
    5.689866029018296,
    6.250551925273969,
    6.866488450042998,
    7.543120063354615,
    8.286427728546842,
    9.102981779915218,
    10.0
  ],
  "gamma_max": [
    0.3494213096501749,
    0.33622414050220595,
    0.3202447467172696,
    0.3008834919086459,
    0.27740554908334747,
    0.2489076154124548,
    0.21427485349924533,
    0.17212374521024895,
    0.12072236645564338,
    0.05786719283451794,
    -0.019348871885362284,
    -0.11514101919843102,
    -0.23756043028955848,
    -0.43844461116394634,
    -0.5381231786107472,
    -0.6183001106059339,
    -0.7099277980686447,
    -0.6554672705807152,
    -0.4964634445924428,
    -0.34017610261154363,
    -0.18885095649953598,
    -0.044028285806237806,
    0.09307617180532117,
    0.22120688652964215,
    0.3387863828338755,
    0.4436893897316285,
    0.533026736349761,
    0.6029006147597943,
    0.6481109734902494,
    0.6618224493195646,
    0.635257174260034,
    0.5575956198230696,
    0.4165269347711561,
    0.20041853464955758,
    -0.09647150867025658,
    -0.2564765174498545,
    -0.3161081497086558,
    -0.5581837980375149,
    -1.0511501252174655,
    -1.8372699521977751,
    -2.532208380333972,
    -2.906618602986932,
    -3.4547513729324533,
    -4.2146342740351415,
    -5.222410111766706,
    -6.518644017288479,
    -8.152160736327568,
    -10.182797055198197,
    -12.683871636754377,
    -15.744552149805328
  ],
  "omega_max": [
    6.289099157688898e-14,
    2.3620050609136614e-14,
    -1.4864159561527165e-13,
    -3.798264343047378e-14,
    -2.6653056129508693e-14,
    6.251131099551047e-14,
    2.2268319049412738e-14,
    1.0856742395268376e-13,
    9.525989232630158e-15,
    1.8345475427641452e-14,
    8.763036263822742e-14,
    -6.591421822424879e-14,
    -1.1580662966773275e-13,
    -5.823689424557579e-14,
    0.15012541988109945,
    0.189108625447733,
    -0.1811277876713011,
    3.190612564301545,
    3.281728961316741,
    -3.3847462391015113,
    -3.496282859289225,
    3.6126933630841513,
    -3.7302917976137002,
    -3.8453433740138663,
    -3.9539611450930736,
    -4.052005217888853,
    4.1350392140607815,
    4.1983816276851496,
    -4.2372927867792365,
    -4.2473535899435,
    -4.225119076863559,
    -4.169182157300912,
    4.0818989131496,
    3.9722326220787267,
    -3.860117300042944,
    -1.1048669062662465e-12,
    -3.461833593742763e-12,
    1.5793856183122622e-12,
    6.290211538218002e-14,
    -1.764586014338913e-12,
    -5.7004443039892125,
    6.400196617876735,
    -7.165702326610441,
    -8.00515395050294,
    8.923350322804382,
    -9.926985169196493,
    -11.025700291176326,
    12.232338034685142,
    13.563466296085034,
    15.040654817820794
  ],
  "params": {
    "alpha": -35.0,
    "dT": 0.16666666666666666,
    "dR": 1.0
  },
  "metadata": {
    "shear_max": 3.8857447864826486,
    "vel_net": 1.724407335484801e-12,
    "resolution": {
      "H": 20,
      "M": 49,
      "Nz": 97,
      "Nth": 96
    },
    "timestamp": "2026-02-13T14:53:49.297846"
  }
}