{
  "k": [
    0.1,
    0.10985411419875583,
    0.12067926406393285,
    0.13257113655901093,
    0.14563484775012436,
    0.15998587196060582,
    0.1757510624854792,
    0.193069772888325,
    0.21209508879201905,
    0.2329951810515372,
    0.2559547922699536,
    0.281176869797423,
    0.3088843596477481,
    0.3393221771895328,
    0.372759372031494,
    0.4094915062380424,
    0.44984326689694454,
    0.49417133613238345,
    0.5428675439323859,
    0.5963623316594643,
    0.6551285568595507,
    0.7196856730011519,
    0.7906043210907697,
    0.8685113737513525,
    0.9540954763499939,
    1.0481131341546859,
    1.151395399326447,
    1.2648552168552958,
    1.3894954943731375,
    1.5264179671752334,
    1.6768329368110073,
    1.8420699693267153,
    2.0235896477251565,
    2.2229964825261943,
    2.442053094548651,
    2.6826957952797246,
    2.9470517025518097,
    3.2374575428176433,
    3.5564803062231283,
    3.9069399370546147,
    4.291934260128776,
    4.714866363457392,
    5.17947467923121,
    5.689866029018296,
    6.250551925273969,
    6.866488450042998,
    7.543120063354615,
    8.286427728546842,
    9.102981779915218,
    10.0
  ],
  "gamma_max": [
    0.5058800114561494,
    0.5038062382982782,
    0.5013041879891559,
    0.4982855468376753,
    0.49464384794027083,
    0.49025076395999645,
    0.48495165108843635,
    0.47856019675349093,
    0.4708519933585041,
    0.4615568251387333,
    0.4503494108407032,
    0.4368382898608484,
    0.42055246440540756,
    0.4009253107805453,
    0.37727512685430137,
    0.3487814675500537,
    0.3144560818197305,
    0.2731067205224765,
    0.22329117184404706,
    0.16325729709458425,
    0.09086195121155399,
    0.003456062323757352,
    -0.10228875076747264,
    -0.23066494260274592,
    -0.38745649295282775,
    -0.5811078872032317,
    -0.8261962951285229,
    -1.162714003712499,
    -1.5920656960665382,
    -1.8635109109756112,
    -2.1898566056911823,
    -2.5824547429865325,
    -3.0550490628704505,
    -3.624268200169299,
    -4.310218751282413,
    -5.137202063079049,
    -6.056374428127506,
    -7.192730221667799,
    -8.593197869154194,
    -10.308454960295393,
    -12.399525848786373,
    -14.94022133311842,
    -18.01996934731095,
    -21.74711865615303,
    -26.252836250435514,
    -31.69575146458538,
    -38.26752956619449,
    -46.199589927311635,
    -55.771222919877,
    -67.31940710695164
  ],
  "omega_max": [
    -1.5018986351983597e-14,
    7.809684488995134e-15,
    -1.4724418780113213e-14,
    -2.2677964030414127e-14,
    7.28041579502214e-15,
    -2.68846699157748e-15,
    -3.867257237626668e-15,
    -3.1060446332884324e-14,
    1.653501723395641e-14,
    -3.3947055910779424e-14,
    3.687524577045351e-16,
    2.725100703510953e-14,
    4.672702944066362e-14,
    1.9018080164791673e-14,
    3.4948154093521824e-14,
    3.572472270498427e-14,
    -6.627294765995558e-15,
    1.77595729776928e-14,
    -1.6888403780353547e-14,
    1.7253558614554833e-15,
    -1.5408323703089929e-15,
    -3.869335773927632e-17,
    1.4124042688124449e-14,
    2.298184848651657e-14,
    -1.1718705900475905e-14,
    -1.7435246433956707e-14,
    1.3463420565949945e-13,
    2.4672345544215784e-14,
    0.2361260621478938,
    0.41294445594074525,
    0.5536162120696841,
    -0.6841810837145289,
    0.8129567120574193,
    -0.944338789313708,
    -1.0813552301332336,
    1.2264768537724875,
    1.205555204667803,
    1.3464313244426576,
    -1.515805558312577,
    1.713369345500121,
    -1.9387308076422103,
    2.1920209216014515,
    -2.474175973276554,
    2.7870137350863353,
    3.1332145242397402,
    3.516277846202511,
    3.940488466613599,
    4.410902085486288,
    4.933349810627461,
    -5.514459671883616
  ],
  "params": {
    "alpha": -25.0,
    "dT": 0.6666666666666666,
    "dR": 1.0
  },
  "metadata": {
    "shear_max": 5.794372620268507e-09,
    "vel_net": 5.169878828456423e-25,
    "resolution": {
      "H": 25,
      "M": 65,
      "Nz": 129,
      "Nth": 128
    },
    "timestamp": "2026-04-13T12:31:47.470209"
  }
}