{
  "k": [
    0.1,
    0.10985411419875583,
    0.12067926406393285,
    0.13257113655901093,
    0.14563484775012436,
    0.15998587196060582,
    0.1757510624854792,
    0.193069772888325,
    0.21209508879201905,
    0.2329951810515372,
    0.2559547922699536,
    0.281176869797423,
    0.3088843596477481,
    0.3393221771895328,
    0.372759372031494,
    0.4094915062380424,
    0.44984326689694454,
    0.49417133613238345,
    0.5428675439323859,
    0.5963623316594643,
    0.6551285568595507,
    0.7196856730011519,
    0.7906043210907697,
    0.8685113737513525,
    0.9540954763499939,
    1.0481131341546859,
    1.151395399326447,
    1.2648552168552958,
    1.3894954943731375,
    1.5264179671752334,
    1.6768329368110073,
    1.8420699693267153,
    2.0235896477251565,
    2.2229964825261943,
    2.442053094548651,
    2.6826957952797246,
    2.9470517025518097,
    3.2374575428176433,
    3.5564803062231283,
    3.9069399370546147,
    4.291934260128776,
    4.714866363457392,
    5.17947467923121,
    5.689866029018296,
    6.250551925273969,
    6.866488450042998,
    7.543120063354615,
    8.286427728546842,
    9.102981779915218,
    10.0
  ],
  "gamma_max": [
    -2.420448668913993,
    -2.417867103067234,
    -2.415258292346224,
    -2.412668394605576,
    -2.410158861465033,
    -2.4078103782889864,
    -2.4057277563082233,
    -2.404045997800105,
    -2.4029378042948846,
    -2.396671991194465,
    -2.327441013224359,
    -2.2536627259628497,
    -2.1754332582090212,
    -2.092981733467031,
    -2.0067070648577796,
    -1.9172209202742991,
    -1.8253969823851053,
    -1.7324263776835203,
    -1.6398789021395779,
    -1.5497694746211632,
    -1.4646291557461948,
    -1.3875801098466376,
    -1.3224140648793365,
    -1.2736741266735776,
    -1.2467402331149162,
    -1.2479192546121542,
    -1.284542163335395,
    -1.365073724731232,
    -1.4992463141840968,
    -1.698240970259326,
    -1.6717573544248212,
    -1.4362830671071003,
    -1.2844117862563111,
    -1.2593924018068743,
    -1.4123899566642146,
    -1.8005930653352187,
    -2.486035798712707,
    -3.5353910578076717,
    -5.021055496560211,
    -7.023695498602442,
    -9.636129702241965,
    -12.968224284460346,
    -17.152428175132545,
    -22.349505844426545,
    -28.75353143184672,
    -36.5937100788495,
    -46.12959999808478,
    -57.64946629202872,
    -71.49814638341016,
    -87.87288881027928
  ],
  "omega_max": [
    1.3582103103179097,
    1.3812519527560367,
    1.4066633520608331,
    1.4346952705676839,
    1.4656256889068635,
    1.4997626682131002,
    1.5374474257635067,
    1.5790575968162883,
    1.62501063771493,
    6.40845811333427,
    6.481997169927224,
    6.5632460304083065,
    6.652963009760004,
    6.751950996561926,
    6.861048843965673,
    6.981119175007904,
    7.113032731824549,
    7.257650124196791,
    7.415802896435305,
    7.588277190521415,
    7.7758048095923105,
    7.9790678506347446,
    8.19872375679719,
    8.435456893409883,
    8.690059707099985,
    8.963540393976217,
    9.257244416338773,
    9.572964584910354,
    9.913000371303712,
    10.280114580626934,
    9.055117225236145,
    9.420399675689108,
    9.845647825630921,
    10.341838327155637,
    10.918450572693427,
    11.583932139446983,
    12.346350644523378,
    13.213964143427235,
    14.195788941199194,
    15.302275361252192,
    16.546194824625463,
    17.943897376521114,
    19.5172276873902,
    21.296594393340026,
    23.325877773931982,
    25.66919876428778,
    28.414938050941878,
    31.666450480489985,
    35.56384541875517,
    40.36476457679481
  ],
  "params": {
    "alpha": -48.0,
    "dT": 0.8888888888888888,
    "dR": 1.0
  },
  "metadata": {
    "shear_max": 6.490113623606136,
    "vel_net": 2.7085232458321777,
    "resolution": {
      "H": 25,
      "M": 65,
      "Nz": 129,
      "Nth": 128
    },
    "timestamp": "2026-04-16T14:31:16.330210"
  }
}