{
  "k": [
    0.1,
    0.10985411419875583,
    0.12067926406393285,
    0.13257113655901093,
    0.14563484775012436,
    0.15998587196060582,
    0.1757510624854792,
    0.193069772888325,
    0.21209508879201905,
    0.2329951810515372,
    0.2559547922699536,
    0.281176869797423,
    0.3088843596477481,
    0.3393221771895328,
    0.372759372031494,
    0.4094915062380424,
    0.44984326689694454,
    0.49417133613238345,
    0.5428675439323859,
    0.5963623316594643,
    0.6551285568595507,
    0.7196856730011519,
    0.7906043210907697,
    0.8685113737513525,
    0.9540954763499939,
    1.0481131341546859,
    1.151395399326447,
    1.2648552168552958,
    1.3894954943731375,
    1.5264179671752334,
    1.6768329368110073,
    1.8420699693267153,
    2.0235896477251565,
    2.2229964825261943,
    2.442053094548651,
    2.6826957952797246,
    2.9470517025518097,
    3.2374575428176433,
    3.5564803062231283,
    3.9069399370546147,
    4.291934260128776,
    4.714866363457392,
    5.17947467923121,
    5.689866029018296,
    6.250551925273969,
    6.866488450042998,
    7.543120063354615,
    8.286427728546842,
    9.102981779915218,
    10.0
  ],
  "gamma_max": [
    1.1097442039736325,
    1.107490929406496,
    1.104772455839276,
    1.101492925408265,
    1.0975368097124174,
    1.0927649077693589,
    1.0870095454648685,
    1.0800688203846058,
    1.0716997112854756,
    1.0616098363837339,
    1.049447607505222,
    1.0347904799189778,
    1.0171309428747977,
    0.9958598250495617,
    0.9702463982683754,
    0.9394146403810806,
    0.9023148464274795,
    0.8576895298009125,
    0.8040321937739707,
    0.739537021531729,
    0.662036748602055,
    0.5689248264564574,
    0.4570562637950977,
    0.32261888046463416,
    0.16096234013724978,
    -0.033635638405910814,
    -0.2683029848948137,
    -0.552083265883734,
    -0.8968078599393665,
    -1.3188915457160026,
    -1.8443863988192042,
    -2.5363142444158093,
    -3.4035916570387132,
    -4.109906308870971,
    -4.961731073366222,
    -5.989377336916857,
    -7.157301960667091,
    -8.574103351821897,
    -10.319174943893458,
    -12.455712734782912,
    -15.059837074758384,
    -18.223625564466772,
    -22.058638487906972,
    -26.700040206200843,
    -32.31146805451247,
    -39.090840681634354,
    -47.27733454526459,
    -57.159796302725866,
    -69.08690525769005,
    -83.47945735043626
  ],
  "omega_max": [
    -2.23943206863376e-13,
    3.979068329409618e-13,
    1.3651856882240957e-13,
    1.4246943518910555e-14,
    1.615581189810117e-13,
    -1.6278122436362075e-13,
    1.0842618911318585e-13,
    2.497394233561998e-13,
    1.3841904157365604e-13,
    -2.3876295868716093e-13,
    -1.2155781937661637e-14,
    3.3505568307283063e-13,
    -1.5362109200570879e-15,
    4.5814473130814815e-14,
    -1.644066273789706e-13,
    -6.149452869867815e-14,
    1.6761700227599193e-13,
    5.1144008349773953e-14,
    -5.404363941417128e-14,
    -5.844769912880585e-14,
    -4.088632334481998e-14,
    -4.015381654075809e-14,
    7.480646954361035e-15,
    -9.240348461554224e-15,
    -3.422153348733114e-15,
    4.672747759509678e-16,
    2.1719169215586092e-14,
    -7.921288517220076e-14,
    6.684061849450786e-16,
    -7.38512870088634e-14,
    2.6755402600094196e-13,
    -9.898860158792234e-14,
    0.32990165432656365,
    0.5774691513061124,
    -0.7766227766883029,
    -0.963542983076413,
    0.8711506128300867,
    1.0145512151917517,
    -1.198973826779717,
    1.4184142048004722,
    -1.6684130317998367,
    1.9466457836863178,
    2.2527205314535492,
    -2.587807261051052,
    -2.954312104064917,
    -3.3556436211337632,
    3.79606609549704,
    4.2806218258776605,
    -4.815104359962763,
    -5.40606967997027
  ],
  "params": {
    "alpha": -29.0,
    "dT": 0.8333333333333334,
    "dR": 1.0
  },
  "metadata": {
    "shear_max": 6.97203605382167e-09,
    "vel_net": 4.1359030627651384e-25,
    "resolution": {
      "H": 25,
      "M": 65,
      "Nz": 129,
      "Nth": 128
    },
    "timestamp": "2026-04-13T13:00:07.995996"
  }
}