{
  "k": [
    0.1,
    0.10985411419875583,
    0.12067926406393285,
    0.13257113655901093,
    0.14563484775012436,
    0.15998587196060582,
    0.1757510624854792,
    0.193069772888325,
    0.21209508879201905,
    0.2329951810515372,
    0.2559547922699536,
    0.281176869797423,
    0.3088843596477481,
    0.3393221771895328,
    0.372759372031494,
    0.4094915062380424,
    0.44984326689694454,
    0.49417133613238345,
    0.5428675439323859,
    0.5963623316594643,
    0.6551285568595507,
    0.7196856730011519,
    0.7906043210907697,
    0.8685113737513525,
    0.9540954763499939,
    1.0481131341546859,
    1.151395399326447,
    1.2648552168552958,
    1.3894954943731375,
    1.5264179671752334,
    1.6768329368110073,
    1.8420699693267153,
    2.0235896477251565,
    2.2229964825261943,
    2.442053094548651,
    2.6826957952797246,
    2.9470517025518097,
    3.2374575428176433,
    3.5564803062231283,
    3.9069399370546147,
    4.291934260128776,
    4.714866363457392,
    5.17947467923121,
    5.689866029018296,
    6.250551925273969,
    6.866488450042998,
    7.543120063354615,
    8.286427728546842,
    9.102981779915218,
    10.0
  ],
  "gamma_max": [
    -2.0563622124602667,
    -2.055533416462997,
    -2.0548426913755993,
    -2.0543492905186507,
    -2.0541278590160075,
    -2.054271979823689,
    -2.0548985107999984,
    -2.056152889687139,
    -2.058215622136973,
    -2.0440025611673382,
    -1.9802422165206235,
    -1.912684341120724,
    -1.8415338530635148,
    -1.7671391012441537,
    -1.6900265308047473,
    -1.6109400826813849,
    -1.530885247667274,
    -1.451177571619147,
    -1.373495332447421,
    -1.2999361109625145,
    -1.2330770783360625,
    -1.176039042954794,
    -1.1325546542610492,
    -1.1070416791122994,
    -1.1046829979644825,
    -1.131516006444281,
    -1.194535601500939,
    -1.3018170904249788,
    -1.4626685333388012,
    -1.6878267655111825,
    -1.9897189224349443,
    -2.0383245142178885,
    -2.0440141545732193,
    -2.173062105719607,
    -2.467211253738396,
    -2.973703097010426,
    -3.744270789832632,
    -4.835206643618002,
    -6.308665086830863,
    -8.235184148482366,
    -10.697301096576593,
    -13.794156365042884,
    -17.64721167702839,
    -22.407796920174587,
    -28.26875966783613,
    -35.48810922790342,
    -44.45801734647913,
    -55.19464407145431,
    -67.04145645877537,
    -81.01533675281635
  ],
  "omega_max": [
    0.9944727319319032,
    1.010949894579066,
    1.0291487707409328,
    1.0492568032943277,
    1.071482685726443,
    1.0960587056255218,
    1.123243252480902,
    1.1533234523179725,
    1.186617861187192,
    4.944404682270707,
    5.004955820152312,
    5.071895713995,
    5.145819257823678,
    5.2273388066575,
    5.317071456390518,
    5.415623025739855,
    5.523569336943487,
    5.6414361802729225,
    5.769680368800723,
    5.908675498630009,
    6.058707264256677,
    6.21998418853933,
    6.392669983653724,
    6.576942938469093,
    6.773085129161547,
    6.981599431918185,
    7.203345227589988,
    7.439674918966103,
    7.692544223336423,
    7.964561327601123,
    8.258934867368469,
    7.458602015641073,
    7.779415760950741,
    8.149432272414016,
    8.57771432290697,
    9.072458624199092,
    9.641262351130328,
    10.291567431072034,
    11.031111552083912,
    11.86839830843082,
    12.813248486096676,
    13.877519344670416,
    15.076159206856904,
    16.42903499107619,
    17.96499568882791,
    19.734914964327483,
    21.890122589022123,
    18.23828494430286,
    19.647013320095176,
    32.93725893947644
  ],
  "params": {
    "alpha": -39.0,
    "dT": 0.8,
    "dR": 1.0
  },
  "metadata": {
    "shear_max": 4.980594530628138,
    "vel_net": 2.0609714238430854,
    "resolution": {
      "H": 25,
      "M": 65,
      "Nz": 129,
      "Nth": 128
    },
    "timestamp": "2026-04-13T15:50:31.726349"
  }
}