{
  "k": [
    0.1,
    0.10985411419875583,
    0.12067926406393285,
    0.13257113655901093,
    0.14563484775012436,
    0.15998587196060582,
    0.1757510624854792,
    0.193069772888325,
    0.21209508879201905,
    0.2329951810515372,
    0.2559547922699536,
    0.281176869797423,
    0.3088843596477481,
    0.3393221771895328,
    0.372759372031494,
    0.4094915062380424,
    0.44984326689694454,
    0.49417133613238345,
    0.5428675439323859,
    0.5963623316594643,
    0.6551285568595507,
    0.7196856730011519,
    0.7906043210907697,
    0.8685113737513525,
    0.9540954763499939,
    1.0481131341546859,
    1.151395399326447,
    1.2648552168552958,
    1.3894954943731375,
    1.5264179671752334,
    1.6768329368110073,
    1.8420699693267153,
    2.0235896477251565,
    2.2229964825261943,
    2.442053094548651,
    2.6826957952797246,
    2.9470517025518097,
    3.2374575428176433,
    3.5564803062231283,
    3.9069399370546147,
    4.291934260128776,
    4.714866363457392,
    5.17947467923121,
    5.689866029018296,
    6.250551925273969,
    6.866488450042998,
    7.543120063354615,
    8.286427728546842,
    9.102981779915218,
    10.0
  ],
  "gamma_max": [
    -0.43262214157945494,
    -0.43452219262378516,
    -0.43682016709055216,
    -0.4396007644290187,
    -0.442967401914445,
    -0.4470467184617451,
    -0.4519943713987874,
    -0.4580026251624652,
    -0.4653105061793984,
    -0.47421778317033425,
    -0.48510493594393894,
    -0.49846307477302065,
    -0.514941649721066,
    -0.5354310203893866,
    -0.5612219994944504,
    -0.5943660113440813,
    -0.638711304259137,
    -0.7047058667203713,
    -0.8242215866167788,
    -0.8442986428722439,
    -0.8682395598156419,
    -0.8967482430975179,
    -0.9306503518610768,
    -0.9709163673826973,
    -1.0186911119711486,
    -1.0753318472582798,
    -1.1424574278080786,
    -1.2220112236371359,
    -1.316340634856733,
    -1.4282960086602825,
    -1.5613516535375087,
    -1.7197514956954938,
    -1.908681944453955,
    -2.1344751131301503,
    -2.404847060111359,
    -2.691118297812941,
    -3.035383617930933,
    -3.4666366117238043,
    -4.001353672184465,
    -4.659039985528846,
    -5.4630850732593865,
    -6.441732736115035,
    -7.629177923504731,
    -9.066818281813706,
    -10.804705145699113,
    -12.903254984496717,
    -15.435297785891924,
    -18.488554506518113,
    -22.16865209684746,
    -26.602800641614508
  ],
  "omega_max": [
    -8.755766726232078e-17,
    1.5810931532473006e-15,
    -4.0690593852055525e-16,
    2.4363508081081993e-16,
    2.399725559421983e-15,
    1.7226212078962225e-15,
    -1.5035814993922448e-16,
    2.616107852693299e-15,
    4.856467713197769e-16,
    -2.3747930875338866e-15,
    2.9468427147268903e-15,
    5.142609104406869e-16,
    2.903226123613954e-15,
    8.251190928517467e-17,
    5.562901807365629e-16,
    5.326861774801016e-15,
    1.040057920784923e-15,
    3.41383380887238e-15,
    -0.07392124709867534,
    -0.15694610819059557,
    0.2180764531370984,
    -0.27377801052931006,
    0.32813521496191833,
    -0.38304788848938987,
    0.4396896709972661,
    -0.4989355023288742,
    -0.5615318440456716,
    0.6281785607802542,
    -0.699573543317198,
    -0.7764390960662542,
    0.8595388252723507,
    0.9496902791452723,
    -1.047777215739454,
    1.1547643136425072,
    1.2717159168603505,
    -1.3273801115971975,
    1.4633060830210598,
    -1.615140658347885,
    -1.785016937981307,
    1.9749065697985402,
    -2.1868197399639997,
    2.4229882803328695,
    2.686015548818997,
    -2.9789931554428133,
    3.3055905498307614,
    -3.6701225379351703,
    4.077596885928602,
    -4.533743077427789,
    -5.045026308565755,
    5.618658461971207
  ],
  "params": {
    "alpha": -17.5,
    "dT": 0.25,
    "dR": 1.0
  },
  "metadata": {
    "shear_max": 4.036177618240157e-09,
    "vel_net": 1.5841263803736804e-25,
    "resolution": {
      "H": 20,
      "M": 49,
      "Nz": 97,
      "Nth": 96
    },
    "timestamp": "2026-02-13T16:35:31.464620"
  }
}