{
  "k": [
    0.1,
    0.10985411419875583,
    0.12067926406393285,
    0.13257113655901093,
    0.14563484775012436,
    0.15998587196060582,
    0.1757510624854792,
    0.193069772888325,
    0.21209508879201905,
    0.2329951810515372,
    0.2559547922699536,
    0.281176869797423,
    0.3088843596477481,
    0.3393221771895328,
    0.372759372031494,
    0.4094915062380424,
    0.44984326689694454,
    0.49417133613238345,
    0.5428675439323859,
    0.5963623316594643,
    0.6551285568595507,
    0.7196856730011519,
    0.7906043210907697,
    0.8685113737513525,
    0.9540954763499939,
    1.0481131341546859,
    1.151395399326447,
    1.2648552168552958,
    1.3894954943731375,
    1.5264179671752334,
    1.6768329368110073,
    1.8420699693267153,
    2.0235896477251565,
    2.2229964825261943,
    2.442053094548651,
    2.6826957952797246,
    2.9470517025518097,
    3.2374575428176433,
    3.5564803062231283,
    3.9069399370546147,
    4.291934260128776,
    4.714866363457392,
    5.17947467923121,
    5.689866029018296,
    6.250551925273969,
    6.866488450042998,
    7.543120063354615,
    8.286427728546842,
    9.102981779915218,
    10.0
  ],
  "gamma_max": [
    -0.9355663252225639,
    -0.9294864952090274,
    -0.9232850948635909,
    -0.9170293992248079,
    -0.9108020418118284,
    -0.9047035004566981,
    -0.8988554066965622,
    -0.8934050263102903,
    -0.8885314055942892,
    -0.8844538774256862,
    -0.8814440057230204,
    -0.8798427431536512,
    -0.8800858487710324,
    -0.8827431801608547,
    -0.8885829269487022,
    -0.8986846934696087,
    -0.9146594667209536,
    -0.9391419476154317,
    -0.9771499013709436,
    -0.9635080982043578,
    -0.903958240987284,
    -0.8437990360835743,
    -0.7840162707588278,
    -0.7258135777049749,
    -0.6706315352055859,
    -0.6201616620235276,
    -0.576354413023557,
    -0.5414229311093228,
    -0.5178493737778037,
    -0.5084084769653429,
    -0.5162326538333291,
    -0.5449505785679931,
    -0.5356258910057216,
    -0.5095165029995767,
    -0.5191933761634993,
    -0.5764413516073188,
    -0.6933174576210609,
    -0.8808878043591232,
    -1.1465302125927697,
    -1.4878916333090833,
    -1.8879320790895606,
    -2.3332963974976053,
    -2.8403953469654626,
    -3.4423680584574754,
    -4.171803288079166,
    -5.059264524203968,
    -6.136108430881166,
    -7.437003824833374,
    -9.002294706395423,
    -10.880743514906365
  ],
  "omega_max": [
    0.17156558736522726,
    0.1676926496277126,
    0.16362933262502755,
    0.1593565686617525,
    0.1548500416211237,
    0.15007994790440365,
    0.14501101673340974,
    0.1396028191322688,
    0.13381038559638694,
    0.12758519939506635,
    0.12087669534866244,
    0.1136345011539743,
    0.10581189536874898,
    0.09737133585790024,
    0.08829363016081833,
    0.07859347695459477,
    0.06834531877569533,
    0.057717813235074376,
    0.046928062244000576,
    -2.9282413889048287,
    -3.0313741575258506,
    -3.141200801342367,
    -3.25793737140661,
    -3.381864478989086,
    -3.513373523312827,
    -3.6530197905434454,
    -3.801575291463615,
    -3.96006912372961,
    -4.129798383042091,
    -4.312290287514173,
    -4.509198632295214,
    -4.722125977829823,
    -4.525005473720547,
    -4.846355716530105,
    -5.2132657067064585,
    -5.635092606254043,
    -6.1228814997150804,
    -6.690488575281987,
    -7.356041225719864,
    -8.140819513144011,
    -9.056853488317183,
    -10.090403400194088,
    -11.220975519362687,
    -12.446691764218407,
    -13.779809228596104,
    -15.23784692873802,
    -16.840072478273342,
    -18.606338206467235,
    -20.55648296424596,
    -22.71015851156092
  ],
  "params": {
    "alpha": -24.0,
    "dT": 0.1,
    "dR": 1.0
  },
  "metadata": {
    "shear_max": 2.8197582220235327,
    "vel_net": 1.147399601141473,
    "resolution": {
      "H": 25,
      "M": 65,
      "Nz": 129,
      "Nth": 128
    },
    "timestamp": "2026-04-13T15:08:12.528212"
  }
}