{
  "k": [
    0.1,
    0.10985411419875583,
    0.12067926406393285,
    0.13257113655901093,
    0.14563484775012436,
    0.15998587196060582,
    0.1757510624854792,
    0.193069772888325,
    0.21209508879201905,
    0.2329951810515372,
    0.2559547922699536,
    0.281176869797423,
    0.3088843596477481,
    0.3393221771895328,
    0.372759372031494,
    0.4094915062380424,
    0.44984326689694454,
    0.49417133613238345,
    0.5428675439323859,
    0.5963623316594643,
    0.6551285568595507,
    0.7196856730011519,
    0.7906043210907697,
    0.8685113737513525,
    0.9540954763499939,
    1.0481131341546859,
    1.151395399326447,
    1.2648552168552958,
    1.3894954943731375,
    1.5264179671752334,
    1.6768329368110073,
    1.8420699693267153,
    2.0235896477251565,
    2.2229964825261943,
    2.442053094548651,
    2.6826957952797246,
    2.9470517025518097,
    3.2374575428176433,
    3.5564803062231283,
    3.9069399370546147,
    4.291934260128776,
    4.714866363457392,
    5.17947467923121,
    5.689866029018296,
    6.250551925273969,
    6.866488450042998,
    7.543120063354615,
    8.286427728546842,
    9.102981779915218,
    10.0
  ],
  "gamma_max": [
    -1.110346318465396,
    -1.1102286388634532,
    -1.1101449057426707,
    -1.1101232196019015,
    -1.1102040554619212,
    -1.110444365703669,
    -1.1109227108104829,
    -1.1117456188494343,
    -1.1130554494466482,
    -1.1150401641757695,
    -1.117945629003964,
    -1.122091439691617,
    -1.1278918603225065,
    -1.1358844616440218,
    -1.1467707705368482,
    -1.1614763983034195,
    -1.1812442783813248,
    -1.2077875170618897,
    -1.243556905218951,
    -1.2922419819178614,
    -1.2652819275334244,
    -1.1646718990186131,
    -1.0633498119935403,
    -0.9628570589265119,
    -0.8650777868765469,
    -0.772277968610423,
    -0.6871442592046074,
    -0.6128232621492439,
    -0.552966108316796,
    -0.5117893517275338,
    -0.4941673507737386,
    -0.5057645578998776,
    -0.4697579413779593,
    -0.3431282189685928,
    -0.2746966987706611,
    -0.2882373252507194,
    -0.40926385874709054,
    -0.6658259144657833,
    -1.0910992433160103,
    -1.7290704226146025,
    -2.643814078045411,
    -3.7826165058858603,
    -4.78190949495836,
    -6.059265639900057,
    -7.604838520815463,
    -9.307605076953994,
    -11.370781480619192,
    -13.865109317847143,
    -16.87274930657428,
    -20.492168823723212
  ],
  "omega_max": [
    -0.02732031456895267,
    -0.03046684396358226,
    -0.03404987259442193,
    -0.03814332110323275,
    -0.04283413814296763,
    -0.04822400108518301,
    -0.05443102337023111,
    -0.061591446177821384,
    -0.06986134083976857,
    -0.0794183865357566,
    -0.09046387135698082,
    -0.1032251554304232,
    -0.11795896434576046,
    -0.13495609373225922,
    -0.15454853685106298,
    -0.17712106527407986,
    -0.2031319584890628,
    -0.23315522289826124,
    -0.26798104552361884,
    -0.30890014172426844,
    -4.812740004210662,
    -4.94399212817519,
    -5.08598316312445,
    -5.239064097705306,
    -5.403584020986074,
    -5.5799331650278505,
    -5.768587726209229,
    -5.970139956857261,
    -6.185290055395464,
    -6.414772034820629,
    -6.659186105582107,
    -6.91871512839898,
    -6.188199280804071,
    -6.574867822741718,
    -7.020600807173071,
    -7.532209842259273,
    -8.116291365098844,
    -8.780791375248334,
    -9.537471993697332,
    -10.40830784195989,
    -11.451282185614282,
    -10.225746710310025,
    -10.788152570831565,
    -11.41393836323641,
    -18.46782297267284,
    -20.566859322679363,
    -22.845778475777273,
    -25.337075218060956,
    -28.071019179951627,
    -31.076974238243206
  ],
  "params": {
    "alpha": -30.0,
    "dT": 0.2,
    "dR": 1.0
  },
  "metadata": {
    "shear_max": 4.043072412826791,
    "vel_net": 1.7164357767061797,
    "resolution": {
      "H": 25,
      "M": 65,
      "Nz": 129,
      "Nth": 128
    },
    "timestamp": "2026-04-13T18:19:38.594550"
  }
}