{
  "k": [
    0.1,
    0.10985411419875583,
    0.12067926406393285,
    0.13257113655901093,
    0.14563484775012436,
    0.15998587196060582,
    0.1757510624854792,
    0.193069772888325,
    0.21209508879201905,
    0.2329951810515372,
    0.2559547922699536,
    0.281176869797423,
    0.3088843596477481,
    0.3393221771895328,
    0.372759372031494,
    0.4094915062380424,
    0.44984326689694454,
    0.49417133613238345,
    0.5428675439323859,
    0.5963623316594643,
    0.6551285568595507,
    0.7196856730011519,
    0.7906043210907697,
    0.8685113737513525,
    0.9540954763499939,
    1.0481131341546859,
    1.151395399326447,
    1.2648552168552958,
    1.3894954943731375,
    1.5264179671752334,
    1.6768329368110073,
    1.8420699693267153,
    2.0235896477251565,
    2.2229964825261943,
    2.442053094548651,
    2.6826957952797246,
    2.9470517025518097,
    3.2374575428176433,
    3.5564803062231283,
    3.9069399370546147,
    4.291934260128776,
    4.714866363457392,
    5.17947467923121,
    5.689866029018296,
    6.250551925273969,
    6.866488450042998,
    7.543120063354615,
    8.286427728546842,
    9.102981779915218,
    10.0
  ],
  "gamma_max": [
    0.18873876942176207,
    0.17536546522443197,
    0.15921534004192683,
    0.13970883958957037,
    0.11614370739840814,
    0.08766754167742437,
    0.053242425894736975,
    0.011596640293804791,
    -0.03884874504731217,
    -0.10011341800765519,
    -0.17497191105552623,
    -0.2679885585617375,
    -0.39155228368298056,
    -0.5548328848265608,
    -0.6177443324303892,
    -0.6905136013669307,
    -0.774256755894915,
    -0.8050112607669031,
    -0.7041585048479793,
    -0.5277323781242503,
    -0.35163190417410667,
    -0.17850815836301115,
    -0.010705153581957968,
    0.14954114711932462,
    0.2998285116222353,
    0.43727833180653075,
    0.558186197295333,
    0.6576055622402052,
    0.7288331573217344,
    0.7627809177293068,
    0.747264650534024,
    0.6663569154255395,
    0.500312404909087,
    0.22778990593818688,
    -0.16463814809088576,
    -0.08777121455842306,
    -0.04899856147782426,
    -0.29376774906436254,
    -0.958077585054049,
    -2.135010090008677,
    -2.757841567512386,
    -3.068742756199012,
    -3.6178504530725655,
    -4.452969706202976,
    -5.610476401128484,
    -7.133078312167751,
    -9.07549384785784,
    -11.507088651947978,
    -14.514237262051056,
    -18.20256053829929
  ],
  "omega_max": [
    2.314553945389908e-12,
    -6.01584044891172e-12,
    7.769362534740183e-12,
    1.560580796379354e-11,
    1.2128020046272984e-12,
    4.118284714518873e-13,
    -1.0258853097651936e-12,
    -1.1304452322412465e-13,
    -6.801738453857596e-12,
    -6.805566588110623e-14,
    -5.163087700352162e-13,
    6.701112557931533e-12,
    1.9208656685530967e-11,
    0.09410172023564357,
    0.1566971389955839,
    0.1768035363793291,
    -0.15472853418032126,
    -6.761726076280858e-13,
    4.311297999906372,
    4.407535234932483,
    4.514444663372736,
    -4.628799698069016,
    -4.746689767499286,
    4.863663401540284,
    4.974769626960507,
    5.074543312723774,
    -5.15699552330879,
    5.215670777131485,
    -5.243837152912524,
    5.234889984442581,
    -5.183084330131731,
    -5.084800916907854,
    -4.94080952825447,
    -4.760645980196666,
    -4.570863226430566,
    8.653447365101281e-12,
    1.629299463865654e-11,
    8.358539016680912e-12,
    -6.038760917658475e-12,
    1.938380169279408e-11,
    6.247262019087426,
    -7.0383902218389744,
    -7.929805556840211,
    -8.912239947817978,
    9.983057861010527,
    -11.148483196846804,
    -12.420877620807254,
    13.817404162854725,
    15.360305683374332,
    17.07887017614201
  ],
  "params": {
    "alpha": -40.0,
    "dT": 0.2,
    "dR": 1.0
  },
  "metadata": {
    "shear_max": 4.82162197538505,
    "vel_net": 1.4099832412739488e-14,
    "resolution": {
      "H": 25,
      "M": 65,
      "Nz": 129,
      "Nth": 128
    },
    "timestamp": "2026-04-15T18:01:35.916012"
  }
}