{
  "k": [
    0.1,
    0.10985411419875583,
    0.12067926406393285,
    0.13257113655901093,
    0.14563484775012436,
    0.15998587196060582,
    0.1757510624854792,
    0.193069772888325,
    0.21209508879201905,
    0.2329951810515372,
    0.2559547922699536,
    0.281176869797423,
    0.3088843596477481,
    0.3393221771895328,
    0.372759372031494,
    0.4094915062380424,
    0.44984326689694454,
    0.49417133613238345,
    0.5428675439323859,
    0.5963623316594643,
    0.6551285568595507,
    0.7196856730011519,
    0.7906043210907697,
    0.8685113737513525,
    0.9540954763499939,
    1.0481131341546859,
    1.151395399326447,
    1.2648552168552958,
    1.3894954943731375,
    1.5264179671752334,
    1.6768329368110073,
    1.8420699693267153,
    2.0235896477251565,
    2.2229964825261943,
    2.442053094548651,
    2.6826957952797246,
    2.9470517025518097,
    3.2374575428176433,
    3.5564803062231283,
    3.9069399370546147,
    4.291934260128776,
    4.714866363457392,
    5.17947467923121,
    5.689866029018296,
    6.250551925273969,
    6.866488450042998,
    7.543120063354615,
    8.286427728546842,
    9.102981779915218,
    10.0
  ],
  "gamma_max": [
    0.603282141074959,
    0.5878510107305103,
    0.569161513984731,
    0.5465092575859232,
    0.5190303906401704,
    0.4856625157877947,
    0.4450948949815388,
    0.39570462048970984,
    0.3354740019858865,
    0.26188120726174957,
    0.17174578054290907,
    0.06096748719288453,
    -0.07611927269878445,
    -0.2495172480343182,
    -0.5107166462973798,
    -0.6782367677455714,
    -0.7947442863230685,
    -0.6863895372368848,
    -0.49223149420007517,
    -0.30260824650140644,
    -0.12056818432585119,
    0.05212502089229181,
    0.2142750056288874,
    0.36466026413731273,
    0.5016315991987674,
    0.6228194006978424,
    0.7248603038995233,
    0.8030768466399055,
    0.8510688661312266,
    0.8602024605971971,
    0.8190237501085794,
    0.7127093833425069,
    0.5228958284308093,
    0.2289793922459457,
    -0.1858041688937563,
    -0.6403494402541985,
    -0.6822694795505773,
    -0.985491187038142,
    -1.6682144123783575,
    -2.785197776804014,
    -3.6864006673719043,
    -4.27926980429478,
    -5.118819965470359,
    -6.271493173079707,
    -7.787782282963866,
    -9.723922329314039,
    -12.14908305610237,
    -15.14926368951042,
    -18.830867632492,
    -23.324758672177108
  ],
  "omega_max": [
    2.59040368917008e-14,
    3.1412428243311695e-14,
    -1.6185719065087584e-14,
    4.2543956031219803e-14,
    -3.387824016921011e-14,
    -1.632129727358939e-13,
    -2.961050532847552e-14,
    4.431404943201083e-14,
    -1.5075475552587293e-13,
    2.2768763359615126e-14,
    -1.1022523417115004e-13,
    -6.357552547995163e-15,
    -4.2103644054761265e-14,
    -6.905629955489285e-14,
    7.27081851609543e-13,
    -0.19102743398538555,
    -0.23521278920876268,
    3.693691085490463,
    3.7951801915874213,
    -3.913112562620641,
    -4.042499108640674,
    -4.178233294859179,
    4.315423173349299,
    -4.449313719051322,
    4.575076936417224,
    4.687623889162573,
    4.781503914438143,
    -4.850926397965037,
    4.889943958410687,
    -4.892854471244342,
    4.85491041086008,
    -4.7734871362707265,
    -4.650022830281951,
    4.4933964664954615,
    -4.325542146827949,
    -6.213504386605392e-12,
    -7.513848471586976e-12,
    -5.637765946509516e-12,
    -7.776625385026087e-14,
    -1.9225825347605099e-13,
    -5.69687798731511,
    6.4918274779667895,
    -7.35365067698626,
    8.28859168338734,
    9.301022295346897,
    -10.398874002153716,
    -11.593351205686966,
    12.898364729910798,
    14.330588542802438,
    -15.910307842762585
  ],
  "params": {
    "alpha": -40.0,
    "dT": 0.25,
    "dR": 1.0
  },
  "metadata": {
    "shear_max": 4.438358161705249,
    "vel_net": 2.1534229256586086e-12,
    "resolution": {
      "H": 20,
      "M": 49,
      "Nz": 97,
      "Nth": 96
    },
    "timestamp": "2026-02-13T18:30:54.135714"
  }
}