{
  "k": [
    0.1,
    0.10985411419875583,
    0.12067926406393285,
    0.13257113655901093,
    0.14563484775012436,
    0.15998587196060582,
    0.1757510624854792,
    0.193069772888325,
    0.21209508879201905,
    0.2329951810515372,
    0.2559547922699536,
    0.281176869797423,
    0.3088843596477481,
    0.3393221771895328,
    0.372759372031494,
    0.4094915062380424,
    0.44984326689694454,
    0.49417133613238345,
    0.5428675439323859,
    0.5963623316594643,
    0.6551285568595507,
    0.7196856730011519,
    0.7906043210907697,
    0.8685113737513525,
    0.9540954763499939,
    1.0481131341546859,
    1.151395399326447,
    1.2648552168552958,
    1.3894954943731375,
    1.5264179671752334,
    1.6768329368110073,
    1.8420699693267153,
    2.0235896477251565,
    2.2229964825261943,
    2.442053094548651,
    2.6826957952797246,
    2.9470517025518097,
    3.2374575428176433,
    3.5564803062231283,
    3.9069399370546147,
    4.291934260128776,
    4.714866363457392,
    5.17947467923121,
    5.689866029018296,
    6.250551925273969,
    6.866488450042998,
    7.543120063354615,
    8.286427728546842,
    9.102981779915218,
    10.0
  ],
  "gamma_max": [
    -1.0088343124524073,
    -1.0106615901805205,
    -1.012866922022883,
    -1.0155285725363499,
    -1.0187410304191291,
    -1.0226183819793675,
    -1.0272983908996858,
    -1.0329474345285747,
    -1.0397664800611697,
    -1.0479983250147582,
    -1.0579363775943234,
    -1.0699353168640846,
    -1.084424054324805,
    -1.1019215234899622,
    -1.1230559611260302,
    -1.1485885261543252,
    -1.1794423502760631,
    -1.216738460955631,
    -1.2618405169094482,
    -1.3164110421429878,
    -1.3824830048073113,
    -1.4625524781748973,
    -1.5597013766744865,
    -1.6777652449404685,
    -1.8215730043787124,
    -1.9973118607386025,
    -2.2131365959196563,
    -2.48033924231211,
    -2.816144037267233,
    -3.2534843610557487,
    -3.6425755783860727,
    -4.098167135211014,
    -4.651949120778548,
    -5.324050673127539,
    -6.138732458962259,
    -7.12526282161685,
    -8.318976840192608,
    -9.725703582953521,
    -11.43284519847228,
    -13.513219760451335,
    -16.041017682579128,
    -19.105716199985356,
    -22.815413615508533,
    -27.30074646647867,
    -32.71953134014956,
    -39.26231064517438,
    -47.159020339812436,
    -56.68704153993239,
    -68.18094842884939,
    -82.04431991932232
  ],
  "omega_max": [
    1.0586359364564531e-15,
    4.954908910558889e-16,
    7.411013808086717e-16,
    -1.1218484342186687e-16,
    9.160568789285565e-17,
    -3.79946466719403e-16,
    1.2000240419654513e-15,
    1.473885575507772e-17,
    -6.660542033882742e-15,
    6.773831179085237e-16,
    -9.891594912160563e-16,
    1.4249950440374183e-15,
    -1.2646431371612168e-16,
    -8.57764533817027e-16,
    4.715071661428672e-17,
    2.5066768914479206e-16,
    -3.425701239204111e-16,
    4.288373750013133e-15,
    -5.663622563877197e-16,
    6.592977285628446e-16,
    -3.2724380874027093e-15,
    1.0621513811116502e-15,
    1.10533966635191e-15,
    6.5625493431852265e-16,
    3.6838623377125496e-16,
    -1.1072405961673744e-15,
    -8.156764584097714e-16,
    -7.513202318785997e-15,
    -1.3207214053460798e-15,
    2.4678966674720585e-14,
    -0.7966686431204509,
    0.891797242582512,
    0.9928795079195897,
    1.1014191285683361,
    -1.2189217381636852,
    1.3469394082658372,
    -1.4871080696648382,
    1.5882150128325752,
    1.7664644155316684,
    -1.9600232980550751,
    2.172500926482697,
    2.4073607353391804,
    -2.668153180879312,
    2.9587023536788233,
    3.283249889234807,
    3.646561614439906,
    4.054000483980421,
    4.511568492606954,
    5.025924822715338,
    -5.604398463079187
  ],
  "params": {
    "alpha": -15.0,
    "dT": 0.8,
    "dR": 1.0
  },
  "metadata": {
    "shear_max": 1.8506847378321934e-09,
    "vel_net": 0.0,
    "resolution": {
      "H": 25,
      "M": 65,
      "Nz": 129,
      "Nth": 128
    },
    "timestamp": "2026-04-13T10:45:28.910013"
  }
}