{
  "k": [
    0.1,
    0.10985411419875583,
    0.12067926406393285,
    0.13257113655901093,
    0.14563484775012436,
    0.15998587196060582,
    0.1757510624854792,
    0.193069772888325,
    0.21209508879201905,
    0.2329951810515372,
    0.2559547922699536,
    0.281176869797423,
    0.3088843596477481,
    0.3393221771895328,
    0.372759372031494,
    0.4094915062380424,
    0.44984326689694454,
    0.49417133613238345,
    0.5428675439323859,
    0.5963623316594643,
    0.6551285568595507,
    0.7196856730011519,
    0.7906043210907697,
    0.8685113737513525,
    0.9540954763499939,
    1.0481131341546859,
    1.151395399326447,
    1.2648552168552958,
    1.3894954943731375,
    1.5264179671752334,
    1.6768329368110073,
    1.8420699693267153,
    2.0235896477251565,
    2.2229964825261943,
    2.442053094548651,
    2.6826957952797246,
    2.9470517025518097,
    3.2374575428176433,
    3.5564803062231283,
    3.9069399370546147,
    4.291934260128776,
    4.714866363457392,
    5.17947467923121,
    5.689866029018296,
    6.250551925273969,
    6.866488450042998,
    7.543120063354615,
    8.286427728546842,
    9.102981779915218,
    10.0
  ],
  "gamma_max": [
    -0.9713385254477864,
    -0.9643150393893817,
    -0.9572290367114349,
    -0.9501488171533601,
    -0.9431554000308471,
    -0.9363452544015809,
    -0.9298339077991099,
    -0.9237607109921057,
    -0.9182951292406017,
    -0.9136451292193538,
    -0.9100685634680981,
    -0.9078889945861205,
    -0.907518405282552,
    -0.9094911296777018,
    -0.9145171917230228,
    -0.9235718290781177,
    -0.938059383427688,
    -0.9601518678914703,
    -0.9936259783380491,
    -1.0466524937137935,
    -0.9860487164142211,
    -0.9150657684466802,
    -0.8442207289260655,
    -0.7747901165376774,
    -0.7083001744844224,
    -0.6465475717545999,
    -0.5916162889101669,
    -0.5458921344712536,
    -0.5120814668351927,
    -0.4932483247824804,
    -0.4928927723350381,
    -0.5150983860610836,
    -0.5277552656088123,
    -0.4838918135945856,
    -0.4800029154681201,
    -0.5303200151595485,
    -0.6498193282087857,
    -0.8527314650739429,
    -1.1487364218420453,
    -1.5335230660321733,
    -1.9814759481246849,
    -2.4745913503121657,
    -3.034448096108683,
    -3.6995322061617872,
    -4.505651844905724,
    -5.485983853310238,
    -6.674687079327947,
    -8.109823414802916,
    -9.836068591242059,
    -11.907748850052469
  ],
  "omega_max": [
    0.14465532783916943,
    0.14130117704681205,
    0.13771488718805733,
    0.13385553390425362,
    0.1296764502085725,
    0.12512541363348187,
    0.1201449326765459,
    0.11467262471588935,
    0.10864173171239765,
    0.10198186390585502,
    0.0946201253358461,
    0.08648292837976564,
    0.07749904255206216,
    0.0676049021602133,
    0.05675416733585252,
    0.04493555141156717,
    0.03220747881439457,
    0.018768659696731926,
    0.005105880083464307,
    -0.007778490840489014,
    -3.371856930893231,
    -3.486295112960947,
    -3.6082253534052553,
    -3.737918243730026,
    -3.8757323992921306,
    -4.022165545219444,
    -4.177904836857052,
    -4.343863599696348,
    -4.521186594671135,
    -4.711202997252755,
    -4.915307425524173,
    -5.134754408100032,
    -4.869923969224214,
    -5.2074517040297215,
    -5.592831296844759,
    -6.036077656045367,
    -6.549217482514146,
    -7.148216226863344,
    -7.855633706639557,
    -8.699352451991535,
    -9.693459136395095,
    -10.816333630053272,
    -12.04190355460742,
    -13.368925398605459,
    -14.811556637992323,
    -16.388954422026067,
    -18.12171901519797,
    -20.030786272035975,
    -22.13691942419813,
    -24.46072792015235
  ],
  "params": {
    "alpha": -25.0,
    "dT": 0.1111111111111111,
    "dR": 1.0
  },
  "metadata": {
    "shear_max": 3.072150623701115,
    "vel_net": 1.262496881501804,
    "resolution": {
      "H": 25,
      "M": 65,
      "Nz": 129,
      "Nth": 128
    },
    "timestamp": "2026-04-13T15:36:07.894623"
  }
}