{
  "k": [
    0.1,
    0.10985411419875583,
    0.12067926406393285,
    0.13257113655901093,
    0.14563484775012436,
    0.15998587196060582,
    0.1757510624854792,
    0.193069772888325,
    0.21209508879201905,
    0.2329951810515372,
    0.2559547922699536,
    0.281176869797423,
    0.3088843596477481,
    0.3393221771895328,
    0.372759372031494,
    0.4094915062380424,
    0.44984326689694454,
    0.49417133613238345,
    0.5428675439323859,
    0.5963623316594643,
    0.6551285568595507,
    0.7196856730011519,
    0.7906043210907697,
    0.8685113737513525,
    0.9540954763499939,
    1.0481131341546859,
    1.151395399326447,
    1.2648552168552958,
    1.3894954943731375,
    1.5264179671752334,
    1.6768329368110073,
    1.8420699693267153,
    2.0235896477251565,
    2.2229964825261943,
    2.442053094548651,
    2.6826957952797246,
    2.9470517025518097,
    3.2374575428176433,
    3.5564803062231283,
    3.9069399370546147,
    4.291934260128776,
    4.714866363457392,
    5.17947467923121,
    5.689866029018296,
    6.250551925273969,
    6.866488450042998,
    7.543120063354615,
    8.286427728546842,
    9.102981779915218,
    10.0
  ],
  "gamma_max": [
    0.4185214643101955,
    0.4031846158758823,
    0.38464119673436126,
    0.36221283297338014,
    0.33507437275906526,
    0.30222081963534525,
    0.2624261568765667,
    0.21419132068852392,
    0.15567612800295558,
    0.0846024982874945,
    -0.0019098471676526716,
    -0.10772050362945196,
    -0.2389584736486899,
    -0.41208624750642153,
    -0.632495965931558,
    -0.7228724485917986,
    -0.8265980867621477,
    -0.8077617263638164,
    -0.6146885765961362,
    -0.4215988302579725,
    -0.23199525887738798,
    -0.04852857002770959,
    0.12671235108861442,
    0.2917901232000022,
    0.4445256606312039,
    0.5821411167056617,
    0.7008992310899271,
    0.795685131484309,
    0.85948339172333,
    0.882722198148914,
    0.8524923305462818,
    0.7517288430548783,
    0.5586982208858394,
    0.24813627061514684,
    -0.20104128486759415,
    -0.41559408069270143,
    -0.38850860421349237,
    -0.6753935211957285,
    -1.4295459348337511,
    -2.7401445499679755,
    -3.4651077586031036,
    -3.946967427492294,
    -4.7087100445905365,
    -5.809244160652493,
    -7.292571846797505,
    -9.211378209853939,
    -11.633095010662055,
    -14.642909014157107,
    -18.346959098125932,
    -22.87622331866955
  ],
  "omega_max": [
    -7.332744469033904e-13,
    -3.7697383721398883e-13,
    -1.6716161802191743e-11,
    -1.31847613548782e-13,
    9.429040722700092e-13,
    -6.569104406382942e-13,
    1.056144296979723e-13,
    -2.23767905067566e-11,
    7.937213499954737e-13,
    1.7206547356481464e-11,
    6.878488216779032e-13,
    -4.5415984530917473e-13,
    1.7996922649363941e-12,
    5.567179199248808e-13,
    0.1259390633196771,
    0.2014077342832745,
    -0.21581869570656653,
    4.215447303191945,
    -4.308831798503215,
    4.418057603659238,
    4.539546301298752,
    -4.668931999044024,
    -4.801454732490181,
    4.9320886705290805,
    -5.05549955503439,
    5.165947183869107,
    5.257218741366645,
    5.3226556741846105,
    -5.355333777833021,
    5.348470329375337,
    -5.296165645289179,
    5.194669988380104,
    5.044608175577501,
    -4.855206505424875,
    -4.652121147504476,
    7.793814004534778e-12,
    2.1925579873460566e-11,
    1.9633853822502634e-11,
    -1.3013473973531007e-11,
    -4.2371744729564345e-12,
    -6.013558084572821,
    -6.842682723924631,
    7.764046265894492,
    -8.76650037175483,
    -9.849968949265628,
    -11.02280212607304,
    -12.298226446054684,
    13.692835290237783,
    15.2265187430119,
    -16.923693460728348
  ],
  "params": {
    "alpha": -42.0,
    "dT": 0.25,
    "dR": 1.0
  },
  "metadata": {
    "shear_max": 4.892286510748473,
    "vel_net": 1.52433621281034e-13,
    "resolution": {
      "H": 25,
      "M": 65,
      "Nz": 129,
      "Nth": 128
    },
    "timestamp": "2026-04-15T18:33:41.240718"
  }
}