{
  "k": [
    0.1,
    0.10985411419875583,
    0.12067926406393285,
    0.13257113655901093,
    0.14563484775012436,
    0.15998587196060582,
    0.1757510624854792,
    0.193069772888325,
    0.21209508879201905,
    0.2329951810515372,
    0.2559547922699536,
    0.281176869797423,
    0.3088843596477481,
    0.3393221771895328,
    0.372759372031494,
    0.4094915062380424,
    0.44984326689694454,
    0.49417133613238345,
    0.5428675439323859,
    0.5963623316594643,
    0.6551285568595507,
    0.7196856730011519,
    0.7906043210907697,
    0.8685113737513525,
    0.9540954763499939,
    1.0481131341546859,
    1.151395399326447,
    1.2648552168552958,
    1.3894954943731375,
    1.5264179671752334,
    1.6768329368110073,
    1.8420699693267153,
    2.0235896477251565,
    2.2229964825261943,
    2.442053094548651,
    2.6826957952797246,
    2.9470517025518097,
    3.2374575428176433,
    3.5564803062231283,
    3.9069399370546147,
    4.291934260128776,
    4.714866363457392,
    5.17947467923121,
    5.689866029018296,
    6.250551925273969,
    6.866488450042998,
    7.543120063354615,
    8.286427728546842,
    9.102981779915218,
    10.0
  ],
  "gamma_max": [
    0.22152817489181578,
    0.21929289258982332,
    0.2165948428614515,
    0.21333808712998673,
    0.20940673601719414,
    0.20466077270548616,
    0.19893098777673263,
    0.19201283190156135,
    0.1836589445872122,
    0.1735700602895337,
    0.16138391837049626,
    0.14666170512239826,
    0.12887142897494044,
    0.10736745429205104,
    0.08136517792209794,
    0.04990948272433242,
    0.011835079221688376,
    -0.034283984562056384,
    -0.09019975800596976,
    -0.15807740168769993,
    -0.24061535192231046,
    -0.3412208841636146,
    -0.46428925214757427,
    -0.615707842743481,
    -0.8039623415630126,
    -1.0434708340765697,
    -1.374766531574183,
    -1.7708349769950584,
    -2.060945693824583,
    -2.411701699322969,
    -2.835720513314636,
    -3.348233971547662,
    -3.967631532804476,
    -4.716116642973378,
    -5.620499638271404,
    -6.7131560140527595,
    -8.000759002552943,
    -9.519480649470031,
    -11.38693837321425,
    -13.670693429503698,
    -16.4521249595447,
    -19.82964132215405,
    -23.922420281049856,
    -28.874790164708713,
    -34.861413009308905,
    -42.09347283019985,
    -50.82611174575321,
    -61.36739936204473,
    -74.08917129858214,
    -89.44013399704262
  ],
  "omega_max": [
    -1.5985468348377168e-15,
    -3.7899986575011913e-14,
    5.618187050476413e-15,
    1.8397550328672366e-14,
    -2.360495850434841e-14,
    2.0371534899718745e-15,
    -1.2240857473910794e-14,
    5.862793705646014e-15,
    7.681549344048756e-15,
    2.387398026582971e-16,
    7.53560180591451e-15,
    -2.6953888637400838e-14,
    1.960241452903246e-14,
    6.411459417371335e-15,
    3.0512933113004097e-15,
    1.2213130462535011e-15,
    2.658053907906748e-16,
    2.594182097923052e-16,
    -1.6737097547808904e-14,
    4.60673474528388e-14,
    -8.892275931082683e-15,
    -1.2036526728475072e-14,
    6.923411326550016e-14,
    -2.711304662236929e-14,
    3.6149536851046676e-14,
    1.6355329907963376e-15,
    -1.592345517634419e-13,
    0.2159624027539021,
    0.36326428599920024,
    -0.4843240450441537,
    -0.598435876606457,
    0.7121254725049304,
    0.8289162815681453,
    -0.9512726124546994,
    1.081241879892498,
    -1.2207295753301035,
    1.2178874372125754,
    1.349089603851456,
    1.5106611834910468,
    -1.7024967797851267,
    1.9239525077049704,
    2.174745006767715,
    2.455409543295477,
    2.767447703584881,
    3.1133182504120613,
    3.4963753199385232,
    -3.9208069682868074,
    -4.3915941221832355,
    4.914494349913178,
    -5.496051178570459
  ],
  "params": {
    "alpha": -26.0,
    "dT": 0.8888888888888888,
    "dR": 1.0
  },
  "metadata": {
    "shear_max": 4.8202679857955186e-09,
    "vel_net": 1.0339757656912846e-25,
    "resolution": {
      "H": 25,
      "M": 65,
      "Nz": 129,
      "Nth": 128
    },
    "timestamp": "2026-04-13T12:35:51.275588"
  }
}