{
  "k": [
    0.1,
    0.10985411419875583,
    0.12067926406393285,
    0.13257113655901093,
    0.14563484775012436,
    0.15998587196060582,
    0.1757510624854792,
    0.193069772888325,
    0.21209508879201905,
    0.2329951810515372,
    0.2559547922699536,
    0.281176869797423,
    0.3088843596477481,
    0.3393221771895328,
    0.372759372031494,
    0.4094915062380424,
    0.44984326689694454,
    0.49417133613238345,
    0.5428675439323859,
    0.5963623316594643,
    0.6551285568595507,
    0.7196856730011519,
    0.7906043210907697,
    0.8685113737513525,
    0.9540954763499939,
    1.0481131341546859,
    1.151395399326447,
    1.2648552168552958,
    1.3894954943731375,
    1.5264179671752334,
    1.6768329368110073,
    1.8420699693267153,
    2.0235896477251565,
    2.2229964825261943,
    2.442053094548651,
    2.6826957952797246,
    2.9470517025518097,
    3.2374575428176433,
    3.5564803062231283,
    3.9069399370546147,
    4.291934260128776,
    4.714866363457392,
    5.17947467923121,
    5.689866029018296,
    6.250551925273969,
    6.866488450042998,
    7.543120063354615,
    8.286427728546842,
    9.102981779915218,
    10.0
  ],
  "gamma_max": [
    0.06678076074003203,
    0.05270049155089354,
    0.03572144858916198,
    0.015248728518205312,
    -0.009435084880610047,
    -0.03919698340351712,
    -0.07508970683081774,
    -0.11840486335144859,
    -0.17076360894173956,
    -0.23430750185456575,
    -0.31222242554826596,
    -0.4108368517238479,
    -0.5639348345073927,
    -0.6614831020543953,
    -0.7237970963861845,
    -0.7956441905057542,
    -0.8781558854125233,
    -0.900426626613949,
    -0.8308093156910439,
    -0.6684605251719697,
    -0.46339760970437033,
    -0.2577087568587208,
    -0.05434541373587016,
    0.14373250305665036,
    0.33333909474961426,
    0.5107170110312468,
    0.6710574668191777,
    0.8078478016824047,
    0.911980013080153,
    0.9705253507514754,
    0.9650356379940197,
    0.8691559822766807,
    0.6454123090344427,
    0.2433155030144793,
    0.04752733929227132,
    0.6338197457221324,
    1.005039645408294,
    0.876109355408911,
    0.05527006944968644,
    -1.8236451444475035,
    -2.9095896212406975,
    -2.9054242755935475,
    -3.3642728363967658,
    -4.2656523554418415,
    -5.613342978767093,
    -7.446890730328463,
    -9.831681424064843,
    -12.855561085408374,
    -16.629193477375228,
    -21.28810853047718
  ],
  "omega_max": [
    -1.9997233295705826e-13,
    1.2455979973762955e-12,
    -1.2363744497705685e-12,
    -9.329663918563917e-13,
    -2.1575908375614973e-12,
    8.628396813844594e-13,
    1.3115745814813782e-12,
    -8.912173195954978e-13,
    1.2629725153221636e-13,
    -5.370982558258931e-13,
    -2.2129178362600157e-12,
    -2.7444867593616266e-12,
    4.206408552471299e-12,
    -0.12801953325874926,
    -0.17150918573207635,
    0.18317568047554725,
    -0.15528280614612036,
    2.1609495352986827e-12,
    -1.4713159051472604e-13,
    5.7090753529369485,
    5.823999237220356,
    -5.947475320077659,
    -6.0754420625911765,
    6.202800219168738,
    -6.323457629082328,
    6.430330686385938,
    6.515336260768889,
    6.569432174257508,
    6.582784127607413,
    -6.545164823171886,
    6.446756820473826,
    -6.27975573657701,
    -6.042051123937506,
    5.747444384804413,
    4.7298638789623196e-12,
    1.901757093224102e-12,
    1.3712852207103558e-12,
    -7.018267111568207e-12,
    -3.216081130039407e-12,
    7.685457784943556e-12,
    6.70134175014285,
    -7.659198126437969,
    -8.796479900216655,
    10.010707793020735,
    11.293520541004867,
    -12.658326115947407,
    14.126522023132054,
    -15.725563517184252,
    17.489981680100243,
    19.464850218642365
  ],
  "params": {
    "alpha": -48.0,
    "dT": 0.25,
    "dR": 1.0
  },
  "metadata": {
    "shear_max": 6.101730159445689,
    "vel_net": 3.9745984281580604e-14,
    "resolution": {
      "H": 25,
      "M": 65,
      "Nz": 129,
      "Nth": 128
    },
    "timestamp": "2026-04-15T23:32:15.674160"
  }
}