{
  "k": [
    0.1,
    0.10985411419875583,
    0.12067926406393285,
    0.13257113655901093,
    0.14563484775012436,
    0.15998587196060582,
    0.1757510624854792,
    0.193069772888325,
    0.21209508879201905,
    0.2329951810515372,
    0.2559547922699536,
    0.281176869797423,
    0.3088843596477481,
    0.3393221771895328,
    0.372759372031494,
    0.4094915062380424,
    0.44984326689694454,
    0.49417133613238345,
    0.5428675439323859,
    0.5963623316594643,
    0.6551285568595507,
    0.7196856730011519,
    0.7906043210907697,
    0.8685113737513525,
    0.9540954763499939,
    1.0481131341546859,
    1.151395399326447,
    1.2648552168552958,
    1.3894954943731375,
    1.5264179671752334,
    1.6768329368110073,
    1.8420699693267153,
    2.0235896477251565,
    2.2229964825261943,
    2.442053094548651,
    2.6826957952797246,
    2.9470517025518097,
    3.2374575428176433,
    3.5564803062231283,
    3.9069399370546147,
    4.291934260128776,
    4.714866363457392,
    5.17947467923121,
    5.689866029018296,
    6.250551925273969,
    6.866488450042998,
    7.543120063354615,
    8.286427728546842,
    9.102981779915218,
    10.0
  ],
  "gamma_max": [
    -2.1175485035112365,
    -2.119926868778373,
    -2.122793578841919,
    -2.126248042625286,
    -2.1304095155092604,
    -2.135420887407853,
    -2.141453115261574,
    -2.1487103750371324,
    -2.157436002543769,
    -2.16791927604911,
    -2.180503068470115,
    -2.195592368836749,
    -2.2136636351627788,
    -2.1663697747816,
    -2.0818275957003123,
    -1.9928261675412449,
    -1.8998357667193944,
    -1.8035607436021015,
    -1.704989997005453,
    -1.6054526651225125,
    -1.5066785115045087,
    -1.410862356168218,
    -1.320731805064404,
    -1.2396174552519037,
    -1.1715247548246766,
    -1.121207071614432,
    -1.0942410112093168,
    -1.0971089428667609,
    -1.1373018847707113,
    -1.223469928959842,
    -1.235458656252465,
    -0.9460403547560426,
    -0.7135913051353916,
    -0.5748967807164415,
    -0.5733246354202075,
    -0.7569308583050219,
    -1.1773650243547646,
    -1.8895740657163425,
    -2.95257782569289,
    -4.43152047108597,
    -6.400903748474474,
    -8.948646956109119,
    -12.180389619166574,
    -16.222877239869543,
    -21.223649482762077,
    -27.342977333994266,
    -34.74685096588374,
    -43.61699728126153,
    -53.97454622283138,
    -65.92104432791331
  ],
  "omega_max": [
    0.1637485483608221,
    0.17996709494406274,
    0.19781090353114975,
    0.21744904362215875,
    0.2390702005344718,
    0.2628855997673731,
    0.28913255236631324,
    0.3180787967640337,
    0.3500278623160761,
    0.38532574612823045,
    0.42436927094984384,
    0.46761657723623706,
    0.5156002772638807,
    6.545390745900442,
    6.647324135497616,
    6.759663273590564,
    6.883296163631049,
    7.019122150482955,
    7.168036043248917,
    7.330913033057696,
    7.508598005367777,
    7.7019040339613545,
    7.911625462276989,
    8.138570330976155,
    8.383614117310696,
    8.64777100566711,
    8.932269810139768,
    9.238609875850461,
    9.5685600441016,
    9.924055522434667,
    8.611013103007643,
    8.977165557852729,
    9.4062499953011,
    9.908971837436633,
    10.494016292171148,
    11.168912946026788,
    11.94092143305943,
    12.817736056291197,
    13.808187332303751,
    14.923105899799802,
    16.17651655826379,
    17.587450443016838,
    19.182895340217893,
    21.002640863052925,
    23.106150461210003,
    25.576747180560375,
    28.512276362653836,
    32.04209421143482,
    36.3160811899346,
    41.018334413566805
  ],
  "params": {
    "alpha": -45.0,
    "dT": 0.6666666666666666,
    "dR": 1.0
  },
  "metadata": {
    "shear_max": 6.231827607841887,
    "vel_net": 2.629322857792724,
    "resolution": {
      "H": 25,
      "M": 65,
      "Nz": 129,
      "Nth": 128
    },
    "timestamp": "2026-04-14T01:21:54.987586"
  }
}