{
  "k": [
    0.1,
    0.10985411419875583,
    0.12067926406393285,
    0.13257113655901093,
    0.14563484775012436,
    0.15998587196060582,
    0.1757510624854792,
    0.193069772888325,
    0.21209508879201905,
    0.2329951810515372,
    0.2559547922699536,
    0.281176869797423,
    0.3088843596477481,
    0.3393221771895328,
    0.372759372031494,
    0.4094915062380424,
    0.44984326689694454,
    0.49417133613238345,
    0.5428675439323859,
    0.5963623316594643,
    0.6551285568595507,
    0.7196856730011519,
    0.7906043210907697,
    0.8685113737513525,
    0.9540954763499939,
    1.0481131341546859,
    1.151395399326447,
    1.2648552168552958,
    1.3894954943731375,
    1.5264179671752334,
    1.6768329368110073,
    1.8420699693267153,
    2.0235896477251565,
    2.2229964825261943,
    2.442053094548651,
    2.6826957952797246,
    2.9470517025518097,
    3.2374575428176433,
    3.5564803062231283,
    3.9069399370546147,
    4.291934260128776,
    4.714866363457392,
    5.17947467923121,
    5.689866029018296,
    6.250551925273969,
    6.866488450042998,
    7.543120063354615,
    8.286427728546842,
    9.102981779915218,
    10.0
  ],
  "gamma_max": [
    -0.23255648315706598,
    -0.23441211698591546,
    -0.23665328118421833,
    -0.23936056064532013,
    -0.24263162761825058,
    -0.24658499254276284,
    -0.25136464923653007,
    -0.25714587021847285,
    -0.2641425073472414,
    -0.27261630867723224,
    -0.2828890151567098,
    -0.29535843345850177,
    -0.3105204594897119,
    -0.329000515763372,
    -0.3516009179683337,
    -0.3793775027798381,
    -0.4137758236976176,
    -0.45690614660886353,
    -0.5122106613665303,
    -0.5866534472734027,
    -0.7055526826882188,
    -0.8317952678093914,
    -0.8746586539901963,
    -0.9257064808734391,
    -0.986456709322582,
    -1.0587189014749292,
    -1.144660528629421,
    -1.2468900560524225,
    -1.3685596937203377,
    -1.513490791755508,
    -1.6863252629953445,
    -1.8927073182674858,
    -2.139501194571175,
    -2.4350522039174165,
    -2.7895000130049343,
    -3.175560823438463,
    -3.6348801256437393,
    -4.2081335089102545,
    -4.916952401499952,
    -5.787046481780532,
    -6.849302077027704,
    -8.141047348034641,
    -9.70749984090667,
    -11.603433264618767,
    -13.895121490478452,
    -16.66263752759707,
    -20.002604751951463,
    -24.031518079465037,
    -28.88977434343047,
    -34.74657315452826
  ],
  "omega_max": [
    2.081662820190951e-15,
    6.139770177724358e-16,
    -4.109139694368332e-15,
    4.47624531342684e-15,
    -1.203203621655896e-15,
    -9.361372549740378e-16,
    -3.238947485596869e-15,
    -3.7410576405371746e-15,
    -9.160094800766081e-15,
    8.808830073203616e-15,
    -9.920636466793183e-15,
    4.7469068693334956e-15,
    -6.029101358597585e-15,
    6.990420999567241e-15,
    -9.865082336423406e-15,
    1.967408738687598e-14,
    -6.4619097550225884e-15,
    -1.337599899665495e-14,
    1.0591349742270596e-14,
    3.7208619836891045e-14,
    -7.961973866152667e-14,
    -0.1425701017315078,
    -0.23283317236380652,
    0.3074035169757405,
    0.3773151510155733,
    -0.4463635289364666,
    -0.5165583307694777,
    0.5892594581810032,
    0.6655582536157111,
    0.7464404709889471,
    -0.8328668437287242,
    0.9258165751310973,
    1.0263126055861236,
    -1.135438704766456,
    -1.2543552098443453,
    -1.2942577953888192,
    1.4273412377532113,
    -1.5778731960837633,
    -1.7478590830103284,
    -1.9390444139322833,
    -2.1531709780793484,
    -2.39219910618555,
    2.658476513903079,
    -2.9548596657007735,
    -3.2848017987020612,
    -3.6524184698527953,
    -4.062535156382464,
    4.520718021824272,
    5.0332909641467065,
    -5.607349138701258
  ],
  "params": {
    "alpha": -19.0,
    "dT": 0.3333333333333333,
    "dR": 1.0
  },
  "metadata": {
    "shear_max": 4.040018392557132e-09,
    "vel_net": 0.0,
    "resolution": {
      "H": 25,
      "M": 65,
      "Nz": 129,
      "Nth": 128
    },
    "timestamp": "2026-04-13T11:39:06.126879"
  }
}