{
  "k": [
    0.1,
    0.10985411419875583,
    0.12067926406393285,
    0.13257113655901093,
    0.14563484775012436,
    0.15998587196060582,
    0.1757510624854792,
    0.193069772888325,
    0.21209508879201905,
    0.2329951810515372,
    0.2559547922699536,
    0.281176869797423,
    0.3088843596477481,
    0.3393221771895328,
    0.372759372031494,
    0.4094915062380424,
    0.44984326689694454,
    0.49417133613238345,
    0.5428675439323859,
    0.5963623316594643,
    0.6551285568595507,
    0.7196856730011519,
    0.7906043210907697,
    0.8685113737513525,
    0.9540954763499939,
    1.0481131341546859,
    1.151395399326447,
    1.2648552168552958,
    1.3894954943731375,
    1.5264179671752334,
    1.6768329368110073,
    1.8420699693267153,
    2.0235896477251565,
    2.2229964825261943,
    2.442053094548651,
    2.6826957952797246,
    2.9470517025518097,
    3.2374575428176433,
    3.5564803062231283,
    3.9069399370546147,
    4.291934260128776,
    4.714866363457392,
    5.17947467923121,
    5.689866029018296,
    6.250551925273969,
    6.866488450042998,
    7.543120063354615,
    8.286427728546842,
    9.102981779915218,
    10.0
  ],
  "gamma_max": [
    1.562650684875869,
    1.5604209831675444,
    1.5577314812830843,
    1.554487674673385,
    1.5505757741593815,
    1.5458588313629034,
    1.540172111370413,
    1.5333175769617862,
    1.5250573274158972,
    1.5151058126461516,
    1.5031206181691659,
    1.4886915882725815,
    1.4713280232578294,
    1.45044364777082,
    1.4253389954168927,
    1.3951807818060964,
    1.3589777244742627,
    1.3155520887716985,
    1.2635059551022474,
    1.2011807588977692,
    1.1266079880800244,
    1.0374479511788828,
    0.9309121687499834,
    0.8036630820682843,
    0.6516822185918083,
    0.4700942360141251,
    0.2529281445052164,
    -0.007214822805628814,
    -0.3196438519606244,
    -0.6963378063658842,
    -1.153316858974047,
    -1.7137690378462278,
    -2.4187769630654667,
    -3.4749501861604357,
    -4.3214025593931575,
    -5.248607111926703,
    -6.271073237644281,
    -7.542603545149937,
    -9.110785866537594,
    -11.032465932795763,
    -13.376096135073917,
    -16.224483712866206,
    -19.677979730478683,
    -23.85820067340543,
    -28.91241930262599,
    -35.0187982159598,
    -42.3926723028086,
    -51.294120879447576,
    -62.037112055048404,
    -75.00055419595961
  ],
  "omega_max": [
    -9.034934867711834e-13,
    -3.3735131051995233e-13,
    -1.8907114567421026e-14,
    -2.5299473351078934e-13,
    3.061754362897775e-13,
    -1.488026705312109e-13,
    -1.5958499510852952e-13,
    -1.2590971947936722e-13,
    1.5765753617754204e-13,
    8.531304213064992e-14,
    2.376865927999365e-13,
    9.218940628939036e-14,
    1.1332082604505583e-13,
    4.4246317951822916e-13,
    -7.083025750422166e-14,
    -3.8148247663931124e-14,
    2.9107826184951566e-13,
    -7.423255153282864e-15,
    -1.6360018090809823e-13,
    -1.4657130044857395e-13,
    -2.939342097033554e-15,
    -1.740601223476448e-14,
    1.058640519170392e-13,
    3.689875059527769e-14,
    6.951260267961119e-14,
    7.33920598618712e-14,
    5.368270838533058e-15,
    1.2711908132564654e-16,
    -7.337681792067254e-14,
    7.139051637788416e-15,
    6.475694516997955e-14,
    7.97214980482589e-14,
    -9.688536969056383e-15,
    8.75887167536408e-13,
    -0.5235179286367788,
    0.4581552715640717,
    0.5887961420345529,
    0.7740159481644068,
    0.9969964977958757,
    1.2486347685135342,
    -1.5248109547282729,
    1.8243456069758288,
    2.1479419093843015,
    2.497623633231377,
    -2.87641481505824,
    3.288155348509651,
    -3.7374045621204104,
    4.229405354653473,
    4.770089886063818,
    -5.366114194023552
  ],
  "params": {
    "alpha": -30.0,
    "dT": 0.75,
    "dR": 1.0
  },
  "metadata": {
    "shear_max": 7.681790608874278e-09,
    "vel_net": 3.6126780580856654e-15,
    "resolution": {
      "H": 25,
      "M": 65,
      "Nz": 129,
      "Nth": 128
    },
    "timestamp": "2026-04-13T13:34:04.375367"
  }
}