{
  "k": [
    0.1,
    0.10985411419875583,
    0.12067926406393285,
    0.13257113655901093,
    0.14563484775012436,
    0.15998587196060582,
    0.1757510624854792,
    0.193069772888325,
    0.21209508879201905,
    0.2329951810515372,
    0.2559547922699536,
    0.281176869797423,
    0.3088843596477481,
    0.3393221771895328,
    0.372759372031494,
    0.4094915062380424,
    0.44984326689694454,
    0.49417133613238345,
    0.5428675439323859,
    0.5963623316594643,
    0.6551285568595507,
    0.7196856730011519,
    0.7906043210907697,
    0.8685113737513525,
    0.9540954763499939,
    1.0481131341546859,
    1.151395399326447,
    1.2648552168552958,
    1.3894954943731375,
    1.5264179671752334,
    1.6768329368110073,
    1.8420699693267153,
    2.0235896477251565,
    2.2229964825261943,
    2.442053094548651,
    2.6826957952797246,
    2.9470517025518097,
    3.2374575428176433,
    3.5564803062231283,
    3.9069399370546147,
    4.291934260128776,
    4.714866363457392,
    5.17947467923121,
    5.689866029018296,
    6.250551925273969,
    6.866488450042998,
    7.543120063354615,
    8.286427728546842,
    9.102981779915218,
    10.0
  ],
  "gamma_max": [
    -1.0058273114532934,
    -1.0070335820385874,
    -1.008489858046099,
    -1.0102480919483345,
    -1.0123710942544784,
    -1.0149348305632366,
    -1.018031216796102,
    -1.0217715259412425,
    -1.026290547640814,
    -1.031751677789624,
    -1.0383531615605242,
    -1.046335773563702,
    -1.0559922984351273,
    -1.06767928187475,
    -1.081831668185176,
    -1.0989811453607659,
    -1.119779315902464,
    -1.145027259078772,
    -1.1757137551563464,
    -1.2130656088257532,
    -1.258615549868632,
    -1.3142969870070793,
    -1.3825824881226647,
    -1.4666994605115233,
    -1.5709971034679482,
    -1.7016540601821732,
    -1.8683215467663081,
    -2.0855211494102677,
    -2.250310827449283,
    -2.4499745860242683,
    -2.6917218782995214,
    -2.9842346641095303,
    -3.337977850093373,
    -3.7655777898718066,
    -4.282282572996343,
    -4.8835242045598815,
    -5.591686910239984,
    -6.465363108911588,
    -7.537172825006099,
    -8.845880910346768,
    -10.43797808885955,
    -12.369522092278356,
    -14.708265370820595,
    -17.536129616477616,
    -20.952115362679116,
    -25.075759959897514,
    -30.051283437240663,
    -36.05259218350257,
    -43.28934490880185,
    -52.01432040843394
  ],
  "omega_max": [
    -1.472525538978752e-15,
    -6.925385170228294e-16,
    4.635373005116342e-16,
    -1.0212753116180612e-15,
    -6.6785738334113265e-16,
    -3.535543437989077e-16,
    -1.18078009055566e-15,
    5.536385261112996e-16,
    3.431949088267702e-16,
    3.344097651053277e-16,
    -3.4587336827693734e-16,
    -6.383403571658125e-16,
    -1.1744064245950713e-15,
    2.991602269687946e-15,
    9.929360478513184e-18,
    9.709811645604014e-16,
    -1.4692123835691935e-15,
    -6.733915713872948e-16,
    7.854338321129422e-16,
    -8.168622285896739e-17,
    -3.5174376797256075e-16,
    6.712206340959263e-16,
    7.427803014461557e-16,
    -2.388319883489302e-16,
    -4.3841053438325926e-15,
    -1.2216206772864842e-14,
    8.525819921883782e-15,
    -0.6088742983595903,
    -0.6786093556235931,
    0.7535775775005017,
    -0.834613233369972,
    -0.9226070780531027,
    -1.018517100965015,
    1.1233788363093566,
    -1.2383181078791201,
    -1.293264700149342,
    -1.4422241460334932,
    -1.602197440263051,
    -1.7764476774577127,
    1.9679718819979373,
    -2.1796577546835025,
    -2.4144600240091,
    2.6755656905007963,
    2.9665356752600083,
    -3.2914214597696994,
    -3.6548575380245567,
    -4.0621282092641255,
    -4.519206360764371,
    5.0327672281576765,
    -5.610192633034415
  ],
  "params": {
    "alpha": -15.0,
    "dT": 0.5,
    "dR": 1.0
  },
  "metadata": {
    "shear_max": 1.6664441794825343e-09,
    "vel_net": 1.8510662246956259e-25,
    "resolution": {
      "H": 20,
      "M": 49,
      "Nz": 97,
      "Nth": 96
    },
    "timestamp": "2026-02-14T04:49:04.481924"
  }
}