{
  "k": [
    0.1,
    0.10985411419875583,
    0.12067926406393285,
    0.13257113655901093,
    0.14563484775012436,
    0.15998587196060582,
    0.1757510624854792,
    0.193069772888325,
    0.21209508879201905,
    0.2329951810515372,
    0.2559547922699536,
    0.281176869797423,
    0.3088843596477481,
    0.3393221771895328,
    0.372759372031494,
    0.4094915062380424,
    0.44984326689694454,
    0.49417133613238345,
    0.5428675439323859,
    0.5963623316594643,
    0.6551285568595507,
    0.7196856730011519,
    0.7906043210907697,
    0.8685113737513525,
    0.9540954763499939,
    1.0481131341546859,
    1.151395399326447,
    1.2648552168552958,
    1.3894954943731375,
    1.5264179671752334,
    1.6768329368110073,
    1.8420699693267153,
    2.0235896477251565,
    2.2229964825261943,
    2.442053094548651,
    2.6826957952797246,
    2.9470517025518097,
    3.2374575428176433,
    3.5564803062231283,
    3.9069399370546147,
    4.291934260128776,
    4.714866363457392,
    5.17947467923121,
    5.689866029018296,
    6.250551925273969,
    6.866488450042998,
    7.543120063354615,
    8.286427728546842,
    9.102981779915218,
    10.0
  ],
  "gamma_max": [
    1.4364000216810833,
    1.4254636554703863,
    1.4121767046232756,
    1.3960092915069557,
    1.3762993602918725,
    1.352212772520881,
    1.3226873519886782,
    1.2863519548619124,
    1.2414049703429557,
    1.1854235307545087,
    1.1150471651712814,
    1.025417306532007,
    0.9090999113687733,
    0.7537961648954383,
    0.5368716955997933,
    0.21102724700819023,
    -0.3382701841297609,
    -0.1343457955400476,
    0.0657465625708677,
    0.21951230058434257,
    0.3465268464395709,
    0.4558318280093758,
    0.5511798420292949,
    0.6336638439757385,
    0.702779484385167,
    0.7568424962609748,
    0.7931078489704957,
    0.8077194085860044,
    0.7955406418951682,
    0.7498930532254614,
    0.6622337194204458,
    0.5218360867379546,
    0.3156343871950991,
    0.028697117671552093,
    -0.35331197648188745,
    -0.8371362196007062,
    -1.340181497510248,
    -1.63586954725895,
    -2.164576640104754,
    -2.957061867937433,
    -4.044080531968637,
    -5.187690806130272,
    -6.199392276718915,
    -7.475806706753882,
    -9.073070210329117,
    -11.05300505912376,
    -13.48832127671152,
    -16.466524568383278,
    -20.09366934040392,
    -24.498483818328406
  ],
  "omega_max": [
    -8.642811379796245e-13,
    1.7666836020513106e-13,
    -1.4882059031030271e-13,
    5.55552339657522e-14,
    1.0051409263651633e-12,
    7.528447400038494e-15,
    1.0017885653363756e-12,
    -4.341206707615525e-13,
    -2.507007029925336e-14,
    -1.5940839170935854e-12,
    -7.612526382545795e-13,
    5.068920197649391e-13,
    -1.2449431515524027e-12,
    7.525899490028768e-13,
    -2.594715375481018e-12,
    2.3876292913002006e-12,
    4.28103258947148e-11,
    -1.7453551259293532,
    1.9213461916681247,
    -2.1017793530896722,
    2.2752752477502427,
    -2.439933319952846,
    2.594953829348782,
    -2.7391959494787486,
    2.8709442660766036,
    2.987921329607521,
    -3.0873794158359478,
    -3.166258103336193,
    -3.221433672434132,
    3.2501043060753636,
    -3.2503737830752786,
    3.2221332345959204,
    -3.168430857966914,
    3.0976964722010574,
    3.027170867741815,
    -2.985773609275596,
    -3.948224195877215e-13,
    -1.963329484967003e-13,
    6.963555349507507e-13,
    5.181289265278771e-13,
    -4.811364434747587e-12,
    5.151839275170779,
    -5.823895528852623,
    -6.544726561092974,
    7.323896304472997,
    -8.169065524004603,
    -9.088386786647986,
    10.091099045936835,
    11.187701290439888,
    -12.390105267886874
  ],
  "params": {
    "alpha": -34.0,
    "dT": 0.25,
    "dR": 1.0
  },
  "metadata": {
    "shear_max": 2.9166481385114573,
    "vel_net": 5.373579137213369e-09,
    "resolution": {
      "H": 25,
      "M": 65,
      "Nz": 129,
      "Nth": 128
    },
    "timestamp": "2026-04-14T10:54:31.359880"
  }
}