{
  "k": [
    0.1,
    0.10985411419875583,
    0.12067926406393285,
    0.13257113655901093,
    0.14563484775012436,
    0.15998587196060582,
    0.1757510624854792,
    0.193069772888325,
    0.21209508879201905,
    0.2329951810515372,
    0.2559547922699536,
    0.281176869797423,
    0.3088843596477481,
    0.3393221771895328,
    0.372759372031494,
    0.4094915062380424,
    0.44984326689694454,
    0.49417133613238345,
    0.5428675439323859,
    0.5963623316594643,
    0.6551285568595507,
    0.7196856730011519,
    0.7906043210907697,
    0.8685113737513525,
    0.9540954763499939,
    1.0481131341546859,
    1.151395399326447,
    1.2648552168552958,
    1.3894954943731375,
    1.5264179671752334,
    1.6768329368110073,
    1.8420699693267153,
    2.0235896477251565,
    2.2229964825261943,
    2.442053094548651,
    2.6826957952797246,
    2.9470517025518097,
    3.2374575428176433,
    3.5564803062231283,
    3.9069399370546147,
    4.291934260128776,
    4.714866363457392,
    5.17947467923121,
    5.689866029018296,
    6.250551925273969,
    6.866488450042998,
    7.543120063354615,
    8.286427728546842,
    9.102981779915218,
    10.0
  ],
  "gamma_max": [
    -0.10827497582445814,
    -0.1180846339699397,
    -0.12990440728031788,
    -0.14414422639985308,
    -0.16129885462213675,
    -0.1819685077018156,
    -0.2068892423118028,
    -0.23698456295273315,
    -0.27347210930246885,
    -0.3181488414827312,
    -0.3745010976817777,
    -0.4594624834925762,
    -0.5193199467257414,
    -0.5561282302371858,
    -0.5991339803166875,
    -0.649170078466773,
    -0.6062226661795457,
    -0.5849235384132478,
    -0.5715549646467528,
    -0.5606010457663391,
    -0.550671313863694,
    -0.5402021145894134,
    -0.3411656881416565,
    -0.1422007674389931,
    0.05340652757085515,
    0.24167770559956225,
    0.4174821250402431,
    0.5738153276883877,
    0.7007234513754249,
    0.7837307732094024,
    0.8015490227662125,
    0.7228383759161628,
    0.5029979813707187,
    0.27190339133416813,
    1.0412070182518536,
    1.8818858099995,
    2.418215413464628,
    2.4847117254099915,
    1.9643083665335153,
    0.618724486465814,
    -1.838484821585694,
    -1.4135763426842045,
    -1.3376568387636198,
    -1.680059934953736,
    -2.4141679875802295,
    -3.549367086784339,
    -5.125127573786781,
    -7.203523738592081,
    -9.864345621720233,
    -13.191160846168122
  ],
  "omega_max": [
    -1.1897748234528376e-13,
    -2.1776336119235902e-13,
    1.5907438325982314e-13,
    -1.2174811474246405e-13,
    -8.740920485117042e-14,
    6.433937716707989e-14,
    2.0135823619247002e-13,
    2.69219689895019e-14,
    2.091913535580197e-12,
    -2.7923536075756888e-12,
    -1.8832110952799372e-12,
    2.860229496157814e-12,
    -0.07013434598142314,
    -0.09281183297348973,
    0.09382458805773597,
    -0.05877397812136242,
    -4.427127770573616e-15,
    -2.717654187526478e-13,
    2.639700820989283e-15,
    -5.727565365430265e-13,
    2.8035288611893863e-13,
    6.33289168513082,
    -6.442037118244748,
    6.550693532221779,
    6.653372444294032,
    -6.743243046861725,
    6.812115599366551,
    6.850479159293702,
    6.8476558909913,
    -6.792185513102957,
    -6.672679675337991,
    6.479854009571892,
    -6.212397186851549,
    3.9040096489852984e-11,
    2.7435301755520508e-11,
    5.013843937314445e-12,
    1.0113012280545943e-11,
    -1.1542750947463218e-10,
    8.210576537977341e-11,
    -8.738449410926445e-11,
    -7.516470614808115,
    8.282122778571361,
    9.4065937765684,
    -10.681393634105902,
    12.04940536621982,
    -13.513126597328325,
    -15.094545144548038,
    -16.829485646390232,
    18.772978875908596,
    -21.01167490539057
  ],
  "params": {
    "alpha": -47.0,
    "dT": 0.16666666666666666,
    "dR": 1.0
  },
  "metadata": {
    "shear_max": 6.437692760543092,
    "vel_net": 9.325873406851315e-15,
    "resolution": {
      "H": 25,
      "M": 65,
      "Nz": 129,
      "Nth": 128
    },
    "timestamp": "2026-04-16T02:05:52.900995"
  }
}