{
  "k": [
    0.1,
    0.10985411419875583,
    0.12067926406393285,
    0.13257113655901093,
    0.14563484775012436,
    0.15998587196060582,
    0.1757510624854792,
    0.193069772888325,
    0.21209508879201905,
    0.2329951810515372,
    0.2559547922699536,
    0.281176869797423,
    0.3088843596477481,
    0.3393221771895328,
    0.372759372031494,
    0.4094915062380424,
    0.44984326689694454,
    0.49417133613238345,
    0.5428675439323859,
    0.5963623316594643,
    0.6551285568595507,
    0.7196856730011519,
    0.7906043210907697,
    0.8685113737513525,
    0.9540954763499939,
    1.0481131341546859,
    1.151395399326447,
    1.2648552168552958,
    1.3894954943731375,
    1.5264179671752334,
    1.6768329368110073,
    1.8420699693267153,
    2.0235896477251565,
    2.2229964825261943,
    2.442053094548651,
    2.6826957952797246,
    2.9470517025518097,
    3.2374575428176433,
    3.5564803062231283,
    3.9069399370546147,
    4.291934260128776,
    4.714866363457392,
    5.17947467923121,
    5.689866029018296,
    6.250551925273969,
    6.866488450042998,
    7.543120063354615,
    8.286427728546842,
    9.102981779915218,
    10.0
  ],
  "gamma_max": [
    -0.07352638681788792,
    -0.0838893316002462,
    -0.09638015795065602,
    -0.11143452381809218,
    -0.1295787611938034,
    -0.1514518674394762,
    -0.17783754630978493,
    -0.2097176171811084,
    -0.24837958992432047,
    -0.2956942125677696,
    -0.35513327845677384,
    -0.44009767794434346,
    -0.5175838066205161,
    -0.5564417777707793,
    -0.6018024678481513,
    -0.654511684816305,
    -0.6346748249601138,
    -0.6032627729087198,
    -0.5864077375550777,
    -0.5731849858600678,
    -0.5613366736862193,
    -0.450433674582886,
    -0.2631447219148631,
    -0.07773404043445509,
    0.10265890494440069,
    0.2743306174423293,
    0.43260862256259586,
    0.5712530272706985,
    0.6816129880478685,
    0.7514701769884329,
    0.7635006095689695,
    0.6933957138644556,
    0.5085386778753653,
    0.17315681230492685,
    0.5368245236663336,
    1.1066605942927135,
    1.4781444485525774,
    1.434421478743443,
    0.8253014780917727,
    -0.6103569059379058,
    -1.9289783872724942,
    -1.7752620136552004,
    -1.9091259280728323,
    -2.385722433809797,
    -3.2110854079578512,
    -4.407618021687063,
    -6.017126689337954,
    -8.098132158703036,
    -10.722916497648205,
    -13.969217155212315
  ],
  "omega_max": [
    -1.2485610537978856e-13,
    -2.440953209196493e-13,
    -1.92104414575529e-13,
    5.954963491755785e-13,
    -7.956970159437744e-14,
    -2.1221147853307754e-14,
    5.282122140496119e-13,
    2.467543502069084e-13,
    4.1611196215908426e-14,
    4.584392885403198e-13,
    1.674908575571874e-13,
    -8.935608446558928e-13,
    -0.07289910149928601,
    -0.10224086540013928,
    -0.10871902786245888,
    -0.08467875392543929,
    2.88348709468948e-14,
    -1.3247034473858574e-14,
    -3.525352499666699e-15,
    -8.977472475967405e-15,
    -1.512235802400823e-15,
    5.751988367769826,
    -5.858455272896058,
    -5.96470272817807,
    6.06553752050621,
    6.154665791985553,
    -6.2247125630362055,
    6.267290904946201,
    6.273184722012813,
    -6.232748083793976,
    -6.136708643032246,
    -5.977847566655568,
    -5.755134379204225,
    -5.485756303281401,
    -1.1369494519084867e-11,
    1.0214655346392003e-11,
    -6.943863891966911e-13,
    -5.421238652696551e-12,
    9.727012705361453e-12,
    -1.0356815603721674e-11,
    7.10718292208439,
    -7.90666237165094,
    8.936592730954423,
    -10.096999607073986,
    11.3560481351713,
    12.71766803871661,
    14.201330291387174,
    15.837849472342489,
    17.67159873878541,
    -19.765467398285352
  ],
  "params": {
    "alpha": -44.0,
    "dT": 0.16666666666666666,
    "dR": 1.0
  },
  "metadata": {
    "shear_max": 5.872178808040889,
    "vel_net": 1.8096635301390052e-14,
    "resolution": {
      "H": 25,
      "M": 65,
      "Nz": 129,
      "Nth": 128
    },
    "timestamp": "2026-04-15T21:03:12.634510"
  }
}