{
  "k": [
    0.1,
    0.10985411419875583,
    0.12067926406393285,
    0.13257113655901093,
    0.14563484775012436,
    0.15998587196060582,
    0.1757510624854792,
    0.193069772888325,
    0.21209508879201905,
    0.2329951810515372,
    0.2559547922699536,
    0.281176869797423,
    0.3088843596477481,
    0.3393221771895328,
    0.372759372031494,
    0.4094915062380424,
    0.44984326689694454,
    0.49417133613238345,
    0.5428675439323859,
    0.5963623316594643,
    0.6551285568595507,
    0.7196856730011519,
    0.7906043210907697,
    0.8685113737513525,
    0.9540954763499939,
    1.0481131341546859,
    1.151395399326447,
    1.2648552168552958,
    1.3894954943731375,
    1.5264179671752334,
    1.6768329368110073,
    1.8420699693267153,
    2.0235896477251565,
    2.2229964825261943,
    2.442053094548651,
    2.6826957952797246,
    2.9470517025518097,
    3.2374575428176433,
    3.5564803062231283,
    3.9069399370546147,
    4.291934260128776,
    4.714866363457392,
    5.17947467923121,
    5.689866029018296,
    6.250551925273969,
    6.866488450042998,
    7.543120063354615,
    8.286427728546842,
    9.102981779915218,
    10.0
  ],
  "gamma_max": [
    2.445591082837518,
    2.443186308440967,
    2.4402859371762338,
    2.4367882459877697,
    2.432570816982967,
    2.4274864080292087,
    2.421358033977792,
    2.4139731214358777,
    2.4050765828741256,
    2.3943626356779983,
    2.381465173970032,
    2.3659464810844626,
    2.347284052071991,
    2.3248552732848062,
    2.297919676747001,
    2.265598443361991,
    2.226850747828879,
    2.1804464008843527,
    2.124934005487227,
    2.058603452839563,
    1.9794409807585802,
    1.88507414954042,
    1.772702923110337,
    1.6390116040727642,
    1.4800547376027104,
    1.2911083928103257,
    1.0664764997869107,
    0.7992399390038899,
    0.48093300462658783,
    0.10112563451985916,
    -0.35312414536673725,
    -0.8980156720781713,
    -1.5540988815726557,
    -2.3481014927937673,
    -3.316733216737723,
    -4.204964033472936,
    -5.300623274123579,
    -6.7315302754855635,
    -8.589753095725795,
    -11.219885016211348,
    -13.843621127467724,
    -16.875968604129188,
    -20.5531153869723,
    -25.004612597909034,
    -30.387367902315802,
    -36.89123297190378,
    -44.745711346253245,
    -54.2280433888579,
    -65.6729682122628,
    -79.48451734895997
  ],
  "omega_max": [
    -6.384501224802712e-14,
    -3.058739536692012e-15,
    6.144293263438891e-13,
    7.37687566506622e-13,
    -6.141991689680853e-14,
    -1.9317043078241293e-13,
    -1.8083803553862607e-13,
    6.004390370957997e-13,
    -8.795834890831167e-15,
    -4.774068881495067e-13,
    5.974239959158677e-13,
    1.3741063099672751e-13,
    7.269732654523675e-13,
    -8.424320581116794e-13,
    3.0163039472298475e-13,
    5.196181027247447e-13,
    6.998965709105678e-13,
    4.2077143073111143e-13,
    1.4018707144076477e-13,
    -1.429931104983143e-14,
    4.2305300252856957e-13,
    -4.511397155487719e-13,
    6.777064924154955e-14,
    -2.650472838801107e-13,
    2.060390934381747e-14,
    4.5850114620339705e-14,
    8.685833803727718e-14,
    -8.362041447697465e-14,
    9.402572329275976e-14,
    2.1699954345298716e-14,
    -1.0995472790081235e-14,
    -1.706845586108216e-13,
    -6.1683089036638965e-15,
    8.473335412954446e-15,
    7.585999850027963e-13,
    2.068560119492978e-12,
    1.256084188075721e-12,
    2.180855738762487e-12,
    -1.2277241173196332e-12,
    -5.4620476965361715e-12,
    0.8322461532738247,
    -1.2852311903752587,
    1.7040836410402727,
    -2.1222065480418335,
    2.5537441683067574,
    -3.0078044272032245,
    -3.491828184150138,
    4.0127653630390565,
    4.577603065909554,
    -5.193660242486235
  ],
  "params": {
    "alpha": -34.0,
    "dT": 0.8,
    "dR": 1.0
  },
  "metadata": {
    "shear_max": 1.1391110207737814e-08,
    "vel_net": 3.850579610549555e-12,
    "resolution": {
      "H": 25,
      "M": 65,
      "Nz": 129,
      "Nth": 128
    },
    "timestamp": "2026-04-13T13:49:00.557933"
  }
}