{
  "k": [
    0.1,
    0.10985411419875583,
    0.12067926406393285,
    0.13257113655901093,
    0.14563484775012436,
    0.15998587196060582,
    0.1757510624854792,
    0.193069772888325,
    0.21209508879201905,
    0.2329951810515372,
    0.2559547922699536,
    0.281176869797423,
    0.3088843596477481,
    0.3393221771895328,
    0.372759372031494,
    0.4094915062380424,
    0.44984326689694454,
    0.49417133613238345,
    0.5428675439323859,
    0.5963623316594643,
    0.6551285568595507,
    0.7196856730011519,
    0.7906043210907697,
    0.8685113737513525,
    0.9540954763499939,
    1.0481131341546859,
    1.151395399326447,
    1.2648552168552958,
    1.3894954943731375,
    1.5264179671752334,
    1.6768329368110073,
    1.8420699693267153,
    2.0235896477251565,
    2.2229964825261943,
    2.442053094548651,
    2.6826957952797246,
    2.9470517025518097,
    3.2374575428176433,
    3.5564803062231283,
    3.9069399370546147,
    4.291934260128776,
    4.714866363457392,
    5.17947467923121,
    5.689866029018296,
    6.250551925273969,
    6.866488450042998,
    7.543120063354615,
    8.286427728546842,
    9.102981779915218,
    10.0
  ],
  "gamma_max": [
    -1.0095846610553156,
    -1.0115671942552225,
    -1.0139599283154266,
    -1.0168477946102117,
    -1.020333336306004,
    -1.0245403731107525,
    -1.029618434694294,
    -1.0357481270164026,
    -1.0431476324310678,
    -1.0520805900690646,
    -1.0628656603057358,
    -1.075888149817256,
    -1.0916141671619308,
    -1.1106079008567757,
    -1.133552774535268,
    -1.1612774558186427,
    -1.1947880077340498,
    -1.2353079257944908,
    -1.2843284915606077,
    -1.3436729625028037,
    -1.4155799325600176,
    -1.5028144025386105,
    -1.608821156419205,
    -1.737947456579787,
    -1.8957902243062412,
    -2.06098775791162,
    -2.2460657404820172,
    -2.472466871225436,
    -2.7489350907841708,
    -3.0859656695664515,
    -3.4961633479535323,
    -3.994680003716932,
    -4.599748154471049,
    -5.333329480265721,
    -6.221901323910508,
    -7.297408907619481,
    -8.598416670848078,
    -10.12638427198681,
    -11.980284555338452,
    -14.242582316551752,
    -16.993947765684727,
    -20.331797864561693,
    -24.373953646200075,
    -29.262933755481605,
    -35.17104162908708,
    -42.30644388374952,
    -50.92047758911746,
    -61.316468825718815,
    -73.86039728933476,
    -88.99380244121387
  ],
  "omega_max": [
    1.5632018414859184e-15,
    6.705973301317973e-16,
    1.261359779493108e-15,
    1.0604800588870234e-16,
    6.20862680508912e-16,
    1.420031957896851e-16,
    -4.934509211526672e-16,
    -1.8154643641573748e-15,
    -1.4664074592099088e-16,
    -1.0576966668214643e-15,
    -2.2081146332122213e-15,
    -2.462584986550705e-16,
    -4.0713213256452047e-16,
    5.106194040717114e-16,
    -1.6048935838493869e-15,
    0.0,
    -8.716750775448255e-16,
    0.0,
    3.662625034893332e-16,
    2.0044599648561655e-16,
    -2.224738777053119e-15,
    7.522153328479101e-16,
    -5.74719275135311e-16,
    -5.700755773124406e-15,
    -2.4564449543604828e-14,
    0.5711936470273209,
    0.6259774670377547,
    0.6848315257550746,
    -0.748431030871492,
    0.8175210123387766,
    -0.8929192098542887,
    0.9755206613721926,
    -1.0663052374133954,
    -1.166348564128688,
    -1.2768360130105554,
    -1.3990790325704547,
    1.5345333660711125,
    -1.6085329371711035,
    -1.7758276105433577,
    1.9624913361998972,
    -2.1713017538397494,
    -2.4048909878694253,
    2.6660429544646984,
    -2.9579024229353634,
    -3.284111817790958,
    3.6488985072649944,
    4.057130551484386,
    -4.514352311230614,
    5.026808930876375,
    -5.601472173723775
  ],
  "params": {
    "alpha": -19.0,
    "dT": 0.875,
    "dR": 1.0
  },
  "metadata": {
    "shear_max": 2.4702094445945572e-09,
    "vel_net": 3.101927297073854e-25,
    "resolution": {
      "H": 25,
      "M": 65,
      "Nz": 129,
      "Nth": 128
    },
    "timestamp": "2026-04-13T11:25:22.255538"
  }
}