{
  "k": [
    0.1,
    0.10985411419875583,
    0.12067926406393285,
    0.13257113655901093,
    0.14563484775012436,
    0.15998587196060582,
    0.1757510624854792,
    0.193069772888325,
    0.21209508879201905,
    0.2329951810515372,
    0.2559547922699536,
    0.281176869797423,
    0.3088843596477481,
    0.3393221771895328,
    0.372759372031494,
    0.4094915062380424,
    0.44984326689694454,
    0.49417133613238345,
    0.5428675439323859,
    0.5963623316594643,
    0.6551285568595507,
    0.7196856730011519,
    0.7906043210907697,
    0.8685113737513525,
    0.9540954763499939,
    1.0481131341546859,
    1.151395399326447,
    1.2648552168552958,
    1.3894954943731375,
    1.5264179671752334,
    1.6768329368110073,
    1.8420699693267153,
    2.0235896477251565,
    2.2229964825261943,
    2.442053094548651,
    2.6826957952797246,
    2.9470517025518097,
    3.2374575428176433,
    3.5564803062231283,
    3.9069399370546147,
    4.291934260128776,
    4.714866363457392,
    5.17947467923121,
    5.689866029018296,
    6.250551925273969,
    6.866488450042998,
    7.543120063354615,
    8.286427728546842,
    9.102981779915218,
    10.0
  ],
  "gamma_max": [
    -0.05625761526109518,
    -0.06685506823682123,
    -0.07963037308655944,
    -0.09503004982575908,
    -0.11359365741841829,
    -0.13597621048955727,
    -0.16298055609377754,
    -0.19561065307618034,
    -0.23517711202867975,
    -0.28356385012038066,
    -0.34417430207793126,
    -0.4288410121564222,
    -0.5156323472075871,
    -0.5554420611517088,
    -0.6018972067529762,
    -0.6558471472274949,
    -0.6488536728127419,
    -0.6111223073674208,
    -0.5927141407760993,
    -0.578618796651858,
    -0.5661091214771192,
    -0.41740989015435986,
    -0.23429334785519015,
    -0.0537278358724754,
    0.1212212296760349,
    0.28696385638634364,
    0.43899565636680593,
    0.5713370811915028,
    0.675760278226098,
    0.7407541776686943,
    0.75019512932317,
    0.6818214264336205,
    0.5063732540809681,
    0.192147256315567,
    0.4015745730656459,
    0.8794417734060652,
    1.1878996294523816,
    1.1064591354018418,
    0.47622758238429275,
    -0.9599730310168283,
    -1.9704509461000839,
    -1.899759508100182,
    -2.0965373340623574,
    -2.613861028383948,
    -3.46586255572958,
    -4.678462378273992,
    -6.29416318530303,
    -8.37083429784871,
    -10.979829384133629,
    -14.199899319822014
  ],
  "omega_max": [
    -1.3518753275271175e-11,
    -6.374487529957373e-12,
    4.008797986147512e-12,
    1.0284973839435843e-11,
    -2.055867153865766e-12,
    1.4018712998870387e-11,
    -1.3393035733272682e-11,
    9.661349292568012e-12,
    -1.465274888149658e-12,
    -2.092754058063893e-12,
    -3.269346355068555e-11,
    3.4779084179240785e-12,
    0.07244629180280546,
    0.10538388818723077,
    -0.11435804766500278,
    0.09394633907259058,
    -2.687425237305147e-12,
    4.5414091821931886e-14,
    1.3213876812133053e-12,
    -8.52276698468399e-13,
    1.7019042857806486e-13,
    -5.547466100743947,
    5.653513861851736,
    5.759399088513765,
    5.860021667712401,
    5.949268851263503,
    -6.020042736785121,
    6.064336070046673,
    -6.073421349296233,
    6.0382532049983535,
    5.950257722818249,
    -5.802921810127397,
    5.595493593065667,
    5.343151651154404,
    -2.923465081110287e-12,
    7.494446824057104e-13,
    8.904077511540323e-13,
    -1.9003790231850776e-12,
    1.8815761753797772e-12,
    -7.28160585252514e-13,
    -6.977071843515181,
    -7.77839513221741,
    -8.77751033541361,
    9.901096714838735,
    11.124213270631587,
    -12.451034946534978,
    13.899656844056645,
    -15.49838630827188,
    -17.287284338987796,
    19.322110091404834
  ],
  "params": {
    "alpha": -43.0,
    "dT": 0.16666666666666666,
    "dR": 1.0
  },
  "metadata": {
    "shear_max": 5.675954171282596,
    "vel_net": 6.217248937900877e-15,
    "resolution": {
      "H": 25,
      "M": 65,
      "Nz": 129,
      "Nth": 128
    },
    "timestamp": "2026-04-15T19:34:57.944750"
  }
}