{
  "k": [
    0.1,
    0.10985411419875583,
    0.12067926406393285,
    0.13257113655901093,
    0.14563484775012436,
    0.15998587196060582,
    0.1757510624854792,
    0.193069772888325,
    0.21209508879201905,
    0.2329951810515372,
    0.2559547922699536,
    0.281176869797423,
    0.3088843596477481,
    0.3393221771895328,
    0.372759372031494,
    0.4094915062380424,
    0.44984326689694454,
    0.49417133613238345,
    0.5428675439323859,
    0.5963623316594643,
    0.6551285568595507,
    0.7196856730011519,
    0.7906043210907697,
    0.8685113737513525,
    0.9540954763499939,
    1.0481131341546859,
    1.151395399326447,
    1.2648552168552958,
    1.3894954943731375,
    1.5264179671752334,
    1.6768329368110073,
    1.8420699693267153,
    2.0235896477251565,
    2.2229964825261943,
    2.442053094548651,
    2.6826957952797246,
    2.9470517025518097,
    3.2374575428176433,
    3.5564803062231283,
    3.9069399370546147,
    4.291934260128776,
    4.714866363457392,
    5.17947467923121,
    5.689866029018296,
    6.250551925273969,
    6.866488450042998,
    7.543120063354615,
    8.286427728546842,
    9.102981779915218,
    10.0
  ],
  "gamma_max": [
    0.7403551010394818,
    0.7281502847065257,
    0.713317269881912,
    0.6952621059181103,
    0.6732427335135651,
    0.6463249955514138,
    0.6133219464983624,
    0.5727082559690666,
    0.5224965099126471,
    0.4600536113451734,
    0.38181989487717294,
    0.28286103903608095,
    0.15608266876276414,
    -0.009657599376308891,
    -0.24118965670695228,
    -0.5113796860869307,
    -0.49649895441245523,
    -0.34645011222558914,
    -0.20420417574299524,
    -0.0724645473811047,
    0.04896504061474939,
    0.16080016660170285,
    0.26334042823374515,
    0.3562340258754215,
    0.43843825953899696,
    0.5081945974170362,
    0.5629641373545176,
    0.5993085723102176,
    0.6127175583555806,
    0.5974021575575701,
    0.5461120816262736,
    0.45011378573331406,
    0.29962757829875986,
    0.08529523830281074,
    -0.1986881963246594,
    -0.5429158831338623,
    -0.6470678204940005,
    -0.8924793024263895,
    -1.3242300393942863,
    -1.9788968307016293,
    -2.8350795752578737,
    -3.2968914651063668,
    -3.918468208904999,
    -4.733824051580305,
    -5.7788914586454725,
    -7.094906477077498,
    -8.731138289675213,
    -10.747342594561704,
    -13.216278907009803,
    -16.22653866727662
  ],
  "omega_max": [
    -4.217554183432053e-12,
    2.150646592636928e-13,
    2.402497324453786e-14,
    1.2605891768806983e-13,
    -4.917291186354249e-13,
    9.298211786617588e-14,
    -1.6576918965002232e-13,
    9.967870119718477e-13,
    -9.34326186269239e-13,
    2.0046015216678756e-15,
    9.559145428936412e-13,
    2.0950224710547555e-12,
    3.0583867120854105e-13,
    -9.210877745360257e-14,
    -1.3480085803984417e-11,
    0.16984108965422445,
    2.109374424703049,
    -2.211241142964166,
    -2.329363074837155,
    -2.456506075167353,
    -2.5872307029472554,
    2.717819337998374,
    -2.845434970175848,
    -2.9675085083551433,
    -3.0814036254305055,
    3.1842639143005473,
    -3.2729842796093194,
    -3.3442916142804466,
    3.39495031742825,
    3.422131928007929,
    -3.424011509125827,
    3.4006838404659607,
    -3.355534384422658,
    3.297201042418012,
    -3.2419207958807195,
    -6.971902587292218e-13,
    1.9450273484690098e-13,
    -5.219606126155366e-12,
    3.5321141088367777e-12,
    1.6755857929115286e-12,
    5.057542254398232,
    5.674521549605261,
    6.34028529735474,
    -7.065810487468736,
    7.857796134995882,
    -8.722992554889212,
    9.669473802539299,
    10.707057955824357,
    11.847599258898063,
    -13.105470124994685
  ],
  "params": {
    "alpha": -32.0,
    "dT": 0.16666666666666666,
    "dR": 1.0
  },
  "metadata": {
    "shear_max": 3.1037904227518482,
    "vel_net": 7.42750305704476e-12,
    "resolution": {
      "H": 25,
      "M": 65,
      "Nz": 129,
      "Nth": 128
    },
    "timestamp": "2026-04-13T20:18:22.257457"
  }
}