{
  "k": [
    0.1,
    0.10985411419875583,
    0.12067926406393285,
    0.13257113655901093,
    0.14563484775012436,
    0.15998587196060582,
    0.1757510624854792,
    0.193069772888325,
    0.21209508879201905,
    0.2329951810515372,
    0.2559547922699536,
    0.281176869797423,
    0.3088843596477481,
    0.3393221771895328,
    0.372759372031494,
    0.4094915062380424,
    0.44984326689694454,
    0.49417133613238345,
    0.5428675439323859,
    0.5963623316594643,
    0.6551285568595507,
    0.7196856730011519,
    0.7906043210907697,
    0.8685113737513525,
    0.9540954763499939,
    1.0481131341546859,
    1.151395399326447,
    1.2648552168552958,
    1.3894954943731375,
    1.5264179671752334,
    1.6768329368110073,
    1.8420699693267153,
    2.0235896477251565,
    2.2229964825261943,
    2.442053094548651,
    2.6826957952797246,
    2.9470517025518097,
    3.2374575428176433,
    3.5564803062231283,
    3.9069399370546147,
    4.291934260128776,
    4.714866363457392,
    5.17947467923121,
    5.689866029018296,
    6.250551925273969,
    6.866488450042998,
    7.543120063354615,
    8.286427728546842,
    9.102981779915218,
    10.0
  ],
  "gamma_max": [
    -0.0900542015032007,
    -0.09907899930135834,
    -0.10994765999781787,
    -0.1230329033675599,
    -0.13878224174713538,
    -0.15773422153563438,
    -0.1805407472975438,
    -0.20800181187107042,
    -0.24113071194445534,
    -0.28131169081083196,
    -0.33083392846669973,
    -0.3962659111423946,
    -0.4744408151173268,
    -0.508819327969248,
    -0.5490963275569198,
    -0.564692779550097,
    -0.531139564977425,
    -0.5170441513368812,
    -0.5058994372081854,
    -0.4955399787804223,
    -0.48530653969650245,
    -0.47498421273982383,
    -0.3675640654509572,
    -0.17616431116662495,
    0.012227048635994763,
    0.19372538370979936,
    0.36334478040896745,
    0.5143229840210432,
    0.6371182132654337,
    0.7179627389287052,
    0.7368289779692061,
    0.6648240514947473,
    0.46278041254330393,
    0.3278858384713672,
    1.031108444786203,
    1.8078420927184677,
    2.312032455310544,
    2.3817080743829036,
    1.9068795366859908,
    0.6843579696818438,
    -1.510398540823449,
    -1.1771561712237437,
    -1.0948385688691962,
    -1.3644792300979072,
    -1.98338101905473,
    -2.962599752815018,
    -4.335688034372745,
    -6.153439802990749,
    -8.47529389056731,
    -11.346837753524484
  ],
  "omega_max": [
    4.8611504485141906e-12,
    -9.265663940553852e-13,
    7.163362918356676e-12,
    -5.861043566950554e-12,
    -4.364116203398108e-12,
    -5.1825437962724956e-12,
    -6.2949427868602095e-12,
    -1.870266460899679e-12,
    -4.675862599212221e-12,
    -2.240585106158213e-12,
    1.9122722502845215e-13,
    5.143717125517539e-13,
    -0.047842824334097776,
    -0.07125105554127062,
    -0.06793116441668527,
    1.6514757835753534e-13,
    -2.537774888245678e-13,
    -7.268758198170843e-13,
    2.224980988561695e-13,
    4.474240960868774e-13,
    6.053144339130236e-13,
    -2.3475495301106477e-13,
    -6.201527024775763,
    6.303541697347512,
    -6.39997723445185,
    6.484377464245949,
    6.548983921986936,
    -6.5847806796826065,
    6.581649416214342,
    6.528739351549377,
    -6.415275468063178,
    6.232477960736787,
    -5.97922524621902,
    -7.366131528543843e-13,
    2.0150531766491617e-12,
    1.5101324245264978e-11,
    -6.332648695913002e-12,
    1.1561113035898473e-11,
    -2.89853710342529e-12,
    -2.583568646261119e-11,
    -7.557462142147754,
    -8.29672962254402,
    -9.344011460634508,
    -10.56081122103697,
    -11.889072928648533,
    13.32689964017077,
    14.895592212074686,
    16.633431156312373,
    -18.59984644947731,
    -20.877616407688418
  ],
  "params": {
    "alpha": -45.0,
    "dT": 0.14285714285714285,
    "dR": 1.0
  },
  "metadata": {
    "shear_max": 6.214853742199623,
    "vel_net": 3.985700658404312e-14,
    "resolution": {
      "H": 25,
      "M": 65,
      "Nz": 129,
      "Nth": 128
    },
    "timestamp": "2026-04-16T01:22:35.639946"
  }
}