{
  "k": [
    0.1,
    0.10985411419875583,
    0.12067926406393285,
    0.13257113655901093,
    0.14563484775012436,
    0.15998587196060582,
    0.1757510624854792,
    0.193069772888325,
    0.21209508879201905,
    0.2329951810515372,
    0.2559547922699536,
    0.281176869797423,
    0.3088843596477481,
    0.3393221771895328,
    0.372759372031494,
    0.4094915062380424,
    0.44984326689694454,
    0.49417133613238345,
    0.5428675439323859,
    0.5963623316594643,
    0.6551285568595507,
    0.7196856730011519,
    0.7906043210907697,
    0.8685113737513525,
    0.9540954763499939,
    1.0481131341546859,
    1.151395399326447,
    1.2648552168552958,
    1.3894954943731375,
    1.5264179671752334,
    1.6768329368110073,
    1.8420699693267153,
    2.0235896477251565,
    2.2229964825261943,
    2.442053094548651,
    2.6826957952797246,
    2.9470517025518097,
    3.2374575428176433,
    3.5564803062231283,
    3.9069399370546147,
    4.291934260128776,
    4.714866363457392,
    5.17947467923121,
    5.689866029018296,
    6.250551925273969,
    6.866488450042998,
    7.543120063354615,
    8.286427728546842,
    9.102981779915218,
    10.0
  ],
  "gamma_max": [
    2.3067173502617924,
    2.3042659478715115,
    2.3013091433280177,
    2.2977431121811107,
    2.2934428676253202,
    2.288258019305867,
    2.282007713837234,
    2.274474610249177,
    2.2653977245825585,
    2.2544639540530964,
    2.2412980665576523,
    2.225450916969993,
    2.206385621408212,
    2.183461388419903,
    2.155914662039816,
    2.122837168386204,
    2.083150358995905,
    2.0355755816722114,
    1.9785990511660954,
    1.9104302835955116,
    1.8289520511000938,
    1.731659052275767,
    1.6155813609534622,
    1.4771873181317903,
    1.312258947788734,
    1.115731272327901,
    0.8814850719646659,
    0.6020803512113084,
    0.2684140608044272,
    -0.1307218216079663,
    -0.6092221162927283,
    -1.184468594483345,
    -1.87852459395222,
    -2.7201935610339385,
    -3.749542949291965,
    -4.729369243490326,
    -5.902192331736058,
    -7.433613268534528,
    -9.427573595018766,
    -12.246972162022711,
    -14.919022937371224,
    -18.16668866914092,
    -22.104498623326677,
    -26.871258592079705,
    -32.63506784235701,
    -39.599301335529574,
    -48.00979366923444,
    -58.163500134427736,
    -70.41895660827933,
    -85.20891823373216
  ],
  "omega_max": [
    -4.2068254266458315e-14,
    -7.65897904212126e-13,
    -6.656129575984541e-13,
    7.624847874792992e-15,
    3.7891496628727833e-13,
    6.799904367287751e-13,
    8.083950519544372e-13,
    -3.587854498200837e-13,
    2.1143713370364145e-13,
    2.8336588580048355e-13,
    -6.167763204467694e-13,
    4.96021699732786e-13,
    2.7365621189094814e-13,
    -8.356020027996935e-13,
    3.762225017819291e-14,
    6.900991123696443e-13,
    3.558265964160516e-13,
    -9.111347160983058e-14,
    9.750589157741624e-14,
    1.366603018194217e-13,
    -2.66672031720623e-13,
    -2.9637218539922815e-13,
    -4.79223112040003e-14,
    4.984457129670429e-13,
    3.1906252906004953e-13,
    1.7182612666853696e-13,
    -1.8342345996139703e-13,
    -2.3534929327534696e-13,
    2.963300097495568e-15,
    1.0794578085571426e-14,
    4.3438582110476744e-14,
    4.4797848525687324e-13,
    1.4904961994291287e-13,
    1.5903785420900948e-13,
    1.6552521901751206e-12,
    -8.820697556287682e-13,
    8.842811013576378e-13,
    -2.378055223673475e-12,
    3.2439627155235733e-13,
    -0.3042730746322187,
    0.8920627366098978,
    -1.32254759051791,
    1.7307641616476908,
    -2.1423620573819915,
    -2.5693811143554313,
    -3.020089728912043,
    3.5015276666772186,
    4.020431474335847,
    -4.5836636093393714,
    5.1984613137082425
  ],
  "params": {
    "alpha": -34.0,
    "dT": 0.8571428571428571,
    "dR": 1.0
  },
  "metadata": {
    "shear_max": 1.1095711524098795e-08,
    "vel_net": 3.2318548723220773e-13,
    "resolution": {
      "H": 25,
      "M": 65,
      "Nz": 129,
      "Nth": 128
    },
    "timestamp": "2026-04-13T13:47:35.545276"
  }
}