{
  "k": [
    0.1,
    0.10985411419875583,
    0.12067926406393285,
    0.13257113655901093,
    0.14563484775012436,
    0.15998587196060582,
    0.1757510624854792,
    0.193069772888325,
    0.21209508879201905,
    0.2329951810515372,
    0.2559547922699536,
    0.281176869797423,
    0.3088843596477481,
    0.3393221771895328,
    0.372759372031494,
    0.4094915062380424,
    0.44984326689694454,
    0.49417133613238345,
    0.5428675439323859,
    0.5963623316594643,
    0.6551285568595507,
    0.7196856730011519,
    0.7906043210907697,
    0.8685113737513525,
    0.9540954763499939,
    1.0481131341546859,
    1.151395399326447,
    1.2648552168552958,
    1.3894954943731375,
    1.5264179671752334,
    1.6768329368110073,
    1.8420699693267153,
    2.0235896477251565,
    2.2229964825261943,
    2.442053094548651,
    2.6826957952797246,
    2.9470517025518097,
    3.2374575428176433,
    3.5564803062231283,
    3.9069399370546147,
    4.291934260128776,
    4.714866363457392,
    5.17947467923121,
    5.689866029018296,
    6.250551925273969,
    6.866488450042998,
    7.543120063354615,
    8.286427728546842,
    9.102981779915218,
    10.0
  ],
  "gamma_max": [
    -1.9664721919930233,
    -1.9656769594631125,
    -1.9650312073662906,
    -1.9645970140636684,
    -1.9644524588207433,
    -1.964695276336139,
    -1.9654473113085544,
    -1.9668599447249289,
    -1.969120698226371,
    -1.9334454920824582,
    -1.8707203123344978,
    -1.8044906019285962,
    -1.7350210656035587,
    -1.6627269116336014,
    -1.5882077759956819,
    -1.5122858637317567,
    -1.436048227308,
    -1.3608930362862919,
    -1.2885796721373928,
    -1.2212825275540042,
    -1.161648519742393,
    -1.1128585711022785,
    -1.0786937078816015,
    -1.0636070335216623,
    -1.072803722002681,
    -1.1123324244965425,
    -1.1891931603017938,
    -1.3114689186952513,
    -1.488490885280303,
    -1.7310506347150303,
    -2.0516775120910333,
    -2.248339286848962,
    -2.3023327137464675,
    -2.4821391738960306,
    -2.827784293869518,
    -3.384815439583658,
    -4.203392645979589,
    -5.338409170706979,
    -6.850827505097705,
    -8.810188628624935,
    -11.298158207859512,
    -14.41302469294395,
    -18.27532546440501,
    -23.03540408706297,
    -28.885324877580246,
    -36.08280177210376,
    -45.001280443395096,
    -55.60498658443525,
    -67.4070081811646,
    -81.36201042163559
  ],
  "omega_max": [
    0.8911302057484821,
    0.905751386614539,
    0.9219030614244822,
    0.9397525227355192,
    0.959486184909287,
    0.9813117240641401,
    1.0054603714877348,
    1.032189324481717,
    1.061784207401492,
    4.52425226204723,
    4.582362954671379,
    4.646617661291374,
    4.717569730232013,
    4.7957801058201595,
    4.881803151321737,
    4.976169459718301,
    5.079366439344885,
    5.191818230768712,
    5.313867474495718,
    5.445762550564756,
    5.587655025029769,
    5.739612907968379,
    5.901655596228997,
    6.073815537274592,
    6.256229201629278,
    6.44925550666893,
    6.6536134260319235,
    6.8705227984720745,
    7.101824602019493,
    7.350050757014709,
    7.618410020111711,
    6.945405880258691,
    7.2398150192435375,
    7.577720620314281,
    7.968014071265206,
    8.418912975020556,
    8.93805851822597,
    9.532884568026606,
    10.211041452128216,
    10.980843712151755,
    11.851786100239684,
    12.835208564593447,
    13.94528420982739,
    15.200839595440279,
    16.629884346427346,
    18.286146684096405,
    20.352031751759277,
    23.483884438125443,
    27.003641674001905,
    30.552455582606672
  ],
  "params": {
    "alpha": -37.0,
    "dT": 0.8,
    "dR": 1.0
  },
  "metadata": {
    "shear_max": 4.580325835840165,
    "vel_net": 1.8891864722504104,
    "resolution": {
      "H": 25,
      "M": 65,
      "Nz": 129,
      "Nth": 128
    },
    "timestamp": "2026-04-13T14:43:09.029251"
  }
}