{
  "k": [
    0.1,
    0.10985411419875583,
    0.12067926406393285,
    0.13257113655901093,
    0.14563484775012436,
    0.15998587196060582,
    0.1757510624854792,
    0.193069772888325,
    0.21209508879201905,
    0.2329951810515372,
    0.2559547922699536,
    0.281176869797423,
    0.3088843596477481,
    0.3393221771895328,
    0.372759372031494,
    0.4094915062380424,
    0.44984326689694454,
    0.49417133613238345,
    0.5428675439323859,
    0.5963623316594643,
    0.6551285568595507,
    0.7196856730011519,
    0.7906043210907697,
    0.8685113737513525,
    0.9540954763499939,
    1.0481131341546859,
    1.151395399326447,
    1.2648552168552958,
    1.3894954943731375,
    1.5264179671752334,
    1.6768329368110073,
    1.8420699693267153,
    2.0235896477251565,
    2.2229964825261943,
    2.442053094548651,
    2.6826957952797246,
    2.9470517025518097,
    3.2374575428176433,
    3.5564803062231283,
    3.9069399370546147,
    4.291934260128776,
    4.714866363457392,
    5.17947467923121,
    5.689866029018296,
    6.250551925273969,
    6.866488450042998,
    7.543120063354615,
    8.286427728546842,
    9.102981779915218,
    10.0
  ],
  "gamma_max": [
    1.1564569087427206,
    1.1545986363620975,
    1.1523573694156666,
    1.1496544845881271,
    1.1463953576997847,
    1.1424661670347211,
    1.1377300857429136,
    1.132022753280388,
    1.1251469062687172,
    1.1168660299979087,
    1.1068968765593588,
    1.094900677311225,
    1.080472856730676,
    1.0631310280659385,
    1.0423010139854019,
    1.0173005729841609,
    0.9873204017273769,
    0.9514018016306576,
    0.908410063257101,
    0.8570020748826743,
    0.7955857468024432,
    0.7222673521463563,
    0.634780470065445,
    0.5303861581155236,
    0.40572671622905293,
    0.25660087934963893,
    0.07759486100571307,
    -0.13858691609317375,
    -0.40254824719302823,
    -0.7321862163976367,
    -1.1718899453881835,
    -1.794429967728695,
    -2.1587054423358163,
    -2.5953093892043944,
    -3.1192500502927096,
    -3.7122624511128905,
    -4.392280820310795,
    -5.240711987320674,
    -6.289462069570431,
    -7.5765721304675715,
    -9.147812641609542,
    -11.058546454462887,
    -13.375882876529731,
    -16.18118039428915,
    -19.572986095369885,
    -23.67052493842882,
    -28.61787569476009,
    -34.588997153539516,
    -41.79380014892738,
    -50.485497677603384
  ],
  "omega_max": [
    5.124699815385405e-13,
    1.3290341458146434e-12,
    3.261512163664658e-13,
    -1.5106366422989922e-13,
    -6.733104240937286e-14,
    -3.762673370763467e-14,
    -1.0750543729266353e-12,
    3.9330484399483745e-13,
    1.841184600194996e-13,
    -3.0058120344296527e-13,
    1.924650419166388e-13,
    -4.274093021094652e-13,
    -2.597625146221943e-13,
    -4.813333362893693e-13,
    1.2082251394727143e-12,
    -7.50451939205559e-15,
    -2.1346044048505954e-13,
    -8.233704571431707e-13,
    7.915124831214016e-13,
    3.399478186817445e-13,
    -4.0643710762994313e-13,
    5.821559599110925e-14,
    -9.240247664065756e-15,
    1.6728567117446477e-13,
    2.295464456909408e-14,
    1.7676219567150746e-14,
    -2.4724063065301454e-15,
    -1.6066545696994173e-14,
    5.5004880368143756e-14,
    1.806488074272246e-13,
    -8.784855425577432e-13,
    -0.2766718855644886,
    0.5344145561132387,
    -0.7299671895940542,
    -0.9094082315064141,
    -0.900983401706798,
    1.027714018569458,
    -1.1858937360415318,
    -1.373587868949717,
    1.588865730093395,
    1.8305604979956647,
    2.098543633230346,
    -2.3937395636761676,
    2.7180422774174526,
    -3.0742210878157623,
    3.46585278712992,
    -3.897288073674146,
    4.373645356543117,
    4.90082155246988,
    5.485514541337755
  ],
  "params": {
    "alpha": -26.0,
    "dT": 0.5,
    "dR": 1.0
  },
  "metadata": {
    "shear_max": 7.605522604986242e-09,
    "vel_net": 0.0,
    "resolution": {
      "H": 25,
      "M": 65,
      "Nz": 129,
      "Nth": 128
    },
    "timestamp": "2026-04-13T12:56:51.084360"
  }
}