{
  "k": [
    0.1,
    0.10985411419875583,
    0.12067926406393285,
    0.13257113655901093,
    0.14563484775012436,
    0.15998587196060582,
    0.1757510624854792,
    0.193069772888325,
    0.21209508879201905,
    0.2329951810515372,
    0.2559547922699536,
    0.281176869797423,
    0.3088843596477481,
    0.3393221771895328,
    0.372759372031494,
    0.4094915062380424,
    0.44984326689694454,
    0.49417133613238345,
    0.5428675439323859,
    0.5963623316594643,
    0.6551285568595507,
    0.7196856730011519,
    0.7906043210907697,
    0.8685113737513525,
    0.9540954763499939,
    1.0481131341546859,
    1.151395399326447,
    1.2648552168552958,
    1.3894954943731375,
    1.5264179671752334,
    1.6768329368110073,
    1.8420699693267153,
    2.0235896477251565,
    2.2229964825261943,
    2.442053094548651,
    2.6826957952797246,
    2.9470517025518097,
    3.2374575428176433,
    3.5564803062231283,
    3.9069399370546147,
    4.291934260128776,
    4.714866363457392,
    5.17947467923121,
    5.689866029018296,
    6.250551925273969,
    6.866488450042998,
    7.543120063354615,
    8.286427728546842,
    9.102981779915218,
    10.0
  ],
  "gamma_max": [
    -2.4143018976300756,
    -2.411300033987051,
    -2.4082112271403826,
    -2.4050722888078475,
    -2.4019337447475166,
    -2.3988634858342404,
    -2.3959513118928104,
    -2.3933145767105066,
    -2.391105186291726,
    -2.3895182517855704,
    -2.388802751287725,
    -2.373339872147857,
    -2.2950290067068035,
    -2.211966957750821,
    -2.124393002976077,
    -2.0327255532155855,
    -1.9376068446050152,
    -1.8399538242367337,
    -1.7410149778216828,
    -1.6424326000345209,
    -1.5463098186952977,
    -1.4552815779641177,
    -1.3725887702807302,
    -1.3021547668352331,
    -1.2486637876227378,
    -1.2176411380514462,
    -1.2155370167620196,
    -1.2498197429985098,
    -1.3290929259204243,
    -1.4632665997774015,
    -1.3231909042134944,
    -1.016825724098248,
    -0.7789108050411677,
    -0.651564466924737,
    -0.6844004830569798,
    -0.9326604061336483,
    -1.4560014546807425,
    -2.318093425995396,
    -3.5874203321342555,
    -5.339530950167225,
    -7.660619399047054,
    -10.652023371214149,
    -14.435017679607574,
    -19.154838947634865,
    -24.98161216222446,
    -32.104262218095734,
    -40.72104236537326,
    -51.06216631548148,
    -63.45477223649894,
    -78.23551372557871
  ],
  "omega_max": [
    1.5451183528024672,
    1.5693825952788938,
    1.5961179800067586,
    1.6255821366366674,
    1.6580602316189657,
    1.6938678825526405,
    1.7333543229118775,
    1.776905807545437,
    1.8249492320304708,
    1.8779559126049905,
    1.9364454340337114,
    6.8360101056288896,
    6.927322870169998,
    7.0281285484690335,
    7.139320783418439,
    7.2618326585438595,
    7.396624105827727,
    7.544666464950439,
    7.706925624569779,
    7.884346391273313,
    8.077842137851569,
    8.288295079177864,
    8.516573198028354,
    8.763569115247911,
    9.030263136114014,
    9.317806400316737,
    9.627610075823762,
    9.96141339527745,
    10.321289271376182,
    10.709535745651403,
    9.325902151099973,
    9.715121069887223,
    10.171458252542376,
    10.705959668995325,
    11.327823690009696,
    12.045200707693251,
    12.865981077261354,
    13.798446975371515,
    14.851952348789405,
    16.03776536825337,
    17.370206141551797,
    18.868309228476498,
    20.558408847087303,
    22.47817407110137,
    24.682044526886845,
    27.244011335409716,
    30.24362962053537,
    33.733960698742436,
    37.77150573336227,
    42.53550689599755
  ],
  "params": {
    "alpha": -49.0,
    "dT": 0.8,
    "dR": 1.0
  },
  "metadata": {
    "shear_max": 6.758437171852289,
    "vel_net": 2.8403748634390173,
    "resolution": {
      "H": 25,
      "M": 65,
      "Nz": 129,
      "Nth": 128
    },
    "timestamp": "2026-04-13T23:40:04.201560"
  }
}