{
  "k": [
    0.1,
    0.10985411419875583,
    0.12067926406393285,
    0.13257113655901093,
    0.14563484775012436,
    0.15998587196060582,
    0.1757510624854792,
    0.193069772888325,
    0.21209508879201905,
    0.2329951810515372,
    0.2559547922699536,
    0.281176869797423,
    0.3088843596477481,
    0.3393221771895328,
    0.372759372031494,
    0.4094915062380424,
    0.44984326689694454,
    0.49417133613238345,
    0.5428675439323859,
    0.5963623316594643,
    0.6551285568595507,
    0.7196856730011519,
    0.7906043210907697,
    0.8685113737513525,
    0.9540954763499939,
    1.0481131341546859,
    1.151395399326447,
    1.2648552168552958,
    1.3894954943731375,
    1.5264179671752334,
    1.6768329368110073,
    1.8420699693267153,
    2.0235896477251565,
    2.2229964825261943,
    2.442053094548651,
    2.6826957952797246,
    2.9470517025518097,
    3.2374575428176433,
    3.5564803062231283,
    3.9069399370546147,
    4.291934260128776,
    4.714866363457392,
    5.17947467923121,
    5.689866029018296,
    6.250551925273969,
    6.866488450042998,
    7.543120063354615,
    8.286427728546842,
    9.102981779915218,
    10.0
  ],
  "gamma_max": [
    -2.0246324108212623,
    -2.0231805197492854,
    -2.021837200064722,
    -2.0206658417273142,
    -2.0197471722339895,
    -2.0191833071852185,
    -2.0191026899148286,
    -2.019666104859978,
    -1.9792475546401407,
    -1.9187714425644873,
    -1.8546706819041185,
    -1.787126773795666,
    -1.7164525606031444,
    -1.643123954386081,
    -1.5678160776988537,
    -1.4914438189722141,
    -1.4152067095367602,
    -1.34063796819137,
    -1.2696575515069621,
    -1.2046291148218418,
    -1.1484209547910418,
    -1.1044713029341893,
    -1.0768588199234248,
    -1.0703798690160145,
    -1.090635201944794,
    -1.1441301410037996,
    -1.2383942246073107,
    -1.3821285793257385,
    -1.5853919450144938,
    -1.8598393898848455,
    -2.2190318710792982,
    -2.4431563643932734,
    -2.523876964656216,
    -2.741581646190806,
    -3.139112642107399,
    -3.7651757849543266,
    -4.673460657575548,
    -5.922843772400471,
    -7.578853191744737,
    -9.716339942564677,
    -12.423196711009405,
    -15.804994750336707,
    -19.990619346764344,
    -25.139452881659004,
    -31.45172661304388,
    -39.18679404188716,
    -48.70401163064484,
    -60.403371858305654,
    -73.60981465752393,
    -88.92490373737121
  ],
  "omega_max": [
    0.8533858666262709,
    0.8682523526379893,
    0.8846787671337695,
    0.9028362287297416,
    0.9229154670014339,
    0.9451289996155339,
    0.9697134522499212,
    0.9969319759974715,
    4.552586453144569,
    4.606556234472885,
    4.666284075598039,
    4.732314914216768,
    4.805210792452123,
    4.885539072132469,
    4.973857255047225,
    5.0706946738021665,
    5.176531907921702,
    5.291779584718866,
    5.4167592248336005,
    5.551689927502299,
    5.696685827060284,
    5.851770133555798,
    6.016911821438436,
    6.1920901569379385,
    6.377389740794531,
    6.573124219685294,
    6.7799803552903395,
    6.999166424933455,
    7.232541328402608,
    7.482694910547277,
    7.752947035156996,
    7.080262008639524,
    7.375294288178047,
    7.713887720698311,
    8.105021299093284,
    8.556991170114692,
    9.077517938721305,
    9.674111795869987,
    10.354481286922407,
    11.126960206164885,
    12.000993944157436,
    12.987747121117744,
    14.100947266144033,
    15.358275477968169,
    16.784358791163097,
    18.419869801481912,
    20.36501550115425,
    23.093693695022562,
    26.79211560790782,
    30.512942637590573
  ],
  "params": {
    "alpha": -38.0,
    "dT": 0.875,
    "dR": 1.0
  },
  "metadata": {
    "shear_max": 4.659400106085649,
    "vel_net": 1.9189783135507872,
    "resolution": {
      "H": 25,
      "M": 65,
      "Nz": 129,
      "Nth": 128
    },
    "timestamp": "2026-04-13T14:48:20.505318"
  }
}