{
  "k": [
    0.1,
    0.10985411419875583,
    0.12067926406393285,
    0.13257113655901093,
    0.14563484775012436,
    0.15998587196060582,
    0.1757510624854792,
    0.193069772888325,
    0.21209508879201905,
    0.2329951810515372,
    0.2559547922699536,
    0.281176869797423,
    0.3088843596477481,
    0.3393221771895328,
    0.372759372031494,
    0.4094915062380424,
    0.44984326689694454,
    0.49417133613238345,
    0.5428675439323859,
    0.5963623316594643,
    0.6551285568595507,
    0.7196856730011519,
    0.7906043210907697,
    0.8685113737513525,
    0.9540954763499939,
    1.0481131341546859,
    1.151395399326447,
    1.2648552168552958,
    1.3894954943731375,
    1.5264179671752334,
    1.6768329368110073,
    1.8420699693267153,
    2.0235896477251565,
    2.2229964825261943,
    2.442053094548651,
    2.6826957952797246,
    2.9470517025518097,
    3.2374575428176433,
    3.5564803062231283,
    3.9069399370546147,
    4.291934260128776,
    4.714866363457392,
    5.17947467923121,
    5.689866029018296,
    6.250551925273969,
    6.866488450042998,
    7.543120063354615,
    8.286427728546842,
    9.102981779915218,
    10.0
  ],
  "gamma_max": [
    -0.047545654178103504,
    -0.05527934922845927,
    -0.06458127228241839,
    -0.07576169102682118,
    -0.08918873253522235,
    -0.1052975405715316,
    -0.12460007500679818,
    -0.14769508382366267,
    -0.17527724404007747,
    -0.2081430856048376,
    -0.2471865732180135,
    -0.29335473116483823,
    -0.34736696350774227,
    -0.4060925644310294,
    -0.4281567038402771,
    -0.4257003652537731,
    -0.4205394646129546,
    -0.4142079551586768,
    -0.40697646010587013,
    -0.39896066036888894,
    -0.3902678754251657,
    -0.3810358689523621,
    -0.37144604650210805,
    -0.2812621114331384,
    -0.08506618663286537,
    0.1061394079326626,
    0.2869545543281458,
    0.44984335459204433,
    0.5838549782462563,
    0.6726478541208171,
    0.6914831934914146,
    0.6031935770914107,
    0.358283216395153,
    0.6933307960714927,
    1.763382605445001,
    2.768965634931355,
    3.4207380558028295,
    3.643821943823182,
    3.3758725787211574,
    2.499376334277919,
    0.8268274281294618,
    -0.44729559102377076,
    -0.1404931495433874,
    -0.15242458979350937,
    -0.5031365770556699,
    -1.1958593667772235,
    -2.2526761529671884,
    -3.709307339456107,
    -5.593770204180355,
    -7.886929863148328
  ],
  "omega_max": [
    -5.49118862939474e-13,
    2.0520164975570953e-12,
    -4.2967463096865047e-13,
    2.0776449812366664e-12,
    -1.4135621154806344e-12,
    2.1861131623626796e-12,
    1.6402525489260844e-12,
    -7.645459382304473e-13,
    2.084979898439216e-12,
    6.048310064419561e-14,
    6.571375338556501e-13,
    -1.0307193127523124e-12,
    -6.397376572267228e-13,
    7.265356073686397e-13,
    3.825298408024131e-13,
    -2.843327570917265e-13,
    1.7167827804414695e-13,
    -1.1900987641581185e-13,
    -2.765638132220463e-13,
    -1.2035294549994463e-13,
    3.423656809656906e-14,
    3.157698708729718e-15,
    -1.4068669239223908e-13,
    6.649050350378597,
    -6.7417148326474985,
    -6.821769233683874,
    -6.881021774809146,
    -6.9097231651471,
    6.896660346092992,
    6.8294527145554635,
    6.695315080260608,
    6.483270442577299,
    6.192567013843904,
    -2.0016086014954763e-12,
    -1.0482826743670686e-11,
    2.209025413603675e-12,
    2.2085882433423607e-12,
    1.61141418829276e-13,
    9.750959627955449e-13,
    2.2651027876988078e-12,
    1.785400252779047e-14,
    -8.921513716888565,
    -9.934227450903997,
    -11.186461548457961,
    12.587277463210567,
    -14.119506139468543,
    15.804215183021224,
    -17.690278333845022,
    -19.856061604329415,
    22.38307176973825
  ],
  "params": {
    "alpha": -46.0,
    "dT": 0.1111111111111111,
    "dR": 1.0
  },
  "metadata": {
    "shear_max": 6.594111654523743,
    "vel_net": 1.270095140171179e-13,
    "resolution": {
      "H": 25,
      "M": 65,
      "Nz": 129,
      "Nth": 128
    },
    "timestamp": "2026-04-16T00:15:16.420887"
  }
}