{
  "k": [
    0.1,
    0.10985411419875583,
    0.12067926406393285,
    0.13257113655901093,
    0.14563484775012436,
    0.15998587196060582,
    0.1757510624854792,
    0.193069772888325,
    0.21209508879201905,
    0.2329951810515372,
    0.2559547922699536,
    0.281176869797423,
    0.3088843596477481,
    0.3393221771895328,
    0.372759372031494,
    0.4094915062380424,
    0.44984326689694454,
    0.49417133613238345,
    0.5428675439323859,
    0.5963623316594643,
    0.6551285568595507,
    0.7196856730011519,
    0.7906043210907697,
    0.8685113737513525,
    0.9540954763499939,
    1.0481131341546859,
    1.151395399326447,
    1.2648552168552958,
    1.3894954943731375,
    1.5264179671752334,
    1.6768329368110073,
    1.8420699693267153,
    2.0235896477251565,
    2.2229964825261943,
    2.442053094548651,
    2.6826957952797246,
    2.9470517025518097,
    3.2374575428176433,
    3.5564803062231283,
    3.9069399370546147,
    4.291934260128776,
    4.714866363457392,
    5.17947467923121,
    5.689866029018296,
    6.250551925273969,
    6.866488450042998,
    7.543120063354615,
    8.286427728546842,
    9.102981779915218,
    10.0
  ],
  "gamma_max": [
    0.8168158916157522,
    0.805980354405497,
    0.7927981776520224,
    0.7767319785121614,
    0.7571063692039326,
    0.7330645214958552,
    0.7035065981753366,
    0.6669998828146542,
    0.6216430803809051,
    0.5648533457958915,
    0.4930171335886777,
    0.4008889394907572,
    0.28049132460855764,
    0.11884215066348407,
    -0.11011570773934913,
    -0.4437628174484383,
    -0.3117930391739678,
    -0.17914612640102784,
    -0.059598084367234905,
    0.047455649896617755,
    0.1444282041778056,
    0.23293793988345246,
    0.3135634813229911,
    0.38601468534638667,
    0.4492726625322787,
    0.5016453209992894,
    0.5407486291546035,
    0.5634267727229062,
    0.5656245362699172,
    0.5422367189695932,
    0.4869919633559376,
    0.39249804635866087,
    0.2507053794379936,
    0.05420641509133484,
    -0.20143930349819808,
    -0.5155451415667296,
    -0.6201006576866926,
    -0.84661806517319,
    -1.2309392651131057,
    -1.8104019936378979,
    -2.521079256739057,
    -2.9305837506115284,
    -3.4765094319142316,
    -4.187190195899525,
    -5.093512682661158,
    -6.231212809702962,
    -7.642960297990817,
    -9.380365043523618,
    -11.506103505410907,
    -14.09634190447683
  ],
  "omega_max": [
    1.0632066390851276e-13,
    -4.521479913771031e-14,
    -7.564809269817843e-14,
    1.1331356909849228e-13,
    -1.486314078315399e-14,
    3.3722301394122527e-13,
    -1.6644555745262307e-13,
    1.1074447951943349e-14,
    -2.0535492046352053e-12,
    -1.6009070590568277e-13,
    4.222820366133692e-13,
    2.0784392215314417e-13,
    2.166541531217059e-13,
    -2.281553436364073e-12,
    1.907861777380564e-12,
    -0.15195007916686237,
    1.677440047033295,
    -1.7800358761076815,
    -1.8994949429805303,
    2.025748458702965,
    -2.15345543096765,
    -2.2796365248222323,
    2.4021532786995876,
    -2.5190315112973685,
    -2.6281778287058217,
    2.7272770177105174,
    -2.8137959899060703,
    -2.885080634546944,
    -2.9385627269771715,
    -2.97211564716745,
    -2.984618831674842,
    -2.9768161910731252,
    2.952575998954076,
    -2.920601759458237,
    -2.896219137128253,
    -2.508725117642199e-13,
    -4.00969594555054e-13,
    4.087869224475912e-13,
    -9.3376734842743e-14,
    1.3684391815111643e-13,
    -4.751987405130284,
    5.319701703717666,
    5.932832568923812,
    6.6010533665538915,
    -7.330916276902836,
    -8.128967294404514,
    -9.00278911838967,
    9.961406847246627,
    11.015559797927056,
    -12.178078215679474
  ],
  "params": {
    "alpha": -30.0,
    "dT": 0.14285714285714285,
    "dR": 1.0
  },
  "metadata": {
    "shear_max": 2.7061079113109727,
    "vel_net": 1.4721091012859233e-10,
    "resolution": {
      "H": 25,
      "M": 65,
      "Nz": 129,
      "Nth": 128
    },
    "timestamp": "2026-04-13T18:28:14.990748"
  }
}