{
  "k": [
    0.1,
    0.10985411419875583,
    0.12067926406393285,
    0.13257113655901093,
    0.14563484775012436,
    0.15998587196060582,
    0.1757510624854792,
    0.193069772888325,
    0.21209508879201905,
    0.2329951810515372,
    0.2559547922699536,
    0.281176869797423,
    0.3088843596477481,
    0.3393221771895328,
    0.372759372031494,
    0.4094915062380424,
    0.44984326689694454,
    0.49417133613238345,
    0.5428675439323859,
    0.5963623316594643,
    0.6551285568595507,
    0.7196856730011519,
    0.7906043210907697,
    0.8685113737513525,
    0.9540954763499939,
    1.0481131341546859,
    1.151395399326447,
    1.2648552168552958,
    1.3894954943731375,
    1.5264179671752334,
    1.6768329368110073,
    1.8420699693267153,
    2.0235896477251565,
    2.2229964825261943,
    2.442053094548651,
    2.6826957952797246,
    2.9470517025518097,
    3.2374575428176433,
    3.5564803062231283,
    3.9069399370546147,
    4.291934260128776,
    4.714866363457392,
    5.17947467923121,
    5.689866029018296,
    6.250551925273969,
    6.866488450042998,
    7.543120063354615,
    8.286427728546842,
    9.102981779915218,
    10.0
  ],
  "gamma_max": [
    -0.04030220280613738,
    -0.04978596522007111,
    -0.06121457950145961,
    -0.07498408986020534,
    -0.09157104296762482,
    -0.11155017500259964,
    -0.1356185372231497,
    -0.16463248066465955,
    -0.19967570095227036,
    -0.2422198524716059,
    -0.29465149986620776,
    -0.36334549409062467,
    -0.45250979901076005,
    -0.48863091101062767,
    -0.5309065944026392,
    -0.5801984339411485,
    -0.5213729587334792,
    -0.5032224178383847,
    -0.4891951191363097,
    -0.47603406672896403,
    -0.462736139951217,
    -0.3991481649047894,
    -0.23388490086807798,
    -0.07114302129837288,
    0.0862151831337501,
    0.2348861970943494,
    0.3708017569329259,
    0.48867394471786013,
    0.5813933545823717,
    0.639280635542885,
    0.6492667705340383,
    0.5943391493581094,
    0.4544641632366101,
    0.21246208365159697,
    0.4079449353641136,
    0.7237579451115279,
    0.9148149654149242,
    0.8036998518860542,
    0.24931717089271935,
    -0.9605126974787155,
    -1.3829788139475332,
    -1.3966139047151442,
    -1.581171494629598,
    -1.985820885248179,
    -2.6375261384528197,
    -3.5628316155340864,
    -4.795490915766696,
    -6.3775825951329095,
    -8.357117908903566,
    -10.781213669077086
  ],
  "omega_max": [
    -6.6435854144357455e-15,
    2.8859227338250975e-14,
    1.6428230852673655e-14,
    -1.6395858663609524e-14,
    -5.567919042396232e-14,
    1.7897689376640757e-15,
    -3.7260043503863265e-14,
    -7.842292698924965e-14,
    3.048631670973782e-14,
    4.503400803525766e-14,
    -3.3459229261798805e-14,
    -1.172245037559857e-13,
    0.04890556544003177,
    0.07829734556479459,
    -0.07923389462318793,
    -0.026703615591588088,
    1.9870546518763675e-17,
    -9.421916688146498e-15,
    1.2402872066367769e-14,
    4.159514884339662e-15,
    6.9802898417212784e-15,
    4.957849393259224,
    -5.052329249945115,
    -5.146849286910695,
    5.236933903311654,
    -5.317240282420617,
    -5.3816054369659625,
    5.4231362319205,
    -5.434400731019341,
    5.407811976181768,
    5.336367469129872,
    -5.215151409039555,
    -5.044937112744038,
    -4.842213935646863,
    3.715511727377418e-13,
    -1.4574595214847226e-13,
    -3.919448012159724e-13,
    5.063020565065893e-13,
    3.6970660723241067e-13,
    1.5150812104546482e-12,
    -6.863961386061421,
    7.624942821018055,
    8.527672994331821,
    -9.551526480572115,
    -10.685133327294595,
    11.932128958958636,
    13.307549286032497,
    14.83622989581015,
    16.553153863539233,
    18.501498140393302
  ],
  "params": {
    "alpha": -39.0,
    "dT": 0.125,
    "dR": 1.0
  },
  "metadata": {
    "shear_max": 5.141230578888062,
    "vel_net": 3.441691376337985e-14,
    "resolution": {
      "H": 25,
      "M": 65,
      "Nz": 129,
      "Nth": 128
    },
    "timestamp": "2026-04-15T18:22:20.941897"
  }
}