{
  "k": [
    0.1,
    0.10985411419875583,
    0.12067926406393285,
    0.13257113655901093,
    0.14563484775012436,
    0.15998587196060582,
    0.1757510624854792,
    0.193069772888325,
    0.21209508879201905,
    0.2329951810515372,
    0.2559547922699536,
    0.281176869797423,
    0.3088843596477481,
    0.3393221771895328,
    0.372759372031494,
    0.4094915062380424,
    0.44984326689694454,
    0.49417133613238345,
    0.5428675439323859,
    0.5963623316594643,
    0.6551285568595507,
    0.7196856730011519,
    0.7906043210907697,
    0.8685113737513525,
    0.9540954763499939,
    1.0481131341546859,
    1.151395399326447,
    1.2648552168552958,
    1.3894954943731375,
    1.5264179671752334,
    1.6768329368110073,
    1.8420699693267153,
    2.0235896477251565,
    2.2229964825261943,
    2.442053094548651,
    2.6826957952797246,
    2.9470517025518097,
    3.2374575428176433,
    3.5564803062231283,
    3.9069399370546147,
    4.291934260128776,
    4.714866363457392,
    5.17947467923121,
    5.689866029018296,
    6.250551925273969,
    6.866488450042998,
    7.543120063354615,
    8.286427728546842,
    9.102981779915218,
    10.0
  ],
  "gamma_max": [
    0.25746978819718713,
    0.24381974705358342,
    0.2273242153168913,
    0.20738455425368224,
    0.1832736019457169,
    0.15410657337010422,
    0.11880399016960642,
    0.07604250970090226,
    0.02418420761516883,
    -0.038841639254249126,
    -0.11578993563182925,
    -0.21084128202228136,
    -0.3331173880986029,
    -0.5359885170473391,
    -0.6023610813042084,
    -0.6792074142268028,
    -0.7676019802066422,
    -0.8228439775399016,
    -0.6493814195432924,
    -0.474780093075313,
    -0.30204831754131073,
    -0.13366817918861024,
    0.028264872226900755,
    0.18176841011414668,
    0.32466634472270406,
    0.4542814867254852,
    0.5671114541429795,
    0.6584535726882778,
    0.721947411065631,
    0.7490249589745934,
    0.7283080112973201,
    0.6451099204350194,
    0.48152901580737073,
    0.21862481451479507,
    -0.1554421433542207,
    -0.20716275922934724,
    -0.20865655690217108,
    -0.46733196532089305,
    -1.100501726889601,
    -2.177210760676819,
    -2.846547617411087,
    -3.2104970747623436,
    -3.800096693618606,
    -4.662997722684284,
    -5.838049249585595,
    -7.36967225161884,
    -9.313448768673044,
    -11.739108986588684,
    -14.733173192805602,
    -18.4015803899545
  ],
  "omega_max": [
    -7.408347958757845e-13,
    6.433304125109782e-13,
    -2.497284014695711e-13,
    6.615260984972267e-13,
    -5.208246101718976e-13,
    2.8497170100332133e-13,
    1.0494019619919904e-12,
    -9.722730036717099e-14,
    -9.938431863065805e-15,
    5.49008947894284e-13,
    -1.8259937500414104e-12,
    1.2368661804336016e-12,
    -2.0722420329649642e-14,
    0.06163905001055615,
    -0.1539448350440539,
    0.18444794878896473,
    -0.17095722321886683,
    3.975774888620732,
    -4.06131210473303,
    -4.160220014661947,
    4.269770047838511,
    -4.3864382163893225,
    -4.506190453513771,
    4.62461400331838,
    -4.736924816013826,
    4.837923088179391,
    4.921966343755299,
    -4.983019960608276,
    5.014845477159376,
    -5.011400470654136,
    -4.967554809246657,
    4.880302855814672,
    4.750853271070196,
    4.588443724855826,
    4.417056642000469,
    4.680249750340773e-13,
    5.901581319381226e-12,
    1.1660558594581338e-11,
    -1.4304911858685841e-11,
    2.574079982420204e-12,
    -6.103816132499152,
    6.877528599151436,
    -7.738890937458383,
    8.686410985820983,
    9.720132603120033,
    10.846321982351098,
    12.076311447780013,
    -13.425654792375393,
    -14.914393697231255,
    16.568677278329645
  ],
  "params": {
    "alpha": -39.0,
    "dT": 0.2,
    "dR": 1.0
  },
  "metadata": {
    "shear_max": 4.600333481483893,
    "vel_net": 7.271960811294775e-15,
    "resolution": {
      "H": 25,
      "M": 65,
      "Nz": 129,
      "Nth": 128
    },
    "timestamp": "2026-04-15T17:23:04.154115"
  }
}