{
  "k": [
    0.1,
    0.10985411419875583,
    0.12067926406393285,
    0.13257113655901093,
    0.14563484775012436,
    0.15998587196060582,
    0.1757510624854792,
    0.193069772888325,
    0.21209508879201905,
    0.2329951810515372,
    0.2559547922699536,
    0.281176869797423,
    0.3088843596477481,
    0.3393221771895328,
    0.372759372031494,
    0.4094915062380424,
    0.44984326689694454,
    0.49417133613238345,
    0.5428675439323859,
    0.5963623316594643,
    0.6551285568595507,
    0.7196856730011519,
    0.7906043210907697,
    0.8685113737513525,
    0.9540954763499939,
    1.0481131341546859,
    1.151395399326447,
    1.2648552168552958,
    1.3894954943731375,
    1.5264179671752334,
    1.6768329368110073,
    1.8420699693267153,
    2.0235896477251565,
    2.2229964825261943,
    2.442053094548651,
    2.6826957952797246,
    2.9470517025518097,
    3.2374575428176433,
    3.5564803062231283,
    3.9069399370546147,
    4.291934260128776,
    4.714866363457392,
    5.17947467923121,
    5.689866029018296,
    6.250551925273969,
    6.866488450042998,
    7.543120063354615,
    8.286427728546842,
    9.102981779915218,
    10.0
  ],
  "gamma_max": [
    -2.574868946910759,
    -2.57102746471249,
    -2.567043446453194,
    -2.5629540818291217,
    -2.5588115860042473,
    -2.554687256394467,
    -2.550676519857615,
    -2.5469051988237728,
    -2.543537271509639,
    -2.5407844532589694,
    -2.5389179824090613,
    -2.506136326574528,
    -2.4243903482717304,
    -2.337677088747715,
    -2.2462403089964544,
    -2.150509122310149,
    -2.0511445485607536,
    -1.949092575566467,
    -1.8456434345378143,
    -1.742496483654331,
    -1.6418298591136937,
    -1.5463739087558441,
    -1.459487403793654,
    -1.3852356395798107,
    -1.3284698709508465,
    -1.2949084145705267,
    -1.2912220750403491,
    -1.3251320013420524,
    -1.4055391755407065,
    -1.5427238955635008,
    -1.147462777525252,
    -0.7704859708725624,
    -0.46269246251813734,
    -0.27091674176040464,
    -0.2502013197564904,
    -0.46200134493395484,
    -0.9728033199810653,
    -1.853441676668142,
    -3.1797077296435483,
    -5.034597639420567,
    -7.512063920350597,
    -10.721739103181186,
    -14.793789769873475,
    -19.88248181462833,
    -26.165718766256976,
    -33.8372409049303,
    -43.099261375461424,
    -54.192659684202425,
    -67.4709824264167,
    -83.43434315113672
  ],
  "omega_max": [
    1.685143037276913,
    1.7120355985274893,
    1.741666665302815,
    1.7743219709446343,
    1.8103179101970353,
    1.8500048253418506,
    1.893770586662717,
    1.9420444609970886,
    1.9953012441310647,
    2.0540656047756136,
    2.1189165493192874,
    7.4857609183717075,
    7.586274701642469,
    7.697271100177838,
    7.819757911782159,
    7.95479607402329,
    8.10348822501153,
    8.266964171226986,
    8.446364533357906,
    8.642825039099232,
    8.857465329411614,
    9.09138744550684,
    9.345689802431654,
    9.621501606708938,
    9.920039291317673,
    10.24267963044999,
    10.591033224024034,
    10.966987721496432,
    11.372675298474883,
    11.810309464203593,
    10.235114517339614,
    10.66781922200243,
    11.177268535225693,
    11.774867555917996,
    12.470142746377238,
    13.271678743692556,
    14.187891180945957,
    15.227694428442717,
    16.401259271248097,
    17.720975381419613,
    19.202743279048153,
    20.867834042087132,
    22.74570097829103,
    24.878091732900394,
    27.323637645828406,
    30.156866489722887,
    33.44642786801482,
    37.21616114507896,
    41.454345987174136,
    46.19046969621381
  ],
  "params": {
    "alpha": -54.0,
    "dT": 0.875,
    "dR": 1.0
  },
  "metadata": {
    "shear_max": 7.486401935520732,
    "vel_net": 3.151299887625522,
    "resolution": {
      "H": 25,
      "M": 65,
      "Nz": 129,
      "Nth": 128
    },
    "timestamp": "2026-04-16T17:42:58.975689"
  }
}