{
  "k": [
    0.1,
    0.10985411419875583,
    0.12067926406393285,
    0.13257113655901093,
    0.14563484775012436,
    0.15998587196060582,
    0.1757510624854792,
    0.193069772888325,
    0.21209508879201905,
    0.2329951810515372,
    0.2559547922699536,
    0.281176869797423,
    0.3088843596477481,
    0.3393221771895328,
    0.372759372031494,
    0.4094915062380424,
    0.44984326689694454,
    0.49417133613238345,
    0.5428675439323859,
    0.5963623316594643,
    0.6551285568595507,
    0.7196856730011519,
    0.7906043210907697,
    0.8685113737513525,
    0.9540954763499939,
    1.0481131341546859,
    1.151395399326447,
    1.2648552168552958,
    1.3894954943731375,
    1.5264179671752334,
    1.6768329368110073,
    1.8420699693267153,
    2.0235896477251565,
    2.2229964825261943,
    2.442053094548651,
    2.6826957952797246,
    2.9470517025518097,
    3.2374575428176433,
    3.5564803062231283,
    3.9069399370546147,
    4.291934260128776,
    4.714866363457392,
    5.17947467923121,
    5.689866029018296,
    6.250551925273969,
    6.866488450042998,
    7.543120063354615,
    8.286427728546842,
    9.102981779915218,
    10.0
  ],
  "gamma_max": [
    2.263293559691946,
    2.260829910621785,
    2.2578582673522423,
    2.2542742424459563,
    2.249952157699184,
    2.2447407709754597,
    2.238458175631718,
    2.2308857235572184,
    2.2217608014955195,
    2.210768265986714,
    2.1975303165579083,
    2.1815945582833987,
    2.1624199735082943,
    2.1393604850611965,
    2.1116457449831794,
    2.0783587134329298,
    2.038409488247855,
    1.9905046748739437,
    1.9331113230582793,
    1.8644140443061223,
    1.782263315176708,
    1.6841121180838166,
    1.56693694983825,
    1.4271378476661314,
    1.2604105152870577,
    1.0615819221318912,
    0.8243988855513521,
    0.5412567504527399,
    0.20285135776892882,
    -0.20227036452743624,
    -0.6883030239493998,
    -1.2730004969282918,
    -1.978903924141081,
    -2.8354789928880724,
    -3.8838974601124017,
    -4.893350390646565,
    -6.090360021362339,
    -7.653444086801889,
    -9.691001669737686,
    -12.527388355077251,
    -15.254961049203402,
    -18.569923673948225,
    -22.589196149731276,
    -27.45447721412256,
    -33.33736430330299,
    -40.445459247080464,
    -49.02970106105983,
    -59.39320701328165,
    -71.90195049927071,
    -86.99766359750906
  ],
  "omega_max": [
    -1.9447036645867246e-13,
    -6.673682799543784e-13,
    -2.843924777338269e-13,
    -2.1191682905522224e-13,
    -4.051826384082768e-13,
    -1.2562640389818677e-13,
    7.430332228686043e-13,
    2.2676107386257632e-13,
    -5.619859078070602e-13,
    1.3372477626855906e-13,
    -1.2133493407929007e-13,
    1.9352072536915407e-15,
    -2.2152424394892119e-13,
    1.0820355132691206e-12,
    -4.1506215344061876e-13,
    -5.270315112594114e-13,
    7.776694150220041e-13,
    -6.923317430999763e-15,
    1.1137785612794232e-12,
    4.4367746768351977e-13,
    9.813476275849391e-14,
    -1.409892296452516e-13,
    2.356910135758923e-13,
    3.0371283637774895e-13,
    -1.8459498902294657e-14,
    -2.1393347326019412e-13,
    -3.0780508444968794e-14,
    -1.7952719930979863e-13,
    3.020347351934648e-14,
    -2.536012722887075e-14,
    1.9122559589090483e-15,
    -5.401786514468714e-14,
    -1.932640491700602e-14,
    2.4979598243264766e-13,
    1.0662646883546258e-12,
    -1.5029161127960477e-12,
    -4.988040279280764e-13,
    4.364429416576377e-12,
    -2.017569648650535e-12,
    -0.35481673471101755,
    -0.909520218929798,
    1.3337231796291797,
    1.738825613000514,
    -2.148480482771528,
    -2.574143179215673,
    3.0238408960703542,
    -3.5044958667826362,
    4.022781421602653,
    -4.585523034759535,
    5.199933906015084
  ],
  "params": {
    "alpha": -34.0,
    "dT": 0.875,
    "dR": 1.0
  },
  "metadata": {
    "shear_max": 1.0805086480991283e-08,
    "vel_net": 1.7004183168474238e-13,
    "resolution": {
      "H": 25,
      "M": 65,
      "Nz": 129,
      "Nth": 128
    },
    "timestamp": "2026-04-13T13:46:55.309398"
  }
}