{
  "k": [
    0.1,
    0.10985411419875583,
    0.12067926406393285,
    0.13257113655901093,
    0.14563484775012436,
    0.15998587196060582,
    0.1757510624854792,
    0.193069772888325,
    0.21209508879201905,
    0.2329951810515372,
    0.2559547922699536,
    0.281176869797423,
    0.3088843596477481,
    0.3393221771895328,
    0.372759372031494,
    0.4094915062380424,
    0.44984326689694454,
    0.49417133613238345,
    0.5428675439323859,
    0.5963623316594643,
    0.6551285568595507,
    0.7196856730011519,
    0.7906043210907697,
    0.8685113737513525,
    0.9540954763499939,
    1.0481131341546859,
    1.151395399326447,
    1.2648552168552958,
    1.3894954943731375,
    1.5264179671752334,
    1.6768329368110073,
    1.8420699693267153,
    2.0235896477251565,
    2.2229964825261943,
    2.442053094548651,
    2.6826957952797246,
    2.9470517025518097,
    3.2374575428176433,
    3.5564803062231283,
    3.9069399370546147,
    4.291934260128776,
    4.714866363457392,
    5.17947467923121,
    5.689866029018296,
    6.250551925273969,
    6.866488450042998,
    7.543120063354615,
    8.286427728546842,
    9.102981779915218,
    10.0
  ],
  "gamma_max": [
    -1.0184827296961045,
    -1.0120224554324757,
    -1.0055230902321302,
    -0.9990608670117537,
    -0.9927268613652466,
    -0.9866299893308167,
    -0.980901043307067,
    -0.9756981108571708,
    -0.9712138914954093,
    -0.9676856787603061,
    -0.9654092463320683,
    -0.9647587282594761,
    -0.9662161646156561,
    -0.970417618275309,
    -0.9782298696579119,
    -0.9908891424154229,
    -1.010282873412097,
    -1.039628758586163,
    -1.085648033110604,
    -1.0780858312735917,
    -1.00823055440705,
    -0.9380101286188232,
    -0.8685176497004147,
    -0.8010783567617136,
    -0.737273478104954,
    -0.6789608841748194,
    -0.6282913868848515,
    -0.5877220675134467,
    -0.5600330078638749,
    -0.548361541413551,
    -0.5562774759955389,
    -0.5879294366689553,
    -0.5754246380370781,
    -0.5390132016372219,
    -0.5453653051030388,
    -0.6091886035064518,
    -0.7462934776509499,
    -0.9726843749955238,
    -1.3021618733908957,
    -1.738350005956154,
    -2.259602037389669,
    -2.832984226564543,
    -3.469652709486411,
    -4.21451527680326,
    -5.111664517895269,
    -6.200730537028306,
    -7.521748036818616,
    -9.11893829962912,
    -11.043616934383259,
    -13.357176923576915
  ],
  "omega_max": [
    0.14705530308558246,
    0.1432905507919134,
    0.1392980476206528,
    0.13504352459530583,
    0.13048726743628758,
    0.12558441455575528,
    0.12028546842257715,
    0.11453706141708789,
    0.10828305128523609,
    0.10146612293642332,
    0.09403022041361095,
    0.08592439250090489,
    0.07710917701153745,
    0.06756771213014848,
    0.057326118092000965,
    0.04649329527847053,
    0.03534514793100732,
    0.02452336014496991,
    0.01557361810157634,
    -3.2533670327037543,
    -3.360136103491839,
    -3.4740696761435963,
    -3.5954019987414823,
    -3.7244160491231644,
    -3.8614885939239594,
    -4.007142895572473,
    -4.162101479592711,
    -4.327325802041541,
    -4.504024203465258,
    -4.693606214089817,
    -4.8975623292473065,
    -5.117254566444082,
    -4.836746606072859,
    -5.166667897430997,
    -5.543048419716715,
    -5.975363744217946,
    -6.4747780471189085,
    -7.055924771323886,
    -7.740054438275698,
    -8.557549973590097,
    -9.535842768357927,
    -10.662539478329776,
    -11.898908350505508,
    -13.2330941613643,
    -14.677043211711684,
    -16.250233844689213,
    -17.973980019762536,
    -19.870153306807225,
    -21.960793587911006,
    -24.267948125377316
  ],
  "params": {
    "alpha": -25.0,
    "dT": 0.125,
    "dR": 1.0
  },
  "metadata": {
    "shear_max": 3.052056672228173,
    "vel_net": 1.2546280820534874,
    "resolution": {
      "H": 25,
      "M": 65,
      "Nz": 129,
      "Nth": 128
    },
    "timestamp": "2026-04-13T15:19:44.902669"
  }
}