{
  "k": [
    0.1,
    0.10985411419875583,
    0.12067926406393285,
    0.13257113655901093,
    0.14563484775012436,
    0.15998587196060582,
    0.1757510624854792,
    0.193069772888325,
    0.21209508879201905,
    0.2329951810515372,
    0.2559547922699536,
    0.281176869797423,
    0.3088843596477481,
    0.3393221771895328,
    0.372759372031494,
    0.4094915062380424,
    0.44984326689694454,
    0.49417133613238345,
    0.5428675439323859,
    0.5963623316594643,
    0.6551285568595507,
    0.7196856730011519,
    0.7906043210907697,
    0.8685113737513525,
    0.9540954763499939,
    1.0481131341546859,
    1.151395399326447,
    1.2648552168552958,
    1.3894954943731375,
    1.5264179671752334,
    1.6768329368110073,
    1.8420699693267153,
    2.0235896477251565,
    2.2229964825261943,
    2.442053094548651,
    2.6826957952797246,
    2.9470517025518097,
    3.2374575428176433,
    3.5564803062231283,
    3.9069399370546147,
    4.291934260128776,
    4.714866363457392,
    5.17947467923121,
    5.689866029018296,
    6.250551925273969,
    6.866488450042998,
    7.543120063354615,
    8.286427728546842,
    9.102981779915218,
    10.0
  ],
  "gamma_max": [
    0.7076241671856718,
    0.689383492737931,
    0.6673088777858908,
    0.6405801752502434,
    0.6081959771105521,
    0.5689315165539947,
    0.5212863689777292,
    0.46341962474219617,
    0.39306976099000107,
    0.3074551736737581,
    0.20314528745048874,
    0.07586185032229413,
    -0.07998692775679392,
    -0.2732077331269929,
    -0.5319634425913167,
    -0.7969210086782476,
    -0.9285847359116798,
    -0.7502829456766335,
    -0.5225480141717906,
    -0.29704359053572027,
    -0.07804146923955725,
    0.13169662827263354,
    0.3302503676046046,
    0.5158606753143055,
    0.6863996474157747,
    0.8389487248494368,
    0.9693900780078942,
    1.0719220720792904,
    1.1384262519551602,
    1.1576282158015827,
    1.1140050854864776,
    0.9863966815312635,
    0.7463370887415114,
    0.3568128009592079,
    -0.22294359493017218,
    -0.6577895962553378,
    -0.5154969178848915,
    -0.8212913243818156,
    -1.8050127218496392,
    -3.65763474665428,
    -4.164756143440191,
    -4.815008216619803,
    -5.871113222346795,
    -7.376376079229027,
    -9.38085150856994,
    -11.953853948699683,
    -15.185050477999914,
    -19.186340760369337,
    -24.09573746541099,
    -30.08324145815369
  ],
  "omega_max": [
    6.414247712059159e-15,
    2.6443081618372045e-13,
    5.1635885697096166e-15,
    -4.562250814933406e-13,
    1.1058044396177524e-13,
    7.10494692485653e-14,
    4.5863737709919066e-14,
    7.473087071507232e-13,
    9.071091995137342e-13,
    -8.79705439742495e-14,
    3.4460634337742015e-13,
    5.774074583584452e-13,
    -4.0943399469353483e-13,
    -1.6265394730350881e-13,
    -7.358647168850132e-13,
    0.18720923632321593,
    0.2557618245371022,
    -4.637173927805038,
    4.744025175464562,
    -4.8711217056582035,
    5.01314647443895,
    -5.164154752209204,
    -5.318119306567816,
    -5.468982290322091,
    -5.610479557758092,
    -5.735930464835445,
    -5.8380933789086775,
    -5.90914366333531,
    -5.940826551812328,
    -5.924854537764718,
    5.85365688277987,
    -5.721692006385726,
    -5.527892308109556,
    -5.281031218748265,
    -5.012592286199363,
    -1.5648655102524408e-11,
    -1.6001061813337614e-11,
    9.774934946627644e-12,
    1.0642107875520082e-10,
    -1.570626954508673e-11,
    -5.926367681130308,
    -6.839090045888966,
    7.861203730771793,
    -8.950750441937384,
    10.10868756880524,
    -11.349017465902051,
    -12.69076222478532,
    14.155414055200465,
    15.76597117714935,
    17.547260674554643
  ],
  "params": {
    "alpha": -47.5,
    "dT": 0.3333333333333333,
    "dR": 1.0
  },
  "metadata": {
    "shear_max": 5.431266439014321,
    "vel_net": 1.0941837795667305e-12,
    "resolution": {
      "H": 20,
      "M": 49,
      "Nz": 97,
      "Nth": 96
    },
    "timestamp": "2026-02-14T04:30:16.946269"
  }
}