{
  "k": [
    0.1,
    0.10985411419875583,
    0.12067926406393285,
    0.13257113655901093,
    0.14563484775012436,
    0.15998587196060582,
    0.1757510624854792,
    0.193069772888325,
    0.21209508879201905,
    0.2329951810515372,
    0.2559547922699536,
    0.281176869797423,
    0.3088843596477481,
    0.3393221771895328,
    0.372759372031494,
    0.4094915062380424,
    0.44984326689694454,
    0.49417133613238345,
    0.5428675439323859,
    0.5963623316594643,
    0.6551285568595507,
    0.7196856730011519,
    0.7906043210907697,
    0.8685113737513525,
    0.9540954763499939,
    1.0481131341546859,
    1.151395399326447,
    1.2648552168552958,
    1.3894954943731375,
    1.5264179671752334,
    1.6768329368110073,
    1.8420699693267153,
    2.0235896477251565,
    2.2229964825261943,
    2.442053094548651,
    2.6826957952797246,
    2.9470517025518097,
    3.2374575428176433,
    3.5564803062231283,
    3.9069399370546147,
    4.291934260128776,
    4.714866363457392,
    5.17947467923121,
    5.689866029018296,
    6.250551925273969,
    6.866488450042998,
    7.543120063354615,
    8.286427728546842,
    9.102981779915218,
    10.0
  ],
  "gamma_max": [
    -0.9284214829467086,
    -0.9239785059337456,
    -0.9194469896323841,
    -0.9148909356642576,
    -0.9103929016339563,
    -0.9060575390166148,
    -0.9020160132190292,
    -0.8984317835266407,
    -0.8955084518409119,
    -0.8935008108386927,
    -0.8927309634913382,
    -0.8936127281532813,
    -0.8966902868719931,
    -0.9027030127601795,
    -0.9127026989761541,
    -0.928288156829167,
    -0.9521453499893164,
    -0.9771302066529816,
    -0.9335168245976314,
    -0.8881160610207591,
    -0.8416182440891302,
    -0.7948699534192695,
    -0.7488966161004922,
    -0.7049217649655704,
    -0.664380821829585,
    -0.6289274451865082,
    -0.600431410436837,
    -0.5809694671198943,
    -0.5728156635393531,
    -0.5784461434057098,
    -0.6005850247143498,
    -0.6140946085658293,
    -0.5838943324884299,
    -0.5782770114534682,
    -0.6064005442332995,
    -0.6782885795056379,
    -0.8043503488398464,
    -0.9948648396279158,
    -1.2589451172843618,
    -1.6011228394142811,
    -2.0135798507795046,
    -2.4779175819373833,
    -2.996667328822809,
    -3.6010436402170916,
    -4.327204294218056,
    -5.208610708815537,
    -6.278699926640348,
    -7.573881349736349,
    -9.135841820738131,
    -11.013866834760803
  ],
  "omega_max": [
    0.18625759213148357,
    0.18237672332497973,
    0.17831191889990816,
    0.17406054747990082,
    0.16961814781899062,
    0.1649779151060787,
    0.16013038446966155,
    0.15506341513886612,
    0.14976260778980452,
    0.1442123062212929,
    0.13839736193390711,
    0.1323059338490511,
    0.1259337003226332,
    0.11928986131525916,
    0.1124045471715281,
    0.10533184119580041,
    0.09810884886351724,
    -2.382418660900937,
    -2.4706729718956835,
    -2.564512357056017,
    -2.664121523738976,
    -2.769705377368024,
    -2.8815129734231175,
    -2.9998738539936625,
    -3.1252461284746555,
    -3.258272881640695,
    -3.3998392852059776,
    -3.551117562625685,
    -3.713581933799562,
    -3.8889731727871317,
    -4.079195872052237,
    -3.8772323883594737,
    -4.13801427447866,
    -4.4337104265142875,
    -4.771392655774411,
    -5.159028267015034,
    -5.6056567683704035,
    -6.122054184620653,
    -6.722126355101145,
    -7.424410188268616,
    -8.247891720565274,
    -9.192602762613205,
    -10.235816461608106,
    -11.36568756715691,
    -12.589741797198089,
    -13.923786702396933,
    -15.386136294622029,
    -16.996074356000822,
    -18.773373929949535,
    -20.737975480163122
  ],
  "params": {
    "alpha": -23.0,
    "dT": 0.1,
    "dR": 1.0
  },
  "metadata": {
    "shear_max": 2.531402205696932,
    "vel_net": 1.0206909550609298,
    "resolution": {
      "H": 25,
      "M": 65,
      "Nz": 129,
      "Nth": 128
    },
    "timestamp": "2026-04-13T14:21:47.141115"
  }
}