{
  "k": [
    0.1,
    0.10985411419875583,
    0.12067926406393285,
    0.13257113655901093,
    0.14563484775012436,
    0.15998587196060582,
    0.1757510624854792,
    0.193069772888325,
    0.21209508879201905,
    0.2329951810515372,
    0.2559547922699536,
    0.281176869797423,
    0.3088843596477481,
    0.3393221771895328,
    0.372759372031494,
    0.4094915062380424,
    0.44984326689694454,
    0.49417133613238345,
    0.5428675439323859,
    0.5963623316594643,
    0.6551285568595507,
    0.7196856730011519,
    0.7906043210907697,
    0.8685113737513525,
    0.9540954763499939,
    1.0481131341546859,
    1.151395399326447,
    1.2648552168552958,
    1.3894954943731375,
    1.5264179671752334,
    1.6768329368110073,
    1.8420699693267153,
    2.0235896477251565,
    2.2229964825261943,
    2.442053094548651,
    2.6826957952797246,
    2.9470517025518097,
    3.2374575428176433,
    3.5564803062231283,
    3.9069399370546147,
    4.291934260128776,
    4.714866363457392,
    5.17947467923121,
    5.689866029018296,
    6.250551925273969,
    6.866488450042998,
    7.543120063354615,
    8.286427728546842,
    9.102981779915218,
    10.0
  ],
  "gamma_max": [
    -2.0646209260123882,
    -2.0669799930417034,
    -2.0698243285793074,
    -2.07325312647145,
    -2.077385577856766,
    -2.0823647805437493,
    -2.08836236066143,
    -2.0955839151735636,
    -2.104275392413204,
    -2.1147305348368253,
    -2.12729951368975,
    -2.1423988913419025,
    -2.1605230605431007,
    -2.1822573458456893,
    -2.199218104491514,
    -2.1067936871846844,
    -2.0097065237614,
    -1.9085335536323533,
    -1.8041177077517687,
    -1.6976228167164709,
    -1.5905936249982915,
    -1.485020291518564,
    -1.3834066488477346,
    -1.288841434019524,
    -1.2050717924706347,
    -1.136578965335812,
    -1.0886580731488862,
    -1.0675088309305438,
    -1.080353655823278,
    -1.135614696533437,
    -1.017908296309188,
    -0.6603830761737111,
    -0.3536724063397378,
    -0.13681599876996683,
    -0.05536346435491482,
    -0.15965617089500567,
    -0.5037364143667,
    -1.144858481647977,
    -2.144038684861303,
    -3.5679425443287895,
    -5.49198280785051,
    -8.00408933312073,
    -11.208131458992197,
    -15.224938760925696,
    -20.187165539785788,
    -26.227753912535395,
    -33.4875109902929,
    -42.17356385232813,
    -52.58357211516702,
    -64.92722184631802
  ],
  "omega_max": [
    0.17483404113532777,
    0.1921309374041658,
    0.21115480595417946,
    0.2320832684190012,
    0.2551139351456574,
    0.2804672196453607,
    0.30838972124899305,
    0.33915833625401154,
    0.3730853074396184,
    0.41052448926608565,
    0.4518791903413508,
    0.4976120630474255,
    0.5482576224949375,
    0.6044380972411281,
    7.148135473776321,
    7.268326471058963,
    7.400737714917703,
    7.546400349992516,
    7.706359053594265,
    7.8816564264814035,
    8.07331992400574,
    8.282355453448142,
    8.509752377933577,
    8.75650404273269,
    9.02364517856214,
    9.312301770661625,
    9.623739879536707,
    9.959388327062575,
    10.320799090604517,
    10.709504179514797,
    9.200336567379042,
    9.600042908750115,
    10.071945423650126,
    10.626735558282371,
    11.272850069426966,
    12.017702408720536,
    12.868633826315534,
    13.833653455361853,
    14.922240864878066,
    16.146382209331737,
    17.52202041688408,
    19.071241679966402,
    20.825681410348768,
    22.83134455511695,
    25.152285291683548,
    27.861720497491284,
    31.009747526952072,
    34.6169176404428,
    38.76253230283466,
    43.61550677103015
  ],
  "params": {
    "alpha": -48.0,
    "dT": 0.6666666666666666,
    "dR": 1.0
  },
  "metadata": {
    "shear_max": 6.723247591239291,
    "vel_net": 2.852400019040286,
    "resolution": {
      "H": 25,
      "M": 65,
      "Nz": 129,
      "Nth": 128
    },
    "timestamp": "2026-04-15T17:06:52.837617"
  }
}