{
  "k": [
    0.1,
    0.10985411419875583,
    0.12067926406393285,
    0.13257113655901093,
    0.14563484775012436,
    0.15998587196060582,
    0.1757510624854792,
    0.193069772888325,
    0.21209508879201905,
    0.2329951810515372,
    0.2559547922699536,
    0.281176869797423,
    0.3088843596477481,
    0.3393221771895328,
    0.372759372031494,
    0.4094915062380424,
    0.44984326689694454,
    0.49417133613238345,
    0.5428675439323859,
    0.5963623316594643,
    0.6551285568595507,
    0.7196856730011519,
    0.7906043210907697,
    0.8685113737513525,
    0.9540954763499939,
    1.0481131341546859,
    1.151395399326447,
    1.2648552168552958,
    1.3894954943731375,
    1.5264179671752334,
    1.6768329368110073,
    1.8420699693267153,
    2.0235896477251565,
    2.2229964825261943,
    2.442053094548651,
    2.6826957952797246,
    2.9470517025518097,
    3.2374575428176433,
    3.5564803062231283,
    3.9069399370546147,
    4.291934260128776,
    4.714866363457392,
    5.17947467923121,
    5.689866029018296,
    6.250551925273969,
    6.866488450042998,
    7.543120063354615,
    8.286427728546842,
    9.102981779915218,
    10.0
  ],
  "gamma_max": [
    0.0037236397146437686,
    -0.0035388968820640626,
    -0.01227015095368529,
    -0.022758809258791864,
    -0.035346410978486294,
    -0.05043509462250956,
    -0.06849533953322356,
    -0.09007265154909556,
    -0.11579079561071993,
    -0.14634551402319837,
    -0.1824708544448809,
    -0.2248135666722727,
    -0.2734130957481596,
    -0.3249080806834973,
    -0.3614940198359933,
    -0.3719856798984637,
    -0.37304090053266775,
    -0.37138301570353804,
    -0.36868585969715095,
    -0.36562260615787556,
    -0.36266765445973437,
    -0.3603165421816909,
    -0.35918327831594093,
    -0.36006735285384006,
    -0.2096963650958218,
    0.020518611843519597,
    0.24233497467245857,
    0.445846947880826,
    0.6153524113993879,
    0.7251256609380536,
    0.7315628340808176,
    0.5587622242308897,
    0.3353387201286157,
    2.1520499701515794,
    3.9566611536287213,
    5.3874303883438275,
    6.386715281919922,
    6.941620439770063,
    7.012990883850627,
    6.523083967018451,
    5.350449698793417,
    3.3890086062159526,
    1.2681860308657038,
    1.753692930713815,
    1.8214557109872676,
    1.4788592322239902,
    0.7217762839343402,
    -0.4824299826037491,
    -2.1837338348496234,
    -4.405481667875032
  ],
  "omega_max": [
    -3.400595494439385e-12,
    1.9584689424479269e-13,
    -3.411427851372382e-13,
    -7.811302722148994e-12,
    2.3756818348761755e-12,
    -2.5696027579764136e-12,
    -2.979436546310342e-13,
    -1.2645396114152736e-12,
    4.086004030571793e-12,
    1.5973338822694596e-13,
    -1.4824275253802114e-12,
    7.210121582303982e-13,
    5.683260405957486e-13,
    9.796999647059753e-13,
    -1.6092533481777827e-13,
    -6.856700098473809e-14,
    1.1961601212680136e-13,
    8.253762098732124e-14,
    -4.496676641505209e-14,
    -2.2198577308931325e-14,
    2.716181435205267e-13,
    -3.1346131892136367e-13,
    -3.140419057235687e-13,
    -1.2479510549254314e-13,
    -8.190829400953092,
    8.285997537861167,
    -8.355052160898678,
    -8.3853395083519,
    8.361920507576441,
    -8.268075864458675,
    8.087210531431854,
    7.80937943951923,
    2.0397017124511658e-11,
    6.247587114780081e-12,
    8.229122644636035e-12,
    5.995006842437449e-13,
    9.617108265479756e-12,
    -4.542590453551198e-12,
    1.6722179305925424e-12,
    -2.120009044349111e-11,
    -6.849456323448769e-12,
    6.522545703208047e-12,
    -11.6573697954895,
    -13.082956116473582,
    14.748836660153094,
    -16.574461841640186,
    -18.556445318106086,
    20.733726300169167,
    23.187516946613048,
    26.05692984465983
  ],
  "params": {
    "alpha": -54.0,
    "dT": 0.1,
    "dR": 1.0
  },
  "metadata": {
    "shear_max": 8.058285949874106,
    "vel_net": 4.638511796883904e-13,
    "resolution": {
      "H": 25,
      "M": 65,
      "Nz": 129,
      "Nth": 128
    },
    "timestamp": "2026-04-16T07:24:18.844706"
  }
}