{
  "k": [
    0.1,
    0.10985411419875583,
    0.12067926406393285,
    0.13257113655901093,
    0.14563484775012436,
    0.15998587196060582,
    0.1757510624854792,
    0.193069772888325,
    0.21209508879201905,
    0.2329951810515372,
    0.2559547922699536,
    0.281176869797423,
    0.3088843596477481,
    0.3393221771895328,
    0.372759372031494,
    0.4094915062380424,
    0.44984326689694454,
    0.49417133613238345,
    0.5428675439323859,
    0.5963623316594643,
    0.6551285568595507,
    0.7196856730011519,
    0.7906043210907697,
    0.8685113737513525,
    0.9540954763499939,
    1.0481131341546859,
    1.151395399326447,
    1.2648552168552958,
    1.3894954943731375,
    1.5264179671752334,
    1.6768329368110073,
    1.8420699693267153,
    2.0235896477251565,
    2.2229964825261943,
    2.442053094548651,
    2.6826957952797246,
    2.9470517025518097,
    3.2374575428176433,
    3.5564803062231283,
    3.9069399370546147,
    4.291934260128776,
    4.714866363457392,
    5.17947467923121,
    5.689866029018296,
    6.250551925273969,
    6.866488450042998,
    7.543120063354615,
    8.286427728546842,
    9.102981779915218,
    10.0
  ],
  "gamma_max": [
    -0.03503054884669754,
    -0.04589195197901207,
    -0.05898767338349192,
    -0.0747765626787334,
    -0.09381317642052238,
    -0.11677062265022119,
    -0.14447317643760788,
    -0.17794904330078684,
    -0.21853262415899893,
    -0.2681161043679904,
    -0.3300073700074075,
    -0.4144874572232265,
    -0.51263542872161,
    -0.5535780338612573,
    -0.6013376964694643,
    -0.6567660098369028,
    -0.6683649252938941,
    -0.6201537265791383,
    -0.5998631313393675,
    -0.5848004732101204,
    -0.5618670756490869,
    -0.3825612693313683,
    -0.2037866346520242,
    -0.028276414371928932,
    0.14099522642081025,
    0.30056545997100614,
    0.4461067980972225,
    0.5719026914859513,
    0.6701415832592706,
    0.7299954063371076,
    0.7364790858168221,
    0.6692328992205534,
    0.5020499509106607,
    0.20698445911669133,
    0.2817406189567279,
    0.672480319887575,
    0.9161041939866309,
    0.7977084787177399,
    0.1545288257145933,
    -1.2519018617896933,
    -2.018133384019088,
    -2.0247343991451037,
    -2.280401463353741,
    -2.836247755696705,
    -3.712987443401236,
    -4.939702232581248,
    -6.559705282889761,
    -8.63061931722278,
    -11.223529406563326,
    -14.418829952189236
  ],
  "omega_max": [
    -3.56567849331221e-14,
    -2.9078664801501866e-14,
    1.0978879864645245e-13,
    6.735489433188095e-14,
    -2.7597217297106843e-14,
    -5.3839648813372437e-14,
    -9.149549836951908e-14,
    -4.228634372998912e-14,
    -4.690982843756841e-14,
    7.413086797116455e-14,
    2.3792259187766114e-14,
    -4.6000080304542546e-14,
    -0.07059075369917486,
    -0.10834085764213457,
    -0.12032380818348806,
    -0.10369272202847706,
    2.8823885194146265e-14,
    8.338559541198688e-15,
    -3.163580131851767e-15,
    1.834253929736971e-15,
    5.2346921450430886,
    5.336688944772211,
    5.4426120275568275,
    -5.5483995312073455,
    -5.649043473066127,
    5.738615658918257,
    5.810300165654954,
    -5.856473345210198,
    -5.868897370446007,
    -5.839124298073138,
    -5.7592715873077545,
    -5.623530263133427,
    5.431488614945843,
    -5.196709639131784,
    5.034986007011108e-13,
    1.7078330304992507e-12,
    -2.633455533178043e-13,
    -1.3216008255887595e-12,
    9.15494967272019e-12,
    1.3202934590662622e-11,
    -6.846757565814753,
    -7.646019806505359,
    -8.615137373656982,
    9.702561208332702,
    10.889579706204625,
    -12.180593490078525,
    -13.592213863650926,
    -15.150147383011255,
    16.890316709282967,
    18.862207582032912
  ],
  "params": {
    "alpha": -42.0,
    "dT": 0.16666666666666666,
    "dR": 1.0
  },
  "metadata": {
    "shear_max": 5.475348200799725,
    "vel_net": 8.770761894538737e-15,
    "resolution": {
      "H": 25,
      "M": 65,
      "Nz": 129,
      "Nth": 128
    },
    "timestamp": "2026-04-15T18:50:05.191259"
  }
}