{
  "k": [
    0.1,
    0.10985411419875583,
    0.12067926406393285,
    0.13257113655901093,
    0.14563484775012436,
    0.15998587196060582,
    0.1757510624854792,
    0.193069772888325,
    0.21209508879201905,
    0.2329951810515372,
    0.2559547922699536,
    0.281176869797423,
    0.3088843596477481,
    0.3393221771895328,
    0.372759372031494,
    0.4094915062380424,
    0.44984326689694454,
    0.49417133613238345,
    0.5428675439323859,
    0.5963623316594643,
    0.6551285568595507,
    0.7196856730011519,
    0.7906043210907697,
    0.8685113737513525,
    0.9540954763499939,
    1.0481131341546859,
    1.151395399326447,
    1.2648552168552958,
    1.3894954943731375,
    1.5264179671752334,
    1.6768329368110073,
    1.8420699693267153,
    2.0235896477251565,
    2.2229964825261943,
    2.442053094548651,
    2.6826957952797246,
    2.9470517025518097,
    3.2374575428176433,
    3.5564803062231283,
    3.9069399370546147,
    4.291934260128776,
    4.714866363457392,
    5.17947467923121,
    5.689866029018296,
    6.250551925273969,
    6.866488450042998,
    7.543120063354615,
    8.286427728546842,
    9.102981779915218,
    10.0
  ],
  "gamma_max": [
    -0.02811994910790017,
    -0.02934491803361068,
    -0.030823870158578567,
    -0.03260964708772398,
    -0.03476617484116044,
    -0.037370836451421634,
    -0.04051737871795619,
    -0.04431948889619411,
    -0.04891522113413202,
    -0.05447251683408792,
    -0.06119616030146161,
    -0.06933666389248747,
    -0.07920182704979341,
    -0.09117214136748822,
    -0.10572198015977917,
    -0.12344995763157397,
    -0.14512474537761247,
    -0.1717589085630387,
    -0.20473824214942915,
    -0.24607435054868698,
    -0.2989781405358707,
    -0.3695043738496573,
    -0.4739888743617065,
    -0.6739123100597272,
    -0.6993136253910346,
    -0.7289972061193118,
    -0.7636563152999601,
    -0.8041336554729757,
    -0.8514694994884647,
    -0.9069584209248719,
    -0.9722121943665264,
    -1.0492277318379781,
    -1.1404617883065857,
    -1.2489169209174813,
    -1.378244382091835,
    -1.5328692688058394,
    -1.6841951098811163,
    -1.8700832668271936,
    -2.106875552444194,
    -2.403404076106629,
    -2.770324501425975,
    -3.2205416401274,
    -3.7696966430093384,
    -4.43672154227077,
    -5.244477953246482,
    -6.22050642238935,
    -7.397921523141659,
    -8.816496582170002,
    -10.523991115011667,
    -12.577781948078702
  ],
  "omega_max": [
    -1.179953362899913e-16,
    -9.358525827378586e-17,
    -2.4541063224338134e-16,
    -2.973502032610913e-17,
    1.0107398979512488e-16,
    -1.1910340606635496e-16,
    4.311097788784975e-17,
    -1.9591228346607732e-16,
    -2.3156966011888607e-16,
    -2.9688002218581697e-16,
    -3.1134551783070976e-17,
    -1.337988230199676e-16,
    1.810573164405953e-16,
    -1.59176699620313e-16,
    -7.310781336165612e-17,
    1.9196842246184436e-17,
    1.2359458438229597e-16,
    6.032852824235429e-16,
    3.8732303390673285e-16,
    1.7344511781508718e-15,
    7.421294607324406e-16,
    -1.1160442860023138e-15,
    -5.401869097449977e-16,
    -0.1160034288929211,
    -0.25910030736363104,
    0.36161208407867484,
    0.4539901782674326,
    -0.5433613191472418,
    -0.6329614958201304,
    -0.7247634497013968,
    0.8202418214857846,
    -0.9206793746355051,
    -1.0273132554076394,
    1.1414113116344904,
    -1.2643141187774656,
    1.3974611270053838,
    -1.488902954565085,
    -1.638242718400012,
    1.8062253037085871,
    -1.9946100940891744,
    2.2052760113773546,
    2.4403848063274474,
    -2.7025047726595557,
    2.9947039049092847,
    -3.320621447659174,
    -3.6845242414932007,
    4.091350749092131,
    -4.546743564047819,
    5.057072825005777,
    5.629459159297301
  ],
  "params": {
    "alpha": -18.0,
    "dT": 0.1111111111111111,
    "dR": 1.0
  },
  "metadata": {
    "shear_max": 5.9668470782999504e-09,
    "vel_net": 2.0679515313825692e-25,
    "resolution": {
      "H": 25,
      "M": 65,
      "Nz": 129,
      "Nth": 128
    },
    "timestamp": "2026-04-13T11:40:24.969695"
  }
}