{
  "k": [
    0.1,
    0.10985411419875583,
    0.12067926406393285,
    0.13257113655901093,
    0.14563484775012436,
    0.15998587196060582,
    0.1757510624854792,
    0.193069772888325,
    0.21209508879201905,
    0.2329951810515372,
    0.2559547922699536,
    0.281176869797423,
    0.3088843596477481,
    0.3393221771895328,
    0.372759372031494,
    0.4094915062380424,
    0.44984326689694454,
    0.49417133613238345,
    0.5428675439323859,
    0.5963623316594643,
    0.6551285568595507,
    0.7196856730011519,
    0.7906043210907697,
    0.8685113737513525,
    0.9540954763499939,
    1.0481131341546859,
    1.151395399326447,
    1.2648552168552958,
    1.3894954943731375,
    1.5264179671752334,
    1.6768329368110073,
    1.8420699693267153,
    2.0235896477251565,
    2.2229964825261943,
    2.442053094548651,
    2.6826957952797246,
    2.9470517025518097,
    3.2374575428176433,
    3.5564803062231283,
    3.9069399370546147,
    4.291934260128776,
    4.714866363457392,
    5.17947467923121,
    5.689866029018296,
    6.250551925273969,
    6.866488450042998,
    7.543120063354615,
    8.286427728546842,
    9.102981779915218,
    10.0
  ],
  "gamma_max": [
    -2.3307784810210204,
    -2.3284815246254147,
    -2.3261594251298665,
    -2.3238532488399897,
    -2.3216177681607846,
    -2.3195250205595155,
    -2.3176687354161474,
    -2.316169833349375,
    -2.3151832464341613,
    -2.314906357152983,
    -2.3155894077667245,
    -2.2465494908348367,
    -2.170196200686329,
    -2.0894749857552775,
    -2.004700639126413,
    -1.9163794370636686,
    -1.8252546798909917,
    -1.7323581217153725,
    -1.6390669842940382,
    -1.5471660536970497,
    -1.4589142442051959,
    -1.3771149982885902,
    -1.3051899762299364,
    -1.2472556541927828,
    -1.2082027212359023,
    -1.1937787289398252,
    -1.2106758016718684,
    -1.2666283471122857,
    -1.3705322123174377,
    -1.532608711350509,
    -1.5583384825292819,
    -1.3191702534053076,
    -1.1545783173953068,
    -1.1045580477245236,
    -1.2165112766560084,
    -1.543337283738131,
    -2.1422741807260417,
    -3.0746854209141836,
    -4.407061264064847,
    -6.213390602562472,
    -8.578792161765264,
    -11.604106892052538,
    -15.411098383386676,
    -20.147800921332855,
    -25.992942859938328,
    -33.156716923078775,
    -41.875410220417514,
    -52.41267090366989,
    -64.97481721170692,
    -79.41323578638486
  ],
  "omega_max": [
    1.3838655988708417,
    1.4061868233847465,
    1.4307928691466354,
    1.4579236275806549,
    1.4878447695495605,
    1.520850444982883,
    1.5572661936861338,
    1.5974520490492712,
    1.6418057975490428,
    1.6907663292656772,
    1.7448169748783213,
    6.355108917605277,
    6.440979824282976,
    6.535744604610596,
    6.640214890209257,
    6.755227676551754,
    6.881630805901963,
    7.020265894261888,
    7.17195044982745,
    7.337462205280934,
    7.517530126236487,
    7.7128378529840935,
    7.924045981731807,
    8.151838874877777,
    8.396998753138927,
    8.660503891242545,
    8.943638435454359,
    9.24808915690365,
    9.575991017194575,
    9.929871973819258,
    8.723283929872341,
    9.079686695461568,
    9.494797717770734,
    9.979431734212836,
    10.542819789101223,
    11.193099691536261,
    11.938016920722424,
    12.785532948937927,
    13.744420115592499,
    14.824964045051395,
    16.039891730060944,
    17.405710562744808,
    18.94479971982856,
    20.68885762649638,
    22.684571091081196,
    25.001624803134575,
    27.73868530265564,
    31.030917741284675,
    35.14260302764653,
    39.97533114838528
  ],
  "params": {
    "alpha": -46.0,
    "dT": 0.8,
    "dR": 1.0
  },
  "metadata": {
    "shear_max": 6.255477766588374,
    "vel_net": 2.6171986281836706,
    "resolution": {
      "H": 25,
      "M": 65,
      "Nz": 129,
      "Nth": 128
    },
    "timestamp": "2026-04-13T20:50:36.979091"
  }
}