{
  "k": [
    0.1,
    0.10985411419875583,
    0.12067926406393285,
    0.13257113655901093,
    0.14563484775012436,
    0.15998587196060582,
    0.1757510624854792,
    0.193069772888325,
    0.21209508879201905,
    0.2329951810515372,
    0.2559547922699536,
    0.281176869797423,
    0.3088843596477481,
    0.3393221771895328,
    0.372759372031494,
    0.4094915062380424,
    0.44984326689694454,
    0.49417133613238345,
    0.5428675439323859,
    0.5963623316594643,
    0.6551285568595507,
    0.7196856730011519,
    0.7906043210907697,
    0.8685113737513525,
    0.9540954763499939,
    1.0481131341546859,
    1.151395399326447,
    1.2648552168552958,
    1.3894954943731375,
    1.5264179671752334,
    1.6768329368110073,
    1.8420699693267153,
    2.0235896477251565,
    2.2229964825261943,
    2.442053094548651,
    2.6826957952797246,
    2.9470517025518097,
    3.2374575428176433,
    3.5564803062231283,
    3.9069399370546147,
    4.291934260128776,
    4.714866363457392,
    5.17947467923121,
    5.689866029018296,
    6.250551925273969,
    6.866488450042998,
    7.543120063354615,
    8.286427728546842,
    9.102981779915218,
    10.0
  ],
  "gamma_max": [
    0.37490911716883063,
    0.3595700494421256,
    0.34103008759127634,
    0.31861480601927,
    0.29150501813354107,
    0.25870456086025806,
    0.21900016312277534,
    0.17091040921218548,
    0.1126176481227198,
    0.04186695805878295,
    -0.04421792258400668,
    -0.14959310773442736,
    -0.28099799648045354,
    -0.4608877541185235,
    -0.6474951443328723,
    -0.7355234611294681,
    -0.8363497426649377,
    -0.8252103213399726,
    -0.6321248405273975,
    -0.4382780249941331,
    -0.24714140100516135,
    -0.06144242693208699,
    0.11660875868200389,
    0.284953694343772,
    0.44130957351628747,
    0.5828102487286153,
    0.7056330812476116,
    0.8045615239251511,
    0.8724360341600156,
    0.8994619953023862,
    0.8723759296601041,
    0.7735462813626248,
    0.5803363835665126,
    0.2661085575967276,
    -0.1917629997052837,
    -0.3545378643884876,
    -0.30308483533368014,
    -0.5795079310694491,
    -1.3474151860392862,
    -2.709409894940872,
    -3.4028694877177705,
    -3.8549931582027384,
    -4.596635547173317,
    -5.684488897822357,
    -7.16054970092555,
    -9.076611364881837,
    -11.499788646395453,
    -14.515197759550913,
    -18.229030274101362,
    -22.772382850467338
  ],
  "omega_max": [
    1.2403238834231492e-13,
    -1.1508211338771006e-13,
    -6.749103940414183e-14,
    -1.3776691194992135e-13,
    -1.8174177479406195e-13,
    3.7771000139450955e-13,
    3.075969536337582e-13,
    3.377600196297747e-13,
    3.209075655869804e-14,
    -1.6818270435794203e-13,
    7.365296379204072e-14,
    5.373038162126174e-13,
    3.71925942906103e-13,
    -2.8273619966716506e-13,
    -0.14346455750154954,
    0.20525797218393702,
    0.2136606684950937,
    -4.33296361509689,
    4.4257045674330096,
    4.533976163036758,
    4.6544398164116165,
    -4.782898847697623,
    -4.914664384583139,
    5.044694944296672,
    -5.167575474093867,
    5.277436346933288,
    5.367894965236451,
    5.432084636941958,
    5.46283319473665,
    5.453067779730109,
    5.3965561063878695,
    5.2891825689306975,
    -5.131221945518983,
    4.931778398259877,
    4.717339034850828,
    1.3942804100761285e-11,
    -1.0535868931092002e-11,
    -6.222889782062555e-12,
    -1.210254674057223e-12,
    1.5146397468767297e-11,
    -6.045358715266583,
    -6.887010148871066,
    7.825224595671345,
    -8.84427176706588,
    9.943616553974786,
    -11.132230446620063,
    -12.424230801770452,
    -13.837227162528425,
    15.392286805049322,
    -17.115351377032574
  ],
  "params": {
    "alpha": -42.5,
    "dT": 0.25,
    "dR": 1.0
  },
  "metadata": {
    "shear_max": 4.98727428496381,
    "vel_net": 4.841198912245541e-13,
    "resolution": {
      "H": 20,
      "M": 49,
      "Nz": 97,
      "Nth": 96
    },
    "timestamp": "2026-02-13T18:45:10.791656"
  }
}