{
  "k": [
    0.1,
    0.10985411419875583,
    0.12067926406393285,
    0.13257113655901093,
    0.14563484775012436,
    0.15998587196060582,
    0.1757510624854792,
    0.193069772888325,
    0.21209508879201905,
    0.2329951810515372,
    0.2559547922699536,
    0.281176869797423,
    0.3088843596477481,
    0.3393221771895328,
    0.372759372031494,
    0.4094915062380424,
    0.44984326689694454,
    0.49417133613238345,
    0.5428675439323859,
    0.5963623316594643,
    0.6551285568595507,
    0.7196856730011519,
    0.7906043210907697,
    0.8685113737513525,
    0.9540954763499939,
    1.0481131341546859,
    1.151395399326447,
    1.2648552168552958,
    1.3894954943731375,
    1.5264179671752334,
    1.6768329368110073,
    1.8420699693267153,
    2.0235896477251565,
    2.2229964825261943,
    2.442053094548651,
    2.6826957952797246,
    2.9470517025518097,
    3.2374575428176433,
    3.5564803062231283,
    3.9069399370546147,
    4.291934260128776,
    4.714866363457392,
    5.17947467923121,
    5.689866029018296,
    6.250551925273969,
    6.866488450042998,
    7.543120063354615,
    8.286427728546842,
    9.102981779915218,
    10.0
  ],
  "gamma_max": [
    0.35165005366063196,
    0.33897842276731655,
    0.323621283313284,
    0.3049931512196174,
    0.2823733345630931,
    0.2548711207165397,
    0.22138008076260576,
    0.18051655798066807,
    0.13053293220498594,
    0.06918326603219821,
    -0.006527940446747923,
    -0.10099952790651884,
    -0.22286508611695552,
    -0.44248981835347906,
    -0.5110845997378025,
    -0.5902801505624011,
    -0.6802203219724459,
    -0.5827968046618581,
    -0.43571304948472706,
    -0.2924318806252857,
    -0.15475831547982327,
    -0.02381164848007654,
    0.09951934725101788,
    0.21421997769324455,
    0.31890937927027097,
    0.4116627583409505,
    0.4898440397693968,
    0.5499151185489743,
    0.587209196976919,
    0.595686346791416,
    0.567745667167284,
    0.49427974090638804,
    0.36537109261839656,
    0.17232965049217042,
    -0.08850609751857083,
    -0.20552340370272304,
    -0.27752819729880845,
    -0.5039157723280857,
    -0.9372655392644041,
    -1.6188934367671486,
    -2.1927685755907684,
    -2.5291885740789444,
    -3.0123262650266587,
    -3.6741598867664353,
    -4.546614029072104,
    -5.665659935980053,
    -7.074228534685307,
    -8.824525449273093,
    -10.98016501213414,
    -13.618176567643962
  ],
  "omega_max": [
    4.195135132574638e-13,
    5.363945455677568e-13,
    -9.347760625503886e-14,
    -1.0462211375528222e-13,
    -1.151948407406862e-12,
    4.085709632169761e-14,
    3.189880762853807e-13,
    2.3126504339291157e-13,
    -5.176568565192939e-13,
    -1.6048923513274939e-13,
    5.617087939314424e-13,
    1.8616442363291823e-13,
    1.7933615285137442e-13,
    0.034051974879238577,
    -0.1512718258586559,
    -0.18493466796099148,
    -0.17144872120897975,
    -2.837828524537908,
    2.929998861331064,
    3.032764184303526,
    -3.1427345583063317,
    -3.256481223584406,
    -3.3706845857959253,
    3.4820563002910365,
    -3.587203634031225,
    -3.682523662358066,
    -3.7641666923149435,
    -3.828095996893975,
    3.8702780764047073,
    3.887054828504603,
    3.8757756198762547,
    3.835814175267421,
    3.7701882604630104,
    3.688133674342165,
    -3.608805640402022,
    -6.395165555036648e-13,
    -8.852796512227965e-12,
    -2.6407534759328534e-12,
    1.8128652260082568e-12,
    3.781381242622244e-12,
    -5.561652550814226,
    6.217677840965038,
    -6.93691149847034,
    7.726669132258963,
    -8.592136759278324,
    -9.539932514822125,
    10.57912595873887,
    -11.721650635514298,
    12.982883204910662,
    14.382812013028174
  ],
  "params": {
    "alpha": -33.0,
    "dT": 0.14285714285714285,
    "dR": 1.0
  },
  "metadata": {
    "shear_max": 3.5814034805834893,
    "vel_net": 6.0285110237146e-13,
    "resolution": {
      "H": 25,
      "M": 65,
      "Nz": 129,
      "Nth": 128
    },
    "timestamp": "2026-04-13T21:09:06.848176"
  }
}