{
  "k": [
    0.1,
    0.10985411419875583,
    0.12067926406393285,
    0.13257113655901093,
    0.14563484775012436,
    0.15998587196060582,
    0.1757510624854792,
    0.193069772888325,
    0.21209508879201905,
    0.2329951810515372,
    0.2559547922699536,
    0.281176869797423,
    0.3088843596477481,
    0.3393221771895328,
    0.372759372031494,
    0.4094915062380424,
    0.44984326689694454,
    0.49417133613238345,
    0.5428675439323859,
    0.5963623316594643,
    0.6551285568595507,
    0.7196856730011519,
    0.7906043210907697,
    0.8685113737513525,
    0.9540954763499939,
    1.0481131341546859,
    1.151395399326447,
    1.2648552168552958,
    1.3894954943731375,
    1.5264179671752334,
    1.6768329368110073,
    1.8420699693267153,
    2.0235896477251565,
    2.2229964825261943,
    2.442053094548651,
    2.6826957952797246,
    2.9470517025518097,
    3.2374575428176433,
    3.5564803062231283,
    3.9069399370546147,
    4.291934260128776,
    4.714866363457392,
    5.17947467923121,
    5.689866029018296,
    6.250551925273969,
    6.866488450042998,
    7.543120063354615,
    8.286427728546842,
    9.102981779915218,
    10.0
  ],
  "gamma_max": [
    -1.043918167190197,
    -1.0382458140481001,
    -1.0325056525095822,
    -1.0267579421013941,
    -1.021076804811376,
    -1.0155533412084112,
    -1.010299549995385,
    -1.0054533060324773,
    -1.0011847715508797,
    -0.9977047781889603,
    -0.9952759955575787,
    -0.9942281641682453,
    -0.9949794503344465,
    -0.9980674170577769,
    -1.0041958715352737,
    -1.0143096351034315,
    -1.0297226066355034,
    -1.0523593040156123,
    -1.0852779486956299,
    -1.1340718587482654,
    -1.130120936910373,
    -1.0426898985155453,
    -0.9551329409962609,
    -0.8688384647034993,
    -0.7854787263070979,
    -0.7070389763753441,
    -0.635845239765933,
    -0.5745916480675327,
    -0.5263730350030239,
    -0.49473543949114684,
    -0.483763497829314,
    -0.4982226317538626,
    -0.5142908537261909,
    -0.4358394051048708,
    -0.40529862991320775,
    -0.441709526350822,
    -0.5662128611373863,
    -0.8020844198013527,
    -1.1740059464665822,
    -1.6970280385083494,
    -2.331773897476905,
    -3.0000066485621524,
    -3.7233968267801405,
    -4.569017977295858,
    -5.589489407288876,
    -6.828815913899153,
    -8.3311619453841,
    -10.145743143463832,
    -12.330396340455609,
    -14.955158197036823
  ],
  "omega_max": [
    0.061051331063502794,
    0.06062315454198865,
    0.05966686484642481,
    0.05812001702040169,
    0.05591498148544835,
    0.052978494175747674,
    0.04923120417108504,
    0.044587235583253254,
    0.038953777490875245,
    0.032230757606773054,
    0.024310696695433807,
    0.015078912191725202,
    0.004414412705929953,
    -0.007807886611274328,
    -0.02171241547207256,
    -0.037413300645321966,
    -0.05499508507794694,
    -0.07447418015320824,
    -0.09572263479911326,
    -0.11834372838505844,
    -3.996466323300407,
    -4.118055605434941,
    -4.248442506515889,
    -4.3879182573516164,
    -4.536815285492158,
    -4.695555006604893,
    -4.864695477846675,
    -5.044963951476715,
    -5.237253472939545,
    -5.442558814058021,
    -5.661826761245645,
    -5.895698101635215,
    -5.4479203502232565,
    -5.8058637858912725,
    -6.215513557100223,
    -6.686040115180635,
    -7.2278335378374905,
    -7.855378424338077,
    -8.593774611344962,
    -9.491301828309624,
    -10.60847735219611,
    -11.917434522657002,
    -13.341768800351826,
    -14.869084285770116,
    -16.518351742457497,
    -18.31385684402897,
    -20.280151201301397,
    -22.441447844669923,
    -24.821560972276554,
    -27.44412623815279
  ],
  "params": {
    "alpha": -27.0,
    "dT": 0.14285714285714285,
    "dR": 1.0
  },
  "metadata": {
    "shear_max": 3.5001476595112972,
    "vel_net": 1.4626710284140865,
    "resolution": {
      "H": 25,
      "M": 65,
      "Nz": 129,
      "Nth": 128
    },
    "timestamp": "2026-04-13T16:17:48.346511"
  }
}