{
  "k": [
    0.1,
    0.10985411419875583,
    0.12067926406393285,
    0.13257113655901093,
    0.14563484775012436,
    0.15998587196060582,
    0.1757510624854792,
    0.193069772888325,
    0.21209508879201905,
    0.2329951810515372,
    0.2559547922699536,
    0.281176869797423,
    0.3088843596477481,
    0.3393221771895328,
    0.372759372031494,
    0.4094915062380424,
    0.44984326689694454,
    0.49417133613238345,
    0.5428675439323859,
    0.5963623316594643,
    0.6551285568595507,
    0.7196856730011519,
    0.7906043210907697,
    0.8685113737513525,
    0.9540954763499939,
    1.0481131341546859,
    1.151395399326447,
    1.2648552168552958,
    1.3894954943731375,
    1.5264179671752334,
    1.6768329368110073,
    1.8420699693267153,
    2.0235896477251565,
    2.2229964825261943,
    2.442053094548651,
    2.6826957952797246,
    2.9470517025518097,
    3.2374575428176433,
    3.5564803062231283,
    3.9069399370546147,
    4.291934260128776,
    4.714866363457392,
    5.17947467923121,
    5.689866029018296,
    6.250551925273969,
    6.866488450042998,
    7.543120063354615,
    8.286427728546842,
    9.102981779915218,
    10.0
  ],
  "gamma_max": [
    -1.6678616399930246,
    -1.6691408507744672,
    -1.6706823481041488,
    -1.672539472379127,
    -1.674776379559496,
    -1.6774702611079355,
    -1.6807140435376653,
    -1.684619683893659,
    -1.689322210476675,
    -1.6949847000788936,
    -1.7018044359701257,
    -1.7100205547463978,
    -1.67954472852348,
    -1.613795203234638,
    -1.5454930079403684,
    -1.4751757088054283,
    -1.4035639436695175,
    -1.3315935473105545,
    -1.2604508323429229,
    -1.191610993906242,
    -1.1268795725187797,
    -1.068436920400503,
    -1.0188857048378197,
    -0.981301688983989,
    -0.9592884143088649,
    -0.9570370536110039,
    -0.9793937337043003,
    -1.0319382163636726,
    -1.1210802326368756,
    -1.2541834434731023,
    -1.4397328746665043,
    -1.6413685255823434,
    -1.6426698509038022,
    -1.7278955875228312,
    -1.9241412358963428,
    -2.2625714848412883,
    -2.777652945276955,
    -3.5070959025946067,
    -4.4927869077954306,
    -5.782782222820166,
    -7.434417164065977,
    -9.518833533686239,
    -12.127806677876881,
    -15.38322531618175,
    -19.416600615031925,
    -24.092110182261383,
    -29.277082082341064,
    -35.338376613056006,
    -42.591793407068074,
    -51.32481371815528
  ],
  "omega_max": [
    0.8313813337478922,
    0.843642257025565,
    0.8572097603387546,
    0.8722302245504798,
    0.8888671312137703,
    0.9073029545446097,
    0.9277411603444019,
    0.9504082660350077,
    0.9755558858403521,
    1.003462646690208,
    1.0344358056753986,
    1.0688123284017885,
    3.821952894080143,
    3.888900867893324,
    3.9625017117745736,
    4.043188163914135,
    4.131357756744708,
    4.2273588541417935,
    4.3314786500566465,
    4.4439358513917355,
    4.564881632663748,
    4.694413159383081,
    4.832604222351349,
    4.97955686440158,
    5.135475864007357,
    5.300764199989322,
    5.476132146505849,
    5.662705909888692,
    5.862114743026376,
    6.07652951229503,
    6.308621760207848,
    5.784924466723107,
    6.055366183738916,
    6.363194597896984,
    6.716668062786017,
    7.123745722638138,
    7.59201368965273,
    8.128980634051612,
    8.742577364210039,
    9.441842517453447,
    10.23799243038357,
    11.14654603577696,
    12.192831615778404,
    13.430595976140834,
    15.012691423053058,
    17.15992854272031,
    19.569818110934904,
    22.067965674761513,
    24.700482996813196,
    27.52063630725618
  ],
  "params": {
    "alpha": -31.0,
    "dT": 0.5,
    "dR": 1.0
  },
  "metadata": {
    "shear_max": 3.8047302324850385,
    "vel_net": 1.5738542309670098,
    "resolution": {
      "H": 25,
      "M": 65,
      "Nz": 129,
      "Nth": 128
    },
    "timestamp": "2026-04-13T14:41:08.014430"
  }
}