{
  "k": [
    0.1,
    0.10985411419875583,
    0.12067926406393285,
    0.13257113655901093,
    0.14563484775012436,
    0.15998587196060582,
    0.1757510624854792,
    0.193069772888325,
    0.21209508879201905,
    0.2329951810515372,
    0.2559547922699536,
    0.281176869797423,
    0.3088843596477481,
    0.3393221771895328,
    0.372759372031494,
    0.4094915062380424,
    0.44984326689694454,
    0.49417133613238345,
    0.5428675439323859,
    0.5963623316594643,
    0.6551285568595507,
    0.7196856730011519,
    0.7906043210907697,
    0.8685113737513525,
    0.9540954763499939,
    1.0481131341546859,
    1.151395399326447,
    1.2648552168552958,
    1.3894954943731375,
    1.5264179671752334,
    1.6768329368110073,
    1.8420699693267153,
    2.0235896477251565,
    2.2229964825261943,
    2.442053094548651,
    2.6826957952797246,
    2.9470517025518097,
    3.2374575428176433,
    3.5564803062231283,
    3.9069399370546147,
    4.291934260128776,
    4.714866363457392,
    5.17947467923121,
    5.689866029018296,
    6.250551925273969,
    6.866488450042998,
    7.543120063354615,
    8.286427728546842,
    9.102981779915218,
    10.0
  ],
  "gamma_max": [
    0.8585880722982324,
    0.856362686706161,
    0.8536776368422708,
    0.8504381043153838,
    0.8465297677709515,
    0.8418148147318351,
    0.8361271480376833,
    0.8292666265730508,
    0.8209921506054072,
    0.8110133649706323,
    0.7989807093930554,
    0.784473491527257,
    0.7669855921263973,
    0.7459083272958165,
    0.720509882253552,
    0.6899105822768222,
    0.6530530577818603,
    0.6086660631919302,
    0.555220269721349,
    0.49087369924173724,
    0.4134034667384432,
    0.32011894009356084,
    0.2077488818804664,
    0.07229071740283476,
    -0.09119834765600347,
    -0.28890664456761994,
    -0.5287522557832544,
    -0.8212567087580877,
    -1.1814852775175708,
    -1.6351929527070446,
    -2.2658793962071395,
    -2.9234271713384525,
    -3.508295138358412,
    -4.213741485885647,
    -5.064865990152324,
    -6.09199595998068,
    -7.268193625450378,
    -8.686782874518979,
    -10.433460634949341,
    -12.57145960247972,
    -15.176945570067847,
    -18.342045986027166,
    -22.17837156370457,
    -26.821134700097968,
    -32.43401609673105,
    -39.21497118600096,
    -47.40320483535857,
    -57.287582102832246,
    -69.21678952265006,
    -83.61161882255585
  ],
  "omega_max": [
    1.228132935727834e-13,
    5.902007878158782e-14,
    -5.682499818976526e-14,
    -2.1953080963974342e-14,
    8.405928116602904e-14,
    -4.313706763591231e-14,
    1.5975423076653667e-14,
    4.3058205447651e-15,
    2.4240969388350536e-14,
    -5.846019226517953e-14,
    -5.93358600886438e-15,
    -1.328959074222282e-14,
    -7.545688365081837e-15,
    -1.5341902348803093e-13,
    2.0478327006902264e-14,
    -8.135975824306828e-15,
    1.4891216425429155e-13,
    -1.020507566790611e-13,
    5.765071670294186e-15,
    -6.226740538687713e-14,
    -8.093441666268105e-14,
    3.67529755866017e-14,
    -4.680799591134603e-15,
    -3.85388206076206e-15,
    1.690642043651001e-15,
    -2.2749041805632268e-14,
    5.323515994060416e-15,
    4.484846310412301e-14,
    5.862951254087088e-14,
    2.5002963400968014e-13,
    -7.652457471572475e-14,
    -0.35496101811642516,
    -0.5586196983515154,
    -0.7315625333937842,
    0.8965701695417647,
    -1.0623560638898342,
    1.004522705235084,
    -1.1412528609440888,
    1.3151871220869664,
    -1.5229291223521664,
    -1.7614700713634748,
    -2.0291166563924756,
    -2.325673651042702,
    2.652313729768485,
    -3.011374653300622,
    -3.4061823505681135,
    3.840928056594373,
    -4.320598666776643,
    4.850950601301619,
    -5.438518455923708
  ],
  "params": {
    "alpha": -28.0,
    "dT": 0.8333333333333334,
    "dR": 1.0
  },
  "metadata": {
    "shear_max": 5.177439025496309e-09,
    "vel_net": 2.0679515313825692e-25,
    "resolution": {
      "H": 25,
      "M": 65,
      "Nz": 129,
      "Nth": 128
    },
    "timestamp": "2026-04-13T12:50:28.955304"
  }
}