{
  "k": [
    0.1,
    0.10985411419875583,
    0.12067926406393285,
    0.13257113655901093,
    0.14563484775012436,
    0.15998587196060582,
    0.1757510624854792,
    0.193069772888325,
    0.21209508879201905,
    0.2329951810515372,
    0.2559547922699536,
    0.281176869797423,
    0.3088843596477481,
    0.3393221771895328,
    0.372759372031494,
    0.4094915062380424,
    0.44984326689694454,
    0.49417133613238345,
    0.5428675439323859,
    0.5963623316594643,
    0.6551285568595507,
    0.7196856730011519,
    0.7906043210907697,
    0.8685113737513525,
    0.9540954763499939,
    1.0481131341546859,
    1.151395399326447,
    1.2648552168552958,
    1.3894954943731375,
    1.5264179671752334,
    1.6768329368110073,
    1.8420699693267153,
    2.0235896477251565,
    2.2229964825261943,
    2.442053094548651,
    2.6826957952797246,
    2.9470517025518097,
    3.2374575428176433,
    3.5564803062231283,
    3.9069399370546147,
    4.291934260128776,
    4.714866363457392,
    5.17947467923121,
    5.689866029018296,
    6.250551925273969,
    6.866488450042998,
    7.543120063354615,
    8.286427728546842,
    9.102981779915218,
    10.0
  ],
  "gamma_max": [
    -0.012496428081370439,
    -0.01981568465557791,
    -0.02861608018507734,
    -0.03918905150034138,
    -0.051879428628725084,
    -0.06709318267353385,
    -0.08530501824627244,
    -0.1070645346946493,
    -0.13299798862268383,
    -0.1637980007703033,
    -0.20017817640364935,
    -0.24270788330697138,
    -0.29112446435651235,
    -0.34074278926680207,
    -0.37235832744003,
    -0.3800368242354889,
    -0.3792565314171502,
    -0.3755922667083844,
    -0.37049190925645703,
    -0.36450863864718785,
    -0.35798295621270115,
    -0.3512319014786729,
    -0.34462279249878414,
    -0.3386104376359578,
    -0.15106940915252434,
    0.056252221165720505,
    0.25410546626113006,
    0.4338718719148535,
    0.5825095322652859,
    0.6796590199159126,
    0.6927369425909586,
    0.5692503112185499,
    0.23693863485110128,
    1.2250752707991672,
    2.707292441174816,
    3.9233314140144318,
    4.732548507492939,
    5.11061435890408,
    5.015907627638008,
    4.364205461532085,
    3.029688390907727,
    0.9631777317367213,
    0.5641849929767161,
    0.7740876014021479,
    0.6208215558320426,
    0.10548623905255919,
    -0.7874832388982562,
    -2.0916353496811917,
    -3.833271312023581,
    -5.971217189986247
  ],
  "omega_max": [
    -5.049175106262432e-14,
    2.8555022146276553e-12,
    -3.0591758278812344e-12,
    4.450649586418869e-13,
    -1.0552199329483978e-13,
    -1.16022445428137e-12,
    -4.7358629261696544e-12,
    1.74422285076416e-12,
    -4.473293538207603e-12,
    -2.2243219058978182e-12,
    2.896920851129568e-12,
    -8.345690579621977e-13,
    -1.677675601545052e-12,
    -1.3301789111358682e-12,
    8.869684084200722e-13,
    -3.8138350555132863e-13,
    -7.463552862405256e-14,
    8.274513870341208e-14,
    2.2837993947922017e-15,
    1.8669767372882e-13,
    1.2401577168595893e-13,
    1.0798578283054172e-13,
    -1.437450436151963e-13,
    2.8554687514795673e-13,
    7.3304004338417235,
    -7.4144090478176246,
    -7.475395844477952,
    7.5024012329600716,
    7.482602381663087,
    -7.401612367399494,
    7.244449147003078,
    -6.998685208675862,
    6.665376780151068,
    -2.2086493471597904e-11,
    -8.054479780526863e-12,
    5.663661592877725e-12,
    -4.492132890666752e-13,
    1.7990022995354333e-12,
    -5.152524367398215e-13,
    -3.354001119703848e-11,
    9.548732922141072e-13,
    1.5634469443584993e-11,
    -10.68871273627161,
    -12.00800111409075,
    -13.51412055679604,
    15.166974177454353,
    -16.980747459331756,
    -19.00695455511452,
    -21.338964693716363,
    -24.083609039598638
  ],
  "params": {
    "alpha": -49.0,
    "dT": 0.1,
    "dR": 1.0
  },
  "metadata": {
    "shear_max": 7.1729742795770886,
    "vel_net": 1.3222756223285614e-13,
    "resolution": {
      "H": 25,
      "M": 65,
      "Nz": 129,
      "Nth": 128
    },
    "timestamp": "2026-04-16T02:40:17.785794"
  }
}