{
  "k": [
    0.1,
    0.10985411419875583,
    0.12067926406393285,
    0.13257113655901093,
    0.14563484775012436,
    0.15998587196060582,
    0.1757510624854792,
    0.193069772888325,
    0.21209508879201905,
    0.2329951810515372,
    0.2559547922699536,
    0.281176869797423,
    0.3088843596477481,
    0.3393221771895328,
    0.372759372031494,
    0.4094915062380424,
    0.44984326689694454,
    0.49417133613238345,
    0.5428675439323859,
    0.5963623316594643,
    0.6551285568595507,
    0.7196856730011519,
    0.7906043210907697,
    0.8685113737513525,
    0.9540954763499939,
    1.0481131341546859,
    1.151395399326447,
    1.2648552168552958,
    1.3894954943731375,
    1.5264179671752334,
    1.6768329368110073,
    1.8420699693267153,
    2.0235896477251565,
    2.2229964825261943,
    2.442053094548651,
    2.6826957952797246,
    2.9470517025518097,
    3.2374575428176433,
    3.5564803062231283,
    3.9069399370546147,
    4.291934260128776,
    4.714866363457392,
    5.17947467923121,
    5.689866029018296,
    6.250551925273969,
    6.866488450042998,
    7.543120063354615,
    8.286427728546842,
    9.102981779915218,
    10.0
  ],
  "gamma_max": [
    -1.0095843047909963,
    -1.0115666256185771,
    -1.0139590395576668,
    -1.0168464261629153,
    -1.0203312522740764,
    -1.0245372251646079,
    -1.0296137087985489,
    -1.0357410646924556,
    -1.0431371141133676,
    -1.0520649618086912,
    -1.0628424754029167,
    -1.0758537819782894,
    -1.0915632283243055,
    -1.110532359671592,
    -1.1334406118168605,
    -1.1611105958897467,
    -1.1945391028003363,
    -1.2349352960225508,
    -1.283768046637523,
    -1.3428250780372855,
    -1.414287678965734,
    -1.5008264897149213,
    -1.6057268108466332,
    -1.733057168796426,
    -1.8879051118367012,
    -2.0767260407011365,
    -2.3079034760423855,
    -2.5927678654160786,
    -2.947845528683004,
    -3.401730681851426,
    -3.874402819000788,
    -4.371116012427911,
    -4.975252714842811,
    -5.708809640196059,
    -6.598296331595277,
    -7.675691440725193,
    -8.979598162580261,
    -10.538387914195987,
    -12.404945069155943,
    -14.678654480485484,
    -17.44065328005449,
    -20.788794212252743,
    -24.841281994098352,
    -29.74095214178855,
    -35.66034662810453,
    -42.80778151685838,
    -51.434643932845155,
    -61.84420359177878,
    -74.40227906108218,
    -89.55015902503752
  ],
  "omega_max": [
    8.627551062330218e-16,
    2.6364632179764535e-15,
    1.6385607313310255e-15,
    -1.695799217489381e-16,
    1.6256807144958965e-16,
    -2.524485635119224e-16,
    -2.2595976378070684e-15,
    4.861482436802889e-16,
    -3.025718753103439e-16,
    3.648591161080545e-17,
    1.0972531017195638e-15,
    5.368899571950779e-16,
    9.909668726268654e-16,
    3.137460848669316e-15,
    6.301731562499629e-17,
    9.56898826791593e-16,
    7.782436572097232e-16,
    1.777800816978392e-15,
    -2.9175201809496446e-16,
    2.5116583702473917e-16,
    4.257145147574279e-15,
    -1.0102064885384095e-15,
    -5.980465598277824e-16,
    3.149758633676677e-15,
    -2.9677807805432286e-16,
    -5.506383910331039e-15,
    9.757295471926129e-15,
    -1.455365622201808e-14,
    -9.647608557568499e-16,
    6.423623650691695e-16,
    0.7871085704503148,
    0.884419076114543,
    0.9870710136273182,
    -1.0967315504538238,
    -1.215023903805101,
    -1.3435891828339155,
    1.484133503223091,
    -1.585991811320318,
    -1.7653668336608077,
    -1.9595205282788235,
    -2.1722429703510358,
    2.407123830995593,
    -2.667803267864076,
    -2.9581708376724443,
    3.2825174340730707,
    3.645646553302758,
    -4.052949223190613,
    4.510446155012769,
    5.02480541255145,
    5.603354943122757
  ],
  "params": {
    "alpha": -15.0,
    "dT": 0.875,
    "dR": 1.0
  },
  "metadata": {
    "shear_max": 1.1683309357933843e-09,
    "vel_net": 2.5849394142282115e-26,
    "resolution": {
      "H": 25,
      "M": 65,
      "Nz": 129,
      "Nth": 128
    },
    "timestamp": "2026-04-13T10:47:19.943971"
  }
}