{
  "k": [
    0.1,
    0.10985411419875583,
    0.12067926406393285,
    0.13257113655901093,
    0.14563484775012436,
    0.15998587196060582,
    0.1757510624854792,
    0.193069772888325,
    0.21209508879201905,
    0.2329951810515372,
    0.2559547922699536,
    0.281176869797423,
    0.3088843596477481,
    0.3393221771895328,
    0.372759372031494,
    0.4094915062380424,
    0.44984326689694454,
    0.49417133613238345,
    0.5428675439323859,
    0.5963623316594643,
    0.6551285568595507,
    0.7196856730011519,
    0.7906043210907697,
    0.8685113737513525,
    0.9540954763499939,
    1.0481131341546859,
    1.151395399326447,
    1.2648552168552958,
    1.3894954943731375,
    1.5264179671752334,
    1.6768329368110073,
    1.8420699693267153,
    2.0235896477251565,
    2.2229964825261943,
    2.442053094548651,
    2.6826957952797246,
    2.9470517025518097,
    3.2374575428176433,
    3.5564803062231283,
    3.9069399370546147,
    4.291934260128776,
    4.714866363457392,
    5.17947467923121,
    5.689866029018296,
    6.250551925273969,
    6.866488450042998,
    7.543120063354615,
    8.286427728546842,
    9.102981779915218,
    10.0
  ],
  "gamma_max": [
    0.644520352893022,
    0.6433559265073675,
    0.6419513485516332,
    0.6402572452491386,
    0.6382141597154745,
    0.6357505215857849,
    0.6327802193556309,
    0.6291997018111518,
    0.624884522295222,
    0.619685224581649,
    0.6134224507788844,
    0.6058811280404979,
    0.59680355831754,
    0.5858811872403927,
    0.5727447520422405,
    0.5569523817406024,
    0.5379750045551744,
    0.5151780331904331,
    0.48779760982469383,
    0.4549084343300583,
    0.4153778349856344,
    0.3677960991580618,
    0.31036334166845514,
    0.24069070722247565,
    0.15541451543132156,
    0.049334978545512005,
    -0.08698435265281995,
    -0.2775174073279997,
    -0.6386965461305841,
    -0.7206494147766397,
    -0.8169949705275359,
    -0.9305223345141822,
    -1.0646683364612635,
    -1.223659499053604,
    -1.4126745031304144,
    -1.623572992333129,
    -1.8451206490468155,
    -2.126858116615565,
    -2.4799050710745654,
    -2.917430582461072,
    -3.455211821559912,
    -4.112285678995835,
    -4.911689842676516,
    -5.881306093713077,
    -7.054834236533227,
    -8.472937941238172,
    -10.184614247043934,
    -12.248848237561742,
    -14.736624861139038,
    -17.7333809335265
  ],
  "omega_max": [
    2.386439888093422e-15,
    3.452761496365439e-15,
    1.6078318188355895e-14,
    -1.3818066111111495e-14,
    -2.691549472601895e-14,
    2.4077544670321848e-14,
    8.943548375056636e-15,
    5.6905044664033595e-15,
    -7.660511910213665e-15,
    -1.2138741281475694e-14,
    2.1209731774717916e-15,
    -4.8025182390213304e-14,
    -3.0353367392919914e-14,
    6.054003394515357e-15,
    -8.09054740657107e-15,
    1.0295070548095871e-14,
    2.0252160039593646e-14,
    5.81621917040762e-14,
    -4.334597900416562e-16,
    1.7572476310366898e-14,
    -8.709605124619918e-16,
    6.7243882887621225e-15,
    -7.241215995510138e-15,
    -1.009439851107997e-14,
    -2.170690109465001e-14,
    -1.3633883747758623e-15,
    -2.577365900603287e-16,
    1.3996198856835557e-14,
    0.15822714964358642,
    0.39302267081025144,
    0.5542250967458374,
    -0.6983882208763359,
    -0.8377824054509609,
    0.9780278911445603,
    -1.122632377630374,
    -1.2032740106678639,
    -1.340812511866213,
    1.4979799584695213,
    -1.6757426217149984,
    1.8751032286836018,
    2.0973123270705285,
    2.3440269986142783,
    -2.617418289541803,
    -2.920240877217048,
    3.255879837198867,
    3.6283852971826076,
    -4.042500697241198,
    -4.5036869715301435,
    -5.018144821089933,
    -5.592841027169507
  ],
  "params": {
    "alpha": -21.0,
    "dT": 0.16666666666666666,
    "dR": 1.0
  },
  "metadata": {
    "shear_max": 1.0419511748261757e-08,
    "vel_net": 5.832894856152404e-14,
    "resolution": {
      "H": 25,
      "M": 65,
      "Nz": 129,
      "Nth": 128
    },
    "timestamp": "2026-04-13T12:23:19.414917"
  }
}