{
  "k": [
    0.1,
    0.10985411419875583,
    0.12067926406393285,
    0.13257113655901093,
    0.14563484775012436,
    0.15998587196060582,
    0.1757510624854792,
    0.193069772888325,
    0.21209508879201905,
    0.2329951810515372,
    0.2559547922699536,
    0.281176869797423,
    0.3088843596477481,
    0.3393221771895328,
    0.372759372031494,
    0.4094915062380424,
    0.44984326689694454,
    0.49417133613238345,
    0.5428675439323859,
    0.5963623316594643,
    0.6551285568595507,
    0.7196856730011519,
    0.7906043210907697,
    0.8685113737513525,
    0.9540954763499939,
    1.0481131341546859,
    1.151395399326447,
    1.2648552168552958,
    1.3894954943731375,
    1.5264179671752334,
    1.6768329368110073,
    1.8420699693267153,
    2.0235896477251565,
    2.2229964825261943,
    2.442053094548651,
    2.6826957952797246,
    2.9470517025518097,
    3.2374575428176433,
    3.5564803062231283,
    3.9069399370546147,
    4.291934260128776,
    4.714866363457392,
    5.17947467923121,
    5.689866029018296,
    6.250551925273969,
    6.866488450042998,
    7.543120063354615,
    8.286427728546842,
    9.102981779915218,
    10.0
  ],
  "gamma_max": [
    1.1990967915961652,
    1.196783265933522,
    1.193991948414343,
    1.1906243171418036,
    1.1865616019686398,
    1.181660651521782,
    1.1757489692600114,
    1.1686187545020164,
    1.160019755946577,
    1.1496507081466512,
    1.137149078708517,
    1.122078803546023,
    1.1039156246052355,
    1.082029568194102,
    1.0556640036067082,
    1.0239105919497653,
    0.9856792612906821,
    0.9396621004068507,
    0.884289721445479,
    0.8176781555907922,
    0.737563653836605,
    0.6412217845329825,
    0.5253658172021975,
    0.38601733468636207,
    0.21833885093145955,
    0.01641286689142295,
    -0.2270583687604828,
    -0.5211801334423198,
    -0.8775219896425162,
    -1.311266769461641,
    -1.8437046908982115,
    -2.5101063044040655,
    -3.424894141071923,
    -4.366512058660001,
    -5.284259541032879,
    -6.391852235740442,
    -7.664116453768979,
    -9.194345628403326,
    -11.07837416327524,
    -13.384430608124909,
    -16.19470493688038,
    -19.608616285950834,
    -23.7466140892526,
    -28.754624804230442,
    -34.8093078445047,
    -42.12432776360781,
    -50.95788948886347,
    -61.621825588331845,
    -74.49257449986771,
    -90.02445016817445
  ],
  "omega_max": [
    -1.5363704283427565e-14,
    2.4359958844608855e-14,
    -1.4520160756654652e-13,
    1.5001286545201628e-13,
    -2.6439049234775797e-14,
    -2.318610776180507e-13,
    -9.157253876053594e-14,
    -2.0900239060445265e-15,
    -1.6358992927990519e-13,
    4.1775337456885e-15,
    -3.918918943906777e-14,
    -1.9276549192279627e-13,
    -2.2703632477915416e-14,
    -9.904231633194466e-15,
    1.988674861915322e-14,
    4.119841368779135e-15,
    -1.6343322053309407e-14,
    2.4335212849043484e-13,
    -5.6451289307379093e-14,
    2.3043165571087938e-15,
    -7.278249072273306e-14,
    -1.0208174291241365e-13,
    -1.5978126690501457e-14,
    -2.580987854524064e-14,
    -8.738088397204788e-15,
    1.3337516350791798e-16,
    -2.3782764954904885e-14,
    -1.7925499060439507e-16,
    -1.0401556626440142e-13,
    2.5822648984691788e-14,
    2.458221378188271e-14,
    2.0705521332876337e-13,
    -5.655153036771622e-13,
    0.43260113514542614,
    -0.672053468656647,
    -0.8782249769831855,
    -0.7643242284287648,
    0.9095426768346481,
    1.1006624291416631,
    1.3286677823816349,
    -1.5874653873530236,
    -1.874010954025509,
    2.187651900446552,
    -2.529503437285813,
    2.90200155797232,
    -3.3086131502043865,
    -3.75366288499977,
    4.242242812825067,
    4.780179745860402,
    5.374044572026297
  ],
  "params": {
    "alpha": -30.0,
    "dT": 0.9,
    "dR": 1.0
  },
  "metadata": {
    "shear_max": 6.4927348572689105e-09,
    "vel_net": 0.0,
    "resolution": {
      "H": 25,
      "M": 65,
      "Nz": 129,
      "Nth": 128
    },
    "timestamp": "2026-04-13T13:07:22.760939"
  }
}