{
  "k": [
    0.1,
    0.10985411419875583,
    0.12067926406393285,
    0.13257113655901093,
    0.14563484775012436,
    0.15998587196060582,
    0.1757510624854792,
    0.193069772888325,
    0.21209508879201905,
    0.2329951810515372,
    0.2559547922699536,
    0.281176869797423,
    0.3088843596477481,
    0.3393221771895328,
    0.372759372031494,
    0.4094915062380424,
    0.44984326689694454,
    0.49417133613238345,
    0.5428675439323859,
    0.5963623316594643,
    0.6551285568595507,
    0.7196856730011519,
    0.7906043210907697,
    0.8685113737513525,
    0.9540954763499939,
    1.0481131341546859,
    1.151395399326447,
    1.2648552168552958,
    1.3894954943731375,
    1.5264179671752334,
    1.6768329368110073,
    1.8420699693267153,
    2.0235896477251565,
    2.2229964825261943,
    2.442053094548651,
    2.6826957952797246,
    2.9470517025518097,
    3.2374575428176433,
    3.5564803062231283,
    3.9069399370546147,
    4.291934260128776,
    4.714866363457392,
    5.17947467923121,
    5.689866029018296,
    6.250551925273969,
    6.866488450042998,
    7.543120063354615,
    8.286427728546842,
    9.102981779915218,
    10.0
  ],
  "gamma_max": [
    -0.516141345376895,
    -0.5177918657284897,
    -0.5197900566815451,
    -0.5222108786634659,
    -0.5251463249922576,
    -0.5287097541614646,
    -0.5330415847528448,
    -0.5383169384700098,
    -0.5447561694425835,
    -0.5526398569200233,
    -0.5623310661778811,
    -0.5743102131349951,
    -0.5892335571139797,
    -0.6080406387605881,
    -0.6321776903153645,
    -0.6641553383516512,
    -0.709446698654619,
    -0.7908592105396256,
    -0.8614448102660456,
    -0.8712010940227997,
    -0.8827160703565725,
    -0.8962660207066018,
    -0.9121638602175244,
    -0.9307680062818328,
    -0.9524975773653059,
    -0.9778565506081082,
    -1.0074683022866593,
    -1.0421192258084602,
    -1.0828070828399496,
    -1.1307889675928373,
    -1.187626958891307,
    -1.2552350885165784,
    -1.3359352346611513,
    -1.4325296155749352,
    -1.548394878031843,
    -1.687600079461591,
    -1.8273908568938497,
    -1.994222437924052,
    -2.2084005565830407,
    -2.477836722929589,
    -2.812104851550717,
    -3.222847579649336,
    -3.724213457629615,
    -4.333346422959077,
    -5.070947454068989,
    -5.961933825123035,
    -7.036228925160233,
    -8.329724522031816,
    -9.885466744410406,
    -11.755123966084417
  ],
  "omega_max": [
    1.0176026243194051e-16,
    3.279920113809878e-15,
    1.458373252155879e-15,
    1.6753464687859791e-15,
    -5.001138245651566e-15,
    -6.767194726840755e-16,
    -1.1225680833607796e-16,
    -2.0624406071427347e-16,
    4.653528176072953e-15,
    6.5568576160364064e-18,
    5.9598578835743976e-15,
    6.69141483487747e-15,
    5.173625787010449e-15,
    2.2913136337634616e-15,
    1.9473348187658002e-15,
    -9.333342527764308e-16,
    -1.6953842316819421e-15,
    -9.369882643862374e-15,
    -0.11792085302181633,
    0.1876987297321439,
    0.24650660330979512,
    0.3021670443922585,
    -0.357465770935126,
    0.413865308791658,
    -0.47231065322672705,
    -0.5335023611368362,
    -0.5980181868247834,
    0.6663847606722271,
    -0.7391331714427001,
    0.8168477674991598,
    0.9002063499973377,
    -0.9900071888104527,
    1.0871815868016756,
    1.1927957824612079,
    1.3080489349601003,
    -1.4342737557568974,
    -1.5337452705569705,
    -1.6819885630291105,
    1.8472813064568263,
    2.031953619844104,
    2.238307387082944,
    -2.468830712543144,
    2.726353460585345,
    -3.014163052410024,
    3.3360932000693184,
    -3.6965923844142416,
    4.100774227341109,
    4.554450041671601,
    -5.064146807458932,
    5.637122195965392
  ],
  "params": {
    "alpha": -16.0,
    "dT": 0.1,
    "dR": 1.0
  },
  "metadata": {
    "shear_max": 3.4173870953788375e-09,
    "vel_net": 5.169878828456423e-26,
    "resolution": {
      "H": 25,
      "M": 65,
      "Nz": 129,
      "Nth": 128
    },
    "timestamp": "2026-04-13T11:14:51.045018"
  }
}