{
  "k": [
    0.1,
    0.10985411419875583,
    0.12067926406393285,
    0.13257113655901093,
    0.14563484775012436,
    0.15998587196060582,
    0.1757510624854792,
    0.193069772888325,
    0.21209508879201905,
    0.2329951810515372,
    0.2559547922699536,
    0.281176869797423,
    0.3088843596477481,
    0.3393221771895328,
    0.372759372031494,
    0.4094915062380424,
    0.44984326689694454,
    0.49417133613238345,
    0.5428675439323859,
    0.5963623316594643,
    0.6551285568595507,
    0.7196856730011519,
    0.7906043210907697,
    0.8685113737513525,
    0.9540954763499939,
    1.0481131341546859,
    1.151395399326447,
    1.2648552168552958,
    1.3894954943731375,
    1.5264179671752334,
    1.6768329368110073,
    1.8420699693267153,
    2.0235896477251565,
    2.2229964825261943,
    2.442053094548651,
    2.6826957952797246,
    2.9470517025518097,
    3.2374575428176433,
    3.5564803062231283,
    3.9069399370546147,
    4.291934260128776,
    4.714866363457392,
    5.17947467923121,
    5.689866029018296,
    6.250551925273969,
    6.866488450042998,
    7.543120063354615,
    8.286427728546842,
    9.102981779915218,
    10.0
  ],
  "gamma_max": [
    2.266651539736681,
    2.2644523972595625,
    2.2618002224054607,
    2.2586021130395526,
    2.2547463050647147,
    2.250098425840291,
    2.244497039472221,
    2.2377483643693137,
    2.229620030134375,
    2.219833726600246,
    2.208056585251585,
    2.1938911223369497,
    2.176863563545208,
    2.156410361225623,
    2.1318627011733193,
    2.102428772103566,
    2.067173514170625,
    2.024995453827315,
    1.974600024154215,
    1.9144684101821914,
    1.8428203803903642,
    1.7575687017547148,
    1.656261537664224,
    1.5360076948929713,
    1.3933777587260803,
    1.2242721022959826,
    1.0237444145109569,
    0.7857662832169982,
    0.502912974043147,
    0.16593899521038213,
    -0.2368154502114889,
    -0.7203169785996624,
    -1.3043680114480491,
    -2.016860261266662,
    -2.8852704402194784,
    -3.5982657575806027,
    -4.563977450755702,
    -5.865266679090731,
    -7.781958664642044,
    -9.48805821402473,
    -11.570402780651703,
    -14.102526825004553,
    -17.17356001161323,
    -20.891552468486616,
    -25.387391743374547,
    -30.81946583661975,
    -37.37925502385872,
    -45.29806540341067,
    -54.85515486975457,
    -66.3875504385752
  ],
  "omega_max": [
    -5.204747876481529e-13,
    -1.1923188230625645e-12,
    -1.3404859760968784e-13,
    1.710981996939246e-13,
    2.0879013349167154e-13,
    -5.704705387518585e-13,
    -1.8187037073480327e-13,
    4.994294352951678e-14,
    5.528446291469515e-14,
    6.68816473957634e-15,
    4.2586621098366123e-13,
    -1.0141183995244829e-13,
    -1.575831617938123e-13,
    5.229030701437448e-14,
    -4.936594198113378e-13,
    -3.8402073101339235e-13,
    1.0194475770119117e-12,
    1.3289937973100745e-13,
    -6.57026542980322e-13,
    8.665537121045075e-15,
    2.293810945245759e-13,
    -1.7945328769833908e-13,
    -4.99948748471757e-13,
    -4.008456161115178e-14,
    -1.1362758319112618e-13,
    -1.1952032653756512e-13,
    2.9295837974638383e-13,
    -2.789119638184564e-13,
    2.4814803357657418e-14,
    4.913874990452395e-14,
    -5.1731338484726517e-14,
    -4.653068892267159e-15,
    9.373028417280881e-14,
    -1.542086762915155e-13,
    5.095395045337632e-13,
    1.6046864163977702e-12,
    -1.584407994071983e-12,
    2.1459789877019382e-12,
    -0.2982441417284264,
    -0.794882562222589,
    -1.1755818335831203,
    -1.5411481692218882,
    -1.9119746857431468,
    2.2977545077383863,
    2.7052815782392163,
    3.1404841902782854,
    3.6091632574464882,
    4.117336025575021,
    -4.6714373996666625,
    -5.2784628599318255
  ],
  "params": {
    "alpha": -32.0,
    "dT": 0.6666666666666666,
    "dR": 1.0
  },
  "metadata": {
    "shear_max": 1.2186469743328182e-08,
    "vel_net": 1.8078356112374927e-11,
    "resolution": {
      "H": 25,
      "M": 65,
      "Nz": 129,
      "Nth": 128
    },
    "timestamp": "2026-04-13T13:45:24.332243"
  }
}