{
  "k": [
    0.1,
    0.10985411419875583,
    0.12067926406393285,
    0.13257113655901093,
    0.14563484775012436,
    0.15998587196060582,
    0.1757510624854792,
    0.193069772888325,
    0.21209508879201905,
    0.2329951810515372,
    0.2559547922699536,
    0.281176869797423,
    0.3088843596477481,
    0.3393221771895328,
    0.372759372031494,
    0.4094915062380424,
    0.44984326689694454,
    0.49417133613238345,
    0.5428675439323859,
    0.5963623316594643,
    0.6551285568595507,
    0.7196856730011519,
    0.7906043210907697,
    0.8685113737513525,
    0.9540954763499939,
    1.0481131341546859,
    1.151395399326447,
    1.2648552168552958,
    1.3894954943731375,
    1.5264179671752334,
    1.6768329368110073,
    1.8420699693267153,
    2.0235896477251565,
    2.2229964825261943,
    2.442053094548651,
    2.6826957952797246,
    2.9470517025518097,
    3.2374575428176433,
    3.5564803062231283,
    3.9069399370546147,
    4.291934260128776,
    4.714866363457392,
    5.17947467923121,
    5.689866029018296,
    6.250551925273969,
    6.866488450042998,
    7.543120063354615,
    8.286427728546842,
    9.102981779915218,
    10.0
  ],
  "gamma_max": [
    -0.1442700058071092,
    -0.15497955078805617,
    -0.16788771580098885,
    -0.18344589986216897,
    -0.20220146210734746,
    -0.22482348484930104,
    -0.2521430973251936,
    -0.28522712308203474,
    -0.3255431213360552,
    -0.37544520153486016,
    -0.4404214688813596,
    -0.5487388564137702,
    -0.5825704302681671,
    -0.6221838153811683,
    -0.6683367324853838,
    -0.7218544929976995,
    -0.706344314770111,
    -0.6735802172121372,
    -0.6581834478106058,
    -0.647534368656486,
    -0.639216409853178,
    -0.5510637888748454,
    -0.3337758649105217,
    -0.11589395153473597,
    0.09912105735417837,
    0.3070012012032806,
    0.5021183837956872,
    0.6765976962701077,
    0.818950498005539,
    0.9119687314525147,
    0.929379971376068,
    0.8303179277414716,
    0.5511629619064704,
    0.42210417220732144,
    1.5414720201234922,
    2.6377451242727097,
    3.311026813878184,
    3.4470070256635044,
    2.941493645724218,
    1.535395879532206,
    -1.4277611993624386,
    -1.4101905801576173,
    -1.1975170941698872,
    -1.5488734719993535,
    -2.372784844409451,
    -3.666731260821644,
    -5.474117592315688,
    -7.869417632673922,
    -10.955688264512725,
    -14.86545684770397
  ],
  "omega_max": [
    5.249477670939146e-14,
    -7.21772957578791e-13,
    5.3624540447498065e-14,
    3.231217226346979e-14,
    1.7321041872348609e-13,
    -7.451662107216922e-13,
    3.9974900641020136e-14,
    -7.145096760784069e-13,
    2.1146690264527267e-15,
    -5.667065136640236e-13,
    -1.2650758363466157e-13,
    0.03846089658628862,
    0.09059440484847765,
    0.11279407264645482,
    -0.11590056315340755,
    0.09037767549573479,
    -1.5587704467330326e-14,
    -1.1524651535158114e-14,
    2.3189070480656245e-15,
    -2.189933344698264e-14,
    -9.860902674125287e-15,
    7.016732179508264,
    -7.13801016367273,
    7.258428240249841,
    -7.371804082659033,
    7.470383981675761,
    -7.54478083592669,
    7.583964954693446,
    7.575376328866835,
    -7.505292113380198,
    -7.3597662132157815,
    7.127201295053516,
    -6.806902152944103,
    -4.662705602845314e-11,
    -1.2206624339806116e-11,
    7.383750119348996e-13,
    2.5241981092204118e-11,
    7.806077048250874e-13,
    -1.0862032148425288e-11,
    2.4639905212048815e-11,
    7.262025857078773e-11,
    8.552034495333828,
    -9.87210212407266,
    -11.31720953516613,
    -12.826364044503324,
    14.409415971737769,
    -16.090255174179077,
    -17.90145776823281,
    19.88859874750324,
    22.124234344034456
  ],
  "params": {
    "alpha": -52.0,
    "dT": 0.2,
    "dR": 1.0
  },
  "metadata": {
    "shear_max": 7.132579575215896,
    "vel_net": 1.1435297153639112e-14,
    "resolution": {
      "H": 25,
      "M": 65,
      "Nz": 129,
      "Nth": 128
    },
    "timestamp": "2026-04-16T09:12:50.076068"
  }
}