{
  "k": [
    0.1,
    0.10985411419875583,
    0.12067926406393285,
    0.13257113655901093,
    0.14563484775012436,
    0.15998587196060582,
    0.1757510624854792,
    0.193069772888325,
    0.21209508879201905,
    0.2329951810515372,
    0.2559547922699536,
    0.281176869797423,
    0.3088843596477481,
    0.3393221771895328,
    0.372759372031494,
    0.4094915062380424,
    0.44984326689694454,
    0.49417133613238345,
    0.5428675439323859,
    0.5963623316594643,
    0.6551285568595507,
    0.7196856730011519,
    0.7906043210907697,
    0.8685113737513525,
    0.9540954763499939,
    1.0481131341546859,
    1.151395399326447,
    1.2648552168552958,
    1.3894954943731375,
    1.5264179671752334,
    1.6768329368110073,
    1.8420699693267153,
    2.0235896477251565,
    2.2229964825261943,
    2.442053094548651,
    2.6826957952797246,
    2.9470517025518097,
    3.2374575428176433,
    3.5564803062231283,
    3.9069399370546147,
    4.291934260128776,
    4.714866363457392,
    5.17947467923121,
    5.689866029018296,
    6.250551925273969,
    6.866488450042998,
    7.543120063354615,
    8.286427728546842,
    9.102981779915218,
    10.0
  ],
  "gamma_max": [
    0.04682132327176702,
    0.0445681714011041,
    0.04184827281964833,
    0.0385647341466203,
    0.034600452114958415,
    0.02981385337258445,
    0.02403371477103355,
    0.017052855084409905,
    0.0086204365268222,
    -0.0015674556415177217,
    -0.013879377648320219,
    -0.028762785542685066,
    -0.04676171027725776,
    -0.0685388276445928,
    -0.09490328215058035,
    -0.1268462267848525,
    -0.1655870490563223,
    -0.2126350538259479,
    -0.2698748467340064,
    -0.3396909977538486,
    -0.4251648520008893,
    -0.5304231723700774,
    -0.6613716818400187,
    -0.8277193167257879,
    -1.0524193146109904,
    -1.3843728501057513,
    -1.5755919988323157,
    -1.8068974494879182,
    -2.086651495512186,
    -2.4249464432591754,
    -2.833962841341863,
    -3.3284027580572997,
    -3.9260135470465074,
    -4.6482207495466685,
    -5.520892899066091,
    -6.575266211959234,
    -7.816795072946555,
    -9.282578032635477,
    -11.084838056965248,
    -13.288768012497476,
    -15.972887643685734,
    -19.232141247655758,
    -23.181504705232772,
    -27.96021005546111,
    -33.73674284038794,
    -40.71480805727411,
    -49.140498812231286,
    -59.31094314846657,
    -71.58475347780885,
    -86.39466229327004
  ],
  "omega_max": [
    -2.7334365706750716e-15,
    1.8435527464713096e-15,
    -5.133085060389787e-16,
    -1.9748046690305373e-15,
    -1.2236398846814504e-15,
    1.6552981938689756e-16,
    2.611873451846798e-16,
    2.1624976231787712e-16,
    -3.6928917738241997e-16,
    2.8954010973252635e-16,
    6.590428887316862e-18,
    4.462499912676649e-16,
    -2.3033267780769155e-16,
    -1.2485531750587535e-15,
    1.0959272751600381e-14,
    4.586333276247909e-15,
    -1.874515517491828e-15,
    2.6268404256820715e-14,
    -3.606480773783538e-14,
    6.854807297376599e-15,
    2.184119608146207e-14,
    -1.125970972940176e-15,
    6.703280115523257e-14,
    -4.2161611909658406e-14,
    -4.948967060976248e-14,
    -0.13988133238084136,
    0.28157835581178026,
    0.3885165693219971,
    0.4868346576058784,
    0.5835094309532407,
    0.6819478707082379,
    0.784370920164208,
    -0.8925287516130516,
    1.0079918642724632,
    -1.1322957492069572,
    1.267023645026934,
    -1.273768780357151,
    1.4072569154357715,
    1.5685598583595632,
    1.7582634631035239,
    -1.976416212825424,
    -2.223292102158667,
    -2.4998210527298594,
    -2.8077628779960015,
    -3.1497381843562313,
    -3.529202189662865,
    3.9504094716089475,
    4.418390103575,
    -4.938943534029717,
    -5.518653096356852
  ],
  "params": {
    "alpha": -25.0,
    "dT": 0.8571428571428571,
    "dR": 1.0
  },
  "metadata": {
    "shear_max": 4.8119845791997845e-09,
    "vel_net": 0.0,
    "resolution": {
      "H": 25,
      "M": 65,
      "Nz": 129,
      "Nth": 128
    },
    "timestamp": "2026-04-13T12:21:33.155064"
  }
}