{
  "k": [
    0.1,
    0.10985411419875583,
    0.12067926406393285,
    0.13257113655901093,
    0.14563484775012436,
    0.15998587196060582,
    0.1757510624854792,
    0.193069772888325,
    0.21209508879201905,
    0.2329951810515372,
    0.2559547922699536,
    0.281176869797423,
    0.3088843596477481,
    0.3393221771895328,
    0.372759372031494,
    0.4094915062380424,
    0.44984326689694454,
    0.49417133613238345,
    0.5428675439323859,
    0.5963623316594643,
    0.6551285568595507,
    0.7196856730011519,
    0.7906043210907697,
    0.8685113737513525,
    0.9540954763499939,
    1.0481131341546859,
    1.151395399326447,
    1.2648552168552958,
    1.3894954943731375,
    1.5264179671752334,
    1.6768329368110073,
    1.8420699693267153,
    2.0235896477251565,
    2.2229964825261943,
    2.442053094548651,
    2.6826957952797246,
    2.9470517025518097,
    3.2374575428176433,
    3.5564803062231283,
    3.9069399370546147,
    4.291934260128776,
    4.714866363457392,
    5.17947467923121,
    5.689866029018296,
    6.250551925273969,
    6.866488450042998,
    7.543120063354615,
    8.286427728546842,
    9.102981779915218,
    10.0
  ],
  "gamma_max": [
    -2.0204345810060302,
    -2.019162900772337,
    -2.018011196093624,
    -2.01704252335033,
    -2.016336909381326,
    -2.015995293123339,
    -2.016144333105202,
    -2.0169422627173774,
    -1.9958468959378552,
    -1.9356101341641054,
    -1.8717128524327502,
    -1.804321105502143,
    -1.7337289619931735,
    -1.6603898331312632,
    -1.584952226394584,
    -1.5082999313307954,
    -1.4315965424716413,
    -1.3563341545468814,
    -1.2843860485432086,
    -1.2180632449485753,
    -1.1601749571587279,
    -1.1140932631736569,
    -1.0838227716424054,
    -1.0740767490743544,
    -1.090362172783056,
    -1.1390775514081286,
    -1.2276291652966262,
    -1.364573634002604,
    -1.5597974240053178,
    -1.8247472102410442,
    -2.1727295546346985,
    -2.3712168211248312,
    -2.439802030598845,
    -2.642424906001501,
    -3.0214578539672754,
    -3.6250537664070728,
    -4.5062461849546445,
    -5.723125777314263,
    -7.3402704090196265,
    -9.43137968323806,
    -12.082961196837397,
    -15.39894753792003,
    -19.506341433358667,
    -24.562488003002937,
    -30.765765296640563,
    -38.37513809568125,
    -47.7561129697323,
    -59.25748310558172,
    -72.10530528870241,
    -87.08708346857081
  ],
  "omega_max": [
    0.8758061507396255,
    0.8908111807998528,
    0.9073888173759093,
    0.925711270153064,
    0.945970458494711,
    0.9683802061736794,
    0.9931785869191946,
    1.0206303774667493,
    4.58455772541701,
    4.638439556272057,
    4.6980688512263225,
    4.763992353114045,
    4.836775333415615,
    4.91699019530917,
    5.005201693410045,
    5.101949004050327,
    5.20772546203195,
    5.322957581367259,
    5.447985979625961,
    5.583051967630333,
    5.728294714168637,
    5.883764790947487,
    6.049460168015781,
    6.225389865417862,
    6.411667949684863,
    6.608636014616224,
    6.817005758039921,
    7.038005432848083,
    7.273506159812554,
    7.526097950032859,
    7.799081968655699,
    7.111396992244497,
    7.409362261304818,
    7.75153547263973,
    8.146897952905551,
    8.603727901342106,
    9.129723582843786,
    9.732377312197732,
    10.419389793643829,
    11.199102745150814,
    12.080993468353318,
    13.076297220099807,
    14.198882372258613,
    15.466719165038835,
    16.90511007560699,
    18.556822773453064,
    20.533713738838628,
    23.392029152035327,
    27.109800315754107,
    30.81894715960789
  ],
  "params": {
    "alpha": -38.0,
    "dT": 0.8571428571428571,
    "dR": 1.0
  },
  "metadata": {
    "shear_max": 4.689482383598189,
    "vel_net": 1.9326908710013382,
    "resolution": {
      "H": 25,
      "M": 65,
      "Nz": 129,
      "Nth": 128
    },
    "timestamp": "2026-04-13T14:49:13.831276"
  }
}