{
  "k": [
    0.1,
    0.10985411419875583,
    0.12067926406393285,
    0.13257113655901093,
    0.14563484775012436,
    0.15998587196060582,
    0.1757510624854792,
    0.193069772888325,
    0.21209508879201905,
    0.2329951810515372,
    0.2559547922699536,
    0.281176869797423,
    0.3088843596477481,
    0.3393221771895328,
    0.372759372031494,
    0.4094915062380424,
    0.44984326689694454,
    0.49417133613238345,
    0.5428675439323859,
    0.5963623316594643,
    0.6551285568595507,
    0.7196856730011519,
    0.7906043210907697,
    0.8685113737513525,
    0.9540954763499939,
    1.0481131341546859,
    1.151395399326447,
    1.2648552168552958,
    1.3894954943731375,
    1.5264179671752334,
    1.6768329368110073,
    1.8420699693267153,
    2.0235896477251565,
    2.2229964825261943,
    2.442053094548651,
    2.6826957952797246,
    2.9470517025518097,
    3.2374575428176433,
    3.5564803062231283,
    3.9069399370546147,
    4.291934260128776,
    4.714866363457392,
    5.17947467923121,
    5.689866029018296,
    6.250551925273969,
    6.866488450042998,
    7.543120063354615,
    8.286427728546842,
    9.102981779915218,
    10.0
  ],
  "gamma_max": [
    1.9436947993664617,
    1.9413600790799106,
    1.9385439816485472,
    1.9351476039815756,
    1.9310518770610556,
    1.9261135220362142,
    1.9201602237192488,
    1.9129848823056121,
    1.9043387828901273,
    1.893923500367625,
    1.8813813329230022,
    1.8662840322117864,
    1.8481195678984645,
    1.826276631958396,
    1.8000265405630833,
    1.7685021281992017,
    1.730673125881175,
    1.685317351253676,
    1.630986775464785,
    1.5659671197864526,
    1.4882290175522905,
    1.395367896524637,
    1.2845285509375088,
    1.1523088629894032,
    0.9946352940391813,
    0.8066005421551412,
    0.5822508574939267,
    0.31430599377195867,
    -0.006213789298913443,
    -0.390498065001968,
    -0.8526841796121019,
    -1.4110391560811262,
    -2.0902172537262755,
    -2.9270623425083766,
    -3.997093516121513,
    -4.880470836070261,
    -6.047011624435918,
    -7.7429896176368915,
    -9.536389359211846,
    -11.583516598479338,
    -14.080212217330239,
    -17.114735225316647,
    -20.794046030816666,
    -25.247775354031546,
    -30.632907702584895,
    -37.13936486194623,
    -44.996709749420894,
    -54.48222748022619,
    -65.93068426049078,
    -79.74611977522193
  ],
  "omega_max": [
    4.787104204258477e-14,
    -1.9263648369520576e-13,
    -7.299799515442605e-14,
    5.732270480048576e-13,
    -4.922837225583438e-13,
    3.706943984458895e-13,
    8.220787417678672e-14,
    -7.408546216657389e-13,
    -2.769572182651428e-14,
    -1.2844028703922982e-13,
    -4.950967795667363e-14,
    3.159182009692114e-13,
    2.1343056849572265e-13,
    1.5588347808691135e-13,
    7.929947907203429e-13,
    1.0844711353919399e-13,
    -1.9471993125975114e-13,
    -1.1666861596523887e-13,
    -1.2251696115877582e-13,
    -1.6442283799807907e-13,
    5.0314952977906663e-14,
    2.6629811748732355e-13,
    2.468284180709001e-13,
    -4.44151944605845e-14,
    1.659196637817329e-13,
    2.3579391695976527e-14,
    -2.8012809168119406e-14,
    -3.496469858861194e-14,
    5.074451674448475e-16,
    1.4655283704072182e-15,
    1.7181435373633796e-13,
    1.0547883201508661e-13,
    1.2657366405501613e-13,
    -1.9488793548913492e-13,
    -2.5426512293968797e-13,
    -1.706655291928762e-12,
    2.3749129893609813e-13,
    -6.048838754198395e-13,
    0.5793437253577978,
    0.9296410790924399,
    1.2652266506370973,
    -1.6064933842294287,
    -1.9617097094284321,
    -2.3364645405194655,
    2.7357343183303975,
    -3.1645286283083274,
    3.628145616317665,
    4.1323061967394965,
    4.683251291589756,
    -5.287830931880561
  ],
  "params": {
    "alpha": -32.0,
    "dT": 0.8,
    "dR": 1.0
  },
  "metadata": {
    "shear_max": 9.205515679584327e-09,
    "vel_net": 4.051937910817389e-14,
    "resolution": {
      "H": 25,
      "M": 65,
      "Nz": 129,
      "Nth": 128
    },
    "timestamp": "2026-04-13T13:28:53.003955"
  }
}