{
  "k": [
    0.1,
    0.10985411419875583,
    0.12067926406393285,
    0.13257113655901093,
    0.14563484775012436,
    0.15998587196060582,
    0.1757510624854792,
    0.193069772888325,
    0.21209508879201905,
    0.2329951810515372,
    0.2559547922699536,
    0.281176869797423,
    0.3088843596477481,
    0.3393221771895328,
    0.372759372031494,
    0.4094915062380424,
    0.44984326689694454,
    0.49417133613238345,
    0.5428675439323859,
    0.5963623316594643,
    0.6551285568595507,
    0.7196856730011519,
    0.7906043210907697,
    0.8685113737513525,
    0.9540954763499939,
    1.0481131341546859,
    1.151395399326447,
    1.2648552168552958,
    1.3894954943731375,
    1.5264179671752334,
    1.6768329368110073,
    1.8420699693267153,
    2.0235896477251565,
    2.2229964825261943,
    2.442053094548651,
    2.6826957952797246,
    2.9470517025518097,
    3.2374575428176433,
    3.5564803062231283,
    3.9069399370546147,
    4.291934260128776,
    4.714866363457392,
    5.17947467923121,
    5.689866029018296,
    6.250551925273969,
    6.866488450042998,
    7.543120063354615,
    8.286427728546842,
    9.102981779915218,
    10.0
  ],
  "gamma_max": [
    0.22299824791553802,
    0.20550581616965902,
    0.18441048086813872,
    0.15897396843869568,
    0.12830823584273357,
    0.09134517531328705,
    0.0467990998763125,
    -0.006882210615773449,
    -0.07158865740575482,
    -0.14967240900727338,
    -0.24423008212524278,
    -0.3599695994195109,
    -0.5073155329065674,
    -0.7541144401058426,
    -0.8331425898559845,
    -0.9238484097619568,
    -1.0274440724004823,
    -1.0240746476026559,
    -0.7981222635353573,
    -0.5657691894218284,
    -0.3307033676687893,
    -0.09640831553318208,
    0.1338840405660927,
    0.3570286360955955,
    0.5696447669201937,
    0.7676673072582144,
    0.9457541342146211,
    1.0964839123126853,
    1.2092330929303587,
    1.2685571150404331,
    1.2517544365932507,
    1.1248993478015423,
    0.8357218002415073,
    0.30196093816838143,
    0.05206449824869941,
    1.0070784940741868,
    1.5635583550731995,
    1.4461317060917143,
    0.48242412215697655,
    -1.909920046493297,
    -3.4516855112533156,
    -3.386381367525289,
    -4.051661512797628,
    -5.284678095509609,
    -7.079167697099817,
    -9.488388314586143,
    -12.60079841971359,
    -16.534875721790154,
    -21.440070641443064,
    -27.500911831198177
  ],
  "omega_max": [
    3.516928432591795e-12,
    -7.223892631562935e-12,
    -9.38112875493583e-12,
    -1.4768704294039598e-11,
    -6.4784035023491444e-12,
    8.525672744978543e-12,
    -4.081337277230205e-13,
    6.839039130896543e-11,
    3.3829448492453198e-12,
    -2.4148815074879003e-11,
    -2.5229549001784617e-11,
    6.292970579435591e-12,
    5.689851778342868e-12,
    0.06916740761669725,
    -0.1853272338173953,
    -0.22688683140903562,
    0.2225851610090214,
    -6.115888471356699,
    6.221241665536214,
    -6.342992760803906,
    6.478632692926703,
    -6.624247471842197,
    -6.774698591491269,
    6.923751898426761,
    7.064107093161187,
    7.187347056784744,
    -7.283861904185543,
    -7.342817651810907,
    7.352251028154977,
    7.299394653714534,
    -7.171406406379076,
    -6.956976049850666,
    -6.65075474705968,
    -6.269833330679912,
    -1.5198466399333067e-13,
    -1.8540261733441708e-12,
    1.247259123852238e-12,
    5.798464688451134e-12,
    1.773495388208348e-11,
    9.983728588362336e-12,
    6.6263987238018185,
    7.877308167925696,
    9.22855761343653,
    10.600517456663798,
    -12.0102694893116,
    -13.480761665998525,
    15.036687426481677,
    -16.705950500240967,
    18.521660291878437,
    20.52495958798431
  ],
  "params": {
    "alpha": -55.0,
    "dT": 0.3333333333333333,
    "dR": 1.0
  },
  "metadata": {
    "shear_max": 6.860377086731935,
    "vel_net": 1.1035616864774056e-13,
    "resolution": {
      "H": 25,
      "M": 65,
      "Nz": 129,
      "Nth": 128
    },
    "timestamp": "2026-04-16T06:56:50.476719"
  }
}