{
  "k": [
    0.1,
    0.10985411419875583,
    0.12067926406393285,
    0.13257113655901093,
    0.14563484775012436,
    0.15998587196060582,
    0.1757510624854792,
    0.193069772888325,
    0.21209508879201905,
    0.2329951810515372,
    0.2559547922699536,
    0.281176869797423,
    0.3088843596477481,
    0.3393221771895328,
    0.372759372031494,
    0.4094915062380424,
    0.44984326689694454,
    0.49417133613238345,
    0.5428675439323859,
    0.5963623316594643,
    0.6551285568595507,
    0.7196856730011519,
    0.7906043210907697,
    0.8685113737513525,
    0.9540954763499939,
    1.0481131341546859,
    1.151395399326447,
    1.2648552168552958,
    1.3894954943731375,
    1.5264179671752334,
    1.6768329368110073,
    1.8420699693267153,
    2.0235896477251565,
    2.2229964825261943,
    2.442053094548651,
    2.6826957952797246,
    2.9470517025518097,
    3.2374575428176433,
    3.5564803062231283,
    3.9069399370546147,
    4.291934260128776,
    4.714866363457392,
    5.17947467923121,
    5.689866029018296,
    6.250551925273969,
    6.866488450042998,
    7.543120063354615,
    8.286427728546842,
    9.102981779915218,
    10.0
  ],
  "gamma_max": [
    -1.4074015671313855,
    -1.4042029166603283,
    -1.4010873898862795,
    -1.3981677365750231,
    -1.3955849890750849,
    -1.3935150764233044,
    -1.392177774720184,
    -1.3918490600694957,
    -1.3928785191987039,
    -1.395714509451593,
    -1.4009414570210852,
    -1.4093363104324157,
    -1.4219537050346958,
    -1.4402427394793438,
    -1.4661274980254002,
    -1.5015998069863787,
    -1.4773220486196044,
    -1.4005820577897041,
    -1.3219884380491747,
    -1.2423562995121982,
    -1.1627120170353888,
    -1.0843258518298202,
    -1.0087471442400884,
    -0.9378410883874562,
    -0.8738257294404653,
    -0.8193077245265133,
    -0.777315998238627,
    -0.7513343935134911,
    -0.7453386128758787,
    -0.763849927085385,
    -0.8120281818357654,
    -0.8958368476432179,
    -0.8338824419320764,
    -0.8028350977909686,
    -0.837997128304105,
    -0.9611717044686734,
    -1.1965177060731491,
    -1.5707476973032166,
    -2.114524349240126,
    -2.8653906310923674,
    -3.8715498320772155,
    -5.179834756030346,
    -6.707705803329051,
    -8.294115374795709,
    -10.066197057824386,
    -12.166783380987377,
    -14.698043933093167,
    -17.75800577733018,
    -21.455844456477585,
    -25.919416722056294
  ],
  "omega_max": [
    0.03200266685202586,
    0.031200429572259505,
    0.029811034463408,
    0.027749679117292977,
    0.024925233081653043,
    0.021238886932299098,
    0.016582036253492725,
    0.010832873311865944,
    0.003850692123309004,
    -0.004534173475605615,
    -0.01453925164093063,
    -0.02646797325808922,
    -0.040791919619957366,
    -0.05834121362592133,
    -0.08076049166104719,
    -0.11147512221878257,
    -3.7408247073814342,
    -3.828115477949062,
    -3.923179778716129,
    -4.026323039777543,
    -4.137810194630271,
    -4.257876825554527,
    -4.386752296628936,
    -4.5246973267882735,
    -4.672056596585731,
    -4.829323410841684,
    -4.997207995094194,
    -5.1766940658827165,
    -5.369060980461668,
    -5.57584289735623,
    -5.798694308689855,
    -6.039135207382874,
    -5.544115327852581,
    -5.874832667971681,
    -6.252785480912312,
    -6.6858222939956224,
    -7.181739853122353,
    -7.749106577338784,
    -8.39890102211403,
    -9.148249208817443,
    -10.031266486078946,
    -11.133320756972168,
    -12.591086171140418,
    -14.285900415436407,
    -16.068006630594205,
    -17.949886755273155,
    -19.96800515058447,
    -22.155920041943325,
    -24.544791677832716,
    -27.16517831449406
  ],
  "params": {
    "alpha": -28.0,
    "dT": 0.25,
    "dR": 1.0
  },
  "metadata": {
    "shear_max": 3.546606869218431,
    "vel_net": 1.4792243168324952,
    "resolution": {
      "H": 25,
      "M": 65,
      "Nz": 129,
      "Nth": 128
    },
    "timestamp": "2026-04-13T19:02:07.359659"
  }
}