{
  "k": [
    0.1,
    0.10985411419875583,
    0.12067926406393285,
    0.13257113655901093,
    0.14563484775012436,
    0.15998587196060582,
    0.1757510624854792,
    0.193069772888325,
    0.21209508879201905,
    0.2329951810515372,
    0.2559547922699536,
    0.281176869797423,
    0.3088843596477481,
    0.3393221771895328,
    0.372759372031494,
    0.4094915062380424,
    0.44984326689694454,
    0.49417133613238345,
    0.5428675439323859,
    0.5963623316594643,
    0.6551285568595507,
    0.7196856730011519,
    0.7906043210907697,
    0.8685113737513525,
    0.9540954763499939,
    1.0481131341546859,
    1.151395399326447,
    1.2648552168552958,
    1.3894954943731375,
    1.5264179671752334,
    1.6768329368110073,
    1.8420699693267153,
    2.0235896477251565,
    2.2229964825261943,
    2.442053094548651,
    2.6826957952797246,
    2.9470517025518097,
    3.2374575428176433,
    3.5564803062231283,
    3.9069399370546147,
    4.291934260128776,
    4.714866363457392,
    5.17947467923121,
    5.689866029018296,
    6.250551925273969,
    6.866488450042998,
    7.543120063354615,
    8.286427728546842,
    9.102981779915218,
    10.0
  ],
  "gamma_max": [
    -0.9583708673100053,
    -0.9546202520975774,
    -0.9508195789809362,
    -0.9470347657160058,
    -0.9433518928110473,
    -0.939881535963949,
    -0.9367641898654675,
    -0.9341773474073611,
    -0.9323451257619001,
    -0.9315519348154488,
    -0.9321627860455537,
    -0.9346549496274593,
    -0.9396701958528344,
    -0.9481074788850427,
    -0.9613040437142073,
    -0.9814409861529689,
    -1.0126592623879462,
    -0.9941798007708699,
    -0.9512008592239434,
    -0.9065033827243978,
    -0.8608631723256743,
    -0.8152121118333363,
    -0.7706603017716572,
    -0.7285154438840539,
    -0.690297110466509,
    -0.657743790258129,
    -0.6328114261723823,
    -0.6176643745774123,
    -0.6146644509258415,
    -0.6263721697556369,
    -0.6555866188853742,
    -0.6600475074314787,
    -0.6330468838669869,
    -0.6326272230285648,
    -0.6683020655764539,
    -0.7505193503900239,
    -0.8902593804907435,
    -1.098711932769262,
    -1.3867495793212496,
    -1.7626577982324843,
    -2.2245141477414214,
    -2.752992867694286,
    -3.3390461861214575,
    -4.011807805119703,
    -4.813396718861547,
    -5.783005242979722,
    -6.958993639841052,
    -8.382765425727417,
    -10.101566075041232,
    -12.170925605378173
  ],
  "omega_max": [
    0.1928580365491163,
    0.18875772176144867,
    0.18445187992767162,
    0.17994139634991474,
    0.17522721399170002,
    0.17031008782906296,
    0.16519056254025488,
    0.15986935235142355,
    0.15434838890218866,
    0.14863291568260836,
    0.14273520046268837,
    0.13668085079078338,
    0.1305195108797223,
    0.12434329029183655,
    0.11831926050596127,
    0.1127455295841047,
    0.10811173980349037,
    -2.370140124304129,
    -2.4593255786182624,
    -2.553977287953939,
    -2.654263937060348,
    -2.760382460121591,
    -2.8725793513460194,
    -2.991185812956325,
    -3.116665983680942,
    -3.2496747330882925,
    -3.391117244880691,
    -3.5421971679549134,
    -3.7044345828272314,
    -3.8796316294495674,
    -4.069765940037558,
    -3.8714987126139997,
    -4.128398806301019,
    -4.419403576487042,
    -4.751492026222486,
    -5.132448740977407,
    -5.570975314053422,
    -6.0772558437883815,
    -6.664312458749257,
    -7.3502332894321825,
    -8.157777659515624,
    -9.097490822828899,
    -10.147578194399905,
    -11.286308148093328,
    -12.51628813671002,
    -13.852589570810643,
    -15.31376233306009,
    -16.91947228857207,
    -18.690042826035455,
    -20.64625357368172
  ],
  "params": {
    "alpha": -23.0,
    "dT": 0.1111111111111111,
    "dR": 1.0
  },
  "metadata": {
    "shear_max": 2.520653401375124,
    "vel_net": 1.0176581753900165,
    "resolution": {
      "H": 25,
      "M": 65,
      "Nz": 129,
      "Nth": 128
    },
    "timestamp": "2026-04-13T13:56:08.514119"
  }
}