{
  "k": [
    0.1,
    0.10985411419875583,
    0.12067926406393285,
    0.13257113655901093,
    0.14563484775012436,
    0.15998587196060582,
    0.1757510624854792,
    0.193069772888325,
    0.21209508879201905,
    0.2329951810515372,
    0.2559547922699536,
    0.281176869797423,
    0.3088843596477481,
    0.3393221771895328,
    0.372759372031494,
    0.4094915062380424,
    0.44984326689694454,
    0.49417133613238345,
    0.5428675439323859,
    0.5963623316594643,
    0.6551285568595507,
    0.7196856730011519,
    0.7906043210907697,
    0.8685113737513525,
    0.9540954763499939,
    1.0481131341546859,
    1.151395399326447,
    1.2648552168552958,
    1.3894954943731375,
    1.5264179671752334,
    1.6768329368110073,
    1.8420699693267153,
    2.0235896477251565,
    2.2229964825261943,
    2.442053094548651,
    2.6826957952797246,
    2.9470517025518097,
    3.2374575428176433,
    3.5564803062231283,
    3.9069399370546147,
    4.291934260128776,
    4.714866363457392,
    5.17947467923121,
    5.689866029018296,
    6.250551925273969,
    6.866488450042998,
    7.543120063354615,
    8.286427728546842,
    9.102981779915218,
    10.0
  ],
  "gamma_max": [
    0.5076235896497236,
    0.4893890912037427,
    0.46735487610089066,
    0.440723361472961,
    0.40852764618476073,
    0.3695951777019764,
    0.32250362878986844,
    0.2655270777732871,
    0.19656900573413416,
    0.11307310618888629,
    0.011882226359325966,
    -0.11106881325239606,
    -0.2617544328053346,
    -0.4533971617503308,
    -0.7494595736666202,
    -0.8540185047412058,
    -0.9732075123977904,
    -0.8498597036107246,
    -0.6242511881456112,
    -0.3969128940707324,
    -0.172067641736392,
    0.04697619497941001,
    0.2575725156805901,
    0.4572984536919933,
    0.6434903922587873,
    0.8127887800242224,
    0.9606485153169195,
    1.0807418342646025,
    1.1641723580887091,
    1.1984136626272348,
    1.1658642212307422,
    1.0418412964085095,
    0.7917343139443705,
    0.36765924092305413,
    -0.2869239833527859,
    -0.21967162716873956,
    0.07280763749949697,
    -0.17670418435200438,
    -1.213091395058911,
    -3.4224212847417332,
    -3.8778713367375843,
    -4.318404807113752,
    -5.250404728602773,
    -6.669504706121069,
    -8.61020488213237,
    -11.13787217246447,
    -14.342850973538367,
    -18.33966691594089,
    -23.269194656502236,
    -29.303372584628807
  ],
  "omega_max": [
    2.912369932550397e-13,
    3.2857538469069246e-14,
    2.183977849035664e-13,
    -2.567560262383781e-13,
    -1.1096999069078495e-13,
    4.201781709672921e-13,
    4.474877924242335e-13,
    -1.8722552116050272e-13,
    -2.6920881594340723e-13,
    -1.754205605785835e-13,
    -7.767314976975543e-13,
    5.462835668957321e-13,
    -4.604919609951848e-13,
    3.559659636663251e-13,
    0.10189555123404344,
    0.21975800049922198,
    0.2504203000628744,
    5.172806158933564,
    -5.276859490030755,
    5.39956948594859,
    5.53703726842092,
    5.684241672720033,
    5.83549619767097,
    -5.984624213771941,
    -6.124926913930627,
    -6.249064600612837,
    6.348950044038513,
    6.41572915110532,
    6.439919333635851,
    -6.411790219156425,
    -6.322113404712322,
    6.163547916005733,
    -5.933483251091073,
    5.641330978814561,
    5.329249322834127,
    1.3639057276394053e-11,
    1.5376894027695425e-11,
    2.242355734531364e-11,
    -5.308257199006458e-11,
    1.4290471810383052e-10,
    -6.192220121191798,
    7.209593477912993,
    -8.330981369837765,
    9.50594130625826,
    -10.739453587841183,
    12.048572335945755,
    13.455347916364625,
    14.985585220763598,
    16.66852096266415,
    -18.537032796164947
  ],
  "params": {
    "alpha": -50.0,
    "dT": 0.3333333333333333,
    "dR": 1.0
  },
  "metadata": {
    "shear_max": 5.924164087376932,
    "vel_net": 3.1013126018702694e-13,
    "resolution": {
      "H": 20,
      "M": 49,
      "Nz": 97,
      "Nth": 96
    },
    "timestamp": "2026-02-14T04:44:35.037583"
  }
}