{
  "k": [
    0.1,
    0.10985411419875583,
    0.12067926406393285,
    0.13257113655901093,
    0.14563484775012436,
    0.15998587196060582,
    0.1757510624854792,
    0.193069772888325,
    0.21209508879201905,
    0.2329951810515372,
    0.2559547922699536,
    0.281176869797423,
    0.3088843596477481,
    0.3393221771895328,
    0.372759372031494,
    0.4094915062380424,
    0.44984326689694454,
    0.49417133613238345,
    0.5428675439323859,
    0.5963623316594643,
    0.6551285568595507,
    0.7196856730011519,
    0.7906043210907697,
    0.8685113737513525,
    0.9540954763499939,
    1.0481131341546859,
    1.151395399326447,
    1.2648552168552958,
    1.3894954943731375,
    1.5264179671752334,
    1.6768329368110073,
    1.8420699693267153,
    2.0235896477251565,
    2.2229964825261943,
    2.442053094548651,
    2.6826957952797246,
    2.9470517025518097,
    3.2374575428176433,
    3.5564803062231283,
    3.9069399370546147,
    4.291934260128776,
    4.714866363457392,
    5.17947467923121,
    5.689866029018296,
    6.250551925273969,
    6.866488450042998,
    7.543120063354615,
    8.286427728546842,
    9.102981779915218,
    10.0
  ],
  "gamma_max": [
    -1.6397949147175714,
    -1.6417950013683436,
    -1.6442076020909915,
    -1.6471175445394017,
    -1.6506269950490524,
    -1.6548589623015764,
    -1.6599614960490277,
    -1.6661127166615781,
    -1.67352683959708,
    -1.682461395311435,
    -1.6932258940458393,
    -1.706192252611459,
    -1.7218073966299279,
    -1.7406085905864472,
    -1.7632422483054209,
    -1.7904872580452793,
    -1.8232842371199276,
    -1.8627726176094668,
    -1.8174259787222298,
    -1.7039303865859996,
    -1.586730287880952,
    -1.4670944406095878,
    -1.346700469340731,
    -1.2277047035663324,
    -1.1128183865826022,
    -1.0053905930730955,
    -0.9094993012820878,
    -0.8300551565627797,
    -0.7729284522448789,
    -0.7451179349148171,
    -0.7549854613755698,
    -0.3982589449839691,
    -0.046643561946662686,
    0.23758306389741274,
    0.4150011123181807,
    0.4428112544954834,
    0.2754853315825932,
    -0.1348619911654135,
    -0.838867938507229,
    -1.8914295103077738,
    -3.354153190272899,
    -5.297941367834474,
    -7.8038740501781705,
    -10.958746647431562,
    -14.843139082180935,
    -19.531384662983825,
    -25.137148667787958,
    -31.82980190990449,
    -39.683819178925255,
    -48.796296667643446
  ],
  "omega_max": [
    0.15438318039642515,
    0.169644928239806,
    0.18642668274235735,
    0.20488361683461442,
    0.22518803531653728,
    0.2475317114538134,
    0.2721286920199253,
    0.29921870863665356,
    0.3290713832838696,
    0.3619914849667467,
    0.3983255890284498,
    0.43847061789880226,
    0.48288490705095105,
    0.5321026505421785,
    0.5867528114289688,
    0.647583814007617,
    0.715495452457296,
    0.7915792466673569,
    7.402450610919561,
    7.568924687756335,
    7.751309075203888,
    7.950622513953101,
    8.167840452144832,
    8.403892145006491,
    8.659668450193616,
    8.936038069328697,
    9.233863311585514,
    9.553997972621136,
    9.897242190813792,
    10.264226505250729,
    10.655204285865018,
    9.05179122678188,
    9.52344637958913,
    10.080230891223106,
    10.729024602591085,
    11.475888406355546,
    12.327197712950298,
    13.29043634616404,
    14.375121246123493,
    15.594095667896676,
    16.965457611065638,
    18.515576902037978,
    20.283595847496027,
    22.325862835963324,
    24.711016250475684,
    27.492792927104645,
    30.698705200740562,
    34.402583495673994,
    38.71662660496539,
    43.511954101619004
  ],
  "params": {
    "alpha": -45.0,
    "dT": 0.5,
    "dR": 1.0
  },
  "metadata": {
    "shear_max": 6.368652195035011,
    "vel_net": 2.7373739525975966,
    "resolution": {
      "H": 25,
      "M": 65,
      "Nz": 129,
      "Nth": 128
    },
    "timestamp": "2026-04-15T17:33:00.038162"
  }
}