{
  "k": [
    0.1,
    0.10985411419875583,
    0.12067926406393285,
    0.13257113655901093,
    0.14563484775012436,
    0.15998587196060582,
    0.1757510624854792,
    0.193069772888325,
    0.21209508879201905,
    0.2329951810515372,
    0.2559547922699536,
    0.281176869797423,
    0.3088843596477481,
    0.3393221771895328,
    0.372759372031494,
    0.4094915062380424,
    0.44984326689694454,
    0.49417133613238345,
    0.5428675439323859,
    0.5963623316594643,
    0.6551285568595507,
    0.7196856730011519,
    0.7906043210907697,
    0.8685113737513525,
    0.9540954763499939,
    1.0481131341546859,
    1.151395399326447,
    1.2648552168552958,
    1.3894954943731375,
    1.5264179671752334,
    1.6768329368110073,
    1.8420699693267153,
    2.0235896477251565,
    2.2229964825261943,
    2.442053094548651,
    2.6826957952797246,
    2.9470517025518097,
    3.2374575428176433,
    3.5564803062231283,
    3.9069399370546147,
    4.291934260128776,
    4.714866363457392,
    5.17947467923121,
    5.689866029018296,
    6.250551925273969,
    6.866488450042998,
    7.543120063354615,
    8.286427728546842,
    9.102981779915218,
    10.0
  ],
  "gamma_max": [
    0.39842462669750567,
    0.3965419342831195,
    0.39427053744236096,
    0.3915303309771335,
    0.38822476417210394,
    0.38423749017796405,
    0.3794283417986815,
    0.3736285007999774,
    0.3666347012386644,
    0.35820227474509125,
    0.34803680318911157,
    0.3357840889260762,
    0.321018076157655,
    0.30322624227804024,
    0.28179180610621835,
    0.2559718195755161,
    0.22486973727383036,
    0.18740024196968577,
    0.1422426167602957,
    0.08777613761061671,
    0.021985276836281147,
    -0.057689944484326565,
    -0.1546136482947051,
    -0.2734663543835314,
    -0.4214634262816336,
    -0.6123149021075491,
    -0.8936536994462403,
    -1.1914826852749183,
    -1.3669308606966721,
    -1.5767680958255732,
    -1.827975840681976,
    -2.1290274522362362,
    -2.4902005463604313,
    -2.923949923602823,
    -3.4453561994078075,
    -4.047572268037506,
    -4.73245677731481,
    -5.5854587601892485,
    -6.638528393624077,
    -7.929782445422924,
    -9.505094280577278,
    -11.419947930295049,
    -13.741581657651258,
    -16.55147983911538,
    -19.948301684762054,
    -24.05136042925176,
    -29.004790718471963,
    -34.98256896250098,
    -42.19458326194013,
    -50.893985646989584
  ],
  "omega_max": [
    -3.8589504290998997e-14,
    1.605338230028608e-14,
    -6.742965650872342e-14,
    -1.73766309457308e-14,
    -6.600242152295236e-15,
    4.203509859950743e-14,
    4.0315914660899725e-13,
    -3.876169748953791e-14,
    -2.0192867394578732e-14,
    8.948995335066981e-14,
    -1.899926415471932e-13,
    7.0235175551045594e-15,
    5.781875793453543e-14,
    1.1896711105918816e-13,
    4.0646695842563796e-14,
    -1.8713966078883076e-14,
    -3.120591592670471e-14,
    -7.247314372375434e-14,
    -1.3173155770892841e-14,
    3.2706365379814897e-14,
    -4.932972024256424e-16,
    4.52161941357945e-17,
    1.3516700962208649e-14,
    1.6816706797137094e-13,
    7.151383718893942e-14,
    -2.514816043022294e-13,
    5.500573238547492e-13,
    0.250775783265747,
    -0.4046041179925793,
    -0.5315765111231452,
    0.6504905743797854,
    -0.7680703701177567,
    0.8880315989481428,
    1.0129927540225703,
    1.145111399551327,
    1.1603615000716947,
    1.2832508222240402,
    1.429719454518668,
    -1.6008724054558772,
    1.7972514778577373,
    -2.019394029535184,
    2.268223049124298,
    2.545261931286045,
    -2.8527278173343626,
    3.1935633911805157,
    -3.5714486217347177,
    3.9908121315202925,
    -4.456846529975889,
    -4.975526371254927,
    5.553630533606244
  ],
  "params": {
    "alpha": -23.0,
    "dT": 0.5,
    "dR": 1.0
  },
  "metadata": {
    "shear_max": 5.606224847578109e-09,
    "vel_net": 2.0679515313825692e-25,
    "resolution": {
      "H": 25,
      "M": 65,
      "Nz": 129,
      "Nth": 128
    },
    "timestamp": "2026-04-13T12:22:56.780945"
  }
}