{
  "k": [
    0.1,
    0.10985411419875583,
    0.12067926406393285,
    0.13257113655901093,
    0.14563484775012436,
    0.15998587196060582,
    0.1757510624854792,
    0.193069772888325,
    0.21209508879201905,
    0.2329951810515372,
    0.2559547922699536,
    0.281176869797423,
    0.3088843596477481,
    0.3393221771895328,
    0.372759372031494,
    0.4094915062380424,
    0.44984326689694454,
    0.49417133613238345,
    0.5428675439323859,
    0.5963623316594643,
    0.6551285568595507,
    0.7196856730011519,
    0.7906043210907697,
    0.8685113737513525,
    0.9540954763499939,
    1.0481131341546859,
    1.151395399326447,
    1.2648552168552958,
    1.3894954943731375,
    1.5264179671752334,
    1.6768329368110073,
    1.8420699693267153,
    2.0235896477251565,
    2.2229964825261943,
    2.442053094548651,
    2.6826957952797246,
    2.9470517025518097,
    3.2374575428176433,
    3.5564803062231283,
    3.9069399370546147,
    4.291934260128776,
    4.714866363457392,
    5.17947467923121,
    5.689866029018296,
    6.250551925273969,
    6.866488450042998,
    7.543120063354615,
    8.286427728546842,
    9.102981779915218,
    10.0
  ],
  "gamma_max": [
    -0.9789357324726478,
    -0.9802813501090852,
    -0.9819061575386678,
    -0.9838683028919483,
    -0.9862381411675747,
    -0.9891008368842497,
    -0.9925595373757299,
    -0.9967392469163028,
    -1.001791563046972,
    -1.0079004747444567,
    -1.0152894684493656,
    -1.024230244988514,
    -1.0350534169517311,
    -1.0481616348319445,
    -1.064045678316427,
    -1.0833041465119058,
    -1.106667483651235,
    -1.1350271822047906,
    -1.1694711117385859,
    -1.2113260332499798,
    -1.262208487135281,
    -1.3240854161599425,
    -1.3993461426221792,
    -1.4908877142434476,
    -1.6022162157960655,
    -1.73756744775539,
    -1.9020514001968798,
    -2.1018261662820508,
    -2.3443082925455454,
    -2.638428013182452,
    -2.994939378025068,
    -3.4267970606413445,
    -3.949613805992945,
    -4.582215275714309,
    -5.347312656614483,
    -6.272317826649271,
    -7.366416878755904,
    -8.658249015385687,
    -10.244653466615928,
    -12.182993723009085,
    -14.542295259146032,
    -17.405957150760443,
    -20.874905598700835,
    -25.071285708473695,
    -30.142827342266134,
    -36.268055880815076,
    -43.662552930553886,
    -52.586509947921094,
    -63.35386253225347,
    -76.34334558744823
  ],
  "omega_max": [
    -0.04387886898618635,
    -0.0510938888099018,
    -0.058623181502378566,
    0.06657617088285515,
    -0.07504832604066666,
    -0.08412918017165348,
    0.09390674591048478,
    0.10447018550641518,
    0.11591155373103751,
    -0.1283270085975862,
    0.14181769678656644,
    0.15649043375816438,
    0.1724582600414781,
    -0.18984094467808632,
    -0.20876551371746987,
    0.22936690155677245,
    -0.25178885074079627,
    -0.27618521517328976,
    -0.30272184312751216,
    -0.3315792171174332,
    -0.3629559942964568,
    -0.39707351429662674,
    0.4341812241393052,
    0.47456283224870427,
    -0.5185428861971914,
    -0.5664934225262022,
    0.6188404039533545,
    -0.676069848637271,
    0.7387338271058986,
    0.8074567673921026,
    0.8829426593980119,
    0.9659837002727525,
    -1.0574706537650491,
    1.158404791899519,
    -1.2699109515555775,
    -1.3932512764115366,
    -1.4379578188760553,
    -1.5848081848394493,
    1.7502747210327367,
    -1.9369610115314642,
    2.14706316641181,
    2.382748806092647,
    2.646441923732553,
    2.9410096798445235,
    -3.2698758266872034,
    3.6370893051754494,
    -4.047368465059246,
    -4.506132174990032,
    -5.01952474783003,
    -5.594443730201813
  ],
  "params": {
    "alpha": -20.0,
    "dT": 0.75,
    "dR": 1.0
  },
  "metadata": {
    "shear_max": 2.464944121678695e-09,
    "vel_net": 1.0339757656912846e-25,
    "resolution": {
      "H": 25,
      "M": 65,
      "Nz": 129,
      "Nth": 128
    },
    "timestamp": "2026-04-13T11:43:05.280074"
  }
}