{
  "k": [
    0.1,
    0.10985411419875583,
    0.12067926406393285,
    0.13257113655901093,
    0.14563484775012436,
    0.15998587196060582,
    0.1757510624854792,
    0.193069772888325,
    0.21209508879201905,
    0.2329951810515372,
    0.2559547922699536,
    0.281176869797423,
    0.3088843596477481,
    0.3393221771895328,
    0.372759372031494,
    0.4094915062380424,
    0.44984326689694454,
    0.49417133613238345,
    0.5428675439323859,
    0.5963623316594643,
    0.6551285568595507,
    0.7196856730011519,
    0.7906043210907697,
    0.8685113737513525,
    0.9540954763499939,
    1.0481131341546859,
    1.151395399326447,
    1.2648552168552958,
    1.3894954943731375,
    1.5264179671752334,
    1.6768329368110073,
    1.8420699693267153,
    2.0235896477251565,
    2.2229964825261943,
    2.442053094548651,
    2.6826957952797246,
    2.9470517025518097,
    3.2374575428176433,
    3.5564803062231283,
    3.9069399370546147,
    4.291934260128776,
    4.714866363457392,
    5.17947467923121,
    5.689866029018296,
    6.250551925273969,
    6.866488450042998,
    7.543120063354615,
    8.286427728546842,
    9.102981779915218,
    10.0
  ],
  "gamma_max": [
    -0.7007503852110258,
    -0.7023993837267887,
    -0.7043946218665698,
    -0.7068101806785133,
    -0.7097366654321657,
    -0.7132852322040998,
    -0.7175927764370024,
    -0.722828720528422,
    -0.7292040635564248,
    -0.736983741599669,
    -0.7465040407007772,
    -0.7581981376973209,
    -0.7726356236042307,
    -0.7905882902211113,
    -0.8131514946708545,
    -0.8420051097497919,
    -0.8801344118662469,
    -0.9351616968740036,
    -1.0166222937959186,
    -1.0278821930511637,
    -1.0412213588155144,
    -1.0569852474147012,
    -1.0755702090255947,
    -1.097434474435804,
    -1.123115450151464,
    -1.1532561613839878,
    -1.1886429245888628,
    -1.2302540307649161,
    -1.279316166585664,
    -1.3373638156676206,
    -1.4062990743477288,
    -1.4884544118789327,
    -1.5866653665700623,
    -1.7043612253475768,
    -1.8456798775373275,
    -2.0121630959298242,
    -2.1780029310204863,
    -2.391724131146703,
    -2.66191287068888,
    -2.9985643290934183,
    -3.413645427413537,
    -3.921632635740502,
    -4.540074427039477,
    -5.2902106677918885,
    -6.197679008666378,
    -7.293342985177887,
    -8.614284194416102,
    -10.205010802325681,
    -12.118945470637945,
    -14.357769566788596
  ],
  "omega_max": [
    7.166020453218511e-16,
    1.6665639141967438e-16,
    1.076574882812572e-15,
    1.2671923552587225e-15,
    2.336895569665749e-16,
    8.811206439082565e-16,
    -2.321796051388875e-16,
    7.044771300676048e-16,
    7.819369861695668e-16,
    1.79357649998474e-15,
    1.5465040968029898e-15,
    3.5545083011482816e-16,
    -8.152304041351697e-17,
    3.816573885252551e-15,
    2.4959281321407364e-15,
    -3.9355885486356225e-16,
    1.0320232441311783e-15,
    3.4953136357273674e-15,
    0.24838766303565182,
    -0.28492398761217574,
    -0.3233692625910536,
    -0.3641632412895765,
    0.4077059904608912,
    0.45437791558199686,
    0.5045504797493592,
    0.5585933521113398,
    -0.6168827712251905,
    -0.6798154596130935,
    0.7478303999834195,
    -0.8214366605988029,
    -0.9012413458818298,
    0.987970958861054,
    -1.0824829626338088,
    -1.185769480368413,
    1.2989584296315049,
    1.3914059756275547,
    -1.5280017290916246,
    -1.678051926568748,
    1.844282700438438,
    -2.0291931064576674,
    -2.235263598955365,
    2.4651456371486518,
    -2.7218147716762573,
    3.0086914811590026,
    -3.329736404337347,
    3.6895237278380475,
    4.093293056642869,
    -4.546979163349429,
    5.057223323460494,
    8.49675828479506
  ],
  "params": {
    "alpha": -15.0,
    "dT": 0.125,
    "dR": 1.0
  },
  "metadata": {
    "shear_max": 2.7294340471532006e-09,
    "vel_net": 5.169878828456423e-26,
    "resolution": {
      "H": 25,
      "M": 65,
      "Nz": 129,
      "Nth": 128
    },
    "timestamp": "2026-04-13T11:01:08.448768"
  }
}