{
  "k": [
    0.1,
    0.10985411419875583,
    0.12067926406393285,
    0.13257113655901093,
    0.14563484775012436,
    0.15998587196060582,
    0.1757510624854792,
    0.193069772888325,
    0.21209508879201905,
    0.2329951810515372,
    0.2559547922699536,
    0.281176869797423,
    0.3088843596477481,
    0.3393221771895328,
    0.372759372031494,
    0.4094915062380424,
    0.44984326689694454,
    0.49417133613238345,
    0.5428675439323859,
    0.5963623316594643,
    0.6551285568595507,
    0.7196856730011519,
    0.7906043210907697,
    0.8685113737513525,
    0.9540954763499939,
    1.0481131341546859,
    1.151395399326447,
    1.2648552168552958,
    1.3894954943731375,
    1.5264179671752334,
    1.6768329368110073,
    1.8420699693267153,
    2.0235896477251565,
    2.2229964825261943,
    2.442053094548651,
    2.6826957952797246,
    2.9470517025518097,
    3.2374575428176433,
    3.5564803062231283,
    3.9069399370546147,
    4.291934260128776,
    4.714866363457392,
    5.17947467923121,
    5.689866029018296,
    6.250551925273969,
    6.866488450042998,
    7.543120063354615,
    8.286427728546842,
    9.102981779915218,
    10.0
  ],
  "gamma_max": [
    -0.03004953874709359,
    -0.037542770264569744,
    -0.046551916482588246,
    -0.05737519846935735,
    -0.07036557323089766,
    -0.08593885385550253,
    -0.104581928640839,
    -0.1268601114602803,
    -0.15342142016400373,
    -0.18499216429125828,
    -0.22234676252271435,
    -0.2661860598153264,
    -0.31657631915951256,
    -0.3692340238058361,
    -0.4002913852394054,
    -0.40554002148279705,
    -0.40424635387362773,
    -0.4010166935691363,
    -0.39690179017715743,
    -0.3923452096419884,
    -0.38768331270765427,
    -0.3832818173276534,
    -0.37959426744304875,
    -0.37719585032849184,
    -0.1654151516465525,
    0.0547331155885171,
    0.26584582095737885,
    0.45878024289287256,
    0.6194315439673515,
    0.7253511038215776,
    0.7397896443944483,
    0.6015024093705891,
    0.2195718342159547,
    1.5977665500081168,
    3.225722479507839,
    4.542748422414548,
    5.432260640647434,
    5.870099731386644,
    5.80898236180662,
    5.15165850170403,
    3.7355728672143464,
    1.431965898425536,
    0.7598048180354786,
    1.0810115636163735,
    0.9770585467870851,
    0.46801531181943173,
    -0.4559234221969599,
    -1.835426237052272,
    -3.729118757463701,
    -6.165963684399858
  ],
  "omega_max": [
    -3.787507059998023e-12,
    -2.1393812662190457e-12,
    -7.657558147263879e-12,
    -9.688091413529092e-13,
    -1.6563848924778421e-12,
    1.3591377430778983e-12,
    -5.879974405296049e-12,
    -5.613994750868664e-13,
    -1.966308248707766e-13,
    2.809997549670136e-12,
    3.5067901617421522e-12,
    1.0016033821240537e-12,
    2.8911956541818632e-12,
    4.4193101103799286e-12,
    2.21226429411963e-12,
    -8.931836857183508e-13,
    4.1418466106388174e-14,
    1.9720003312604894e-13,
    3.197002704159865e-13,
    1.3880766994961228e-13,
    1.7863610338599657e-13,
    4.9904056492453686e-14,
    2.49530572621219e-13,
    6.09405997905601e-14,
    7.816341441525428,
    7.906631925912757,
    7.972155157427808,
    -8.0010148985416,
    7.979237411042007,
    7.891142790336262,
    7.720634908709267,
    7.455487866335325,
    7.09980415992295,
    -2.3219623249211583e-11,
    8.89680894475077e-13,
    2.5667689910059434e-12,
    -3.174109945793201e-12,
    9.212456600624085e-13,
    1.4508191553630583e-11,
    9.431634349415752e-12,
    6.8891773991932905e-12,
    1.890829161210946e-11,
    11.010229538217793,
    -12.426584559346114,
    14.032842124523567,
    -15.772732023959657,
    17.65472288295345,
    -19.721419718200192,
    -22.055747393698493,
    24.801915558085206
  ],
  "params": {
    "alpha": -52.0,
    "dT": 0.1111111111111111,
    "dR": 1.0
  },
  "metadata": {
    "shear_max": 7.619590824633122,
    "vel_net": 5.773159728050814e-14,
    "resolution": {
      "H": 25,
      "M": 65,
      "Nz": 129,
      "Nth": 128
    },
    "timestamp": "2026-04-16T21:15:33.833983"
  }
}