{
  "k": [
    0.1,
    0.10985411419875583,
    0.12067926406393285,
    0.13257113655901093,
    0.14563484775012436,
    0.15998587196060582,
    0.1757510624854792,
    0.193069772888325,
    0.21209508879201905,
    0.2329951810515372,
    0.2559547922699536,
    0.281176869797423,
    0.3088843596477481,
    0.3393221771895328,
    0.372759372031494,
    0.4094915062380424,
    0.44984326689694454,
    0.49417133613238345,
    0.5428675439323859,
    0.5963623316594643,
    0.6551285568595507,
    0.7196856730011519,
    0.7906043210907697,
    0.8685113737513525,
    0.9540954763499939,
    1.0481131341546859,
    1.151395399326447,
    1.2648552168552958,
    1.3894954943731375,
    1.5264179671752334,
    1.6768329368110073,
    1.8420699693267153,
    2.0235896477251565,
    2.2229964825261943,
    2.442053094548651,
    2.6826957952797246,
    2.9470517025518097,
    3.2374575428176433,
    3.5564803062231283,
    3.9069399370546147,
    4.291934260128776,
    4.714866363457392,
    5.17947467923121,
    5.689866029018296,
    6.250551925273969,
    6.866488450042998,
    7.543120063354615,
    8.286427728546842,
    9.102981779915218,
    10.0
  ],
  "gamma_max": [
    -1.1564132102188576,
    -1.1558412002531204,
    -1.1554259732904273,
    -1.1552331465948147,
    -1.1553466698881099,
    -1.1558732165149004,
    -1.156947272808812,
    -1.1587366225574727,
    -1.1614472421284603,
    -1.1653248330355195,
    -1.1706456343967153,
    -1.1776773141958434,
    -1.186561619434018,
    -1.197015509964831,
    -1.2077617940765364,
    -1.192577432509154,
    -1.1449083423998077,
    -1.095662570842431,
    -1.0455487279094793,
    -0.9954292510866615,
    -0.9463462279595045,
    -0.8995480527452906,
    -0.8565160830325307,
    -0.8189904185168362,
    -0.7889938061426744,
    -0.7688525630418569,
    -0.7612134554387611,
    -0.7690560143274503,
    -0.7957014801396606,
    -0.8448237451281049,
    -0.9204764337770082,
    -0.9754615237893888,
    -0.9656896578664983,
    -0.9974190156514353,
    -1.0837167228175333,
    -1.2392034508373557,
    -1.4796984006739502,
    -1.8221353773499902,
    -2.2849386201016735,
    -2.888798296983438,
    -3.6570427400335537,
    -4.611704574253654,
    -5.753259370442194,
    -7.04555192963531,
    -8.502714428902062,
    -10.20864229417671,
    -12.250518671485864,
    -14.712254062413232,
    -17.684621090632156,
    -21.272322557511067
  ],
  "omega_max": [
    0.29845762147459287,
    0.2936366849350132,
    0.2885445217420498,
    0.283201106690885,
    0.2776404462326033,
    0.27191598020171465,
    0.2661084273273642,
    0.2603375218500115,
    0.2547800886714859,
    0.249698591912094,
    0.24548678497841508,
    0.24274107645890391,
    0.24235831206912975,
    0.24559897728335012,
    0.2538142456772721,
    -2.4214171348858025,
    -2.503614572200113,
    -2.5907478999454003,
    -2.683012310779167,
    -2.780585657481603,
    -2.8836311383071576,
    -2.992310556312071,
    -3.106810906916225,
    -3.2273865813053733,
    -3.354417977884581,
    -3.488484484500123,
    -3.6304454994791704,
    -3.781517525540774,
    -3.943328823087297,
    -4.117926387124942,
    -4.307704486678271,
    -4.096771158842806,
    -4.342177506656319,
    -4.618937381681506,
    -4.934209480353484,
    -5.295729851765374,
    -5.711727624138728,
    -6.191095205006705,
    -6.743977663184631,
    -7.383158551781508,
    -8.127169421465931,
    -9.006361508056608,
    -10.06333825003597,
    -11.303360736363562,
    -12.66692418216135,
    -14.127005051479733,
    -15.696628631911084,
    -17.39851855595742,
    -19.256603767008404,
    -21.29524247934136
  ],
  "params": {
    "alpha": -24.0,
    "dT": 0.2,
    "dR": 1.0
  },
  "metadata": {
    "shear_max": 2.645741092178726,
    "vel_net": 1.080128617929561,
    "resolution": {
      "H": 25,
      "M": 65,
      "Nz": 129,
      "Nth": 128
    },
    "timestamp": "2026-04-13T13:19:28.445971"
  }
}