{
  "k": [
    0.1,
    0.10985411419875583,
    0.12067926406393285,
    0.13257113655901093,
    0.14563484775012436,
    0.15998587196060582,
    0.1757510624854792,
    0.193069772888325,
    0.21209508879201905,
    0.2329951810515372,
    0.2559547922699536,
    0.281176869797423,
    0.3088843596477481,
    0.3393221771895328,
    0.372759372031494,
    0.4094915062380424,
    0.44984326689694454,
    0.49417133613238345,
    0.5428675439323859,
    0.5963623316594643,
    0.6551285568595507,
    0.7196856730011519,
    0.7906043210907697,
    0.8685113737513525,
    0.9540954763499939,
    1.0481131341546859,
    1.151395399326447,
    1.2648552168552958,
    1.3894954943731375,
    1.5264179671752334,
    1.6768329368110073,
    1.8420699693267153,
    2.0235896477251565,
    2.2229964825261943,
    2.442053094548651,
    2.6826957952797246,
    2.9470517025518097,
    3.2374575428176433,
    3.5564803062231283,
    3.9069399370546147,
    4.291934260128776,
    4.714866363457392,
    5.17947467923121,
    5.689866029018296,
    6.250551925273969,
    6.866488450042998,
    7.543120063354615,
    8.286427728546842,
    9.102981779915218,
    10.0
  ],
  "gamma_max": [
    0.673935553168628,
    0.6613002811506916,
    0.645949506227509,
    0.6272724264832688,
    0.6045075617132833,
    0.5766989827219473,
    0.5426365420013777,
    0.5007726510076522,
    0.4491038563144659,
    0.3849980269297799,
    0.30493338187360786,
    0.20407737559812816,
    0.07547188662684723,
    -0.09256944046974057,
    -0.3448676769795224,
    -0.5371501636736369,
    -0.5430658435791044,
    -0.3906630179764118,
    -0.24464447547031562,
    -0.10779876064275855,
    0.01950609617436315,
    0.13756278369313896,
    0.2464436155941494,
    0.3456903539819611,
    0.43421284349686556,
    0.5102269594434826,
    0.5711675970956567,
    0.6135534992340222,
    0.63280021191031,
    0.622999144938008,
    0.5767217042376234,
    0.48499149698076943,
    0.33773946135816935,
    0.1253573162426048,
    -0.15792285584036841,
    -0.49197611144349673,
    -0.587397911819304,
    -0.8292849711978435,
    -1.2657835069463983,
    -1.9337886224215899,
    -2.7861898276124824,
    -3.2354110597485652,
    -3.846510218135483,
    -4.654082143698803,
    -5.694119960491452,
    -7.007798225133135,
    -8.644356114256913,
    -10.663605475861397,
    -13.138462321241413,
    -16.157754459162877
  ],
  "omega_max": [
    1.9559905190980375e-13,
    1.8983854730796737e-14,
    -7.439077926939533e-14,
    -1.1347061418086134e-13,
    -1.929680965765265e-14,
    2.920366524826313e-15,
    -3.589068913829412e-13,
    -1.6753515155294213e-13,
    -7.975621980617849e-13,
    1.7202450111817245e-13,
    -2.5210159758076926e-13,
    5.863852519422473e-14,
    -2.973942267946583e-13,
    5.844927468041279e-13,
    3.3775768219616978e-12,
    -0.19134703812073267,
    -2.2641917110972773,
    -2.3638787508154104,
    2.4786016204857337,
    -2.6025305372591534,
    -2.7307452957926097,
    2.8595413221526718,
    -2.9859242299768383,
    -3.1071295593002612,
    -3.2203220692018033,
    3.3224447697974724,
    3.410184034245687,
    -3.4800437923499,
    -3.528547218588587,
    3.5526070362212745,
    3.550129720941802,
    3.520952876458172,
    -3.4682679713647846,
    3.4007098809513923,
    3.334982269259129,
    9.385486283222649e-14,
    -3.6944727398464933e-13,
    -2.4712798619641377e-13,
    -5.001954757096922e-13,
    -1.315621816978618e-12,
    5.13680031114342,
    -5.770696740843754,
    -6.454083180450817,
    7.198592062645831,
    -8.011043195450181,
    -8.898336514072506,
    -9.868838433646614,
    -10.932832562654122,
    12.10286194657995,
    -13.394328674173632
  ],
  "params": {
    "alpha": -32.5,
    "dT": 0.16666666666666666,
    "dR": 1.0
  },
  "metadata": {
    "shear_max": 3.2206793303560364,
    "vel_net": 2.727339308172222e-11,
    "resolution": {
      "H": 20,
      "M": 49,
      "Nz": 97,
      "Nth": 96
    },
    "timestamp": "2026-02-13T14:39:09.760886"
  }
}