{
  "k": [
    0.1,
    0.10985411419875583,
    0.12067926406393285,
    0.13257113655901093,
    0.14563484775012436,
    0.15998587196060582,
    0.1757510624854792,
    0.193069772888325,
    0.21209508879201905,
    0.2329951810515372,
    0.2559547922699536,
    0.281176869797423,
    0.3088843596477481,
    0.3393221771895328,
    0.372759372031494,
    0.4094915062380424,
    0.44984326689694454,
    0.49417133613238345,
    0.5428675439323859,
    0.5963623316594643,
    0.6551285568595507,
    0.7196856730011519,
    0.7906043210907697,
    0.8685113737513525,
    0.9540954763499939,
    1.0481131341546859,
    1.151395399326447,
    1.2648552168552958,
    1.3894954943731375,
    1.5264179671752334,
    1.6768329368110073,
    1.8420699693267153,
    2.0235896477251565,
    2.2229964825261943,
    2.442053094548651,
    2.6826957952797246,
    2.9470517025518097,
    3.2374575428176433,
    3.5564803062231283,
    3.9069399370546147,
    4.291934260128776,
    4.714866363457392,
    5.17947467923121,
    5.689866029018296,
    6.250551925273969,
    6.866488450042998,
    7.543120063354615,
    8.286427728546842,
    9.102981779915218,
    10.0
  ],
  "gamma_max": [
    -2.3881927542576498,
    -2.385413236940701,
    -2.382565779085459,
    -2.379688415615174,
    -2.3768328749952374,
    -2.3740681996525157,
    -2.371485251972248,
    -2.369202312374913,
    -2.3673720206642916,
    -2.366189960564384,
    -2.3659052413596684,
    -2.331999858100755,
    -2.2543243650086615,
    -2.1720206330116483,
    -2.0853523345842477,
    -1.9947664178801536,
    -1.900938153576568,
    -1.8048222966276888,
    -1.7077100937644172,
    -1.6112916339964893,
    -1.5177228718019034,
    -1.4296965741878809,
    -1.350516454855937,
    -1.2841738464632397,
    -1.2354264671075867,
    -1.2098793933030942,
    -1.2140698900588607,
    -1.2555615165931024,
    -1.3430608538567042,
    -1.4865845798837973,
    -1.4012189137656899,
    -1.117261098386313,
    -0.9038040749773516,
    -0.8022740278962642,
    -0.8615609580476981,
    -1.136128423274466,
    -1.6848215882443593,
    -2.5705322142683293,
    -3.8610708659029305,
    -5.631460922075538,
    -7.967539033229364,
    -10.970489207388429,
    -14.761780082899362,
    -19.487640534578077,
    -25.321115423050436,
    -32.457874659993216,
    -41.10657730972148,
    -51.503790561960976,
    -63.961179674111634,
    -78.6830462371519
  ],
  "omega_max": [
    1.4926178603628777,
    1.5162554407215945,
    1.5423035626419441,
    1.5710139904954905,
    1.6026654300988172,
    1.6375663695628553,
    1.6760581586474985,
    1.718518313316664,
    1.765364016153629,
    1.8170557554636437,
    1.8741010083281087,
    6.679322806958407,
    6.768810717155393,
    6.867589664385306,
    6.976525828413565,
    7.096520182683142,
    7.22849526341535,
    7.373379180039256,
    7.532088406012635,
    7.705512126238531,
    7.894502342627307,
    8.09987524377291,
    8.322430017435272,
    8.562990567479536,
    8.822472575462823,
    9.101972155336464,
    9.402862564118474,
    9.726872533827931,
    10.076105812768903,
    10.452950479215781,
    9.128206519016393,
    9.506448170221251,
    9.948999459943625,
    10.466845047984823,
    11.06919669208826,
    11.764197669637031,
    12.559687368725884,
    13.46383910187364,
    14.485810194279749,
    15.636536348203194,
    16.92979887590463,
    18.383780623851496,
    20.023494236111524,
    21.884653565232743,
    24.019297472978682,
    26.500520010421845,
    29.41440785383629,
    32.83457867897523,
    36.8614000793825,
    41.681202482391434
  ],
  "params": {
    "alpha": -48.0,
    "dT": 0.8,
    "dR": 1.0
  },
  "metadata": {
    "shear_max": 6.593112736734109,
    "vel_net": 2.766788305540895,
    "resolution": {
      "H": 25,
      "M": 65,
      "Nz": 129,
      "Nth": 128
    },
    "timestamp": "2026-04-13T22:42:33.182786"
  }
}