{
  "k": [
    0.1,
    0.10985411419875583,
    0.12067926406393285,
    0.13257113655901093,
    0.14563484775012436,
    0.15998587196060582,
    0.1757510624854792,
    0.193069772888325,
    0.21209508879201905,
    0.2329951810515372,
    0.2559547922699536,
    0.281176869797423,
    0.3088843596477481,
    0.3393221771895328,
    0.372759372031494,
    0.4094915062380424,
    0.44984326689694454,
    0.49417133613238345,
    0.5428675439323859,
    0.5963623316594643,
    0.6551285568595507,
    0.7196856730011519,
    0.7906043210907697,
    0.8685113737513525,
    0.9540954763499939,
    1.0481131341546859,
    1.151395399326447,
    1.2648552168552958,
    1.3894954943731375,
    1.5264179671752334,
    1.6768329368110073,
    1.8420699693267153,
    2.0235896477251565,
    2.2229964825261943,
    2.442053094548651,
    2.6826957952797246,
    2.9470517025518097,
    3.2374575428176433,
    3.5564803062231283,
    3.9069399370546147,
    4.291934260128776,
    4.714866363457392,
    5.17947467923121,
    5.689866029018296,
    6.250551925273969,
    6.866488450042998,
    7.543120063354615,
    8.286427728546842,
    9.102981779915218,
    10.0
  ],
  "gamma_max": [
    0.6052543782048183,
    0.5898954834699636,
    0.5712944867906873,
    0.5487509803966859,
    0.5214062195243644,
    0.4882044111399983,
    0.4478434528352578,
    0.3987118767898711,
    0.33880741270477466,
    0.2656295937792886,
    0.17602920387767026,
    0.06595752391160516,
    -0.07014009643602837,
    -0.24186133730917694,
    -0.492835069424221,
    -0.6747494744922543,
    -0.7914489487746099,
    -0.6956680596383467,
    -0.5015097278554098,
    -0.31174246021110397,
    -0.1294979887716627,
    0.043399781636267454,
    0.20572023199975187,
    0.35622520318562534,
    0.49325787807702837,
    0.6144442362342999,
    0.7164161079538637,
    0.7944883804197719,
    0.8422483322792108,
    0.8510425295729056,
    0.8093886145979713,
    0.7024251924769049,
    0.5117469027842746,
    0.21673305416547514,
    -0.1992885375936799,
    -0.6386873280813444,
    -0.6828516859785351,
    -0.9889338585364986,
    -1.6744438081132536,
    -2.7944921610066746,
    -3.691419988833636,
    -4.282179832201796,
    -5.120832841179238,
    -6.2725976533962395,
    -7.787780192656685,
    -9.72256826468261,
    -12.146097677684892,
    -15.144323985765654,
    -18.823588703495023,
    -23.314673408881692
  ],
  "omega_max": [
    9.95021993062376e-13,
    -3.1784361164674528e-12,
    1.3074514411845416e-12,
    -7.438669871906766e-12,
    4.87697278834153e-12,
    1.2279150614917721e-12,
    3.2360373603525944e-12,
    3.949515594818886e-12,
    -1.0905048397269692e-11,
    -2.3525366065310454e-12,
    5.966068493820158e-12,
    6.963998820243649e-12,
    -3.561555218055209e-12,
    -5.555983130863491e-12,
    -2.834608127147e-12,
    -0.1859268317254108,
    0.2317192849457261,
    3.6990587882955563,
    3.799851812145389,
    3.9172458141429973,
    4.046265241359333,
    -4.181783400655046,
    4.318878562159566,
    -4.452769030908522,
    -4.578606998842731,
    -4.691290437845773,
    -4.785361299163571,
    -4.855026729056142,
    -4.894342741918064,
    -4.897618440523451,
    4.860130326973235,
    4.779300269362745,
    -4.656652508942645,
    4.501213972898541,
    -4.335117523887609,
    -3.17943749920684e-12,
    3.451085304253676e-12,
    3.989377900983818e-12,
    2.1548570183556998e-11,
    4.277438475504689e-12,
    5.7299677780647755,
    -6.522068474243471,
    -7.382886528405957,
    -8.317990059830468,
    -9.33132313321266,
    10.43057668041691,
    -11.626803653330876,
    12.933800106614843,
    14.368124098945033,
    15.949900468859104
  ],
  "params": {
    "alpha": -40.0,
    "dT": 0.25,
    "dR": 1.0
  },
  "metadata": {
    "shear_max": 4.45060051380569,
    "vel_net": 4.640177131420842e-13,
    "resolution": {
      "H": 25,
      "M": 65,
      "Nz": 129,
      "Nth": 128
    },
    "timestamp": "2026-04-15T17:18:52.437562"
  }
}