{
  "k": [
    0.1,
    0.10985411419875583,
    0.12067926406393285,
    0.13257113655901093,
    0.14563484775012436,
    0.15998587196060582,
    0.1757510624854792,
    0.193069772888325,
    0.21209508879201905,
    0.2329951810515372,
    0.2559547922699536,
    0.281176869797423,
    0.3088843596477481,
    0.3393221771895328,
    0.372759372031494,
    0.4094915062380424,
    0.44984326689694454,
    0.49417133613238345,
    0.5428675439323859,
    0.5963623316594643,
    0.6551285568595507,
    0.7196856730011519,
    0.7906043210907697,
    0.8685113737513525,
    0.9540954763499939,
    1.0481131341546859,
    1.151395399326447,
    1.2648552168552958,
    1.3894954943731375,
    1.5264179671752334,
    1.6768329368110073,
    1.8420699693267153,
    2.0235896477251565,
    2.2229964825261943,
    2.442053094548651,
    2.6826957952797246,
    2.9470517025518097,
    3.2374575428176433,
    3.5564803062231283,
    3.9069399370546147,
    4.291934260128776,
    4.714866363457392,
    5.17947467923121,
    5.689866029018296,
    6.250551925273969,
    6.866488450042998,
    7.543120063354615,
    8.286427728546842,
    9.102981779915218,
    10.0
  ],
  "gamma_max": [
    -0.009388138366857368,
    -0.016899085185626293,
    -0.025930982720261366,
    -0.03678349244715415,
    -0.049811308151485593,
    -0.06543218030027151,
    -0.08413480077257147,
    -0.10648526713918445,
    -0.13312920111682758,
    -0.1647821268462281,
    -0.2021863857127414,
    -0.24595653573952828,
    -0.29595184355531856,
    -0.34804712491954964,
    -0.38337285797401705,
    -0.39222356010353887,
    -0.39096613800818264,
    -0.3862246175826511,
    -0.3796358957074582,
    -0.37174454805304546,
    -0.36281318322417105,
    -0.35303154128058784,
    -0.3425849593549476,
    -0.26125135517118897,
    -0.06826462853660537,
    0.11986406086558403,
    0.297803251337377,
    0.45813355407197376,
    0.5900992884782724,
    0.6776837235337613,
    0.6967112030352525,
    0.6111599233678549,
    0.3746264005077137,
    0.6919873358866712,
    1.7537421118654628,
    2.756148675178155,
    3.409233800156716,
    3.646990656910767,
    3.416841692812851,
    2.6207482914366236,
    1.1132367597485828,
    -0.31423378122088635,
    -0.031081491651410775,
    -0.02924938713126259,
    -0.34029289822919984,
    -0.9709931913018616,
    -1.93946020008791,
    -3.269417075213745,
    -4.966217535097508,
    -6.9974831478694055
  ],
  "omega_max": [
    -6.647939808062429e-13,
    1.869278651362447e-12,
    -1.2801554423325497e-12,
    8.383187092994934e-13,
    3.65809646681516e-13,
    -1.8339196092248653e-12,
    1.1876090765164189e-12,
    1.2031944356074332e-12,
    -4.1711155398966987e-13,
    -1.0043394987321121e-12,
    1.9847903330004023e-12,
    5.545227712823628e-13,
    -2.019005665280055e-13,
    -1.608281253703443e-12,
    -1.6831830465954748e-15,
    1.308260055305377e-13,
    4.8028629973465e-13,
    -1.4466426606739241e-13,
    -6.775097965137095e-16,
    -1.7264035830814602e-13,
    -5.158859747863762e-15,
    5.505791351170607e-15,
    4.42679873355487e-14,
    6.4909056941680205,
    6.580498126389977,
    -6.6576656194114605,
    6.714373918840499,
    6.7410446935105055,
    -6.726625454574821,
    -6.658829891520929,
    -6.524787040803515,
    -6.3131106863311075,
    6.023127923001965,
    2.878838517877764e-12,
    5.726436707848536e-12,
    -2.037948767040891e-12,
    1.820553299956699e-12,
    6.441489720209106e-12,
    1.821052402105353e-12,
    -8.127022737883756e-12,
    1.215655886054524e-11,
    8.857292409359689,
    -9.844759702664073,
    -11.06799249065928,
    12.449352060170053,
    -13.973056971645283,
    15.661872278775977,
    -17.566786781121262,
    19.758695267542905,
    22.284963119964743
  ],
  "params": {
    "alpha": -45.0,
    "dT": 0.1,
    "dR": 1.0
  },
  "metadata": {
    "shear_max": 6.438598418843603,
    "vel_net": 9.105358066811215e-13,
    "resolution": {
      "H": 20,
      "M": 49,
      "Nz": 97,
      "Nth": 96
    },
    "timestamp": "2026-02-12T23:32:03.842520"
  }
}