{
  "k": [
    0.1,
    0.10985411419875583,
    0.12067926406393285,
    0.13257113655901093,
    0.14563484775012436,
    0.15998587196060582,
    0.1757510624854792,
    0.193069772888325,
    0.21209508879201905,
    0.2329951810515372,
    0.2559547922699536,
    0.281176869797423,
    0.3088843596477481,
    0.3393221771895328,
    0.372759372031494,
    0.4094915062380424,
    0.44984326689694454,
    0.49417133613238345,
    0.5428675439323859,
    0.5963623316594643,
    0.6551285568595507,
    0.7196856730011519,
    0.7906043210907697,
    0.8685113737513525,
    0.9540954763499939,
    1.0481131341546859,
    1.151395399326447,
    1.2648552168552958,
    1.3894954943731375,
    1.5264179671752334,
    1.6768329368110073,
    1.8420699693267153,
    2.0235896477251565,
    2.2229964825261943,
    2.442053094548651,
    2.6826957952797246,
    2.9470517025518097,
    3.2374575428176433,
    3.5564803062231283,
    3.9069399370546147,
    4.291934260128776,
    4.714866363457392,
    5.17947467923121,
    5.689866029018296,
    6.250551925273969,
    6.866488450042998,
    7.543120063354615,
    8.286427728546842,
    9.102981779915218,
    10.0
  ],
  "gamma_max": [
    1.9129154912329358,
    1.9110254505739037,
    1.9087461757567898,
    1.9059979029246361,
    1.902684698812115,
    1.8986912602931214,
    1.8938791143873106,
    1.8880821192608912,
    1.88110115819033,
    1.872697906765554,
    1.8625875477576794,
    1.8504303008834475,
    1.8358216331465151,
    1.8182810134694334,
    1.7972390729306764,
    1.7720230174699374,
    1.7418401016659861,
    1.7057588818804361,
    1.6626877811763783,
    1.6113501665954937,
    1.5502545754025283,
    1.4776578566224055,
    1.3915177201962732,
    1.2894294383857055,
    1.1685391198890303,
    1.0254228770753777,
    0.8559166869929916,
    0.6548739727357243,
    0.41581177372224265,
    0.13036727541916807,
    -0.21262178733836393,
    -0.6289549423219691,
    -1.1439040279454578,
    -1.8135596719776976,
    -2.5807623092138052,
    -3.370873148993582,
    -4.047013578906609,
    -4.89169551038752,
    -5.936837150531465,
    -7.22044952192621,
    -8.78823747684087,
    -10.695472062720322,
    -13.009155137239079,
    -15.810533087364238,
    -19.19804739759579,
    -23.29083453816251,
    -28.23291074585763,
    -34.198203962789194,
    -41.39662777215804,
    -50.08142977593978
  ],
  "omega_max": [
    -2.278700450564599e-12,
    -2.2523051765405873e-13,
    4.65061092930266e-13,
    5.586050283586515e-14,
    -1.0691176974446903e-13,
    2.498239092278274e-12,
    1.9712009741500397e-12,
    -1.3590037552949156e-13,
    -2.7058028655602793e-14,
    -1.3710160790264643e-12,
    1.1849994839861646e-12,
    1.5757716300821678e-12,
    -7.874446419513071e-13,
    7.527374062044691e-13,
    1.5750445062914975e-13,
    1.3179696964271918e-12,
    -1.9803956314972105e-13,
    9.102583370144806e-15,
    2.2165007707761076e-13,
    2.930108914399071e-14,
    3.2130977473794515e-13,
    -2.9275584504919967e-14,
    9.101097370874886e-14,
    1.738408075424199e-12,
    8.219438326691531e-13,
    1.3200366930991104e-13,
    8.68479455196951e-13,
    2.123033299886058e-13,
    1.5287866272102412e-13,
    -1.6636264970041315e-14,
    -9.500379766032226e-16,
    -8.510026386479933e-14,
    -8.58056202867247e-13,
    1.6297915876803094e-12,
    -9.664554339408885e-13,
    0.16707869509690967,
    -0.46011196505118485,
    0.7141565489770358,
    0.9735009708509218,
    -1.2456640178242442,
    1.5338741433547773,
    1.8406517863128105,
    -2.168681654013077,
    2.5210722152137888,
    -2.901439541538583,
    -3.313947378349046,
    3.763346092136804,
    -4.25501876407153,
    4.79503087489421,
    5.39018121655653
  ],
  "params": {
    "alpha": -29.0,
    "dT": 0.5,
    "dR": 1.0
  },
  "metadata": {
    "shear_max": 1.3876911164073897e-08,
    "vel_net": 3.8782898408570095e-11,
    "resolution": {
      "H": 25,
      "M": 65,
      "Nz": 129,
      "Nth": 128
    },
    "timestamp": "2026-04-13T13:31:22.459888"
  }
}