{
  "k": [
    0.1,
    0.10985411419875583,
    0.12067926406393285,
    0.13257113655901093,
    0.14563484775012436,
    0.15998587196060582,
    0.1757510624854792,
    0.193069772888325,
    0.21209508879201905,
    0.2329951810515372,
    0.2559547922699536,
    0.281176869797423,
    0.3088843596477481,
    0.3393221771895328,
    0.372759372031494,
    0.4094915062380424,
    0.44984326689694454,
    0.49417133613238345,
    0.5428675439323859,
    0.5963623316594643,
    0.6551285568595507,
    0.7196856730011519,
    0.7906043210907697,
    0.8685113737513525,
    0.9540954763499939,
    1.0481131341546859,
    1.151395399326447,
    1.2648552168552958,
    1.3894954943731375,
    1.5264179671752334,
    1.6768329368110073,
    1.8420699693267153,
    2.0235896477251565,
    2.2229964825261943,
    2.442053094548651,
    2.6826957952797246,
    2.9470517025518097,
    3.2374575428176433,
    3.5564803062231283,
    3.9069399370546147,
    4.291934260128776,
    4.714866363457392,
    5.17947467923121,
    5.689866029018296,
    6.250551925273969,
    6.866488450042998,
    7.543120063354615,
    8.286427728546842,
    9.102981779915218,
    10.0
  ],
  "gamma_max": [
    -0.08758010449348237,
    -0.09773540144080127,
    -0.10997440593733217,
    -0.12472317036674017,
    -0.14249629343320314,
    -0.1639184732326812,
    -0.18975610115083832,
    -0.22097041441312604,
    -0.25882587488442504,
    -0.30517429821628256,
    -0.36352442676664676,
    -0.44874701617711493,
    -0.5187335975928843,
    -0.5567898245105537,
    -0.6012292126734462,
    -0.652893383969894,
    -0.6234285127795555,
    -0.5963716630549479,
    -0.5808353446945654,
    -0.5684157346391083,
    -0.557213922492543,
    -0.48181183574889325,
    -0.2904917506740783,
    -0.1004146804960458,
    0.08522003922249187,
    0.2626073418903727,
    0.4269148209746445,
    0.5716450129767808,
    0.6877180759929606,
    0.7621852156308341,
    0.7764610740330171,
    0.7040430523573723,
    0.508643847636884,
    0.1501580692156168,
    0.688528279132347,
    1.3516103913144635,
    1.7824518996040497,
    1.7762047993868566,
    1.193720299627937,
    -0.2214878730165875,
    -1.8934713457494772,
    -1.6520584082017016,
    -1.719317466795098,
    -2.153112795240348,
    -2.949906089145934,
    -4.1282043750213395,
    -5.729160620103166,
    -7.8123208388220045,
    -10.451715008240454,
    -13.72522392340222
  ],
  "omega_max": [
    -8.149267636189659e-13,
    4.042773934136428e-12,
    -2.794645286779223e-11,
    1.1392360758573153e-11,
    4.2811591559404425e-13,
    -3.2069763907293604e-12,
    1.177084476167913e-12,
    -6.511950617924181e-14,
    -6.561605540572325e-14,
    3.862046269869699e-12,
    4.919498442342405e-12,
    1.9371694356736654e-13,
    0.07247583977243402,
    -0.09904916764024027,
    0.103420847668123,
    0.07579906030188376,
    2.0204224502676105e-12,
    -1.1257730928016172e-12,
    1.5292612231916965e-12,
    4.9850626981417805e-14,
    -2.318482663218644e-14,
    5.950769904783414,
    6.05791333893062,
    -6.164759659306845,
    -6.266020263175812,
    -6.355221922165086,
    6.424715986462574,
    6.4657388047498845,
    -6.4685864661848385,
    6.423009944794134,
    -6.319033557337499,
    6.1487371193132745,
    -5.910891263658145,
    -5.625124802145585,
    4.936596338505016e-12,
    -1.872886878809985e-12,
    4.474961212834574e-12,
    -3.5133461925089365e-12,
    1.3383051877433654e-12,
    -4.975624204839885e-12,
    -7.239200168304801,
    8.032479062022032,
    -9.093861062637327,
    -10.291772958862088,
    11.586810417906385,
    -12.982576120775452,
    14.49968646869479,
    16.171154420195034,
    -18.045544517686604,
    20.19360898260951
  ],
  "params": {
    "alpha": -45.0,
    "dT": 0.16666666666666666,
    "dR": 1.0
  },
  "metadata": {
    "shear_max": 6.0643357529955,
    "vel_net": 1.1102230246251565e-16,
    "resolution": {
      "H": 25,
      "M": 65,
      "Nz": 129,
      "Nth": 128
    },
    "timestamp": "2026-04-15T23:05:47.416204"
  }
}