{
  "k": [
    0.1,
    0.10985411419875583,
    0.12067926406393285,
    0.13257113655901093,
    0.14563484775012436,
    0.15998587196060582,
    0.1757510624854792,
    0.193069772888325,
    0.21209508879201905,
    0.2329951810515372,
    0.2559547922699536,
    0.281176869797423,
    0.3088843596477481,
    0.3393221771895328,
    0.372759372031494,
    0.4094915062380424,
    0.44984326689694454,
    0.49417133613238345,
    0.5428675439323859,
    0.5963623316594643,
    0.6551285568595507,
    0.7196856730011519,
    0.7906043210907697,
    0.8685113737513525,
    0.9540954763499939,
    1.0481131341546859,
    1.151395399326447,
    1.2648552168552958,
    1.3894954943731375,
    1.5264179671752334,
    1.6768329368110073,
    1.8420699693267153,
    2.0235896477251565,
    2.2229964825261943,
    2.442053094548651,
    2.6826957952797246,
    2.9470517025518097,
    3.2374575428176433,
    3.5564803062231283,
    3.9069399370546147,
    4.291934260128776,
    4.714866363457392,
    5.17947467923121,
    5.689866029018296,
    6.250551925273969,
    6.866488450042998,
    7.543120063354615,
    8.286427728546842,
    9.102981779915218,
    10.0
  ],
  "gamma_max": [
    -0.0422148996680391,
    -0.04983084054484218,
    -0.05898957224303823,
    -0.06999556178643206,
    -0.083209636023607,
    -0.09905762380639961,
    -0.11803934644770296,
    -0.14073719512240174,
    -0.1678225696984772,
    -0.20005578176373068,
    -0.23826579664478093,
    -0.28325451228390686,
    -0.33529712762818265,
    -0.3898352453302712,
    -0.41599180221805104,
    -0.41699324027611406,
    -0.4133683367146847,
    -0.4081578411616054,
    -0.4019828671965224,
    -0.3950960108473896,
    -0.3876904867871787,
    -0.37998196133237566,
    -0.37223970233683945,
    -0.32073737671431435,
    -0.11520796910288346,
    0.08606585660759537,
    0.27740615314633604,
    0.45072305639217863,
    0.5940117539867219,
    0.6889415889423732,
    0.7069687887936665,
    0.6035827424205428,
    0.31735807372597635,
    0.9437308157966148,
    2.237111467984806,
    3.3623007932682025,
    4.0971667742220115,
    4.393203690506813,
    4.196104284114765,
    3.397602741438856,
    1.8236299019810063,
    -0.27557428687087065,
    0.16656217013970878,
    0.2613463440286991,
    -0.012722198978749539,
    -0.6509990977157171,
    -1.673126816379323,
    -3.118805770977967,
    -5.02647250412033,
    -7.377490441466958
  ],
  "omega_max": [
    2.366580553668403e-13,
    -1.4584967771325548e-14,
    -6.821223281034367e-14,
    -2.4654018663207487e-12,
    5.294742811151859e-13,
    -1.6748805848332743e-12,
    -1.6369008061378874e-12,
    2.441693771025688e-13,
    -1.8312452606251596e-12,
    3.5042497843628844e-12,
    -4.754283983071932e-13,
    -2.463071942397714e-12,
    -1.0814808285147702e-12,
    2.906517026377014e-12,
    -1.1267439283443406e-12,
    9.777175023447295e-14,
    3.613242041040029e-13,
    -2.231622069284735e-14,
    2.886359579389336e-13,
    1.8164982818171732e-13,
    -4.562608699921122e-14,
    1.3500853892294022e-13,
    9.827409348279429e-14,
    7.0157767407288505,
    -7.112153571377901,
    7.195093239155695,
    -7.255866430253059,
    -7.283991390237346,
    -7.267304494949848,
    7.192259918639823,
    7.044789929711498,
    -6.812944087249216,
    -6.496581018558643,
    7.305085875803171e-12,
    1.4328701067013643e-11,
    -1.097362319130846e-11,
    -9.589934632200176e-13,
    7.653394053200588e-12,
    -3.314483649287628e-13,
    8.769807623081504e-12,
    2.483597058592464e-11,
    9.253510167210578,
    10.28468611328412,
    11.595492203981335,
    13.064583917092612,
    -14.664325467168123,
    16.41307530841877,
    18.360407362247454,
    -20.59414846475147,
    -23.22551892553483
  ],
  "params": {
    "alpha": -48.0,
    "dT": 0.1111111111111111,
    "dR": 1.0
  },
  "metadata": {
    "shear_max": 6.9422202267119255,
    "vel_net": 7.416289804496046e-14,
    "resolution": {
      "H": 25,
      "M": 65,
      "Nz": 129,
      "Nth": 128
    },
    "timestamp": "2026-04-16T03:55:09.068899"
  }
}