{
  "k": [
    0.1,
    0.10985411419875583,
    0.12067926406393285,
    0.13257113655901093,
    0.14563484775012436,
    0.15998587196060582,
    0.1757510624854792,
    0.193069772888325,
    0.21209508879201905,
    0.2329951810515372,
    0.2559547922699536,
    0.281176869797423,
    0.3088843596477481,
    0.3393221771895328,
    0.372759372031494,
    0.4094915062380424,
    0.44984326689694454,
    0.49417133613238345,
    0.5428675439323859,
    0.5963623316594643,
    0.6551285568595507,
    0.7196856730011519,
    0.7906043210907697,
    0.8685113737513525,
    0.9540954763499939,
    1.0481131341546859,
    1.151395399326447,
    1.2648552168552958,
    1.3894954943731375,
    1.5264179671752334,
    1.6768329368110073,
    1.8420699693267153,
    2.0235896477251565,
    2.2229964825261943,
    2.442053094548651,
    2.6826957952797246,
    2.9470517025518097,
    3.2374575428176433,
    3.5564803062231283,
    3.9069399370546147,
    4.291934260128776,
    4.714866363457392,
    5.17947467923121,
    5.689866029018296,
    6.250551925273969,
    6.866488450042998,
    7.543120063354615,
    8.286427728546842,
    9.102981779915218,
    10.0
  ],
  "gamma_max": [
    0.2410286351273082,
    0.22912601649998074,
    0.2146999433512517,
    0.19719995435764434,
    0.1759483250940902,
    0.15010706480421887,
    0.11863402143377363,
    0.0802218316184152,
    0.033205015363675275,
    -0.024608799688120693,
    -0.09635405326343147,
    -0.1877030652008257,
    -0.32246752610279683,
    -0.42992732794325095,
    -0.4876193900783378,
    -0.55198882488514,
    -0.6226457633249197,
    -0.5149198677688883,
    -0.38406934336536497,
    -0.2558977306164953,
    -0.1322365267460201,
    -0.014185504569388717,
    0.09740772038964952,
    0.20159811268442243,
    0.29712308304748947,
    0.38224989735741055,
    0.45464046433596533,
    0.511205848512878,
    0.5479464229355147,
    0.5598071506976601,
    0.5406366273969718,
    0.4834392444427842,
    0.3812296059747395,
    0.22869221329476302,
    0.02370882115183087,
    0.03642098370614535,
    -0.021173536952623723,
    -0.209988403809725,
    -0.572384865463665,
    -1.1578599859219514,
    -1.391641272701757,
    -1.614031960803036,
    -1.9423162561803058,
    -2.400450775200949,
    -3.0123607534330623,
    -3.804742080346479,
    -4.809101864071976,
    -6.063327799692331,
    -7.61290054668611,
    -9.511441333207175
  ],
  "omega_max": [
    7.627065096300898e-14,
    -2.1651942232426074e-13,
    6.825549834178643e-14,
    -1.4273887353336923e-13,
    6.638463696106253e-14,
    4.7128349487182904e-14,
    8.900337824057274e-14,
    -6.5450260398081e-14,
    2.1962814408991916e-13,
    -5.874531510888391e-14,
    3.964994141642e-13,
    -1.069903995251745e-13,
    4.9480335479576095e-14,
    0.11396486886451236,
    -0.1544658877637557,
    -0.16214143674175446,
    -0.1311516166102043,
    -2.6049155564388906,
    -2.685696433818775,
    -2.776624318901356,
    2.8745668674675104,
    -2.9763773958068893,
    3.079050137762136,
    -3.179639980328957,
    -3.2751324767572134,
    -3.36234782548848,
    3.437912667678118,
    -3.498323808658085,
    3.5401377227451007,
    3.560340903023732,
    -3.5569918762541106,
    -3.53029229464827,
    -3.484365215679231,
    3.430108141765247,
    -3.3888953055979525,
    -3.377314099443126e-13,
    2.348172173325245e-13,
    -2.3244641568721397e-13,
    -3.6882534314224464e-13,
    -1.84657119106658e-13,
    5.4681371024894325,
    -6.087524947865141,
    6.771315163656763,
    -7.524937787942001,
    -8.353360403307867,
    -9.263205987907913,
    -10.263624446636433,
    -11.366868838529797,
    12.589077866126807,
    -13.951466119088636
  ],
  "params": {
    "alpha": -31.0,
    "dT": 0.1,
    "dR": 1.0
  },
  "metadata": {
    "shear_max": 3.3618853728198412,
    "vel_net": 1.5190626534433704e-12,
    "resolution": {
      "H": 25,
      "M": 65,
      "Nz": 129,
      "Nth": 128
    },
    "timestamp": "2026-04-13T23:25:25.364906"
  }
}