{
  "k": [
    0.1,
    0.10985411419875583,
    0.12067926406393285,
    0.13257113655901093,
    0.14563484775012436,
    0.15998587196060582,
    0.1757510624854792,
    0.193069772888325,
    0.21209508879201905,
    0.2329951810515372,
    0.2559547922699536,
    0.281176869797423,
    0.3088843596477481,
    0.3393221771895328,
    0.372759372031494,
    0.4094915062380424,
    0.44984326689694454,
    0.49417133613238345,
    0.5428675439323859,
    0.5963623316594643,
    0.6551285568595507,
    0.7196856730011519,
    0.7906043210907697,
    0.8685113737513525,
    0.9540954763499939,
    1.0481131341546859,
    1.151395399326447,
    1.2648552168552958,
    1.3894954943731375,
    1.5264179671752334,
    1.6768329368110073,
    1.8420699693267153,
    2.0235896477251565,
    2.2229964825261943,
    2.442053094548651,
    2.6826957952797246,
    2.9470517025518097,
    3.2374575428176433,
    3.5564803062231283,
    3.9069399370546147,
    4.291934260128776,
    4.714866363457392,
    5.17947467923121,
    5.689866029018296,
    6.250551925273969,
    6.866488450042998,
    7.543120063354615,
    8.286427728546842,
    9.102981779915218,
    10.0
  ],
  "gamma_max": [
    1.2719802867232661,
    1.2597113503108193,
    1.244802680559061,
    1.2266581592555827,
    1.2045326741358413,
    1.1774872025778211,
    1.1443260618509292,
    1.1035067295641567,
    1.053005876087477,
    0.9901125264282675,
    0.9110942699981321,
    0.8106312983262168,
    0.6808058306199171,
    0.5092173399204953,
    0.2754529101050421,
    -0.05552011148306186,
    -0.47807570462385046,
    -0.2558749278743445,
    -0.061772442317290364,
    0.1021834275487222,
    0.24366662775544043,
    0.36822683484396074,
    0.47863584404530585,
    0.5757144944458494,
    0.6588902700181309,
    0.7264556449820637,
    0.7756266436495075,
    0.8024607829991155,
    0.8016638240041004,
    0.7663075119717471,
    0.6874954170063651,
    0.5540609530487159,
    0.35250690472850327,
    0.06775934393502091,
    -0.3137558912163834,
    -0.7964144251929368,
    -1.2318071810660212,
    -1.5339268269334925,
    -2.08221176854514,
    -2.9109674124144935,
    -4.057372206840417,
    -5.047219339031497,
    -6.033281006751351,
    -7.290390292473152,
    -8.874232295170767,
    -10.846024794264526,
    -13.278053946035453,
    -16.25766407548112,
    -19.891030662034247,
    -24.307307834820115
  ],
  "omega_max": [
    4.3955985718890883e-13,
    -7.982685690344348e-14,
    5.3419626078794695e-14,
    4.116965585539818e-14,
    -4.211608617016359e-13,
    -1.8465711323456056e-13,
    1.5612452620289293e-13,
    3.8833934641053926e-14,
    2.401582691961393e-13,
    -1.0370605412606125e-13,
    1.858332361243053e-13,
    9.330620621477427e-13,
    1.1975658201817759e-12,
    -1.5900988571692657e-12,
    1.368830337176502e-12,
    5.013206849916188e-13,
    -2.017502485712996,
    2.12973227986263,
    -2.280827325837973,
    -2.4444581083300734,
    -2.6085179338105235,
    -2.768205052219741,
    2.9209016157918524,
    3.0643710579120342,
    -3.1961682424480053,
    -3.313460879158052,
    -3.4130240873684925,
    -3.4913505663532494,
    -3.544883061033641,
    -3.570406887113479,
    -3.5656658473539418,
    3.53030514034431,
    -3.4673334241601044,
    -3.38544900688514,
    -3.302449540796691,
    3.2476933426649,
    -3.9421279697851637e-13,
    -9.095697343706519e-15,
    -1.3163417771340313e-12,
    -1.0463293170605879e-12,
    -2.1213477449978954e-12,
    -5.444423775943298,
    -6.150794844388572,
    -6.909595590467359,
    7.730517959667803,
    8.621388045200206,
    9.590707831587249,
    10.64824330290331,
    11.805209766764326,
    -13.074484149894936
  ],
  "params": {
    "alpha": -35.0,
    "dT": 0.25,
    "dR": 1.0
  },
  "metadata": {
    "shear_max": 3.204273799417244,
    "vel_net": 2.332803950011453e-10,
    "resolution": {
      "H": 25,
      "M": 65,
      "Nz": 129,
      "Nth": 128
    },
    "timestamp": "2026-04-14T12:04:23.676161"
  }
}