{
  "k": [
    0.1,
    0.10985411419875583,
    0.12067926406393285,
    0.13257113655901093,
    0.14563484775012436,
    0.15998587196060582,
    0.1757510624854792,
    0.193069772888325,
    0.21209508879201905,
    0.2329951810515372,
    0.2559547922699536,
    0.281176869797423,
    0.3088843596477481,
    0.3393221771895328,
    0.372759372031494,
    0.4094915062380424,
    0.44984326689694454,
    0.49417133613238345,
    0.5428675439323859,
    0.5963623316594643,
    0.6551285568595507,
    0.7196856730011519,
    0.7906043210907697,
    0.8685113737513525,
    0.9540954763499939,
    1.0481131341546859,
    1.151395399326447,
    1.2648552168552958,
    1.3894954943731375,
    1.5264179671752334,
    1.6768329368110073,
    1.8420699693267153,
    2.0235896477251565,
    2.2229964825261943,
    2.442053094548651,
    2.6826957952797246,
    2.9470517025518097,
    3.2374575428176433,
    3.5564803062231283,
    3.9069399370546147,
    4.291934260128776,
    4.714866363457392,
    5.17947467923121,
    5.689866029018296,
    6.250551925273969,
    6.866488450042998,
    7.543120063354615,
    8.286427728546842,
    9.102981779915218,
    10.0
  ],
  "gamma_max": [
    -0.9258063464817469,
    -0.9227678014496391,
    -0.9197196546016091,
    -0.9167274374414394,
    -0.9138771368976288,
    -0.9112800040984878,
    -0.9090786496717244,
    -0.907455039107387,
    -0.9066414091846047,
    -0.9069358275448995,
    -0.9087254158679801,
    -0.91252270416748,
    -0.9190256780927208,
    -0.9292231700421033,
    -0.9318587297808474,
    -0.9071198094954576,
    -0.8797888190973364,
    -0.8499016142603644,
    -0.8176941804772286,
    -0.7836166373918695,
    -0.7483327621037315,
    -0.7127150390973682,
    -0.6778414347758153,
    -0.6449949087542073,
    -0.6156631433077587,
    -0.5915346684918832,
    -0.5744881238666898,
    -0.5665739231061756,
    -0.5699928822879599,
    -0.5870856739138988,
    -0.6203605769489697,
    -0.6186578221120953,
    -0.6019939682255843,
    -0.6093219593465112,
    -0.6488713879943355,
    -0.7296573900664298,
    -0.8611815106228942,
    -1.0532635670246278,
    -1.3157622020291713,
    -1.6567976918354135,
    -2.0759255083379866,
    -2.5560129349991736,
    -3.087086179079064,
    -3.6953224798933717,
    -4.419916660056393,
    -5.29700408318338,
    -6.361583901769646,
    -7.651225141598219,
    -9.208659145416718,
    -11.083981574242083
  ],
  "omega_max": [
    0.18808529374043045,
    0.1843284714304261,
    0.18037135813927974,
    0.17621346122134768,
    0.17185407424973986,
    0.16729161296936473,
    0.16252281558855075,
    0.1575417934715031,
    0.15233884956642307,
    0.1468988140285096,
    0.1411982254059099,
    0.13519970633846484,
    0.12883922801555145,
    0.1219942622340297,
    -1.8929576819237106,
    -1.9571115946225395,
    -2.0274751940982934,
    -2.1040276700732274,
    -2.1866972080616143,
    -2.2754051580575667,
    -2.3701030365444833,
    -2.4708022767637603,
    -2.577602832251013,
    -2.6907276495458645,
    -2.810567138364518,
    -2.9377329394449876,
    -3.073114446849394,
    -3.217925188622277,
    -3.3737202269717903,
    -3.5423623861018405,
    -3.7259182705442124,
    -3.5572085015507757,
    -3.798708944548335,
    -4.073340520133036,
    -4.3874984125133,
    -4.748232069989936,
    -5.163275820899595,
    -5.641497750485469,
    -6.194132894430207,
    -6.837014096989062,
    -7.591002920763059,
    -8.467462406591805,
    -9.447181982504624,
    -10.509118353405004,
    -11.655457375138534,
    -12.90048608529333,
    -14.261776796178875,
    -15.757939788662728,
    -17.408229860908445,
    -19.232370445185452
  ],
  "params": {
    "alpha": -22.5,
    "dT": 0.1,
    "dR": 1.0
  },
  "metadata": {
    "shear_max": 2.2810880563521145,
    "vel_net": 0.9220284988739444,
    "resolution": {
      "H": 20,
      "M": 49,
      "Nz": 97,
      "Nth": 96
    },
    "timestamp": "2026-02-12T19:16:14.958351"
  }
}