{
  "k": [
    0.1,
    0.10985411419875583,
    0.12067926406393285,
    0.13257113655901093,
    0.14563484775012436,
    0.15998587196060582,
    0.1757510624854792,
    0.193069772888325,
    0.21209508879201905,
    0.2329951810515372,
    0.2559547922699536,
    0.281176869797423,
    0.3088843596477481,
    0.3393221771895328,
    0.372759372031494,
    0.4094915062380424,
    0.44984326689694454,
    0.49417133613238345,
    0.5428675439323859,
    0.5963623316594643,
    0.6551285568595507,
    0.7196856730011519,
    0.7906043210907697,
    0.8685113737513525,
    0.9540954763499939,
    1.0481131341546859,
    1.151395399326447,
    1.2648552168552958,
    1.3894954943731375,
    1.5264179671752334,
    1.6768329368110073,
    1.8420699693267153,
    2.0235896477251565,
    2.2229964825261943,
    2.442053094548651,
    2.6826957952797246,
    2.9470517025518097,
    3.2374575428176433,
    3.5564803062231283,
    3.9069399370546147,
    4.291934260128776,
    4.714866363457392,
    5.17947467923121,
    5.689866029018296,
    6.250551925273969,
    6.866488450042998,
    7.543120063354615,
    8.286427728546842,
    9.102981779915218,
    10.0
  ],
  "gamma_max": [
    -0.2820743752155836,
    -0.284509249121134,
    -0.28745023581008794,
    -0.2910032026118631,
    -0.2952964768112019,
    -0.3004857623355991,
    -0.3067602084388037,
    -0.31434993991133287,
    -0.3235354625097379,
    -0.33465951214137957,
    -0.3481421484579799,
    -0.36450026450833733,
    -0.3843733031673747,
    -0.4085580709345964,
    -0.4380576448667157,
    -0.4741537454674921,
    -0.5185220664132296,
    -0.5734367202088422,
    -0.6421939444212218,
    -0.73023038877738,
    -0.849721028082483,
    -1.0597395753829932,
    -1.1497281430585697,
    -1.258977416885898,
    -1.3916029049059366,
    -1.5525780739079689,
    -1.7479063280955298,
    -1.9848281281017064,
    -2.2720714037849725,
    -2.6201551282373168,
    -3.0417577786532126,
    -3.5521644933148817,
    -4.169809216033489,
    -4.916931246111543,
    -5.820369654783738,
    -6.9125241889087565,
    -8.216698345580037,
    -9.739864605363161,
    -11.611254249102378,
    -13.89855132858694,
    -16.683267686823537,
    -20.063945528397856,
    -24.15988982133609,
    -29.115543518792947,
    -35.105666318878,
    -42.34151937888261,
    -51.078298195536725,
    -61.62409917249765,
    -74.35075652109998,
    -89.70694760519969
  ],
  "omega_max": [
    3.185739928493429e-14,
    -3.763616190675269e-15,
    9.103199207431422e-15,
    -8.823094419664296e-15,
    -7.265996491234114e-15,
    1.9104868545980878e-14,
    -4.756290050087755e-15,
    4.5354147286747053e-14,
    2.6388937816507565e-14,
    5.999433956641925e-15,
    -1.051402189964537e-14,
    1.554990077243941e-14,
    3.8695327165602336e-14,
    -7.984321578296554e-15,
    -1.4539337228030978e-15,
    8.50088203898308e-15,
    -2.4134515561688784e-15,
    2.7548349820409413e-14,
    1.66116009465255e-14,
    -5.873950101010244e-14,
    7.056877768578423e-14,
    -0.0684332177967412,
    -0.18020136466461706,
    0.25660565282948233,
    0.3255004801733013,
    0.3926533793927506,
    0.46067019058125874,
    -0.531159296739771,
    0.6053281751003022,
    0.6842128433965725,
    -0.7687877133554418,
    -0.860029088088319,
    0.9589588779971671,
    -1.0666791674731548,
    1.1844016905401558,
    -1.3134732618116232,
    1.337017755197193,
    1.4717500541617008,
    -1.6316840818432072,
    -1.8182151179246324,
    2.0321169892678803,
    2.274220145911037,
    2.545840502283289,
    2.8489902887116476,
    3.1864521954410563,
    -3.5617885700339778,
    3.9793303270059943,
    -4.444167247847375,
    4.962148692612157,
    -5.539900602824347
  ],
  "params": {
    "alpha": -24.0,
    "dT": 0.8888888888888888,
    "dR": 1.0
  },
  "metadata": {
    "shear_max": 3.1483949688746648e-09,
    "vel_net": 5.169878828456423e-26,
    "resolution": {
      "H": 25,
      "M": 65,
      "Nz": 129,
      "Nth": 128
    },
    "timestamp": "2026-04-13T12:16:03.523002"
  }
}