{
  "k": [
    0.1,
    0.10985411419875583,
    0.12067926406393285,
    0.13257113655901093,
    0.14563484775012436,
    0.15998587196060582,
    0.1757510624854792,
    0.193069772888325,
    0.21209508879201905,
    0.2329951810515372,
    0.2559547922699536,
    0.281176869797423,
    0.3088843596477481,
    0.3393221771895328,
    0.372759372031494,
    0.4094915062380424,
    0.44984326689694454,
    0.49417133613238345,
    0.5428675439323859,
    0.5963623316594643,
    0.6551285568595507,
    0.7196856730011519,
    0.7906043210907697,
    0.8685113737513525,
    0.9540954763499939,
    1.0481131341546859,
    1.151395399326447,
    1.2648552168552958,
    1.3894954943731375,
    1.5264179671752334,
    1.6768329368110073,
    1.8420699693267153,
    2.0235896477251565,
    2.2229964825261943,
    2.442053094548651,
    2.6826957952797246,
    2.9470517025518097,
    3.2374575428176433,
    3.5564803062231283,
    3.9069399370546147,
    4.291934260128776,
    4.714866363457392,
    5.17947467923121,
    5.689866029018296,
    6.250551925273969,
    6.866488450042998,
    7.543120063354615,
    8.286427728546842,
    9.102981779915218,
    10.0
  ],
  "gamma_max": [
    -2.433292062621853,
    -2.4358127730235477,
    -2.4324954345801326,
    -2.429109194492287,
    -2.425703533305107,
    -2.4223453602581118,
    -2.4191235949338603,
    -2.416154858655657,
    -2.413590528945705,
    -2.411625459700991,
    -2.4105087228784616,
    -2.4105567800144336,
    -2.334879294482578,
    -2.2510800328383858,
    -2.1626265815187584,
    -2.0699094997976406,
    -1.9735385944281514,
    -1.874393442493797,
    -1.7736799288838625,
    -1.6729923042102623,
    -1.5743800597859272,
    -1.4804187887336446,
    -1.3942841638274326,
    -1.3198282060451392,
    -1.2616572118404268,
    -1.2252113455227576,
    -1.2168477551703007,
    -1.2439336215096186,
    -1.3149649748582704,
    -1.4397436280265898,
    -1.2455032165465818,
    -0.916725118412247,
    -0.654336113835615,
    -0.5011301227351135,
    -0.5074321671566947,
    -0.7292601284759529,
    -1.2270893625018588,
    -2.065376828954028,
    -3.3132885064114337,
    -5.046903678988133,
    -7.3527728837527375,
    -10.33237641638477,
    -14.106767981301147,
    -18.82014535369626,
    -24.639703970592212,
    -31.748040183604754,
    -40.3349048935219,
    -50.62709644074495,
    -62.95990426985174,
    -77.74668240339281
  ],
  "omega_max": [
    0.18813626191719526,
    1.6212036985882408,
    1.6486103337788156,
    1.678811162914851,
    1.7120977959096793,
    1.7487929699915967,
    1.7892538002606695,
    1.833875285400793,
    1.8830940443600905,
    1.9373922335897031,
    1.9973015559097147,
    2.063407214948471,
    7.0825458886750505,
    7.185388603003842,
    7.298849339961567,
    7.423893428186674,
    7.561518299466896,
    7.712738597692319,
    7.878569674196947,
    8.06001197961066,
    8.258040239716996,
    8.473602587508864,
    8.70763548690804,
    8.961099542294935,
    9.235038183138453,
    9.530654809920982,
    9.849393836388856,
    10.192997754781816,
    10.56349834875421,
    10.963090468550869,
    9.520677427935569,
    9.92091016559523,
    10.391071852554347,
    10.942256306919859,
    11.583647348873196,
    12.323405135384185,
    13.169472608765167,
    14.13024139830649,
    15.215263047433446,
    16.436140545178226,
    17.807736380390903,
    19.349939108298233,
    21.09039549015202,
    23.0686743367655,
    25.341411435924556,
    27.983021113464016,
    31.066610675926736,
    34.62917877844611,
    38.69924085403602,
    43.41921387714675
  ],
  "params": {
    "alpha": -50.0,
    "dT": 0.8,
    "dR": 1.0
  },
  "metadata": {
    "shear_max": 6.9216149037785835,
    "vel_net": 2.9132206070913593,
    "resolution": {
      "H": 25,
      "M": 65,
      "Nz": 129,
      "Nth": 128
    },
    "timestamp": "2026-04-16T06:11:40.319850"
  }
}