{
  "k": [
    0.1,
    0.10985411419875583,
    0.12067926406393285,
    0.13257113655901093,
    0.14563484775012436,
    0.15998587196060582,
    0.1757510624854792,
    0.193069772888325,
    0.21209508879201905,
    0.2329951810515372,
    0.2559547922699536,
    0.281176869797423,
    0.3088843596477481,
    0.3393221771895328,
    0.372759372031494,
    0.4094915062380424,
    0.44984326689694454,
    0.49417133613238345,
    0.5428675439323859,
    0.5963623316594643,
    0.6551285568595507,
    0.7196856730011519,
    0.7906043210907697,
    0.8685113737513525,
    0.9540954763499939,
    1.0481131341546859,
    1.151395399326447,
    1.2648552168552958,
    1.3894954943731375,
    1.5264179671752334,
    1.6768329368110073,
    1.8420699693267153,
    2.0235896477251565,
    2.2229964825261943,
    2.442053094548651,
    2.6826957952797246,
    2.9470517025518097,
    3.2374575428176433,
    3.5564803062231283,
    3.9069399370546147,
    4.291934260128776,
    4.714866363457392,
    5.17947467923121,
    5.689866029018296,
    6.250551925273969,
    6.866488450042998,
    7.543120063354615,
    8.286427728546842,
    9.102981779915218,
    10.0
  ],
  "gamma_max": [
    0.3405054757144991,
    0.3253113176494756,
    0.3069531057630868,
    0.28476711055205056,
    0.257948378821482,
    0.2255197514124276,
    0.18629331182978048,
    0.1388211994797244,
    0.08132918564324809,
    0.011615487184141814,
    -0.07314093699124039,
    -0.1768772443829096,
    -0.30656598818279635,
    -0.48869638801512666,
    -0.6547776599554191,
    -0.7408160552652407,
    -0.8395353871295279,
    -0.8569379576684236,
    -0.6641540869434152,
    -0.46972058684424944,
    -0.27714069703055166,
    -0.08927459403346505,
    0.09150353767106291,
    0.26298371964463535,
    0.42275753497646035,
    0.5678525997071692,
    0.6943422433509019,
    0.7968839630758708,
    0.8681383686795481,
    0.8980331227673087,
    0.8728654653809623,
    0.7743073484565594,
    0.5786321467213315,
    0.2576245031486806,
    -0.21279733934103404,
    -0.2853226240212119,
    -0.2118119551852314,
    -0.481954104471737,
    -1.267732568657973,
    -2.690709734248677,
    -3.3569767497229273,
    -3.7743543852139387,
    -4.49275046580381,
    -5.564882479327684,
    -7.0302900803973145,
    -8.939701080607088,
    -11.359805727097951,
    -14.375536625607113,
    -18.09297889743031,
    -22.64314081042898
  ],
  "omega_max": [
    4.40493064937591e-13,
    1.3168134325329829e-12,
    -1.252401199734118e-12,
    -1.8305094938816735e-12,
    -2.293044081963475e-13,
    8.650180431002889e-12,
    1.4132989258559227e-12,
    -1.8626914049768085e-12,
    -1.6243114902656863e-12,
    8.638465648356465e-13,
    -1.5685706428845663e-12,
    5.522222167618542e-13,
    -1.5524176851204894e-12,
    1.7634488227199318e-12,
    0.147167172758305,
    -0.20201740013873182,
    0.2061706666748372,
    -4.455068383842455,
    4.546444852879385,
    -4.653167844716614,
    -4.772167349633806,
    4.899419145925287,
    5.030294879988063,
    -5.159722171252314,
    5.282190719773451,
    -5.3916904898029525,
    -5.481662894951541,
    -5.545032849252558,
    5.57438840343511,
    -5.562388917075887,
    -5.502518747787789,
    5.390400500271555,
    -5.226180031019522,
    5.0193088350066475,
    -4.797987166055585,
    -9.341154974596208e-13,
    -9.09730052587872e-12,
    8.258039214737759e-12,
    -1.3123514480657283e-11,
    4.57766831473576e-11,
    6.142113310140583,
    -6.9903181422924865,
    7.943351861742885,
    -8.979433833820059,
    -10.09655611628082,
    11.303725401695585,
    12.615578685938583,
    -14.050459527632281,
    -15.630310430760327,
    17.382130663301187
  ],
  "params": {
    "alpha": -43.0,
    "dT": 0.25,
    "dR": 1.0
  },
  "metadata": {
    "shear_max": 5.1047176596866315,
    "vel_net": 1.0813572259849025e-13,
    "resolution": {
      "H": 25,
      "M": 65,
      "Nz": 129,
      "Nth": 128
    },
    "timestamp": "2026-04-15T19:10:06.866907"
  }
}