{
  "k": [
    0.1,
    0.10985411419875583,
    0.12067926406393285,
    0.13257113655901093,
    0.14563484775012436,
    0.15998587196060582,
    0.1757510624854792,
    0.193069772888325,
    0.21209508879201905,
    0.2329951810515372,
    0.2559547922699536,
    0.281176869797423,
    0.3088843596477481,
    0.3393221771895328,
    0.372759372031494,
    0.4094915062380424,
    0.44984326689694454,
    0.49417133613238345,
    0.5428675439323859,
    0.5963623316594643,
    0.6551285568595507,
    0.7196856730011519,
    0.7906043210907697,
    0.8685113737513525,
    0.9540954763499939,
    1.0481131341546859,
    1.151395399326447,
    1.2648552168552958,
    1.3894954943731375,
    1.5264179671752334,
    1.6768329368110073,
    1.8420699693267153,
    2.0235896477251565,
    2.2229964825261943,
    2.442053094548651,
    2.6826957952797246,
    2.9470517025518097,
    3.2374575428176433,
    3.5564803062231283,
    3.9069399370546147,
    4.291934260128776,
    4.714866363457392,
    5.17947467923121,
    5.689866029018296,
    6.250551925273969,
    6.866488450042998,
    7.543120063354615,
    8.286427728546842,
    9.102981779915218,
    10.0
  ],
  "gamma_max": [
    -0.25122263024277836,
    -0.25352083827687993,
    -0.2562964098713836,
    -0.2596490566155216,
    -0.26369959005513227,
    -0.2685945247681887,
    -0.27451175937789374,
    -0.2816676296165313,
    -0.29032573425846037,
    -0.3008080939964187,
    -0.3135094566902747,
    -0.32891597962227787,
    -0.34763025086993427,
    -0.3704059689687942,
    -0.3981983149842088,
    -0.4322419636028301,
    -0.4741830369218295,
    -0.526331466145342,
    -0.5922374741816593,
    -0.6784402803693059,
    -0.8041763788542027,
    -0.9718677663417026,
    -1.0441535155388642,
    -1.131283280161093,
    -1.2363042299828082,
    -1.362893477286652,
    -1.5154905980918507,
    -1.6994581865387635,
    -1.9212759811714972,
    -2.1887750904360352,
    -2.511420124434885,
    -2.900648747991905,
    -3.370280466861267,
    -3.9370094963326077,
    -4.6210004240252465,
    -5.4466099637903955,
    -6.386008648312666,
    -7.528383583862395,
    -8.934296873561191,
    -10.654581664522189,
    -12.750432766486776,
    -15.295836857206641,
    -18.380392989923756,
    -22.11260702509831,
    -26.62378069170498,
    -32.072647827914366,
    -38.65094055952376,
    -46.59010149024324,
    -56.169397762737994,
    -67.72574010677803
  ],
  "omega_max": [
    -2.154565145843687e-15,
    1.7620261913565036e-14,
    1.1647485414238396e-15,
    2.312544877065978e-14,
    -7.569936368866754e-15,
    4.239186541116696e-15,
    4.462038161587869e-14,
    -2.017351417599263e-15,
    4.3126435479487574e-14,
    -1.6055549460073818e-15,
    2.0595665618644692e-14,
    8.479441997816465e-15,
    4.965370455736031e-15,
    5.2929517536000415e-15,
    -1.5235178362152202e-14,
    3.4712557601319094e-14,
    -1.4771772952063102e-14,
    -4.248040667805324e-14,
    -3.022029542200379e-14,
    -9.02120079864589e-14,
    -1.4307783850294276e-13,
    0.12181297063762743,
    0.21537660410235457,
    0.2898375954605819,
    0.3589532545328225,
    0.4269622674656406,
    0.4960098670351973,
    -0.5675057911872021,
    0.6425571331334248,
    0.7221497845170072,
    0.8072400780978836,
    0.898808537535822,
    0.9978956459609675,
    1.10562807239816,
    -1.2232390749280457,
    1.3520849921668838,
    1.3724825657724447,
    1.5149007773507255,
    1.6797938169139328,
    1.868741121155159,
    -2.083014737508323,
    2.324022397811395,
    -2.5935988973285644,
    -2.894165661327592,
    3.228806403899168,
    -3.6013018579668086,
    4.016150218628906,
    -4.4785852510277016,
    -4.994596410618296,
    5.570955668143163
  ],
  "params": {
    "alpha": -22.0,
    "dT": 0.6666666666666666,
    "dR": 1.0
  },
  "metadata": {
    "shear_max": 3.638198584821163e-09,
    "vel_net": 5.169878828456423e-26,
    "resolution": {
      "H": 25,
      "M": 65,
      "Nz": 129,
      "Nth": 128
    },
    "timestamp": "2026-04-13T12:00:58.723909"
  }
}