{
  "k": [
    0.1,
    0.10985411419875583,
    0.12067926406393285,
    0.13257113655901093,
    0.14563484775012436,
    0.15998587196060582,
    0.1757510624854792,
    0.193069772888325,
    0.21209508879201905,
    0.2329951810515372,
    0.2559547922699536,
    0.281176869797423,
    0.3088843596477481,
    0.3393221771895328,
    0.372759372031494,
    0.4094915062380424,
    0.44984326689694454,
    0.49417133613238345,
    0.5428675439323859,
    0.5963623316594643,
    0.6551285568595507,
    0.7196856730011519,
    0.7906043210907697,
    0.8685113737513525,
    0.9540954763499939,
    1.0481131341546859,
    1.151395399326447,
    1.2648552168552958,
    1.3894954943731375,
    1.5264179671752334,
    1.6768329368110073,
    1.8420699693267153,
    2.0235896477251565,
    2.2229964825261943,
    2.442053094548651,
    2.6826957952797246,
    2.9470517025518097,
    3.2374575428176433,
    3.5564803062231283,
    3.9069399370546147,
    4.291934260128776,
    4.714866363457392,
    5.17947467923121,
    5.689866029018296,
    6.250551925273969,
    6.866488450042998,
    7.543120063354615,
    8.286427728546842,
    9.102981779915218,
    10.0
  ],
  "gamma_max": [
    -2.2376977574060084,
    -2.2401857628593294,
    -2.243185493447478,
    -2.2468015266504526,
    -2.251159515883732,
    -2.2564103110487492,
    -2.2627348324778116,
    -2.2703498162962594,
    -2.2795145617230017,
    -2.2905388243963603,
    -2.3037920164657484,
    -2.3197138999204783,
    -2.338827005667214,
    -2.3617511014856105,
    -2.3133791602930973,
    -2.2170487632869356,
    -2.115962074898038,
    -2.0107439163762395,
    -1.9022996551297449,
    -1.7918724234437795,
    -1.681105359709818,
    -1.572108126998994,
    -1.4675269199200631,
    -1.3706172838115216,
    -1.285319481640469,
    -1.2163372919897966,
    -1.169224010780619,
    -1.150485703675124,
    -1.1677232467827368,
    -1.2298515934808836,
    -0.8779370186740105,
    -0.45404868132856024,
    -0.08286211062045885,
    0.19184792380309945,
    0.3190020556313983,
    0.24182473789570816,
    -0.10086015071867482,
    -0.7738306221231164,
    -1.8458106386097053,
    -3.3913461159631555,
    -5.494060550926618,
    -8.250633017419565,
    -11.774302185376436,
    -16.195705867097367,
    -21.657607306472542,
    -28.304380385622483,
    -36.29047036716909,
    -45.83722256972337,
    -57.285326646941535,
    -71.08740912409226
  ],
  "omega_max": [
    0.1970134239323497,
    0.21649589224731614,
    0.23792063431809074,
    0.26148642713217646,
    0.28741407962572296,
    0.3159494205914053,
    0.34736685686622304,
    0.3819736513743041,
    0.42011511598829715,
    0.46218097099721644,
    0.5086131988372603,
    0.5599158003246625,
    0.6166669616407482,
    0.6795342289293418,
    7.819650336830505,
    7.952599953943331,
    8.099158104764182,
    8.260510470316817,
    8.437871087416807,
    8.632466564449723,
    8.84552206930572,
    9.078252949142318,
    9.331866370571303,
    9.60757659194337,
    9.906634433079729,
    10.230365314123155,
    10.580200577228307,
    10.957674861297512,
    11.364351649854143,
    11.801636348736043,
    10.10929570991927,
    10.55106947470876,
    11.074386082302723,
    11.69020229791877,
    12.407321155351092,
    13.233652694770317,
    14.177100423814922,
    15.246310271622285,
    16.45154801748747,
    17.805837557624834,
    19.326516509326446,
    21.037505584178135,
    22.972680405829177,
    25.18023305041735,
    27.72487478519674,
    30.676545784416838,
    34.07594588708066,
    37.9168739618311,
    42.19515325799015,
    46.97745920470745
  ],
  "params": {
    "alpha": -53.0,
    "dT": 0.75,
    "dR": 1.0
  },
  "metadata": {
    "shear_max": 7.441504463851002,
    "vel_net": 3.1587346755177546,
    "resolution": {
      "H": 25,
      "M": 65,
      "Nz": 129,
      "Nth": 128
    },
    "timestamp": "2026-04-16T10:10:47.060846"
  }
}