{
  "k": [
    0.1,
    0.10985411419875583,
    0.12067926406393285,
    0.13257113655901093,
    0.14563484775012436,
    0.15998587196060582,
    0.1757510624854792,
    0.193069772888325,
    0.21209508879201905,
    0.2329951810515372,
    0.2559547922699536,
    0.281176869797423,
    0.3088843596477481,
    0.3393221771895328,
    0.372759372031494,
    0.4094915062380424,
    0.44984326689694454,
    0.49417133613238345,
    0.5428675439323859,
    0.5963623316594643,
    0.6551285568595507,
    0.7196856730011519,
    0.7906043210907697,
    0.8685113737513525,
    0.9540954763499939,
    1.0481131341546859,
    1.151395399326447,
    1.2648552168552958,
    1.3894954943731375,
    1.5264179671752334,
    1.6768329368110073,
    1.8420699693267153,
    2.0235896477251565,
    2.2229964825261943,
    2.442053094548651,
    2.6826957952797246,
    2.9470517025518097,
    3.2374575428176433,
    3.5564803062231283,
    3.9069399370546147,
    4.291934260128776,
    4.714866363457392,
    5.17947467923121,
    5.689866029018296,
    6.250551925273969,
    6.866488450042998,
    7.543120063354615,
    8.286427728546842,
    9.102981779915218,
    10.0
  ],
  "gamma_max": [
    2.4802327761516194,
    2.4777193556454558,
    2.474687746222967,
    2.4710314964845352,
    2.4666224569838895,
    2.461306431927933,
    2.4548979913855504,
    2.44717429443043,
    2.43786775247312,
    2.426657338725977,
    2.413158324855282,
    2.396910198799885,
    2.37736249013883,
    2.3538581935642475,
    2.3256144380260095,
    2.291699984825084,
    2.251009037060921,
    2.202230681110144,
    2.1438130175061034,
    2.0739206295212895,
    1.9903834251599541,
    1.8906340299920332,
    1.7716297784793784,
    1.6297539819625948,
    1.4606896243469494,
    1.2592570631621667,
    1.0192057467680669,
    0.7329481996551328,
    0.39122188551254716,
    -0.017340582752327742,
    -0.5067634255883979,
    -1.0944567859737941,
    -1.8022352244140585,
    -2.6578906187974165,
    -3.6980786517669992,
    -4.720911543502207,
    -5.919268391129565,
    -7.475111326184429,
    -9.471855501692973,
    -12.063409239528552,
    -15.398297409916301,
    -18.764527550564978,
    -22.84610038524869,
    -27.78692478438076,
    -33.761280759992395,
    -40.98002283893648,
    -49.698030222742915,
    -60.223189452132566,
    -72.92724316701702,
    -88.25889861183703
  ],
  "omega_max": [
    -1.5748655483238628e-13,
    3.748316090113337e-13,
    7.955169701092498e-13,
    5.389550447484451e-13,
    -3.009701628023089e-13,
    1.996781030938069e-13,
    -1.74740554688087e-13,
    -4.004619186864624e-14,
    -1.6632671576876212e-13,
    2.98084162549295e-13,
    2.8315497257223924e-13,
    -9.343880441782365e-13,
    -6.739441580992094e-13,
    -7.112533909709548e-14,
    3.099071020274611e-13,
    7.58163092928165e-13,
    -4.622206034905955e-13,
    7.382033903112696e-13,
    -1.1115823693225899e-12,
    3.3228476056807595e-13,
    -4.853440877063381e-14,
    -1.3271684448786218e-13,
    -2.6217060468461696e-13,
    2.6273431786975386e-13,
    1.4235797204187915e-14,
    3.343445843596032e-13,
    -2.763059223094474e-13,
    -1.1804786936771365e-13,
    9.863363577230108e-15,
    4.691005870811836e-15,
    3.374300774862252e-15,
    -1.1599202043717612e-14,
    3.420793128610521e-13,
    -1.5140030846211064e-13,
    -6.797929064743643e-13,
    7.491467572824051e-13,
    -2.0476830646741832e-13,
    -2.1763093067878684e-12,
    -3.890190777041541e-12,
    -1.4227918291781705e-12,
    -0.6044483967048003,
    1.1419085262835709,
    1.5932867940619184,
    -2.0305860985404065,
    2.47540174658674,
    -2.939458250620408,
    3.4313935251498453,
    3.958794074287161,
    -4.5290138718284565,
    5.149587684183937
  ],
  "params": {
    "alpha": -35.0,
    "dT": 0.8888888888888888,
    "dR": 1.0
  },
  "metadata": {
    "shear_max": 1.1221186269392037e-08,
    "vel_net": 8.442331616549002e-13,
    "resolution": {
      "H": 25,
      "M": 65,
      "Nz": 129,
      "Nth": 128
    },
    "timestamp": "2026-04-13T14:04:25.624740"
  }
}