{
  "k": [
    0.1,
    0.10985411419875583,
    0.12067926406393285,
    0.13257113655901093,
    0.14563484775012436,
    0.15998587196060582,
    0.1757510624854792,
    0.193069772888325,
    0.21209508879201905,
    0.2329951810515372,
    0.2559547922699536,
    0.281176869797423,
    0.3088843596477481,
    0.3393221771895328,
    0.372759372031494,
    0.4094915062380424,
    0.44984326689694454,
    0.49417133613238345,
    0.5428675439323859,
    0.5963623316594643,
    0.6551285568595507,
    0.7196856730011519,
    0.7906043210907697,
    0.8685113737513525,
    0.9540954763499939,
    1.0481131341546859,
    1.151395399326447,
    1.2648552168552958,
    1.3894954943731375,
    1.5264179671752334,
    1.6768329368110073,
    1.8420699693267153,
    2.0235896477251565,
    2.2229964825261943,
    2.442053094548651,
    2.6826957952797246,
    2.9470517025518097,
    3.2374575428176433,
    3.5564803062231283,
    3.9069399370546147,
    4.291934260128776,
    4.714866363457392,
    5.17947467923121,
    5.689866029018296,
    6.250551925273969,
    6.866488450042998,
    7.543120063354615,
    8.286427728546842,
    9.102981779915218,
    10.0
  ],
  "gamma_max": [
    1.0875456080283106,
    1.0863409150840884,
    1.0848880485493821,
    1.083136114685262,
    1.081023885844844,
    1.0784777469726383,
    1.0754092534831885,
    1.071712234443529,
    1.0672593669134651,
    1.0618981392180387,
    1.0554461122969927,
    1.047685379606976,
    1.0383561166376867,
    1.027149097388514,
    1.0136970336686943,
    0.9975645512644673,
    0.9782365398276877,
    0.9551044634112832,
    0.9274499454800902,
    0.8944244523202847,
    0.8550230408939486,
    0.8080486534671616,
    0.75206084690596,
    0.6852981540957267,
    0.6055541871973837,
    0.5099680827087845,
    0.3946419621449413,
    0.25385865365726573,
    0.07816280992558614,
    -0.15213658445867823,
    -0.5187460969863722,
    -0.8406513649669789,
    -0.9999594336179426,
    -1.1887500547696677,
    -1.4131067335003251,
    -1.6538885976104916,
    -1.9212175080291123,
    -2.2591874816820248,
    -2.6810504626223746,
    -3.202486536814632,
    -3.8422753145148696,
    -4.623078467303247,
    -5.572330495435617,
    -6.723253430928761,
    -8.116029632935028,
    -9.79918236614691,
    -11.831226299358281,
    -14.282660913685065,
    -17.238391001821313,
    -20.800670927847122
  ],
  "omega_max": [
    6.416585008045534e-14,
    -6.924822817464121e-14,
    -7.685513747593596e-14,
    -6.135487199263222e-14,
    2.3297815479227713e-14,
    5.189147019697177e-14,
    1.8759175227852303e-13,
    -1.3665851863557068e-14,
    -5.099015145504885e-15,
    -6.46258145081792e-14,
    -1.197631250726861e-13,
    5.567230673551402e-15,
    -1.2888128284746314e-14,
    -4.3295207710571093e-14,
    3.7178776651088196e-14,
    -5.0269042912946415e-14,
    2.973127975735079e-14,
    2.0141516743632444e-14,
    4.678175027879367e-14,
    6.133944647378401e-14,
    2.8356830762471534e-14,
    -9.124829013977315e-15,
    2.0706228052034037e-14,
    4.714741337745067e-14,
    -1.7200575032032542e-14,
    3.439071183746262e-14,
    -2.1226467656475016e-14,
    -1.3264560581121356e-14,
    -7.832750823785838e-15,
    1.4311579560065927e-14,
    3.295625995762984e-14,
    0.3886256130172346,
    -0.6089410462039375,
    -0.7946208860456915,
    -0.9703508212666386,
    1.0450881241395442,
    -1.190810359842299,
    -1.35797441609946,
    1.546788837077843,
    1.757641459103724,
    -1.9913209287110412,
    2.2491543663355333,
    -2.5330827287761117,
    -2.8456994202395083,
    -3.190271819316593,
    -3.5707572024056806,
    3.9918181288011922,
    4.458838964331865,
    -4.977945074301477,
    5.556029320075765
  ],
  "params": {
    "alpha": -23.0,
    "dT": 0.2,
    "dR": 1.0
  },
  "metadata": {
    "shear_max": 1.6506486544616786e-08,
    "vel_net": 3.7629313308816884e-10,
    "resolution": {
      "H": 25,
      "M": 65,
      "Nz": 129,
      "Nth": 128
    },
    "timestamp": "2026-04-13T12:38:22.062869"
  }
}