{
  "k": [
    0.1,
    0.10985411419875583,
    0.12067926406393285,
    0.13257113655901093,
    0.14563484775012436,
    0.15998587196060582,
    0.1757510624854792,
    0.193069772888325,
    0.21209508879201905,
    0.2329951810515372,
    0.2559547922699536,
    0.281176869797423,
    0.3088843596477481,
    0.3393221771895328,
    0.372759372031494,
    0.4094915062380424,
    0.44984326689694454,
    0.49417133613238345,
    0.5428675439323859,
    0.5963623316594643,
    0.6551285568595507,
    0.7196856730011519,
    0.7906043210907697,
    0.8685113737513525,
    0.9540954763499939,
    1.0481131341546859,
    1.151395399326447,
    1.2648552168552958,
    1.3894954943731375,
    1.5264179671752334,
    1.6768329368110073,
    1.8420699693267153,
    2.0235896477251565,
    2.2229964825261943,
    2.442053094548651,
    2.6826957952797246,
    2.9470517025518097,
    3.2374575428176433,
    3.5564803062231283,
    3.9069399370546147,
    4.291934260128776,
    4.714866363457392,
    5.17947467923121,
    5.689866029018296,
    6.250551925273969,
    6.866488450042998,
    7.543120063354615,
    8.286427728546842,
    9.102981779915218,
    10.0
  ],
  "gamma_max": [
    -0.052637774574550045,
    -0.053916410392144724,
    -0.05546020517774547,
    -0.057324348871422674,
    -0.0595756198025003,
    -0.06229487095532938,
    -0.06558007908262371,
    -0.06955010141343768,
    -0.07434933273568459,
    -0.08015352607203674,
    -0.08717714768564853,
    -0.09568280759638675,
    -0.10599358857516741,
    -0.11850958380322146,
    -0.1337308375978331,
    -0.15229057873587767,
    -0.17500610297054203,
    -0.2029623413852059,
    -0.23766200795627354,
    -0.2813294180598579,
    -0.3376383301178965,
    -0.4140045597836627,
    -0.5348542732988413,
    -0.6944816519059015,
    -0.7225730807482852,
    -0.7554612749535018,
    -0.7939292747867746,
    -0.8389224049049049,
    -0.8915992360531974,
    -0.9533935239705623,
    -1.0260852524794801,
    -1.1118793101831868,
    -1.213492466034445,
    -1.3342521045354745,
    -1.4782121671430064,
    -1.6502923328660233,
    -1.8149605774800137,
    -2.0256240898877302,
    -2.2923711008060406,
    -2.6251199205692153,
    -3.0358113562269105,
    -3.538892514611016,
    -4.1518666980254,
    -4.8959182277548345,
    -5.796632466299161,
    -6.884841438007734,
    -8.19763448922856,
    -9.779582666167173,
    -11.68423528933065,
    -13.975955930123616
  ],
  "omega_max": [
    7.493999795952047e-16,
    8.0826424815399455e-16,
    1.0158994930766478e-15,
    9.29499330392993e-16,
    1.5649767379029936e-16,
    -6.062100262284e-17,
    9.251907815471229e-16,
    1.0355724930372185e-15,
    1.1764342584576242e-15,
    6.286792756718791e-16,
    1.7825998457933518e-16,
    6.050656947839915e-16,
    7.900566643153018e-16,
    1.1803644356925979e-15,
    1.7995827998622204e-16,
    8.710451451484454e-16,
    2.222751774596018e-15,
    1.381199714975932e-15,
    -8.081557657994843e-16,
    -8.67197601583643e-16,
    1.2376295366611802e-15,
    4.645711807799244e-16,
    1.509323169018556e-15,
    0.16123912514861968,
    0.28057343032905185,
    0.37583964691231725,
    -0.46407161641479205,
    -0.5505760739263362,
    -0.6380195328871642,
    -0.7281334880794991,
    0.8222680335956454,
    -0.9216285250834177,
    -1.0273950328827255,
    1.1407883650874924,
    -1.2631088015387497,
    1.3957616710561636,
    -1.4843232502047081,
    1.6341329887005704,
    1.8025313869207151,
    -1.9912820299339022,
    -2.20226542926474,
    -2.437643529311114,
    -2.6999852040476124,
    2.9923607007085797,
    -3.3184138049307776,
    3.682418219089283,
    4.089321176396758,
    -4.544775218673231,
    -5.0551606703357415,
    5.627607578120287
  ],
  "params": {
    "alpha": -18.0,
    "dT": 0.125,
    "dR": 1.0
  },
  "metadata": {
    "shear_max": 5.430435510826987e-09,
    "vel_net": 4.1359030627651384e-25,
    "resolution": {
      "H": 25,
      "M": 65,
      "Nz": 129,
      "Nth": 128
    },
    "timestamp": "2026-04-13T11:39:21.336292"
  }
}