{
  "k": [
    0.1,
    0.10985411419875583,
    0.12067926406393285,
    0.13257113655901093,
    0.14563484775012436,
    0.15998587196060582,
    0.1757510624854792,
    0.193069772888325,
    0.21209508879201905,
    0.2329951810515372,
    0.2559547922699536,
    0.281176869797423,
    0.3088843596477481,
    0.3393221771895328,
    0.372759372031494,
    0.4094915062380424,
    0.44984326689694454,
    0.49417133613238345,
    0.5428675439323859,
    0.5963623316594643,
    0.6551285568595507,
    0.7196856730011519,
    0.7906043210907697,
    0.8685113737513525,
    0.9540954763499939,
    1.0481131341546859,
    1.151395399326447,
    1.2648552168552958,
    1.3894954943731375,
    1.5264179671752334,
    1.6768329368110073,
    1.8420699693267153,
    2.0235896477251565,
    2.2229964825261943,
    2.442053094548651,
    2.6826957952797246,
    2.9470517025518097,
    3.2374575428176433,
    3.5564803062231283,
    3.9069399370546147,
    4.291934260128776,
    4.714866363457392,
    5.17947467923121,
    5.689866029018296,
    6.250551925273969,
    6.866488450042998,
    7.543120063354615,
    8.286427728546842,
    9.102981779915218,
    10.0
  ],
  "gamma_max": [
    -1.0098342956169895,
    -1.0118682995310107,
    -1.014323078208537,
    -1.0172857173268264,
    -1.020861344786594,
    -1.0251768773514822,
    -1.0303855494543128,
    -1.0366723894806344,
    -1.04426084479589,
    -1.05342080109997,
    -1.0644782965922515,
    -1.0778272999262686,
    -1.0939440071055775,
    -1.1134042220958071,
    -1.1369045272869636,
    -1.1652881353555489,
    -1.1995765623825054,
    -1.2410086030238916,
    -1.291088570646697,
    -1.3516464707784657,
    -1.4249138495658256,
    -1.5136207667406256,
    -1.6211222045153266,
    -1.7515673241650604,
    -1.9101347816554297,
    -2.1033780024562985,
    -2.3397735696594917,
    -2.630703033208581,
    -2.992572078638842,
    -3.4530543650940446,
    -3.951267019511878,
    -4.461724051527771,
    -5.08268003815134,
    -5.836753792267451,
    -6.751204218353701,
    -7.8589133347824305,
    -9.1995738609927,
    -10.808990707099165,
    -12.728746970160294,
    -15.066949683130828,
    -17.907053311076748,
    -21.349703866234417,
    -25.516476036592415,
    -30.55427267259045,
    -36.6405451884261,
    -43.98953526443945,
    -52.859781617225174,
    -63.5631847999791,
    -76.47597945903578,
    -92.05202530716697
  ],
  "omega_max": [
    3.441665721305558e-16,
    -5.728230710592848e-16,
    1.0117858252215963e-16,
    2.5318379522101137e-16,
    1.8072937080854912e-16,
    -7.37326283349835e-17,
    1.6345742879662798e-15,
    -8.08676640172484e-16,
    -2.025101262429034e-16,
    4.3614607727946596e-16,
    4.1578504043940706e-16,
    -7.202832154674198e-16,
    -1.1016638335652202e-16,
    6.568794034713791e-15,
    -8.691371364901159e-16,
    1.4824507355753799e-15,
    1.1446974863390402e-15,
    1.005907345248665e-15,
    2.69186897347841e-15,
    8.60967308555264e-16,
    -6.391273938752143e-16,
    -1.1910235021517265e-15,
    -2.5394721199364823e-15,
    2.566928921568879e-15,
    1.2658675788458073e-16,
    8.718529523510665e-15,
    -6.6857568292775586e-15,
    7.68340774219037e-16,
    -3.977035432466991e-15,
    -4.6332432966958574e-15,
    0.7839431796698879,
    0.8819979927760376,
    0.985183297167776,
    -1.0952244815809016,
    -1.2137855580895687,
    1.3425378167868465,
    -1.4832107033683606,
    1.5852785512623455,
    -1.7650409603990085,
    1.9594045749941347,
    -2.1722190125235863,
    -2.4071154238724204,
    2.6677633359024697,
    -2.958073654892787,
    3.2823533282355335,
    3.6454182362423406,
    4.052668878375499,
    4.510132662965327,
    5.02448139899694,
    5.603043686409187
  ],
  "params": {
    "alpha": -15.0,
    "dT": 0.9,
    "dR": 1.0
  },
  "metadata": {
    "shear_max": 1.5759192709638002e-09,
    "vel_net": 7.754818242684634e-26,
    "resolution": {
      "H": 25,
      "M": 65,
      "Nz": 129,
      "Nth": 128
    },
    "timestamp": "2026-04-13T10:47:38.253633"
  }
}