{
  "k": [
    0.1,
    0.10985411419875583,
    0.12067926406393285,
    0.13257113655901093,
    0.14563484775012436,
    0.15998587196060582,
    0.1757510624854792,
    0.193069772888325,
    0.21209508879201905,
    0.2329951810515372,
    0.2559547922699536,
    0.281176869797423,
    0.3088843596477481,
    0.3393221771895328,
    0.372759372031494,
    0.4094915062380424,
    0.44984326689694454,
    0.49417133613238345,
    0.5428675439323859,
    0.5963623316594643,
    0.6551285568595507,
    0.7196856730011519,
    0.7906043210907697,
    0.8685113737513525,
    0.9540954763499939,
    1.0481131341546859,
    1.151395399326447,
    1.2648552168552958,
    1.3894954943731375,
    1.5264179671752334,
    1.6768329368110073,
    1.8420699693267153,
    2.0235896477251565,
    2.2229964825261943,
    2.442053094548651,
    2.6826957952797246,
    2.9470517025518097,
    3.2374575428176433,
    3.5564803062231283,
    3.9069399370546147,
    4.291934260128776,
    4.714866363457392,
    5.17947467923121,
    5.689866029018296,
    6.250551925273969,
    6.866488450042998,
    7.543120063354615,
    8.286427728546842,
    9.102981779915218,
    10.0
  ],
  "gamma_max": [
    -0.1082923556537633,
    -0.11031991383842461,
    -0.11276761922217977,
    -0.11572276968932778,
    -0.11929092100851407,
    -0.12359976818649912,
    -0.12880388814081095,
    -0.1350905555953476,
    -0.1426869109760644,
    -0.1518688552636391,
    -0.16297219021774847,
    -0.17640675017534174,
    -0.19267464527943023,
    -0.21239438429152202,
    -0.23633383884932932,
    -0.2654573427355132,
    -0.3009971561408463,
    -0.34457099048592077,
    -0.3983974447040909,
    -0.4657552318615364,
    -0.5522111294544254,
    -0.6705719844686241,
    -0.9006924571171644,
    -0.9709329753179518,
    -1.055029377645881,
    -1.1557048176151992,
    -1.276239551118273,
    -1.4205945628655738,
    -1.5935620829026764,
    -1.800947233010766,
    -2.049785748148304,
    -2.3486040673187154,
    -2.707730271369258,
    -3.139667379635845,
    -3.659544151049205,
    -4.266074399595951,
    -4.955073372298279,
    -5.811824695692672,
    -6.868367186531303,
    -8.162911767250524,
    -9.741433124478464,
    -11.6595201078736,
    -13.984513514164863,
    -16.7979915880827,
    -20.19869231815266,
    -24.30598647014849,
    -29.26403959753676,
    -35.246828632596284,
    -42.464210655806696,
    -51.16927729459713
  ],
  "omega_max": [
    4.525267604001082e-14,
    1.3171002801649574e-14,
    -1.7649879415936355e-14,
    7.337955046857953e-16,
    -2.504319448258627e-14,
    1.250950420710483e-13,
    -6.098684083010649e-14,
    -1.4784049666497107e-14,
    5.2474383384130664e-14,
    1.1115954061649322e-15,
    1.440101620584878e-15,
    4.327927074964483e-14,
    2.7118533851785674e-14,
    7.244064353190153e-14,
    1.6744816745216605e-14,
    -4.485095112192614e-14,
    9.894906476570492e-14,
    -2.258004515040728e-14,
    3.9319757941424676e-14,
    -1.3624723473930787e-13,
    -8.126136100938652e-14,
    -2.397479058420494e-13,
    -0.06785597406044623,
    -0.21206196337799582,
    -0.3047161352324333,
    -0.38682279834278976,
    0.4658066502237379,
    -0.5448903026864581,
    0.6260113447440312,
    0.7106067320639258,
    0.7999096179782291,
    -0.8950863182361077,
    -0.9973083169817839,
    -1.107793681113783,
    -1.227832887501489,
    -1.2525836612832395,
    -1.3795612760035505,
    1.5261004090248305,
    -1.694222685284099,
    1.8854202078928135,
    2.101061591896684,
    2.3427217849385924,
    -2.6124029015805514,
    -2.912664410710345,
    3.246697551213907,
    -3.618372925008514,
    4.032276758462929,
    -4.4937404044919855,
    -5.00886409198359,
    -5.5845401409567845
  ],
  "params": {
    "alpha": -21.0,
    "dT": 0.5,
    "dR": 1.0
  },
  "metadata": {
    "shear_max": 4.092317830399474e-09,
    "vel_net": 1.0339757656912846e-25,
    "resolution": {
      "H": 25,
      "M": 65,
      "Nz": 129,
      "Nth": 128
    },
    "timestamp": "2026-04-13T12:00:37.189668"
  }
}