{
  "k": [
    0.1,
    0.10985411419875583,
    0.12067926406393285,
    0.13257113655901093,
    0.14563484775012436,
    0.15998587196060582,
    0.1757510624854792,
    0.193069772888325,
    0.21209508879201905,
    0.2329951810515372,
    0.2559547922699536,
    0.281176869797423,
    0.3088843596477481,
    0.3393221771895328,
    0.372759372031494,
    0.4094915062380424,
    0.44984326689694454,
    0.49417133613238345,
    0.5428675439323859,
    0.5963623316594643,
    0.6551285568595507,
    0.7196856730011519,
    0.7906043210907697,
    0.8685113737513525,
    0.9540954763499939,
    1.0481131341546859,
    1.151395399326447,
    1.2648552168552958,
    1.3894954943731375,
    1.5264179671752334,
    1.6768329368110073,
    1.8420699693267153,
    2.0235896477251565,
    2.2229964825261943,
    2.442053094548651,
    2.6826957952797246,
    2.9470517025518097,
    3.2374575428176433,
    3.5564803062231283,
    3.9069399370546147,
    4.291934260128776,
    4.714866363457392,
    5.17947467923121,
    5.689866029018296,
    6.250551925273969,
    6.866488450042998,
    7.543120063354615,
    8.286427728546842,
    9.102981779915218,
    10.0
  ],
  "gamma_max": [
    -0.9119964164873318,
    -0.9090034420221788,
    -0.905999698288946,
    -0.9030491532982695,
    -0.9002357640331577,
    -0.8976681896597727,
    -0.8954857639091339,
    -0.8938663618998074,
    -0.8930371519472011,
    -0.8932899952140877,
    -0.8950045559190908,
    -0.8986848283473591,
    -0.9050204337277451,
    -0.9149971414735406,
    -0.9199778234395114,
    -0.8998116361813351,
    -0.8775965775064586,
    -0.8532237746269119,
    -0.8267744542465779,
    -0.7985700099508486,
    -0.7691890892949789,
    -0.7394595829067632,
    -0.7104399673819121,
    -0.6834002349665513,
    -0.6598050982271565,
    -0.6412970708644998,
    -0.629675885133665,
    -0.6268731482868652,
    -0.634927125366493,
    -0.6559725725792207,
    -0.6806868523859347,
    -0.651624723742924,
    -0.6395496155440088,
    -0.6511965215199457,
    -0.694283901673144,
    -0.7772594982923129,
    -0.9091112044855718,
    -1.0993618483053127,
    -1.3581055748142332,
    -1.6950879128014047,
    -2.114602010073707,
    -2.604498021844561,
    -3.147816523529814,
    -3.762676535967186,
    -4.489176197916596,
    -5.365674373977423,
    -6.428474389946193,
    -7.7159491046751105,
    -9.271459043959707,
    -11.145611059761379
  ],
  "omega_max": [
    0.18555416755022364,
    0.1822193536672261,
    0.1787205330700705,
    0.1750607045781493,
    0.17124333442766773,
    0.16727195396937583,
    0.16314975224952827,
    0.1588792054461417,
    0.1544618091006707,
    0.14989788356290598,
    0.14518626782190389,
    0.14032322491801433,
    0.13529843557570273,
    0.13008135505705673,
    -1.8022517523801007,
    -1.8638042654652491,
    -1.9318903528354765,
    -2.006563343551958,
    -2.087755338651811,
    -2.1753340505982712,
    -2.2691686363655017,
    -2.3691879534757807,
    -2.4754274030668313,
    -2.5880703028272873,
    -2.7074912737171797,
    -2.834304428062166,
    -2.969411775151452,
    -3.1140395233018734,
    -3.2697434718592424,
    -3.438361821703182,
    -3.287824667657591,
    -3.4960741643039572,
    -3.731105988326957,
    -3.998209744885548,
    -4.303367160782545,
    -4.653089447717379,
    -5.05439211696309,
    -5.515142571713892,
    -6.0451330669803225,
    -6.658287807222237,
    -7.374850373940572,
    -8.21288226604241,
    -9.161406512487002,
    -10.19457614347017,
    -11.309003790495966,
    -12.517346434084523,
    -13.836775318257253,
    -15.28567716088698,
    -16.8831413169407,
    -18.648853970428668
  ],
  "params": {
    "alpha": -22.0,
    "dT": 0.1,
    "dR": 1.0
  },
  "metadata": {
    "shear_max": 2.2129836611362914,
    "vel_net": 0.8848522867344787,
    "resolution": {
      "H": 25,
      "M": 65,
      "Nz": 129,
      "Nth": 128
    },
    "timestamp": "2026-04-13T13:13:05.866531"
  }
}