{
  "k": [
    0.1,
    0.10985411419875583,
    0.12067926406393285,
    0.13257113655901093,
    0.14563484775012436,
    0.15998587196060582,
    0.1757510624854792,
    0.193069772888325,
    0.21209508879201905,
    0.2329951810515372,
    0.2559547922699536,
    0.281176869797423,
    0.3088843596477481,
    0.3393221771895328,
    0.372759372031494,
    0.4094915062380424,
    0.44984326689694454,
    0.49417133613238345,
    0.5428675439323859,
    0.5963623316594643,
    0.6551285568595507,
    0.7196856730011519,
    0.7906043210907697,
    0.8685113737513525,
    0.9540954763499939,
    1.0481131341546859,
    1.151395399326447,
    1.2648552168552958,
    1.3894954943731375,
    1.5264179671752334,
    1.6768329368110073,
    1.8420699693267153,
    2.0235896477251565,
    2.2229964825261943,
    2.442053094548651,
    2.6826957952797246,
    2.9470517025518097,
    3.2374575428176433,
    3.5564803062231283,
    3.9069399370546147,
    4.291934260128776,
    4.714866363457392,
    5.17947467923121,
    5.689866029018296,
    6.250551925273969,
    6.866488450042998,
    7.543120063354615,
    8.286427728546842,
    9.102981779915218,
    10.0
  ],
  "gamma_max": [
    -0.035277102757697944,
    -0.04356352162156699,
    -0.05353766919797065,
    -0.06553696584147271,
    -0.07996356468904804,
    -0.09729574843886034,
    -0.11810120309696955,
    -0.1430530007324151,
    -0.17295074005724717,
    -0.2087549802311002,
    -0.25166660283047876,
    -0.3034157712600191,
    -0.36849815919593043,
    -0.43579912412559374,
    -0.47376502031889767,
    -0.4421565498041925,
    -0.4314157702247201,
    -0.4213807168532009,
    -0.4107999585151815,
    -0.3992878117416803,
    -0.38666603042356307,
    -0.3728312739498063,
    -0.28863678818023397,
    -0.12469000096831259,
    0.035396463396858376,
    0.18813530735454656,
    0.3292159681452057,
    0.45302129792615736,
    0.5519564876151801,
    0.615585677899629,
    0.6296709648921377,
    0.5756098202776699,
    0.43214424717565186,
    0.29536598696495064,
    0.6585202950355554,
    1.0937726497560625,
    1.3884491562599428,
    1.364409962806345,
    0.9003654878178159,
    -0.20674949264763562,
    -0.8694702460757547,
    -0.7915517789730189,
    -0.8553723949536146,
    -1.1148372416112438,
    -1.5964029555127073,
    -2.3212161479233804,
    -3.3141835403473294,
    -4.603886897394851,
    -6.21739571224849,
    -8.17473265181258
  ],
  "omega_max": [
    1.1003665377788535e-12,
    -9.463913281305494e-13,
    3.963126502622777e-13,
    1.8624541377542346e-13,
    -1.896116531924042e-13,
    4.01521522703117e-14,
    -9.993233162010562e-13,
    3.664153568553454e-13,
    1.1486388899486637e-13,
    1.310483595349436e-12,
    -1.9218073203867778e-13,
    4.595115685574181e-13,
    7.824234539291051e-13,
    -0.03183766841140237,
    0.010591802665728879,
    4.042471906614853e-13,
    -4.55603155817466e-15,
    1.2662636461888992e-13,
    -2.1313193961342287e-13,
    -7.538032946514662e-14,
    -5.899870646743487e-14,
    8.345651420619175e-14,
    -5.1868590720890815,
    5.27413757256217,
    -5.357083963057479,
    -5.430377083936655,
    5.487730333796684,
    5.52197255687479,
    -5.525217100991999,
    5.489206667723145,
    -5.40602700599075,
    -5.269816389680061,
    -5.082053598324725,
    4.615207512420041e-12,
    3.211567702726491e-12,
    -1.023539246679851e-11,
    3.6234371825084486e-12,
    2.1604060621666558e-11,
    1.1777410000892746e-11,
    2.1213413621107074e-11,
    -7.174826409191617,
    -7.919920913077161,
    -8.824878484328023,
    9.86913097060988,
    11.03771392897115,
    -12.33281340773895,
    -13.770820244604616,
    15.379761515524075,
    17.1961353987607,
    -19.254128398005403
  ],
  "params": {
    "alpha": -39.0,
    "dT": 0.1,
    "dR": 1.0
  },
  "metadata": {
    "shear_max": 5.321251790342744,
    "vel_net": 2.836619827917275e-13,
    "resolution": {
      "H": 25,
      "M": 65,
      "Nz": 129,
      "Nth": 128
    },
    "timestamp": "2026-04-15T19:00:37.932318"
  }
}