{
  "k": [
    0.1,
    0.10985411419875583,
    0.12067926406393285,
    0.13257113655901093,
    0.14563484775012436,
    0.15998587196060582,
    0.1757510624854792,
    0.193069772888325,
    0.21209508879201905,
    0.2329951810515372,
    0.2559547922699536,
    0.281176869797423,
    0.3088843596477481,
    0.3393221771895328,
    0.372759372031494,
    0.4094915062380424,
    0.44984326689694454,
    0.49417133613238345,
    0.5428675439323859,
    0.5963623316594643,
    0.6551285568595507,
    0.7196856730011519,
    0.7906043210907697,
    0.8685113737513525,
    0.9540954763499939,
    1.0481131341546859,
    1.151395399326447,
    1.2648552168552958,
    1.3894954943731375,
    1.5264179671752334,
    1.6768329368110073,
    1.8420699693267153,
    2.0235896477251565,
    2.2229964825261943,
    2.442053094548651,
    2.6826957952797246,
    2.9470517025518097,
    3.2374575428176433,
    3.5564803062231283,
    3.9069399370546147,
    4.291934260128776,
    4.714866363457392,
    5.17947467923121,
    5.689866029018296,
    6.250551925273969,
    6.866488450042998,
    7.543120063354615,
    8.286427728546842,
    9.102981779915218,
    10.0
  ],
  "gamma_max": [
    -1.4424585719018401,
    -1.4442349852895542,
    -1.4463824856271752,
    -1.4489795192152035,
    -1.452121532004981,
    -1.4559248340856643,
    -1.4605314131250406,
    -1.466114948789343,
    -1.4728883409657947,
    -1.4811131227909584,
    -1.4911111504461805,
    -1.5032788626611462,
    -1.5181039805535321,
    -1.5361833163614078,
    -1.5582374195039963,
    -1.5851113985873202,
    -1.6177395889959347,
    -1.5463794603634673,
    -1.4590715540174313,
    -1.369778773917649,
    -1.2796215175432621,
    -1.1900209582886543,
    -1.1027411170005874,
    -1.0199330801093864,
    -0.9441803778005989,
    -0.8785442848111731,
    -0.8266083690782522,
    -0.7925239191481177,
    -0.7810629832062892,
    -0.7976942580582412,
    -0.8487079060147495,
    -0.9234617203887386,
    -0.7923726930999696,
    -0.7168442169380427,
    -0.7217157522680123,
    -0.8349902893227855,
    -1.0868851101054027,
    -1.5099167125169632,
    -2.1401778417031276,
    -3.020160107709399,
    -4.204168261878446,
    -5.7699903889111255,
    -7.8498616435285395,
    -10.249223804658206,
    -12.683204420809414,
    -15.693888937797952,
    -19.125609679072284,
    -23.172692357500924,
    -28.062706774102836,
    -33.9662836606214
  ],
  "omega_max": [
    0.07272859057442188,
    0.07999831291246523,
    0.08801868496714145,
    0.0968752959346368,
    0.1066662264494018,
    0.11750477258282094,
    0.1295230260245465,
    0.14287666042819702,
    0.15775142459088265,
    0.17437210869037476,
    0.1930151244002483,
    0.2140264517071343,
    0.23784761677051083,
    0.26505365245788376,
    0.2964084284012619,
    0.33294297524579847,
    0.3760568199380251,
    4.782634318173386,
    4.887587384930144,
    5.002180693019405,
    5.12687323927296,
    5.262080357284738,
    5.408189749374858,
    5.565593800189937,
    5.734739033386307,
    5.91618930607008,
    6.110692882181771,
    6.319235381358553,
    6.543052252913285,
    6.7835684631495825,
    7.042232766431709,
    6.231247134508098,
    6.555465439044324,
    6.928390999421493,
    7.358336620884489,
    7.8523931045568105,
    8.417049067198766,
    9.058972392300886,
    9.78586827094292,
    10.607703001666248,
    11.539228206995386,
    12.607744562405832,
    13.894216978407359,
    12.184988234737245,
    12.953346358650192,
    13.799885631855634,
    22.96957683235057,
    25.59079981362898,
    28.431296487484843,
    31.53180156325212
  ],
  "params": {
    "alpha": -32.0,
    "dT": 0.3333333333333333,
    "dR": 1.0
  },
  "metadata": {
    "shear_max": 4.261727533966443,
    "vel_net": 1.7963353125827433,
    "resolution": {
      "H": 25,
      "M": 65,
      "Nz": 129,
      "Nth": 128
    },
    "timestamp": "2026-04-14T00:54:05.223567"
  }
}