{
  "k": [
    0.1,
    0.10985411419875583,
    0.12067926406393285,
    0.13257113655901093,
    0.14563484775012436,
    0.15998587196060582,
    0.1757510624854792,
    0.193069772888325,
    0.21209508879201905,
    0.2329951810515372,
    0.2559547922699536,
    0.281176869797423,
    0.3088843596477481,
    0.3393221771895328,
    0.372759372031494,
    0.4094915062380424,
    0.44984326689694454,
    0.49417133613238345,
    0.5428675439323859,
    0.5963623316594643,
    0.6551285568595507,
    0.7196856730011519,
    0.7906043210907697,
    0.8685113737513525,
    0.9540954763499939,
    1.0481131341546859,
    1.151395399326447,
    1.2648552168552958,
    1.3894954943731375,
    1.5264179671752334,
    1.6768329368110073,
    1.8420699693267153,
    2.0235896477251565,
    2.2229964825261943,
    2.442053094548651,
    2.6826957952797246,
    2.9470517025518097,
    3.2374575428176433,
    3.5564803062231283,
    3.9069399370546147,
    4.291934260128776,
    4.714866363457392,
    5.17947467923121,
    5.689866029018296,
    6.250551925273969,
    6.866488450042998,
    7.543120063354615,
    8.286427728546842,
    9.102981779915218,
    10.0
  ],
  "gamma_max": [
    -2.059184393932555,
    -2.0581347096008247,
    -2.057215045631448,
    -2.056486806312031,
    -2.05602762238817,
    -2.0559351023967904,
    -2.056331414332233,
    -2.0573688783093695,
    -2.059236788373954,
    -2.0127646175474907,
    -1.948622102560136,
    -1.8807732878717294,
    -1.8094579058229006,
    -1.7350665339020657,
    -1.6581761814865001,
    -1.5795905907635095,
    -1.500385156885616,
    -1.4219562617197654,
    -1.346074757473988,
    -1.2749433597569633,
    -1.2112578367159956,
    -1.1582721361684034,
    -1.1198679994096825,
    -1.100630207854042,
    -1.1059294528655232,
    -1.1420159953165308,
    -1.2161288996322204,
    -1.3366278257206445,
    -1.5131573485341454,
    -1.7568579751070954,
    -2.080644465383118,
    -2.169533620209903,
    -2.197836159295579,
    -2.3550261266321435,
    -2.6837029475552865,
    -3.232124456872714,
    -4.053233621141129,
    -5.204772275278133,
    -6.750647219288342,
    -8.763520821272367,
    -11.328488938776493,
    -14.54772647270677,
    -18.54619817834908,
    -23.479063361985418,
    -29.542735444967157,
    -36.99604678035829,
    -46.21756145200597,
    -57.53440142095703,
    -69.87020696393772,
    -84.45963058000592
  ],
  "omega_max": [
    0.9555364357515965,
    0.9716455878642759,
    0.9894397313953512,
    1.0091027348411916,
    1.030839407520227,
    1.0548778265116197,
    1.0814718283443558,
    1.1109036266508097,
    1.1434864874409114,
    4.888549886398005,
    4.9492830775607155,
    5.016422165168745,
    5.0905572550194105,
    5.1722928501425525,
    5.262234338465852,
    5.360971169500963,
    5.469057389864432,
    5.586991012027597,
    5.715194721683566,
    5.8540016365971805,
    6.003651051149518,
    6.164300087460025,
    6.336057503274978,
    6.519045064414579,
    6.713489293467,
    6.919841640932594,
    7.138918172287829,
    7.3720413546233265,
    7.62115777018483,
    7.888898236101561,
    8.17854218507038,
    7.40789958790805,
    7.7229836007714505,
    8.085974587935516,
    8.505941224800655,
    8.991131377481942,
    9.549198813121956,
    10.187624595921037,
    10.9141519845506,
    11.737238599974342,
    12.666581437887784,
    13.713790252695041,
    14.89334947725062,
    16.224231892263337,
    17.733361670457008,
    19.46619687019969,
    21.543227784621536,
    24.66992426737063,
    19.460615418768015,
    32.40236875828928
  ],
  "params": {
    "alpha": -39.0,
    "dT": 0.8333333333333334,
    "dR": 1.0
  },
  "metadata": {
    "shear_max": 4.928634111234507,
    "vel_net": 2.0363413120132936,
    "resolution": {
      "H": 25,
      "M": 65,
      "Nz": 129,
      "Nth": 128
    },
    "timestamp": "2026-04-13T17:17:42.874699"
  }
}