{
  "k": [
    0.1,
    0.10985411419875583,
    0.12067926406393285,
    0.13257113655901093,
    0.14563484775012436,
    0.15998587196060582,
    0.1757510624854792,
    0.193069772888325,
    0.21209508879201905,
    0.2329951810515372,
    0.2559547922699536,
    0.281176869797423,
    0.3088843596477481,
    0.3393221771895328,
    0.372759372031494,
    0.4094915062380424,
    0.44984326689694454,
    0.49417133613238345,
    0.5428675439323859,
    0.5963623316594643,
    0.6551285568595507,
    0.7196856730011519,
    0.7906043210907697,
    0.8685113737513525,
    0.9540954763499939,
    1.0481131341546859,
    1.151395399326447,
    1.2648552168552958,
    1.3894954943731375,
    1.5264179671752334,
    1.6768329368110073,
    1.8420699693267153,
    2.0235896477251565,
    2.2229964825261943,
    2.442053094548651,
    2.6826957952797246,
    2.9470517025518097,
    3.2374575428176433,
    3.5564803062231283,
    3.9069399370546147,
    4.291934260128776,
    4.714866363457392,
    5.17947467923121,
    5.689866029018296,
    6.250551925273969,
    6.866488450042998,
    7.543120063354615,
    8.286427728546842,
    9.102981779915218,
    10.0
  ],
  "gamma_max": [
    -2.4563548953440675,
    -2.4532205274894965,
    -2.4499948594893834,
    -2.446716133148819,
    -2.4434368507003286,
    -2.4402275700056717,
    -2.4371816266766637,
    -2.4344209989106917,
    -2.4321035757402196,
    -2.4304321396613955,
    -2.429665429079351,
    -2.3852727923360275,
    -2.306131160402637,
    -2.222272419955489,
    -2.1339637723625713,
    -2.041658990538874,
    -1.9460444776353818,
    -1.8480916329449715,
    -1.7491152422295293,
    -1.6508373547674997,
    -1.555455918380731,
    -1.4657173475662404,
    -1.384992206986818,
    -1.3173532907295704,
    -1.2676556153791656,
    -1.241618478844406,
    -1.2459114528338635,
    -1.288250349079293,
    -1.3775179522694032,
    -1.5239401109720103,
    -1.3429461030583176,
    -1.032460835494383,
    -0.79330190837297,
    -0.6689228408354048,
    -0.7105053082322865,
    -0.9750952934883683,
    -1.524362075596659,
    -2.424170848582866,
    -3.7453945057981683,
    -5.566219796590399,
    -7.9758250593674065,
    -11.079006812796903,
    -15.001129105231934,
    -19.892359233421537,
    -25.92896337727332,
    -33.30781093460064,
    -42.236583310723695,
    -52.95285454965738,
    -65.79433873889309,
    -81.18272117591343
  ],
  "omega_max": [
    1.5479174720468882,
    1.572619734177633,
    1.5998406210337837,
    1.6298432200606463,
    1.6629188132819703,
    1.6993898672590875,
    1.7396132781441016,
    1.7839838613784,
    1.8329380568026368,
    1.8869577933227923,
    1.9465744172794097,
    6.947694476009824,
    7.040888769957585,
    7.143767495598451,
    7.257241306422796,
    7.38226080645405,
    7.519803690868872,
    7.670859016454639,
    7.836410081653999,
    8.017418645451754,
    8.214814648212569,
    8.429496925598782,
    8.6623510899234,
    8.914290006908269,
    9.18631916547545,
    9.47962280070257,
    9.795656426182688,
    10.136217966071804,
    10.50345515881555,
    10.899755833731328,
    9.498913918846016,
    9.89404370609265,
    10.357294555402692,
    10.89980336798312,
    11.530898127712481,
    12.258882781746264,
    13.091803276796048,
    14.038087627972411,
    15.107221360767788,
    16.310586300753748,
    17.662588808024566,
    19.18229726546693,
    20.895968934090156,
    22.8409676702894,
    25.07104206713552,
    27.65921930175811,
    30.684635335794678,
    34.19784714081862,
    38.23350791294493,
    42.93436842922633
  ],
  "params": {
    "alpha": -50.0,
    "dT": 0.8333333333333334,
    "dR": 1.0
  },
  "metadata": {
    "shear_max": 6.887089349596979,
    "vel_net": 2.891888335721004,
    "resolution": {
      "H": 25,
      "M": 65,
      "Nz": 129,
      "Nth": 128
    },
    "timestamp": "2026-04-16T08:25:50.742520"
  }
}