{
  "k": [
    0.1,
    0.10985411419875583,
    0.12067926406393285,
    0.13257113655901093,
    0.14563484775012436,
    0.15998587196060582,
    0.1757510624854792,
    0.193069772888325,
    0.21209508879201905,
    0.2329951810515372,
    0.2559547922699536,
    0.281176869797423,
    0.3088843596477481,
    0.3393221771895328,
    0.372759372031494,
    0.4094915062380424,
    0.44984326689694454,
    0.49417133613238345,
    0.5428675439323859,
    0.5963623316594643,
    0.6551285568595507,
    0.7196856730011519,
    0.7906043210907697,
    0.8685113737513525,
    0.9540954763499939,
    1.0481131341546859,
    1.151395399326447,
    1.2648552168552958,
    1.3894954943731375,
    1.5264179671752334,
    1.6768329368110073,
    1.8420699693267153,
    2.0235896477251565,
    2.2229964825261943,
    2.442053094548651,
    2.6826957952797246,
    2.9470517025518097,
    3.2374575428176433,
    3.5564803062231283,
    3.9069399370546147,
    4.291934260128776,
    4.714866363457392,
    5.17947467923121,
    5.689866029018296,
    6.250551925273969,
    6.866488450042998,
    7.543120063354615,
    8.286427728546842,
    9.102981779915218,
    10.0
  ],
  "gamma_max": [
    1.5126030636099117,
    1.5104790792191356,
    1.5079172448695966,
    1.5048276352296939,
    1.501102005337264,
    1.4966101235524505,
    1.4911953983436934,
    1.4846696739876215,
    1.4768070523867547,
    1.467336579598167,
    1.4559336145270643,
    1.442209675991276,
    1.4257005399459235,
    1.4058523289459153,
    1.3820052961595222,
    1.3533749459516422,
    1.3190300336402436,
    1.277866822096604,
    1.228578698025244,
    1.1696198073871467,
    1.0991606791583808,
    1.015032775429273,
    0.9146574144662262,
    0.794952403985415,
    0.6522066906578285,
    0.4819086763595256,
    0.27850571241371097,
    0.03505561756066633,
    -0.2573087629656461,
    -0.6102918138749003,
    -1.040287749653309,
    -1.5734364359692181,
    -2.270487694920135,
    -3.1978223600219597,
    -3.8869453739269257,
    -4.699738887577924,
    -5.607293316599648,
    -6.737137204888278,
    -8.131623051670939,
    -9.841313476596962,
    -11.927080099041488,
    -14.462558015788858,
    -17.536990836493658,
    -21.258547026087403,
    -25.758228623621324,
    -31.19452611299506,
    -37.75900222515296,
    -45.68301863123772,
    -55.24585774599515,
    -66.78453962917074
  ],
  "omega_max": [
    1.2489765810871388e-13,
    -7.560527517901038e-14,
    8.517693915812919e-14,
    -2.386329976420435e-13,
    1.5822068280920997e-14,
    -3.479224858785092e-13,
    2.229843676866513e-14,
    -3.532098647202145e-13,
    1.0883046123018586e-13,
    1.4647545161003067e-13,
    9.618524106320949e-14,
    8.56855628185535e-14,
    3.9543321178561053e-16,
    -3.1158013057579426e-14,
    -7.005603890326149e-14,
    -1.64296121222345e-13,
    1.323245665965319e-13,
    5.286062101813053e-14,
    -7.773761566604571e-14,
    -7.36736005863948e-14,
    1.5349085842911196e-14,
    5.363848942870558e-14,
    -8.580232311292817e-14,
    -2.566884768746444e-14,
    -1.0777381502815633e-13,
    2.2595475373910527e-14,
    -1.4248982749735792e-14,
    1.8712917147164954e-15,
    3.207210890476523e-14,
    -2.3479947984928375e-14,
    -1.7308732373729152e-13,
    2.3764835682212273e-13,
    1.4179541827998558e-13,
    0.3400199927774496,
    -0.6339379628501659,
    -0.5818610089392453,
    -0.7114372550527254,
    -0.8870802332019836,
    -1.0985881344715756,
    1.339234387236929,
    1.6055313399955597,
    -1.8963731076991017,
    -2.212371799901315,
    2.555418494484787,
    2.9284034776901766,
    -3.3350479902960273,
    -3.779816409585587,
    -4.267885425515697,
    -4.805151302107217,
    5.398262287768407
  ],
  "params": {
    "alpha": -29.0,
    "dT": 0.6666666666666666,
    "dR": 1.0
  },
  "metadata": {
    "shear_max": 8.054102363171972e-09,
    "vel_net": 5.845948239303763e-15,
    "resolution": {
      "H": 25,
      "M": 65,
      "Nz": 129,
      "Nth": 128
    },
    "timestamp": "2026-04-13T13:13:34.937929"
  }
}