{
  "k": [
    0.1,
    0.10985411419875583,
    0.12067926406393285,
    0.13257113655901093,
    0.14563484775012436,
    0.15998587196060582,
    0.1757510624854792,
    0.193069772888325,
    0.21209508879201905,
    0.2329951810515372,
    0.2559547922699536,
    0.281176869797423,
    0.3088843596477481,
    0.3393221771895328,
    0.372759372031494,
    0.4094915062380424,
    0.44984326689694454,
    0.49417133613238345,
    0.5428675439323859,
    0.5963623316594643,
    0.6551285568595507,
    0.7196856730011519,
    0.7906043210907697,
    0.8685113737513525,
    0.9540954763499939,
    1.0481131341546859,
    1.151395399326447,
    1.2648552168552958,
    1.3894954943731375,
    1.5264179671752334,
    1.6768329368110073,
    1.8420699693267153,
    2.0235896477251565,
    2.2229964825261943,
    2.442053094548651,
    2.6826957952797246,
    2.9470517025518097,
    3.2374575428176433,
    3.5564803062231283,
    3.9069399370546147,
    4.291934260128776,
    4.714866363457392,
    5.17947467923121,
    5.689866029018296,
    6.250551925273969,
    6.866488450042998,
    7.543120063354615,
    8.286427728546842,
    9.102981779915218,
    10.0
  ],
  "gamma_max": [
    -1.420610257151132,
    -1.422355611165871,
    -1.4244647703084903,
    -1.4270143030168658,
    -1.4300972352468821,
    -1.4338267455145657,
    -1.4383407589401394,
    -1.4438076841901877,
    -1.4504336080022355,
    -1.4584713431217695,
    -1.4682318075850411,
    -1.4800982489684509,
    -1.4945437064225708,
    -1.5121515396442144,
    -1.5336371971509875,
    -1.559865259840042,
    -1.5918467270119243,
    -1.568146764764812,
    -1.4791218013990053,
    -1.3877924761241476,
    -1.2952444391679803,
    -1.2028651327370035,
    -1.1123866686031882,
    -1.025930930976789,
    -0.9460559584909495,
    -0.8758023713474153,
    -0.8187391782426854,
    -0.7790106791563627,
    -0.7613914701629467,
    -0.7713652257833931,
    -0.8152534907040934,
    -0.8883439102853239,
    -0.7439149029504124,
    -0.6544327434364254,
    -0.6453773736722883,
    -0.7452730723758081,
    -0.9847508758630686,
    -1.3966676501242594,
    -2.017387334108992,
    -2.8895697523649084,
    -4.067471174020561,
    -5.628270612730824,
    -7.703426283180301,
    -10.109936099056524,
    -12.545754515351273,
    -15.56208161528339,
    -19.05135423397942,
    -23.101739943510747,
    -27.99579377953111,
    -33.90360783976641
  ],
  "omega_max": [
    -0.07587905795874163,
    -0.08344399010300739,
    -0.09178362282494824,
    -0.10098422436673671,
    -0.11114403890354453,
    -0.12237574257908639,
    -0.1348096508284098,
    -0.14859795694426733,
    -0.16392044430094327,
    -0.1809922894916161,
    -0.20007492286389109,
    -0.22149138107783647,
    -0.24564838971111191,
    -0.2730685864400747,
    -0.3044379647800545,
    -0.3406754077406471,
    -0.38303089754886005,
    -4.906379581722107,
    -5.0127808186346625,
    -5.129046890809043,
    -5.255670408283161,
    -5.393099062523363,
    -5.541749326330392,
    -5.702036156950503,
    -5.874419614742188,
    -6.05946498886369,
    -6.257906451925582,
    -6.470696015542748,
    -6.69901121540742,
    -6.944189277736882,
    -7.2075559169138375,
    -6.339029606516698,
    -6.669512056704112,
    -7.050759005992079,
    -7.490989146778516,
    -7.997074299298749,
    -8.575296326024342,
    -9.232175766125469,
    -9.975328905530478,
    -10.81465795403833,
    -11.764732778299638,
    -12.851806284114712,
    -14.149255361198449,
    -12.40889790849122,
    -13.185654081377079,
    -14.04150930628768,
    -23.414494883264176,
    -26.09336904796586,
    -28.996415225950752,
    -32.165388020406326
  ],
  "params": {
    "alpha": -32.5,
    "dT": 0.3333333333333333,
    "dR": 1.0
  },
  "metadata": {
    "shear_max": 4.35115432090787,
    "vel_net": 1.8394422762855644,
    "resolution": {
      "H": 20,
      "M": 49,
      "Nz": 97,
      "Nth": 96
    },
    "timestamp": "2026-02-14T03:03:26.469915"
  }
}