{
  "k": [
    0.1,
    0.10985411419875583,
    0.12067926406393285,
    0.13257113655901093,
    0.14563484775012436,
    0.15998587196060582,
    0.1757510624854792,
    0.193069772888325,
    0.21209508879201905,
    0.2329951810515372,
    0.2559547922699536,
    0.281176869797423,
    0.3088843596477481,
    0.3393221771895328,
    0.372759372031494,
    0.4094915062380424,
    0.44984326689694454,
    0.49417133613238345,
    0.5428675439323859,
    0.5963623316594643,
    0.6551285568595507,
    0.7196856730011519,
    0.7906043210907697,
    0.8685113737513525,
    0.9540954763499939,
    1.0481131341546859,
    1.151395399326447,
    1.2648552168552958,
    1.3894954943731375,
    1.5264179671752334,
    1.6768329368110073,
    1.8420699693267153,
    2.0235896477251565,
    2.2229964825261943,
    2.442053094548651,
    2.6826957952797246,
    2.9470517025518097,
    3.2374575428176433,
    3.5564803062231283,
    3.9069399370546147,
    4.291934260128776,
    4.714866363457392,
    5.17947467923121,
    5.689866029018296,
    6.250551925273969,
    6.866488450042998,
    7.543120063354615,
    8.286427728546842,
    9.102981779915218,
    10.0
  ],
  "gamma_max": [
    0.15662285295351322,
    0.14207549738783573,
    0.12452407601143063,
    0.10334887715198365,
    0.07780202702269429,
    0.046979904621941806,
    0.009787675778632085,
    -0.03510950168784285,
    -0.0893623457787828,
    -0.1550803519675874,
    -0.2351794266004403,
    -0.3345545853722725,
    -0.4671298743372663,
    -0.6363627474537562,
    -0.7025629427106536,
    -0.7789074976799266,
    -0.8665402110717685,
    -0.9679529201436048,
    -0.7940612280463565,
    -0.5956045525155074,
    -0.39528881490216067,
    -0.19617203222320365,
    -0.001094026988665179,
    0.18718645653161986,
    0.36572678182100293,
    0.5310436912238864,
    0.6786630172502282,
    0.8025408852855813,
    0.894301192193876,
    0.9422241115466561,
    0.9299138561325819,
    0.8345791562895015,
    0.6250513262186319,
    0.2613549803399445,
    -0.19961815700012173,
    0.2083418577653298,
    0.45581584866586217,
    0.26299873556706876,
    -0.5734966797960541,
    -2.3341409035959706,
    -3.0657512182347646,
    -3.2494884523033987,
    -3.819790432858472,
    -4.794769346168048,
    -6.195240724534031,
    -8.06568414779792,
    -10.471718498912194,
    -13.499156744491923,
    -17.255450775269576,
    -21.872644821925533
  ],
  "omega_max": [
    1.4147870178916955e-12,
    -4.965696188807025e-13,
    -1.3890744820357931e-12,
    9.337236326002573e-13,
    -2.1168663984798015e-13,
    2.1530352661532747e-12,
    -3.382679962332645e-12,
    -2.540950413343119e-13,
    5.948918920917845e-13,
    -3.0917591052962432e-12,
    2.7360766697324326e-12,
    -1.7250547657506535e-12,
    -6.25007126790664e-13,
    0.10416575137216828,
    0.16973227702500623,
    0.19289973312078187,
    0.17557216091553499,
    -0.04989817575487432,
    -5.204388025056772,
    5.307772355893151,
    5.4230178928058335,
    5.546866004804722,
    5.675069930333701,
    5.80253148592725,
    -5.923357886317938,
    6.030857692098575,
    6.117527356200812,
    6.175093868629385,
    6.194690393747379,
    -6.167262567728637,
    -6.084353425010048,
    -5.939574072209178,
    -5.7316386552877026,
    -5.471719833403124,
    7.545618126007531e-11,
    4.115256313680391e-11,
    4.139629582411837e-12,
    -2.202684377067852e-11,
    -4.793326728195719e-13,
    4.720353852447739e-12,
    -6.490094004105269,
    -7.402368555854268,
    -8.460420813230082,
    -9.600507869260962,
    -10.816094717170273,
    -12.11884149150006,
    -13.527932706781048,
    15.067695600706642,
    16.76774011280247,
    -18.665191792979083
  ],
  "params": {
    "alpha": -46.0,
    "dT": 0.25,
    "dR": 1.0
  },
  "metadata": {
    "shear_max": 5.714493709634443,
    "vel_net": 5.384581669432009e-14,
    "resolution": {
      "H": 25,
      "M": 65,
      "Nz": 129,
      "Nth": 128
    },
    "timestamp": "2026-04-15T21:18:22.073433"
  }
}