{
  "k": [
    0.1,
    0.10985411419875583,
    0.12067926406393285,
    0.13257113655901093,
    0.14563484775012436,
    0.15998587196060582,
    0.1757510624854792,
    0.193069772888325,
    0.21209508879201905,
    0.2329951810515372,
    0.2559547922699536,
    0.281176869797423,
    0.3088843596477481,
    0.3393221771895328,
    0.372759372031494,
    0.4094915062380424,
    0.44984326689694454,
    0.49417133613238345,
    0.5428675439323859,
    0.5963623316594643,
    0.6551285568595507,
    0.7196856730011519,
    0.7906043210907697,
    0.8685113737513525,
    0.9540954763499939,
    1.0481131341546859,
    1.151395399326447,
    1.2648552168552958,
    1.3894954943731375,
    1.5264179671752334,
    1.6768329368110073,
    1.8420699693267153,
    2.0235896477251565,
    2.2229964825261943,
    2.442053094548651,
    2.6826957952797246,
    2.9470517025518097,
    3.2374575428176433,
    3.5564803062231283,
    3.9069399370546147,
    4.291934260128776,
    4.714866363457392,
    5.17947467923121,
    5.689866029018296,
    6.250551925273969,
    6.866488450042998,
    7.543120063354615,
    8.286427728546842,
    9.102981779915218,
    10.0
  ],
  "gamma_max": [
    0.131879367063241,
    0.12023021693158682,
    0.10615021661673747,
    0.08912634079217001,
    0.0685341238445112,
    0.04361112646794168,
    0.013421538382475433,
    -0.02319478766342345,
    -0.06770646526561284,
    -0.12206321825232683,
    -0.1891758716293372,
    -0.2749865509035538,
    -0.43196874479262237,
    -0.4786587726154336,
    -0.5328891449311711,
    -0.5951774794890702,
    -0.6663544030888986,
    -0.5898039972859529,
    -0.5603010254780785,
    -0.4370866660083068,
    -0.2930833919583992,
    -0.1523001397642483,
    -0.01655905990923373,
    0.11240109137077775,
    0.232688223478385,
    0.34201968676078953,
    0.4374801751083189,
    0.5152564064070942,
    0.5703381959725865,
    0.5962068563911265,
    0.5846024195477788,
    0.5256103982800132,
    0.40859888480864964,
    0.22487690274021715,
    0.010973626092315288,
    0.07320214204379548,
    0.039813775305015474,
    -0.16909592814272045,
    -0.6195805797765017,
    -1.3602045975214887,
    -1.6991006366209402,
    -1.9324958840606028,
    -2.3038817417864133,
    -2.8448886372091096,
    -3.584656136678638,
    -4.555062307060087,
    -5.793992808953272,
    -7.3474417757393,
    -9.270852490349338,
    -11.629233081933606
  ],
  "omega_max": [
    7.991486739101736e-12,
    -2.791335365814422e-12,
    1.205021335937363e-14,
    5.591874039165452e-13,
    2.826419540631895e-12,
    4.830221590488414e-13,
    -5.662889050435554e-12,
    1.0550495323425076e-12,
    2.5224375477132533e-13,
    -6.027487806711497e-12,
    -4.605304391519203e-12,
    1.314298671844339e-12,
    -0.019856644196193617,
    0.10961413718029746,
    -0.13707409110443464,
    0.1329847503698146,
    0.06962079965368961,
    6.603302786340754e-13,
    -2.4675183485521963e-13,
    -3.502006740216948,
    3.5959798253046085,
    3.6957527954548195,
    3.7981128535918187,
    -3.8995201023931303,
    -3.996132586888808,
    -4.08378887440773,
    4.158006036849819,
    4.214044941560986,
    -4.247096755905649,
    -4.2526595828337745,
    -4.2272099280415425,
    -4.1693608816436285,
    4.081921727700807,
    -3.9757089134075687,
    -2.702329896239739e-12,
    8.008608055291946e-13,
    4.541069692236777e-12,
    6.100519859983294e-12,
    -2.753578948840918e-13,
    7.126227802938863e-12,
    5.952016512462222,
    -6.641049612767557,
    7.407286538512289,
    8.254579967573466,
    9.186455333206446,
    10.209474807774077,
    11.334054140387472,
    12.574905626979247,
    13.95194870977961,
    -15.491822941832389
  ],
  "params": {
    "alpha": -34.0,
    "dT": 0.125,
    "dR": 1.0
  },
  "metadata": {
    "shear_max": 3.982396162966262,
    "vel_net": 3.900213485508175e-13,
    "resolution": {
      "H": 25,
      "M": 65,
      "Nz": 129,
      "Nth": 128
    },
    "timestamp": "2026-04-13T21:55:01.384288"
  }
}