{
  "k": [
    0.1,
    0.10985411419875583,
    0.12067926406393285,
    0.13257113655901093,
    0.14563484775012436,
    0.15998587196060582,
    0.1757510624854792,
    0.193069772888325,
    0.21209508879201905,
    0.2329951810515372,
    0.2559547922699536,
    0.281176869797423,
    0.3088843596477481,
    0.3393221771895328,
    0.372759372031494,
    0.4094915062380424,
    0.44984326689694454,
    0.49417133613238345,
    0.5428675439323859,
    0.5963623316594643,
    0.6551285568595507,
    0.7196856730011519,
    0.7906043210907697,
    0.8685113737513525,
    0.9540954763499939,
    1.0481131341546859,
    1.151395399326447,
    1.2648552168552958,
    1.3894954943731375,
    1.5264179671752334,
    1.6768329368110073,
    1.8420699693267153,
    2.0235896477251565,
    2.2229964825261943,
    2.442053094548651,
    2.6826957952797246,
    2.9470517025518097,
    3.2374575428176433,
    3.5564803062231283,
    3.9069399370546147,
    4.291934260128776,
    4.714866363457392,
    5.17947467923121,
    5.689866029018296,
    6.250551925273969,
    6.866488450042998,
    7.543120063354615,
    8.286427728546842,
    9.102981779915218,
    10.0
  ],
  "gamma_max": [
    -1.009723750499707,
    -1.0117351161479564,
    -1.0141626771866494,
    -1.0170926195729224,
    -1.0206290075248254,
    -1.024897506740735,
    -1.0300498900377963,
    -1.0362694933414978,
    -1.0437778278196639,
    -1.0506967987256735,
    -1.0586237552098998,
    -1.0682419208843195,
    -1.0799218808779307,
    -1.0941185023986455,
    -1.1113907180473028,
    -1.1324258601735318,
    -1.158069427361966,
    -1.1893612473043018,
    -1.2275790692715292,
    -1.2742906862874956,
    -1.3314157775866797,
    -1.4012988265512356,
    -1.4867947737139686,
    -1.5913695819145384,
    -1.7192186848587345,
    -1.875407384490565,
    -2.0660386388554093,
    -2.2984552671377507,
    -2.581485301759255,
    -2.92574096607057,
    -3.343983548873249,
    -3.8515683890987935,
    -4.466986487745291,
    -5.212522212807422,
    -6.115050431985162,
    -7.207001355991578,
    -8.527527327588452,
    -10.06504104066472,
    -11.943187998920644,
    -14.236558538096446,
    -17.026909405082076,
    -20.4130202178025,
    -24.51441458590526,
    -29.4757266212107,
    -35.47187310603888,
    -42.714232637034954,
    -51.458073315621235,
    -62.01151500827978,
    -74.74636446259656,
    -90.11122323999334
  ],
  "omega_max": [
    2.3607530184647404e-16,
    7.901862329433282e-16,
    7.619406306117088e-16,
    1.2878304963875487e-15,
    -1.6781334020839207e-15,
    -2.4325112921088977e-15,
    3.414069822989049e-16,
    2.3629695728517037e-15,
    2.2765270984885506e-16,
    -0.13738035519721375,
    0.1510018130821107,
    0.16583587729350624,
    0.18198158006806955,
    -0.19954253975143213,
    -0.21862721018012807,
    -0.23934950839017616,
    -0.2618300415192562,
    0.2861981847408263,
    -0.3125952568939567,
    0.3411789773697557,
    0.37212925048572104,
    -0.4056551133577971,
    0.4420024313846441,
    0.4814616966353773,
    -0.5243751694958452,
    -0.5711426876386868,
    0.6222257894135643,
    0.6781503175300964,
    0.739508252075472,
    -0.8069599833674652,
    0.8812384041415108,
    0.9631559894927314,
    1.0536154731526535,
    1.153623964522562,
    -1.2643096176090183,
    1.386939565383033,
    -1.5229381061559424,
    -1.5791892713998144,
    -1.7422104280880444,
    -1.927181503935098,
    -2.1362542092256005,
    -2.371469639978117,
    2.635103331548003,
    2.9298847726245523,
    3.259122189102934,
    3.62676964468491,
    -4.037463960402602,
    -4.496547570145501,
    5.0100872006216,
    5.58489871129342
  ],
  "params": {
    "alpha": -21.0,
    "dT": 0.8888888888888888,
    "dR": 1.0
  },
  "metadata": {
    "shear_max": 2.4797511730516797e-09,
    "vel_net": 1.0339757656912846e-25,
    "resolution": {
      "H": 25,
      "M": 65,
      "Nz": 129,
      "Nth": 128
    },
    "timestamp": "2026-04-13T11:46:41.555537"
  }
}