{
  "k": [
    0.1,
    0.10985411419875583,
    0.12067926406393285,
    0.13257113655901093,
    0.14563484775012436,
    0.15998587196060582,
    0.1757510624854792,
    0.193069772888325,
    0.21209508879201905,
    0.2329951810515372,
    0.2559547922699536,
    0.281176869797423,
    0.3088843596477481,
    0.3393221771895328,
    0.372759372031494,
    0.4094915062380424,
    0.44984326689694454,
    0.49417133613238345,
    0.5428675439323859,
    0.5963623316594643,
    0.6551285568595507,
    0.7196856730011519,
    0.7906043210907697,
    0.8685113737513525,
    0.9540954763499939,
    1.0481131341546859,
    1.151395399326447,
    1.2648552168552958,
    1.3894954943731375,
    1.5264179671752334,
    1.6768329368110073,
    1.8420699693267153,
    2.0235896477251565,
    2.2229964825261943,
    2.442053094548651,
    2.6826957952797246,
    2.9470517025518097,
    3.2374575428176433,
    3.5564803062231283,
    3.9069399370546147,
    4.291934260128776,
    4.714866363457392,
    5.17947467923121,
    5.689866029018296,
    6.250551925273969,
    6.866488450042998,
    7.543120063354615,
    8.286427728546842,
    9.102981779915218,
    10.0
  ],
  "gamma_max": [
    -2.232179725732873,
    -2.230655865907007,
    -2.2292071528176334,
    -2.2278883164594623,
    -2.2267695720547596,
    -2.225940353189599,
    -2.2255139123636636,
    -2.2256329887304913,
    -2.226476787744404,
    -2.1949904515318384,
    -2.1285356637100796,
    -2.0579474816475165,
    -1.983389878389323,
    -1.9051689502879323,
    -1.8237695603178072,
    -1.739897529042353,
    -1.6545273593195937,
    -1.5689552847542327,
    -1.484857272819145,
    -1.4043515329673326,
    -1.3300651169868147,
    -1.2652043757811327,
    -1.2136293596072245,
    -1.1799327157071327,
    -1.1695242758484585,
    -1.188723433364,
    -1.2448628223549152,
    -1.346409171059237,
    -1.5031112335591033,
    -1.7261916105245674,
    -1.9817304814654708,
    -1.8404695175549988,
    -1.7881744460042646,
    -1.8638150570242136,
    -2.1139005207426282,
    -2.5906868949750064,
    -3.3510982075783846,
    -4.45673537091199,
    -5.9751577130167846,
    -7.982483930466256,
    -10.567185406716588,
    -13.834872595426418,
    -17.913982624628762,
    -22.96255506762397,
    -29.176771498298965,
    -36.80306598740099,
    -46.16008225014652,
    -57.68229120104236,
    -71.05922819935678,
    -86.12385417722957
  ],
  "omega_max": [
    1.1344181725393179,
    1.1538514077447029,
    1.1753047093785898,
    1.1989957377886193,
    1.2251663693127681,
    1.2540852844206962,
    1.2860507297804797,
    1.3213934139906438,
    1.3604794718873892,
    5.6139936054738335,
    5.680237480714943,
    5.753439745272699,
    5.834265745640903,
    5.923409954366934,
    6.021584790381242,
    6.129505872244229,
    6.24787408662567,
    6.377355646108966,
    6.518562399003778,
    6.672035982465777,
    6.838240828044834,
    7.017572234336006,
    7.210386245234455,
    7.417057275011556,
    7.638066612238107,
    7.874119524421004,
    8.126280516035276,
    8.396105887178566,
    8.685741462103604,
    8.997943171186156,
    8.026079081284724,
    8.342066438362078,
    8.706057810277432,
    9.128363414194258,
    9.618282431399356,
    10.18410497298959,
    10.833588559959608,
    11.574468715547725,
    12.41494295802495,
    13.364198304676215,
    14.43306469433589,
    15.634900298889677,
    16.986898714824562,
    18.51221880333549,
    20.243898399581568,
    22.233293180112376,
    24.574252286658403,
    27.541559605950372,
    31.855671796104843,
    36.331546884433
  ],
  "params": {
    "alpha": -43.0,
    "dT": 0.8571428571428571,
    "dR": 1.0
  },
  "metadata": {
    "shear_max": 5.651429130540045,
    "vel_net": 2.3462757869552044,
    "resolution": {
      "H": 25,
      "M": 65,
      "Nz": 129,
      "Nth": 128
    },
    "timestamp": "2026-04-13T17:32:13.493811"
  }
}