{
  "k": [
    0.1,
    0.10985411419875583,
    0.12067926406393285,
    0.13257113655901093,
    0.14563484775012436,
    0.15998587196060582,
    0.1757510624854792,
    0.193069772888325,
    0.21209508879201905,
    0.2329951810515372,
    0.2559547922699536,
    0.281176869797423,
    0.3088843596477481,
    0.3393221771895328,
    0.372759372031494,
    0.4094915062380424,
    0.44984326689694454,
    0.49417133613238345,
    0.5428675439323859,
    0.5963623316594643,
    0.6551285568595507,
    0.7196856730011519,
    0.7906043210907697,
    0.8685113737513525,
    0.9540954763499939,
    1.0481131341546859,
    1.151395399326447,
    1.2648552168552958,
    1.3894954943731375,
    1.5264179671752334,
    1.6768329368110073,
    1.8420699693267153,
    2.0235896477251565,
    2.2229964825261943,
    2.442053094548651,
    2.6826957952797246,
    2.9470517025518097,
    3.2374575428176433,
    3.5564803062231283,
    3.9069399370546147,
    4.291934260128776,
    4.714866363457392,
    5.17947467923121,
    5.689866029018296,
    6.250551925273969,
    6.866488450042998,
    7.543120063354615,
    8.286427728546842,
    9.102981779915218,
    10.0
  ],
  "gamma_max": [
    0.030966055855157312,
    0.02125165014561911,
    0.009540901536525287,
    -0.004573508957063747,
    -0.021581057740547162,
    -0.04207017791253909,
    -0.06674971122103235,
    -0.09647878567349961,
    -0.13231574108708352,
    -0.17562079254030025,
    -0.2283518328434077,
    -0.2943779198641517,
    -0.41002605915728935,
    -0.44707866582637085,
    -0.4901748580474327,
    -0.5400249373979097,
    -0.494284625717356,
    -0.4735677754070383,
    -0.45805804966833413,
    -0.443428002783298,
    -0.3880507531822375,
    -0.2420504677045491,
    -0.09776208253819668,
    0.042504837888351986,
    0.17633344654584598,
    0.3009957299133376,
    0.4131841272503426,
    0.5086837302389341,
    0.5819891262921919,
    0.62589958113182,
    0.6312157628737012,
    0.5868706012192072,
    0.48120443068477553,
    0.3052002987611055,
    0.32014313048882154,
    0.46915088934452714,
    0.5176842251769599,
    0.3573225637786954,
    -0.10474091471100846,
    -0.9624840646213154,
    -1.0744931935946473,
    -1.1757461291856026,
    -1.401014807519768,
    -1.7819445839376844,
    -2.343540686798347,
    -3.11128685284042,
    -4.1148325280695195,
    -5.389137892920085,
    -6.973457442747903,
    -8.908076067203451
  ],
  "omega_max": [
    2.496096819088574e-13,
    -3.9970374243731394e-13,
    1.9188342957116763e-12,
    2.7933509626166278e-12,
    -4.577793642389248e-13,
    -7.95295899139131e-13,
    -8.071288266123651e-13,
    1.258656035300783e-12,
    1.8201333110513557e-12,
    -1.500777585167476e-13,
    -2.4330348997094833e-12,
    8.635641017738069e-14,
    0.010249669089526466,
    0.07206225412937603,
    -0.08147399001807169,
    -0.04809215113272854,
    -9.37894159133648e-14,
    1.507709848488821e-13,
    -5.943425554395538e-14,
    7.961762019327729e-14,
    4.02298007059805,
    -4.109040296845378,
    4.198507636601806,
    4.288035581742611,
    4.373654175529033,
    4.450826112857945,
    4.5144964092450275,
    4.559180073146645,
    -4.579150056125592,
    -4.568815025185525,
    4.52344612630592,
    -4.440625410614792,
    -4.323425890882544,
    -4.187554197914787,
    1.4479647064818633e-12,
    -3.753628653783287e-12,
    -9.35258497949071e-13,
    -4.28340915208459e-12,
    4.239918692557903e-13,
    -3.614193310580903e-13,
    6.2994380755990305,
    7.017243080005342,
    7.832875149175543,
    8.744991953698287,
    -9.754201980462186,
    10.866903408764252,
    12.095781134025213,
    -13.460018844729307,
    -14.985547330704772,
    16.70318312181068
  ],
  "params": {
    "alpha": -35.0,
    "dT": 0.1,
    "dR": 1.0
  },
  "metadata": {
    "shear_max": 4.3708008597339205,
    "vel_net": 2.2770244475893926e-12,
    "resolution": {
      "H": 20,
      "M": 49,
      "Nz": 97,
      "Nth": 96
    },
    "timestamp": "2026-02-12T21:03:08.787908"
  }
}