{
  "k": [
    0.1,
    0.10985411419875583,
    0.12067926406393285,
    0.13257113655901093,
    0.14563484775012436,
    0.15998587196060582,
    0.1757510624854792,
    0.193069772888325,
    0.21209508879201905,
    0.2329951810515372,
    0.2559547922699536,
    0.281176869797423,
    0.3088843596477481,
    0.3393221771895328,
    0.372759372031494,
    0.4094915062380424,
    0.44984326689694454,
    0.49417133613238345,
    0.5428675439323859,
    0.5963623316594643,
    0.6551285568595507,
    0.7196856730011519,
    0.7906043210907697,
    0.8685113737513525,
    0.9540954763499939,
    1.0481131341546859,
    1.151395399326447,
    1.2648552168552958,
    1.3894954943731375,
    1.5264179671752334,
    1.6768329368110073,
    1.8420699693267153,
    2.0235896477251565,
    2.2229964825261943,
    2.442053094548651,
    2.6826957952797246,
    2.9470517025518097,
    3.2374575428176433,
    3.5564803062231283,
    3.9069399370546147,
    4.291934260128776,
    4.714866363457392,
    5.17947467923121,
    5.689866029018296,
    6.250551925273969,
    6.866488450042998,
    7.543120063354615,
    8.286427728546842,
    9.102981779915218,
    10.0
  ],
  "gamma_max": [
    -0.0090456592483143,
    -0.016343424007662387,
    -0.025117720799630094,
    -0.03565898245152616,
    -0.048310821980534754,
    -0.06347774911258824,
    -0.0816327451713045,
    -0.10332345067580691,
    -0.12917407793020452,
    -0.15987562747017628,
    -0.19614219690066653,
    -0.2385521676481453,
    -0.28689155361154633,
    -0.3367417966596399,
    -0.3693312794509885,
    -0.3776886342705601,
    -0.3773362417860372,
    -0.3740907632819597,
    -0.3694656110590242,
    -0.3640459822123315,
    -0.35820179953015535,
    -0.352285778336052,
    -0.3467126266950274,
    -0.34200207212357825,
    -0.16428250700102415,
    0.047798812461805125,
    0.25062194163170404,
    0.4352995058044523,
    0.5882487073140747,
    0.6880406699237749,
    0.6999382632073952,
    0.5669984877001203,
    0.20928051529072159,
    1.3976523750945946,
    2.9580952767396513,
    4.219847188192727,
    5.067546604708557,
    5.481273870298641,
    5.420513930258435,
    4.802890748688452,
    3.5037783209297086,
    1.4594463038877568,
    0.7085611669605225,
    0.97274422988716,
    0.8616906256936827,
    0.37854670620327474,
    -0.4905458759564245,
    -1.7803733798785732,
    -3.524185430645271,
    -5.68943282069988
  ],
  "omega_max": [
    2.673797608920522e-13,
    -2.4562813772875632e-12,
    -1.1383270278083749e-12,
    2.279015254718807e-12,
    3.814195505027809e-12,
    -1.5841323522939116e-12,
    3.61005848798817e-13,
    -7.188900436749392e-13,
    9.13231951862403e-13,
    -3.328206534161427e-12,
    7.147746146887702e-13,
    -3.2443697411633807e-12,
    2.382028616820569e-13,
    1.7647450374052546e-12,
    -2.3511227886806276e-12,
    -2.393228033160351e-13,
    -4.179005795049987e-13,
    3.0071835814099705e-13,
    1.618679572811256e-13,
    1.087561494604429e-13,
    1.275798568775828e-13,
    -3.9185252594818297e-13,
    2.9181339203501633e-13,
    -1.7504780685113412e-13,
    7.507460098425696,
    7.593500786306448,
    -7.65587241029554,
    7.683266700508137,
    -7.662419118318841,
    7.578433951336518,
    7.41588299670815,
    -7.16240921268066,
    6.820001639724681,
    -3.32814418050245e-11,
    -1.2649869651293761e-11,
    4.867093356050642e-12,
    -2.7273941863504703e-12,
    -2.508478474645029e-12,
    -1.6993598258208584e-11,
    3.682313650486376e-12,
    5.452781577025785e-12,
    1.0486468932958375e-11,
    10.878700211249454,
    -12.221574785536836,
    13.759899902603495,
    15.446401935455548,
    -17.292234474848847,
    19.346968412883655,
    21.704591691149496,
    -24.486779357522135
  ],
  "params": {
    "alpha": -50.0,
    "dT": 0.1,
    "dR": 1.0
  },
  "metadata": {
    "shear_max": 7.352855684861262,
    "vel_net": 2.0383694732117874e-13,
    "resolution": {
      "H": 25,
      "M": 65,
      "Nz": 129,
      "Nth": 128
    },
    "timestamp": "2026-04-16T03:28:10.616422"
  }
}