{
  "k": [
    0.1,
    0.10985411419875583,
    0.12067926406393285,
    0.13257113655901093,
    0.14563484775012436,
    0.15998587196060582,
    0.1757510624854792,
    0.193069772888325,
    0.21209508879201905,
    0.2329951810515372,
    0.2559547922699536,
    0.281176869797423,
    0.3088843596477481,
    0.3393221771895328,
    0.372759372031494,
    0.4094915062380424,
    0.44984326689694454,
    0.49417133613238345,
    0.5428675439323859,
    0.5963623316594643,
    0.6551285568595507,
    0.7196856730011519,
    0.7906043210907697,
    0.8685113737513525,
    0.9540954763499939,
    1.0481131341546859,
    1.151395399326447,
    1.2648552168552958,
    1.3894954943731375,
    1.5264179671752334,
    1.6768329368110073,
    1.8420699693267153,
    2.0235896477251565,
    2.2229964825261943,
    2.442053094548651,
    2.6826957952797246,
    2.9470517025518097,
    3.2374575428176433,
    3.5564803062231283,
    3.9069399370546147,
    4.291934260128776,
    4.714866363457392,
    5.17947467923121,
    5.689866029018296,
    6.250551925273969,
    6.866488450042998,
    7.543120063354615,
    8.286427728546842,
    9.102981779915218,
    10.0
  ],
  "gamma_max": [
    -2.311578197497028,
    -2.3091091285272083,
    -2.3065879710621955,
    -2.3040511883493555,
    -2.3015481072117288,
    -2.2991443100519793,
    -2.296925857876927,
    -2.2950045400748653,
    -2.2935243884607974,
    -2.2926697405513092,
    -2.292675188404867,
    -2.290993037117143,
    -2.214933372588429,
    -2.1342699347700513,
    -2.0492397003440113,
    -1.9602542576401074,
    -1.8679429621347154,
    -1.7732019631693334,
    -1.6772488614844847,
    -1.5816825435868067,
    -1.4885475849848604,
    -1.400402537080256,
    -1.3203914064680566,
    -1.2523176841593624,
    -1.2007204267243856,
    -1.170952364250764,
    -1.1692614298357265,
    -1.2028806451839353,
    -1.2801387606043888,
    -1.4106174968793073,
    -1.4066430455392902,
    -1.1402625700245461,
    -0.941093330348503,
    -0.8481578349241354,
    -0.9076100079582774,
    -1.1708246213361557,
    -1.6932443091562386,
    -2.534106128413972,
    -3.757331568654424,
    -5.433762675080416,
    -7.644639558173346,
    -10.485991586859097,
    -14.07348901227288,
    -18.547012888828135,
    -24.07315786365339,
    -30.841929838997917,
    -39.058082383370845,
    -48.95076209897607,
    -60.69697714794547,
    -74.2395653304334
  ],
  "omega_max": [
    1.4579034459009494,
    1.4805601907416328,
    1.5055253211075739,
    1.5330394795489113,
    1.5633689700777884,
    1.5968084489801935,
    1.6336838386576686,
    1.67435545251632,
    1.7192213020439608,
    1.7687205309738072,
    1.8233368836763755,
    6.4224171382827935,
    6.508134095709434,
    6.602752447753256,
    6.707098943862657,
    6.822031935879198,
    6.948428218840941,
    7.087167210996341,
    7.239113998246689,
    7.405103972919438,
    7.585933179150816,
    7.782359737770786,
    7.995122370700295,
    8.224981349048734,
    8.472784276136478,
    8.739553170750494,
    9.026579931957201,
    9.335504966648765,
    9.668340466987413,
    10.027389372681327,
    8.76162752157656,
    9.12556100865551,
    9.550733757985576,
    10.047969706505633,
    10.626323142657817,
    11.293730463922538,
    12.057787583956062,
    12.926399106815197,
    13.908420994131838,
    15.014434471899094,
    16.25778724027765,
    17.656126120877286,
    19.233830692233415,
    21.026016002756673,
    23.08474009502118,
    25.485707790538456,
    28.326254632810272,
    31.723283300515963,
    35.88915428411717,
    40.70257095475317
  ],
  "params": {
    "alpha": -46.0,
    "dT": 0.75,
    "dR": 1.0
  },
  "metadata": {
    "shear_max": 6.3124978113538655,
    "vel_net": 2.6501923042218536,
    "resolution": {
      "H": 25,
      "M": 65,
      "Nz": 129,
      "Nth": 128
    },
    "timestamp": "2026-04-14T00:20:41.668354"
  }
}