{
  "k": [
    0.1,
    0.10985411419875583,
    0.12067926406393285,
    0.13257113655901093,
    0.14563484775012436,
    0.15998587196060582,
    0.1757510624854792,
    0.193069772888325,
    0.21209508879201905,
    0.2329951810515372,
    0.2559547922699536,
    0.281176869797423,
    0.3088843596477481,
    0.3393221771895328,
    0.372759372031494,
    0.4094915062380424,
    0.44984326689694454,
    0.49417133613238345,
    0.5428675439323859,
    0.5963623316594643,
    0.6551285568595507,
    0.7196856730011519,
    0.7906043210907697,
    0.8685113737513525,
    0.9540954763499939,
    1.0481131341546859,
    1.151395399326447,
    1.2648552168552958,
    1.3894954943731375,
    1.5264179671752334,
    1.6768329368110073,
    1.8420699693267153,
    2.0235896477251565,
    2.2229964825261943,
    2.442053094548651,
    2.6826957952797246,
    2.9470517025518097,
    3.2374575428176433,
    3.5564803062231283,
    3.9069399370546147,
    4.291934260128776,
    4.714866363457392,
    5.17947467923121,
    5.689866029018296,
    6.250551925273969,
    6.866488450042998,
    7.543120063354615,
    8.286427728546842,
    9.102981779915218,
    10.0
  ],
  "gamma_max": [
    2.453188860732234,
    2.4506680759797543,
    2.447627542080417,
    2.4439604681489895,
    2.4395382873598064,
    2.4342062894335967,
    2.4277784077201163,
    2.420031010170403,
    2.4106955209281136,
    2.3994496752719803,
    2.385907184473799,
    2.369605559338004,
    2.3499918105447684,
    2.3264057067702426,
    2.2980602248446504,
    2.2640187588260225,
    2.223168549183985,
    2.174189628388258,
    2.1155183115551157,
    2.0453038487812223,
    1.961356245255114,
    1.861082399000166,
    1.74140658630635,
    1.5986699668604278,
    1.4285022652659713,
    1.2256572167810993,
    0.9838017791187871,
    0.6952473051638042,
    0.3506081246689558,
    -0.061632335450091315,
    -0.5556790760578404,
    -1.1491628756680912,
    -1.8641725940382738,
    -2.7288552396750325,
    -3.7803712175736828,
    -4.821660932023409,
    -6.034885761782386,
    -7.609802448818466,
    -9.631095959035957,
    -12.257608291640963,
    -15.607343655673962,
    -19.01544697405871,
    -23.14770606113306,
    -28.149829895882327,
    -34.19827528384005,
    -41.50652707136111,
    -50.33264091096176,
    -60.98833788244639,
    -73.84998880544555,
    -89.37188684951873
  ],
  "omega_max": [
    -5.896715295411802e-13,
    6.386926947866523e-14,
    -8.123962699330587e-13,
    8.164797709032579e-13,
    -2.0281700447731956e-13,
    -1.3443745907367457e-13,
    1.2581964129869866e-12,
    3.236646327340419e-14,
    2.3373294119247007e-13,
    -3.9198908991582193e-13,
    1.4671685291657177e-13,
    -3.3511156576816154e-13,
    3.7646220809267255e-13,
    1.0206174421247701e-12,
    -8.75195238882607e-15,
    -4.558020873828318e-13,
    -5.707644020958649e-13,
    -4.974531132655879e-13,
    4.134262205393669e-12,
    3.336607712723408e-14,
    -6.145264704625878e-14,
    -1.3069482582894883e-13,
    -2.469318463699392e-13,
    -2.865256884104381e-13,
    -3.5590237005925397e-13,
    5.391533198535642e-13,
    3.7590871081830135e-13,
    1.420694230854934e-13,
    -1.1370882513696686e-14,
    2.742200299854505e-15,
    -7.965939364683886e-14,
    1.4126318406360885e-13,
    3.2254791457181524e-13,
    -7.948308161585764e-13,
    -8.40757537940798e-13,
    2.2029216082971426e-13,
    -8.625753738045367e-13,
    -1.847993425874787e-12,
    -3.5863508567162446e-12,
    -6.82148054728542e-12,
    -0.6213009511352192,
    1.1504173061984844,
    1.599049543500201,
    2.034840776550918,
    2.4786670749182367,
    2.942011802762543,
    3.4334072203857025,
    -3.9603864940295987,
    4.530273859157051,
    5.150585697795566
  ],
  "params": {
    "alpha": -35.0,
    "dT": 0.9,
    "dR": 1.0
  },
  "metadata": {
    "shear_max": 1.0500634282083132e-08,
    "vel_net": 5.813165740442391e-13,
    "resolution": {
      "H": 25,
      "M": 65,
      "Nz": 129,
      "Nth": 128
    },
    "timestamp": "2026-04-13T13:55:24.401022"
  }
}