{
  "k": [
    0.1,
    0.10985411419875583,
    0.12067926406393285,
    0.13257113655901093,
    0.14563484775012436,
    0.15998587196060582,
    0.1757510624854792,
    0.193069772888325,
    0.21209508879201905,
    0.2329951810515372,
    0.2559547922699536,
    0.281176869797423,
    0.3088843596477481,
    0.3393221771895328,
    0.372759372031494,
    0.4094915062380424,
    0.44984326689694454,
    0.49417133613238345,
    0.5428675439323859,
    0.5963623316594643,
    0.6551285568595507,
    0.7196856730011519,
    0.7906043210907697,
    0.8685113737513525,
    0.9540954763499939,
    1.0481131341546859,
    1.151395399326447,
    1.2648552168552958,
    1.3894954943731375,
    1.5264179671752334,
    1.6768329368110073,
    1.8420699693267153,
    2.0235896477251565,
    2.2229964825261943,
    2.442053094548651,
    2.6826957952797246,
    2.9470517025518097,
    3.2374575428176433,
    3.5564803062231283,
    3.9069399370546147,
    4.291934260128776,
    4.714866363457392,
    5.17947467923121,
    5.689866029018296,
    6.250551925273969,
    6.866488450042998,
    7.543120063354615,
    8.286427728546842,
    9.102981779915218,
    10.0
  ],
  "gamma_max": [
    -0.07323513364763144,
    -0.08473078509283152,
    -0.09858919021611669,
    -0.11529540963315052,
    -0.13543633115415074,
    -0.15972603718773223,
    -0.18904327217067365,
    -0.22449479875815215,
    -0.2675444834845228,
    -0.32034842133512437,
    -0.3869870602076877,
    -0.48372233744112775,
    -0.5696862212473035,
    -0.6124451183916821,
    -0.66222779943587,
    -0.7198852571971672,
    -0.7864431463353263,
    -0.6996790303401055,
    -0.6766846474036693,
    -0.6617986820662237,
    -0.6209765969600484,
    -0.4224212952071536,
    -0.22314341046505234,
    -0.026088515018362627,
    0.16547033872174313,
    0.3476511641760402,
    0.515506978023627,
    0.6623517492293755,
    0.7787973347386946,
    0.8513932840408884,
    0.8607054822172083,
    0.778622413937516,
    0.5651501577662736,
    0.17011389102605182,
    0.5513759484039475,
    1.2505977573213083,
    1.697609869616234,
    1.666505820633729,
    1.0045169642863407,
    -0.5942996170363568,
    -2.3006460418312624,
    -2.048817357806368,
    -2.2112142647153683,
    -2.794879702856844,
    -3.785601635259955,
    -5.206504324760676,
    -7.1079418488977035,
    -9.562157499831327,
    -12.661626422809972,
    -16.515893841508955
  ],
  "omega_max": [
    8.445906636597792e-14,
    3.5682505582267356e-14,
    -4.434628469994817e-14,
    -9.809511165453214e-14,
    6.394163922651356e-14,
    2.900137056583425e-14,
    3.3528421890895577e-13,
    9.50565426444291e-13,
    -7.779917704305096e-14,
    8.406860000255694e-13,
    6.944480327917514e-13,
    -3.617817801607599e-12,
    -0.08580650693446984,
    0.12186282881171152,
    -0.13478661344534026,
    0.12162482451991477,
    0.03669700147328981,
    -7.30712677338236e-13,
    8.031109256746863e-13,
    -6.934710546966731e-13,
    6.002583970062634,
    -6.114235805345254,
    6.230001833612977,
    -6.345382025255293,
    -6.454698210400173,
    6.551087259257148,
    -6.6265045155491515,
    6.671776362936529,
    6.676771625817964,
    -6.630802570888659,
    6.52345937587636,
    -6.346405792269518,
    6.097948663121908,
    -5.796674023916187,
    4.096645376234626e-12,
    2.630947308434552e-11,
    -1.3967571663346038e-11,
    1.1077651615540398e-11,
    1.2569090419441055e-11,
    8.224825300884937e-12,
    -7.096957531111127,
    -7.960511107585713,
    9.091209949499321,
    -10.33043327889591,
    -11.649679543906144,
    13.05771233051134,
    14.576064627537127,
    16.235645692745,
    -18.079533081879738,
    -20.170872721466672
  ],
  "params": {
    "alpha": -47.0,
    "dT": 0.2,
    "dR": 1.0
  },
  "metadata": {
    "shear_max": 6.23182522172852,
    "vel_net": 1.4988010832439613e-14,
    "resolution": {
      "H": 25,
      "M": 65,
      "Nz": 129,
      "Nth": 128
    },
    "timestamp": "2026-04-16T00:22:46.514558"
  }
}