{
  "k": [
    0.1,
    0.10985411419875583,
    0.12067926406393285,
    0.13257113655901093,
    0.14563484775012436,
    0.15998587196060582,
    0.1757510624854792,
    0.193069772888325,
    0.21209508879201905,
    0.2329951810515372,
    0.2559547922699536,
    0.281176869797423,
    0.3088843596477481,
    0.3393221771895328,
    0.372759372031494,
    0.4094915062380424,
    0.44984326689694454,
    0.49417133613238345,
    0.5428675439323859,
    0.5963623316594643,
    0.6551285568595507,
    0.7196856730011519,
    0.7906043210907697,
    0.8685113737513525,
    0.9540954763499939,
    1.0481131341546859,
    1.151395399326447,
    1.2648552168552958,
    1.3894954943731375,
    1.5264179671752334,
    1.6768329368110073,
    1.8420699693267153,
    2.0235896477251565,
    2.2229964825261943,
    2.442053094548651,
    2.6826957952797246,
    2.9470517025518097,
    3.2374575428176433,
    3.5564803062231283,
    3.9069399370546147,
    4.291934260128776,
    4.714866363457392,
    5.17947467923121,
    5.689866029018296,
    6.250551925273969,
    6.866488450042998,
    7.543120063354615,
    8.286427728546842,
    9.102981779915218,
    10.0
  ],
  "gamma_max": [
    -2.2640546632291376,
    -2.2665462233588336,
    -2.269549869070321,
    -2.2731700807052926,
    -2.2775323156713982,
    -2.282787072343613,
    -2.2891146791588692,
    -2.2967309134523473,
    -2.305893561469984,
    -2.31691003592627,
    -2.3301461730389263,
    -2.3460363416809877,
    -2.3650950256560876,
    -2.3313693862803126,
    -2.241825666062078,
    -2.147445449035886,
    -2.048688457792492,
    -1.946254918018642,
    -1.8411385624001946,
    -1.7346852500653611,
    -1.6286565772257502,
    -1.5252976929831594,
    -1.4274084548445987,
    -1.338417073993864,
    -1.2624556265632894,
    -1.2044376229957674,
    -1.1701401678417835,
    -1.1662987355673726,
    -1.2007333237329523,
    -1.282541892655696,
    -1.027400533384407,
    -0.6485368200119089,
    -0.3265772830162918,
    -0.10403284280646852,
    -0.030638471341979077,
    -0.16163163314462609,
    -0.5565180584568163,
    -1.2784471849981758,
    -2.3947297240609258,
    -3.9788296548937887,
    -6.113695121791868,
    -8.895867647419651,
    -12.439378600564215,
    -16.87757905358446,
    -22.35951356496576,
    -29.039294085917046,
    -37.07736930229145,
    -46.691674594993394,
    -58.21931582123466,
    -72.09374654558414
  ],
  "omega_max": [
    0.18952089524411853,
    0.2082709010032808,
    0.2288929065506362,
    0.2515793805834164,
    0.2765444001588141,
    0.3040266604299164,
    0.3342930724997466,
    0.3676431127609045,
    0.40441411958078166,
    0.4449878028463924,
    0.4897982977175795,
    0.5393421777770534,
    0.5941909261197035,
    7.400936682007608,
    7.516748206169338,
    7.644476359257483,
    7.785186742044239,
    7.939976619705846,
    8.10995955502463,
    8.296249824319137,
    8.49994983903674,
    8.722144972419063,
    8.96391079017668,
    9.226336946658126,
    9.51056896447606,
    9.8178628532535,
    10.149637633531139,
    10.507498227280317,
    10.893188955746227,
    11.3084320608162,
    9.737644356218787,
    10.15698747618947,
    10.652076081233888,
    11.233892146677288,
    11.911311000835802,
    12.692237797396952,
    13.584484952989477,
    14.596490718336803,
    15.738123159883047,
    17.021712422705814,
    18.463466071343657,
    20.085552641822385,
    21.919279388083474,
    24.00955901140223,
    26.418660605245424,
    29.219617557601676,
    32.46529804477783,
    36.16308161810469,
    40.32361817175198,
    45.05928913130096
  ],
  "params": {
    "alpha": -51.0,
    "dT": 0.75,
    "dR": 1.0
  },
  "metadata": {
    "shear_max": 7.128961305766021,
    "vel_net": 3.0168674378068885,
    "resolution": {
      "H": 25,
      "M": 65,
      "Nz": 129,
      "Nth": 128
    },
    "timestamp": "2026-04-16T08:39:09.303131"
  }
}