{
  "k": [
    0.1,
    0.10985411419875583,
    0.12067926406393285,
    0.13257113655901093,
    0.14563484775012436,
    0.15998587196060582,
    0.1757510624854792,
    0.193069772888325,
    0.21209508879201905,
    0.2329951810515372,
    0.2559547922699536,
    0.281176869797423,
    0.3088843596477481,
    0.3393221771895328,
    0.372759372031494,
    0.4094915062380424,
    0.44984326689694454,
    0.49417133613238345,
    0.5428675439323859,
    0.5963623316594643,
    0.6551285568595507,
    0.7196856730011519,
    0.7906043210907697,
    0.8685113737513525,
    0.9540954763499939,
    1.0481131341546859,
    1.151395399326447,
    1.2648552168552958,
    1.3894954943731375,
    1.5264179671752334,
    1.6768329368110073,
    1.8420699693267153,
    2.0235896477251565,
    2.2229964825261943,
    2.442053094548651,
    2.6826957952797246,
    2.9470517025518097,
    3.2374575428176433,
    3.5564803062231283,
    3.9069399370546147,
    4.291934260128776,
    4.714866363457392,
    5.17947467923121,
    5.689866029018296,
    6.250551925273969,
    6.866488450042998,
    7.543120063354615,
    8.286427728546842,
    9.102981779915218,
    10.0
  ],
  "gamma_max": [
    -0.13515965777665753,
    -0.14432752335845261,
    -0.15536702426028573,
    -0.1686565105066086,
    -0.18465091175336695,
    -0.20389936432257327,
    -0.22707065129746276,
    -0.2549955426885248,
    -0.28875297929073224,
    -0.3298981584621251,
    -0.38134058583738784,
    -0.45590261465184445,
    -0.5142367721063938,
    -0.5491023769123259,
    -0.5898729275651123,
    -0.6142491153433987,
    -0.5759009471015114,
    -0.5632741123166513,
    -0.5546168822683393,
    -0.5475632469454227,
    -0.5414994875923499,
    -0.5363464488671633,
    -0.467377523784896,
    -0.24434601963291092,
    -0.021843308711104455,
    0.19579221765875382,
    0.4026648522186974,
    0.5903043087586982,
    0.746029267046001,
    0.8503093798919915,
    0.8723658024402456,
    0.7626716672466265,
    0.4435165576820202,
    0.9714987409653072,
    2.3809015350281975,
    3.6120286953975813,
    4.394625611963229,
    4.6659275793333865,
    4.346334528398445,
    3.2482898262979036,
    0.9401404811120978,
    -0.8212292808829472,
    -0.2462496454469057,
    -0.2707974681691175,
    -0.7819924363850729,
    -1.7483608655547411,
    -3.19581370712157,
    -5.186087437495443,
    -7.811361574781281,
    -11.19149205405783
  ],
  "omega_max": [
    -1.9131120143318808e-13,
    -1.1238071154232177e-13,
    3.2447603862774445e-14,
    3.285951834534964e-14,
    -5.3473454264643486e-14,
    1.3224190223843229e-13,
    9.260113826761328e-14,
    2.1454790190724682e-14,
    -1.5348719271953952e-14,
    -2.1286172725296872e-13,
    1.5959987352532395e-14,
    1.2637014586278014e-13,
    0.058981078910297365,
    -0.07681984602577613,
    0.07181580431487525,
    8.271264562876949e-15,
    2.904165838494813e-15,
    2.129960528840451e-14,
    -3.9470834833625274e-14,
    -6.610554090917441e-15,
    1.136781132214071e-14,
    -6.3396873119107e-15,
    -7.4991106058346615,
    -7.616771270003817,
    -7.727152380733552,
    -7.822335857448464,
    7.892527543468403,
    7.926001763485997,
    7.9091737087396385,
    -7.826955153463135,
    -7.663825254870717,
    -7.407204694957907,
    -7.059533375690768,
    7.889675761005492e-13,
    -7.317781671676506e-13,
    -6.316726890964745e-12,
    -1.949186052851288e-12,
    1.109659539039722e-12,
    -2.5036136958701074e-13,
    -4.966436193539189e-11,
    -5.86945466369018e-11,
    9.075322584075622,
    10.343566432954708,
    11.855768413844665,
    13.45645063701006,
    -15.138427116590506,
    16.92364459411529,
    18.847282816244043,
    -20.96240043560152,
    -23.360902681041527
  ],
  "params": {
    "alpha": -53.0,
    "dT": 0.16666666666666666,
    "dR": 1.0
  },
  "metadata": {
    "shear_max": 7.483886341544481,
    "vel_net": 1.9872992140790302e-14,
    "resolution": {
      "H": 25,
      "M": 65,
      "Nz": 129,
      "Nth": 128
    },
    "timestamp": "2026-04-16T12:37:01.524283"
  }
}