{
  "k": [
    0.1,
    0.10985411419875583,
    0.12067926406393285,
    0.13257113655901093,
    0.14563484775012436,
    0.15998587196060582,
    0.1757510624854792,
    0.193069772888325,
    0.21209508879201905,
    0.2329951810515372,
    0.2559547922699536,
    0.281176869797423,
    0.3088843596477481,
    0.3393221771895328,
    0.372759372031494,
    0.4094915062380424,
    0.44984326689694454,
    0.49417133613238345,
    0.5428675439323859,
    0.5963623316594643,
    0.6551285568595507,
    0.7196856730011519,
    0.7906043210907697,
    0.8685113737513525,
    0.9540954763499939,
    1.0481131341546859,
    1.151395399326447,
    1.2648552168552958,
    1.3894954943731375,
    1.5264179671752334,
    1.6768329368110073,
    1.8420699693267153,
    2.0235896477251565,
    2.2229964825261943,
    2.442053094548651,
    2.6826957952797246,
    2.9470517025518097,
    3.2374575428176433,
    3.5564803062231283,
    3.9069399370546147,
    4.291934260128776,
    4.714866363457392,
    5.17947467923121,
    5.689866029018296,
    6.250551925273969,
    6.866488450042998,
    7.543120063354615,
    8.286427728546842,
    9.102981779915218,
    10.0
  ],
  "gamma_max": [
    2.6154323034101643,
    2.6129619557249497,
    2.6099824896539174,
    2.6063894033962223,
    2.602056933436865,
    2.59683381143045,
    2.590538209358869,
    2.5829517326301263,
    2.5738123016361842,
    2.5628057426951645,
    2.5495558900517707,
    2.533612980480834,
    2.5144401023670606,
    2.491397438054928,
    2.4637240088329193,
    2.4305165845682555,
    2.3907053404865133,
    2.3430257008248314,
    2.2859855686985884,
    2.2178267440671164,
    2.1364787263225895,
    2.03950222356951,
    1.9240185285994278,
    1.7866194987276582,
    1.623251294884694,
    1.4290634395623079,
    1.198213252748367,
    0.9236141952460823,
    0.5966144836325628,
    0.20658804471874098,
    -0.2595896489190943,
    -0.8182297337649466,
    -1.4897810306245347,
    -2.3002728556201375,
    -3.2838818208568172,
    -4.216818235780765,
    -5.340971660063313,
    -6.801742162367918,
    -8.676535549718121,
    -11.098969556131898,
    -14.352716757511045,
    -17.509610639415268,
    -21.337769762705992,
    -25.97210458084176,
    -31.576013022726674,
    -38.34719997977327,
    -46.5246646936515,
    -56.397123660101514,
    -68.31318133984736,
    -82.69361764671986
  ],
  "omega_max": [
    -1.4703251813727415e-12,
    8.036480684152554e-13,
    -4.798089733463623e-16,
    2.0271088494083852e-13,
    1.0115282786392773e-12,
    3.4708906546335515e-14,
    4.4070011950322484e-13,
    1.381721836158017e-13,
    1.8961125122035422e-13,
    -1.131101944158946e-13,
    -5.1717211335566974e-14,
    -3.6793512707944064e-13,
    -4.1476210075508816e-13,
    -8.360786647864006e-13,
    3.5897992692575306e-13,
    -2.1237347169138387e-13,
    9.247067022725875e-14,
    1.0839215860115735e-12,
    4.645808376018524e-13,
    -3.523145875157442e-13,
    -4.4145960968560733e-16,
    1.7881295360978018e-13,
    -4.2987089312870706e-13,
    1.5948509581114704e-13,
    -7.90886315917635e-14,
    1.6517442480023255e-13,
    7.864219138810375e-14,
    1.865075838426323e-13,
    1.2228980697191525e-14,
    2.7961469012071827e-14,
    -1.6534404616499874e-14,
    4.391502770161411e-14,
    1.5918857872970292e-13,
    4.859954251335251e-13,
    -4.302845831364424e-14,
    6.705282447499686e-13,
    4.617208673353541e-13,
    -3.8721297453101455e-12,
    5.693894895063233e-13,
    5.595405538982807e-12,
    -0.5096733233679622,
    1.0973893079336716,
    1.5635062423918449,
    2.008711408953268,
    2.4586649086842542,
    2.926399770524442,
    -3.421115394729573,
    3.9506783531096663,
    4.522598080952482,
    -5.144505836985516
  ],
  "params": {
    "alpha": -35.0,
    "dT": 0.8333333333333334,
    "dR": 1.0
  },
  "metadata": {
    "shear_max": 1.1118934695164945e-08,
    "vel_net": 1.0643912065995168e-11,
    "resolution": {
      "H": 25,
      "M": 65,
      "Nz": 129,
      "Nth": 128
    },
    "timestamp": "2026-04-13T13:58:45.733543"
  }
}