{
  "k": [
    0.1,
    0.10985411419875583,
    0.12067926406393285,
    0.13257113655901093,
    0.14563484775012436,
    0.15998587196060582,
    0.1757510624854792,
    0.193069772888325,
    0.21209508879201905,
    0.2329951810515372,
    0.2559547922699536,
    0.281176869797423,
    0.3088843596477481,
    0.3393221771895328,
    0.372759372031494,
    0.4094915062380424,
    0.44984326689694454,
    0.49417133613238345,
    0.5428675439323859,
    0.5963623316594643,
    0.6551285568595507,
    0.7196856730011519,
    0.7906043210907697,
    0.8685113737513525,
    0.9540954763499939,
    1.0481131341546859,
    1.151395399326447,
    1.2648552168552958,
    1.3894954943731375,
    1.5264179671752334,
    1.6768329368110073,
    1.8420699693267153,
    2.0235896477251565,
    2.2229964825261943,
    2.442053094548651,
    2.6826957952797246,
    2.9470517025518097,
    3.2374575428176433,
    3.5564803062231283,
    3.9069399370546147,
    4.291934260128776,
    4.714866363457392,
    5.17947467923121,
    5.689866029018296,
    6.250551925273969,
    6.866488450042998,
    7.543120063354615,
    8.286427728546842,
    9.102981779915218,
    10.0
  ],
  "gamma_max": [
    -0.3623899821160399,
    -0.36463434973070497,
    -0.36734656656675735,
    -0.37062516503930937,
    -0.37458993312379074,
    -0.3793867648204725,
    -0.38519376531900984,
    -0.3922290267458782,
    -0.400760682049142,
    -0.41112017042545834,
    -0.4237202139496573,
    -0.4390800654728697,
    -0.4578626951493863,
    -0.48093315840415,
    -0.5094583725405152,
    -0.5450987576647247,
    -0.5904427851757346,
    -0.650286110229527,
    -0.7380255353707454,
    -0.8744059193257822,
    -0.9144530651031872,
    -0.9625184799070361,
    -1.0201844014082215,
    -1.089346785743783,
    -1.1722815966226756,
    -1.2717265741875265,
    -1.3909817878180333,
    -1.534032584523995,
    -1.7056988641541988,
    -1.9118150912403165,
    -2.15944630416454,
    -2.4571468179258313,
    -2.81527048512872,
    -3.2463442607735042,
    -3.7655201559951874,
    -4.373295031688556,
    -5.064720319778073,
    -5.9236407376650515,
    -6.982165542229833,
    -8.278571409379863,
    -9.858897102508,
    -11.778793300341547,
    -14.105658275957573,
    -16.92112076178077,
    -20.323959451907218,
    -24.433573247680762,
    -29.394140735528744,
    -35.379634965913084,
    -42.59989176112413,
    -51.307965517838305
  ],
  "omega_max": [
    9.563269420229119e-14,
    4.7340752296995434e-14,
    -1.3240708640014315e-15,
    3.5278547619622038e-15,
    -9.633561243606025e-15,
    -1.4861200762700243e-14,
    9.116964587772891e-14,
    -2.9313976953416224e-14,
    -9.149701916661453e-15,
    -6.206274870217515e-14,
    2.9435985493016794e-14,
    5.4797626622348015e-14,
    1.807543576651212e-14,
    1.4559482383902187e-13,
    -9.518309319785366e-14,
    6.463424646801694e-14,
    3.2353395611187825e-13,
    3.7713355642963195e-14,
    -9.659588465248674e-14,
    -0.09200591393736206,
    0.1767953815566317,
    0.24177330448990014,
    -0.30146518896931673,
    -0.35988247000215556,
    0.41895588552489343,
    0.4799040063068774,
    -0.5436517606537274,
    0.6110022564092357,
    -0.682722439095041,
    -0.759592396917279,
    -0.8424369070161617,
    0.9321471156224562,
    1.029696116412364,
    -1.1361506192120525,
    -1.2526806393331056,
    -1.28136202606358,
    -1.4113099605871924,
    -1.5590650586954347,
    1.7269777549864351,
    1.9169028194323574,
    -2.1305483452818472,
    2.369775232140107,
    -2.6368117887575337,
    -2.934392163417869,
    -3.2658443529381507,
    -3.6351508182896146,
    -4.04699431431976,
    4.50679272163519,
    5.020724449644758,
    -5.595751121801452
  ],
  "params": {
    "alpha": -20.0,
    "dT": 0.5,
    "dR": 1.0
  },
  "metadata": {
    "shear_max": 3.190762916500116e-09,
    "vel_net": 2.0679515313825692e-25,
    "resolution": {
      "H": 25,
      "M": 65,
      "Nz": 129,
      "Nth": 128
    },
    "timestamp": "2026-04-13T11:49:35.885514"
  }
}