{
  "k": [
    0.1,
    0.10985411419875583,
    0.12067926406393285,
    0.13257113655901093,
    0.14563484775012436,
    0.15998587196060582,
    0.1757510624854792,
    0.193069772888325,
    0.21209508879201905,
    0.2329951810515372,
    0.2559547922699536,
    0.281176869797423,
    0.3088843596477481,
    0.3393221771895328,
    0.372759372031494,
    0.4094915062380424,
    0.44984326689694454,
    0.49417133613238345,
    0.5428675439323859,
    0.5963623316594643,
    0.6551285568595507,
    0.7196856730011519,
    0.7906043210907697,
    0.8685113737513525,
    0.9540954763499939,
    1.0481131341546859,
    1.151395399326447,
    1.2648552168552958,
    1.3894954943731375,
    1.5264179671752334,
    1.6768329368110073,
    1.8420699693267153,
    2.0235896477251565,
    2.2229964825261943,
    2.442053094548651,
    2.6826957952797246,
    2.9470517025518097,
    3.2374575428176433,
    3.5564803062231283,
    3.9069399370546147,
    4.291934260128776,
    4.714866363457392,
    5.17947467923121,
    5.689866029018296,
    6.250551925273969,
    6.866488450042998,
    7.543120063354615,
    8.286427728546842,
    9.102981779915218,
    10.0
  ],
  "gamma_max": [
    0.3848318710502119,
    0.3668801114829435,
    0.34520855085069324,
    0.3190456825291844,
    0.28746013119539815,
    0.2493277412856566,
    0.20329174963607105,
    0.1477136983676494,
    0.08060972722113079,
    -0.0004429430847506704,
    -0.09847921558401589,
    -0.21758895983924023,
    -0.3645566663853708,
    -0.5601562413113271,
    -0.7846115460197162,
    -0.8827947822286312,
    -0.9948656097319972,
    -0.9268873344834467,
    -0.7018121694442637,
    -0.4727148781924658,
    -0.24365184593620307,
    -0.018114055950605747,
    0.2009007212290709,
    0.4105901787533124,
    0.6079450245608357,
    0.7892895624013617,
    0.9497431257884931,
    1.0825370931805447,
    1.178097011311917,
    1.2227730185539014,
    1.1970403074099636,
    1.0728241861909036,
    0.8092723751114634,
    0.34680164394092056,
    -0.3871813132329718,
    0.22773298484846546,
    0.6379162906031534,
    0.43912145923258034,
    -0.5911516026646799,
    -2.9868593936570016,
    -3.690965251183748,
    -3.9438233445798465,
    -4.771267024664806,
    -6.116898802777933,
    -8.000346309040838,
    -10.482688319559228,
    -13.65408117221834,
    -17.631218961994794,
    -22.5586974259289,
    -28.61285302326878
  ],
  "omega_max": [
    7.675593276195468e-12,
    -2.22530477868344e-12,
    9.083127934512423e-12,
    -7.878794850323089e-12,
    -7.2954182330826e-12,
    -2.2976375981766117e-12,
    2.398802575249818e-12,
    -3.9696607829582044e-12,
    -8.133718735200651e-13,
    -6.52396284750039e-12,
    -1.297649805824793e-12,
    -1.9973758299846874e-12,
    1.1314126550445289e-12,
    1.1529583443020289e-11,
    0.1495142229890822,
    0.2246615707425745,
    -0.2392359315094984,
    -5.566766427724639,
    -5.670262091513057,
    -5.791413238289664,
    -5.9270553546402525,
    6.072713767377945,
    -6.222949696721492,
    6.3715458441735855,
    6.511527475319783,
    -6.6350885192704,
    -6.733505730288314,
    -6.797118701379722,
    6.815454344421835,
    6.777590661422163,
    6.672905330688993,
    -6.492544985320831,
    6.232778384241335,
    5.904970653347017,
    -5.567555649315989,
    3.423108152037605e-12,
    -5.40806405469635e-12,
    -2.051803350078838e-12,
    -8.198088726198274e-12,
    3.9949732402958924e-12,
    -6.392798145304577,
    7.500428271581567,
    8.709955479926002,
    -9.96132265103798,
    -11.263337562388543,
    -12.635103995154426,
    14.099847360930289,
    -15.684844517276085,
    -17.422191697725687,
    19.34999888866396
  ],
  "params": {
    "alpha": -52.0,
    "dT": 0.3333333333333333,
    "dR": 1.0
  },
  "metadata": {
    "shear_max": 6.311402910651233,
    "vel_net": 2.2259971643734389e-13,
    "resolution": {
      "H": 25,
      "M": 65,
      "Nz": 129,
      "Nth": 128
    },
    "timestamp": "2026-04-16T04:06:53.634318"
  }
}