{
  "k": [
    0.1,
    0.10985411419875583,
    0.12067926406393285,
    0.13257113655901093,
    0.14563484775012436,
    0.15998587196060582,
    0.1757510624854792,
    0.193069772888325,
    0.21209508879201905,
    0.2329951810515372,
    0.2559547922699536,
    0.281176869797423,
    0.3088843596477481,
    0.3393221771895328,
    0.372759372031494,
    0.4094915062380424,
    0.44984326689694454,
    0.49417133613238345,
    0.5428675439323859,
    0.5963623316594643,
    0.6551285568595507,
    0.7196856730011519,
    0.7906043210907697,
    0.8685113737513525,
    0.9540954763499939,
    1.0481131341546859,
    1.151395399326447,
    1.2648552168552958,
    1.3894954943731375,
    1.5264179671752334,
    1.6768329368110073,
    1.8420699693267153,
    2.0235896477251565,
    2.2229964825261943,
    2.442053094548651,
    2.6826957952797246,
    2.9470517025518097,
    3.2374575428176433,
    3.5564803062231283,
    3.9069399370546147,
    4.291934260128776,
    4.714866363457392,
    5.17947467923121,
    5.689866029018296,
    6.250551925273969,
    6.866488450042998,
    7.543120063354615,
    8.286427728546842,
    9.102981779915218,
    10.0
  ],
  "gamma_max": [
    0.9392366991357838,
    0.9370284063034541,
    0.9343641598761361,
    0.9311499883292115,
    0.9272726276897304,
    0.922595592975369,
    0.916954462851617,
    0.9101512245448199,
    0.901947498674227,
    0.8920564296529478,
    0.8801329882164163,
    0.8657623853433033,
    0.848446238113805,
    0.827586053086319,
    0.8024634970215955,
    0.772216788476754,
    0.7358123556784665,
    0.6920106276758778,
    0.6393244121204483,
    0.5759676894161638,
    0.4997917009636056,
    0.4082037375416683,
    0.2980616844668859,
    0.1655334198517854,
    0.005902883410422847,
    -0.18671035868005684,
    -0.41978660417066965,
    -0.7031630189993707,
    -1.0506118629525292,
    -1.4842988133646922,
    -2.0584288036843406,
    -2.7918259542247212,
    -3.354851837353208,
    -4.0335739056191935,
    -4.852083328064643,
    -5.839493044161626,
    -6.959374465110862,
    -8.320381444423392,
    -9.996800025158198,
    -12.049327933269925,
    -14.55107339542124,
    -17.590468447959907,
    -21.274654611854316,
    -25.733440145675683,
    -31.12397428154649,
    -37.636322611967856,
    -45.500163126822095,
    -54.99286003085157,
    -66.44921734965051,
    -80.27326967602214
  ],
  "omega_max": [
    1.0521167768475546e-13,
    5.005278459828946e-14,
    1.0179557198192926e-13,
    -1.425466007281078e-14,
    -9.530166818158447e-14,
    -7.036694137625985e-14,
    -6.180336474320143e-14,
    -4.671346908478688e-14,
    -5.984040105223195e-14,
    2.4770546059057454e-13,
    6.52212484986063e-14,
    1.234764870673637e-13,
    -1.3330741807742939e-14,
    -1.070793139670525e-13,
    7.529744977689383e-14,
    1.1672941440111635e-14,
    1.3006983898131912e-13,
    2.3565033566431e-13,
    5.522346609486329e-14,
    2.7872742043661713e-14,
    -1.1131068091041961e-13,
    -3.051744785627858e-14,
    3.719090265715664e-14,
    8.977907502596449e-15,
    5.976658356171191e-16,
    1.0074281814157359e-14,
    1.360639958796226e-14,
    1.621943688236742e-14,
    -1.350277968996179e-13,
    9.110516102258413e-14,
    -1.146484403507742e-13,
    0.2963029690546038,
    0.526015034511784,
    0.7089544741866778,
    0.8797930516491425,
    1.0495476986138037,
    -0.9831370036451168,
    -1.1230130541050087,
    -1.3000228001860183,
    1.5104730418488228,
    1.7512837145196565,
    2.0207996051474018,
    -2.318895797278099,
    2.6468120115204767,
    3.006938276554996,
    3.4026372549067454,
    -3.838124675237882,
    4.318404052319223,
    -4.84924461586115,
    -5.437192984395465
  ],
  "params": {
    "alpha": -28.0,
    "dT": 0.8,
    "dR": 1.0
  },
  "metadata": {
    "shear_max": 5.493678074127832e-09,
    "vel_net": 4.1359030627651384e-25,
    "resolution": {
      "H": 25,
      "M": 65,
      "Nz": 129,
      "Nth": 128
    },
    "timestamp": "2026-04-13T12:49:52.049000"
  }
}