{
  "k": [
    0.1,
    0.10985411419875583,
    0.12067926406393285,
    0.13257113655901093,
    0.14563484775012436,
    0.15998587196060582,
    0.1757510624854792,
    0.193069772888325,
    0.21209508879201905,
    0.2329951810515372,
    0.2559547922699536,
    0.281176869797423,
    0.3088843596477481,
    0.3393221771895328,
    0.372759372031494,
    0.4094915062380424,
    0.44984326689694454,
    0.49417133613238345,
    0.5428675439323859,
    0.5963623316594643,
    0.6551285568595507,
    0.7196856730011519,
    0.7906043210907697,
    0.8685113737513525,
    0.9540954763499939,
    1.0481131341546859,
    1.151395399326447,
    1.2648552168552958,
    1.3894954943731375,
    1.5264179671752334,
    1.6768329368110073,
    1.8420699693267153,
    2.0235896477251565,
    2.2229964825261943,
    2.442053094548651,
    2.6826957952797246,
    2.9470517025518097,
    3.2374575428176433,
    3.5564803062231283,
    3.9069399370546147,
    4.291934260128776,
    4.714866363457392,
    5.17947467923121,
    5.689866029018296,
    6.250551925273969,
    6.866488450042998,
    7.543120063354615,
    8.286427728546842,
    9.102981779915218,
    10.0
  ],
  "gamma_max": [
    -2.2965894347400426,
    -2.29907947163851,
    -2.3020807261989242,
    -2.3056972470836756,
    -2.310053856311721,
    -2.3153001186447475,
    -2.321614994388257,
    -2.329212260264819,
    -2.3383467839649956,
    -2.3493217321270676,
    -2.3587723135887337,
    -2.3585818068339717,
    -2.3380903261498984,
    -2.2550986440614778,
    -2.1672834928406286,
    -2.074967145830273,
    -1.978675320647998,
    -1.8791852497201869,
    -1.7775796843974914,
    -1.6753064093366008,
    -1.5742426338532836,
    -1.4767634805131242,
    -1.3858137161597075,
    -1.3049818602941,
    -1.2385759421077378,
    -1.1917007684123788,
    -1.1703384738719556,
    -1.1814387516290297,
    -1.233034766575917,
    -1.3344169554635266,
    -1.178113630247101,
    -0.8442636199976128,
    -0.5714670805215184,
    -0.40089464105197287,
    -0.38089066930315574,
    -0.5651538564780418,
    -1.0115463797249313,
    -1.7816251099550555,
    -2.9413196403592354,
    -4.5630305690586495,
    -6.7290272852668,
    -9.535680658760594,
    -13.097754035824234,
    -17.55130499539593,
    -23.052188176765203,
    -29.76679894545798,
    -37.86668352173442,
    -47.56858959299091,
    -59.19598262043886,
    -73.07720392929147
  ],
  "omega_max": [
    0.18231305939915682,
    0.20036056637954444,
    0.22021335225057023,
    0.24205810965144736,
    0.26610281989407386,
    0.2925798048233746,
    0.32174939286502785,
    0.3539043620449335,
    0.38937536741753936,
    0.42853761671189705,
    2.010841416453719,
    2.075864997849577,
    6.990694786563907,
    7.091454622075024,
    7.2026358886138615,
    7.3251938269394365,
    7.460118036190933,
    7.6084182598772365,
    7.771108393446218,
    7.949191017050169,
    8.143646074989839,
    8.355428551917926,
    8.585480643087559,
    8.834763204259497,
    9.104308264716877,
    9.395288175662424,
    9.709087134120415,
    10.047348025066526,
    10.411954412100956,
    10.804899202831269,
    9.355901452662549,
    9.752958266733966,
    10.21995182460955,
    10.767846242662536,
    11.40559181984686,
    12.141097298777419,
    12.982083486379903,
    13.936774125989361,
    15.014631170544256,
    16.227281438306644,
    17.589784604044638,
    19.122508711956186,
    20.85405249254542,
    22.825660121686663,
    25.096276385603108,
    27.741246045374254,
    30.82882902932259,
    34.391240577999234,
    38.47720720526035,
    43.26146467550481
  ],
  "params": {
    "alpha": -49.0,
    "dT": 0.75,
    "dR": 1.0
  },
  "metadata": {
    "shear_max": 6.808835862543128,
    "vel_net": 2.8724133103665888,
    "resolution": {
      "H": 25,
      "M": 65,
      "Nz": 129,
      "Nth": 128
    },
    "timestamp": "2026-04-16T07:02:41.415491"
  }
}