{
  "k": [
    0.1,
    0.10985411419875583,
    0.12067926406393285,
    0.13257113655901093,
    0.14563484775012436,
    0.15998587196060582,
    0.1757510624854792,
    0.193069772888325,
    0.21209508879201905,
    0.2329951810515372,
    0.2559547922699536,
    0.281176869797423,
    0.3088843596477481,
    0.3393221771895328,
    0.372759372031494,
    0.4094915062380424,
    0.44984326689694454,
    0.49417133613238345,
    0.5428675439323859,
    0.5963623316594643,
    0.6551285568595507,
    0.7196856730011519,
    0.7906043210907697,
    0.8685113737513525,
    0.9540954763499939,
    1.0481131341546859,
    1.151395399326447,
    1.2648552168552958,
    1.3894954943731375,
    1.5264179671752334,
    1.6768329368110073,
    1.8420699693267153,
    2.0235896477251565,
    2.2229964825261943,
    2.442053094548651,
    2.6826957952797246,
    2.9470517025518097,
    3.2374575428176433,
    3.5564803062231283,
    3.9069399370546147,
    4.291934260128776,
    4.714866363457392,
    5.17947467923121,
    5.689866029018296,
    6.250551925273969,
    6.866488450042998,
    7.543120063354615,
    8.286427728546842,
    9.102981779915218,
    10.0
  ],
  "gamma_max": [
    -0.267303101980038,
    -0.2686648510336292,
    -0.2703103623776744,
    -0.2722993418146796,
    -0.2747043405020742,
    -0.277613663072695,
    -0.28113501180631983,
    -0.2854000971779817,
    -0.2905705432158509,
    -0.29684557163367425,
    -0.30447220538475767,
    -0.31375917507947193,
    -0.325096514649529,
    -0.3389843747636829,
    -0.35607775377772044,
    -0.37726093962954166,
    -0.40378313017230555,
    -0.43753762022782294,
    -0.4817479454807839,
    -0.5432324595637378,
    -0.6476243479198083,
    -0.7578288362858374,
    -0.7743203553750434,
    -0.7936257919362821,
    -0.8161762941488506,
    -0.8424825074930569,
    -0.8731648134609613,
    -0.9089933193883665,
    -0.9509353383343212,
    -1.0002065063197099,
    -1.0583227313762378,
    -1.1271538715233407,
    -1.20898407368292,
    -1.3065854781802795,
    -1.4233110504478788,
    -1.5632102669134393,
    -1.7037564055123426,
    -1.8700029879195916,
    -2.0833670781671936,
    -2.3517532276435884,
    -2.684747547842588,
    -3.0939992898343736,
    -3.593653767395485,
    -4.200844795140098,
    -4.936261958028079,
    -5.8248164482164535,
    -6.89643748075676,
    -8.187040077030277,
    -9.73971408157287,
    -11.606191400621432
  ],
  "omega_max": [
    1.1046273600074313e-15,
    2.48732219600595e-15,
    1.1048066183999025e-15,
    9.255335978446569e-16,
    7.878773074456078e-16,
    5.7252916424766435e-16,
    5.425886011400479e-16,
    1.0851987346195904e-15,
    5.366163217149591e-16,
    1.4875197059987305e-15,
    3.478870087477192e-16,
    3.57067135193848e-15,
    2.055333563102187e-15,
    7.90509017205392e-16,
    8.633840174997844e-16,
    2.5024156583211077e-15,
    7.946397136930059e-16,
    2.1406728055898637e-15,
    -4.669406635568054e-15,
    -1.3863772187421427e-15,
    -6.638284375358249e-16,
    0.1489800032761125,
    -0.24431262048795696,
    0.32300710846720354,
    -0.39674793398475033,
    -0.4694699561115097,
    -0.543180996384482,
    -0.6191700652516859,
    0.6984215981229012,
    0.781806046892369,
    0.8701865088307188,
    0.964483003369996,
    -1.0657092816288107,
    -1.1749911270389628,
    -1.2935746400149404,
    1.4228323733859045,
    -1.5184038133507112,
    1.6665206487025563,
    1.8325654529834754,
    2.0185712374263125,
    -2.2266197567942663,
    2.459029585789162,
    -2.7184940093703327,
    -3.0081844200563395,
    -3.3318300067954847,
    -3.693780161563047,
    4.099052017471882,
    -4.553363609516933,
    5.063155410150315,
    -5.635610166242101
  ],
  "params": {
    "alpha": -17.0,
    "dT": 0.1,
    "dR": 1.0
  },
  "metadata": {
    "shear_max": 4.72016479089396e-09,
    "vel_net": 3.618915179919496e-25,
    "resolution": {
      "H": 25,
      "M": 65,
      "Nz": 129,
      "Nth": 128
    },
    "timestamp": "2026-04-13T11:28:48.317532"
  }
}