{
  "k": [
    0.1,
    0.10985411419875583,
    0.12067926406393285,
    0.13257113655901093,
    0.14563484775012436,
    0.15998587196060582,
    0.1757510624854792,
    0.193069772888325,
    0.21209508879201905,
    0.2329951810515372,
    0.2559547922699536,
    0.281176869797423,
    0.3088843596477481,
    0.3393221771895328,
    0.372759372031494,
    0.4094915062380424,
    0.44984326689694454,
    0.49417133613238345,
    0.5428675439323859,
    0.5963623316594643,
    0.6551285568595507,
    0.7196856730011519,
    0.7906043210907697,
    0.8685113737513525,
    0.9540954763499939,
    1.0481131341546859,
    1.151395399326447,
    1.2648552168552958,
    1.3894954943731375,
    1.5264179671752334,
    1.6768329368110073,
    1.8420699693267153,
    2.0235896477251565,
    2.2229964825261943,
    2.442053094548651,
    2.6826957952797246,
    2.9470517025518097,
    3.2374575428176433,
    3.5564803062231283,
    3.9069399370546147,
    4.291934260128776,
    4.714866363457392,
    5.17947467923121,
    5.689866029018296,
    6.250551925273969,
    6.866488450042998,
    7.543120063354615,
    8.286427728546842,
    9.102981779915218,
    10.0
  ],
  "gamma_max": [
    3.232318138625708,
    3.2296859784903704,
    3.2265114585335675,
    3.222683302215813,
    3.218067614912082,
    3.21250337992131,
    3.20579709752038,
    3.1977164206865827,
    3.1879826225854706,
    3.1762617115228076,
    3.1621539921000004,
    3.145181852666682,
    3.124775543785345,
    3.1002566944475713,
    3.070819289293369,
    3.0355077911989565,
    2.993192020449079,
    2.942538266361182,
    2.8819758647894433,
    2.8096580721780646,
    2.723415436938295,
    2.6206989590573246,
    2.498509117831392,
    2.3533053830842277,
    2.180889245720396,
    1.9762523284171394,
    1.7333799876605114,
    1.4450000649991082,
    1.1022658111136834,
    0.6943606882539474,
    0.208009300382958,
    -0.37312919237507536,
    -1.0692251457788453,
    -1.9052734993102904,
    -2.9124682715692116,
    -3.9030030628510457,
    -5.068376146349966,
    -6.575090819558736,
    -8.489660956867432,
    -10.897031128380847,
    -13.91771023178883,
    -17.801502311169973,
    -22.485462602703137,
    -27.423257495418888,
    -33.39442093568795,
    -40.60970401828658,
    -49.323894419019105,
    -59.84480414230841,
    -72.5441228823144,
    -87.87052933044004
  ],
  "omega_max": [
    7.804100081599995e-14,
    5.186328714647338e-13,
    -7.720785545053815e-14,
    -7.828815662320241e-13,
    -5.281036347437821e-13,
    -3.7380743627240035e-14,
    -4.681978903038285e-13,
    -9.258854818470625e-13,
    -7.59035349998193e-13,
    5.050076406161222e-13,
    -2.561666783010171e-13,
    -1.0751578822125971e-12,
    -8.412514810850216e-13,
    -1.088037795105077e-12,
    -8.104104593668178e-14,
    7.707619659519885e-13,
    -5.734300579842824e-14,
    -9.66374664965297e-14,
    -2.647488624703425e-13,
    -6.297285431175052e-14,
    -5.10680264579033e-14,
    -3.1071289888627956e-14,
    -1.207466868803938e-12,
    2.3763860098242847e-13,
    -2.188082823232412e-13,
    1.8081359207049748e-13,
    -1.6120171167575242e-13,
    -1.325737127708052e-13,
    -8.189197668424445e-14,
    4.068295053635925e-14,
    8.331953430726446e-15,
    1.48858292864968e-14,
    3.549571723612631e-14,
    2.4561916233425554e-13,
    -9.940111505371573e-14,
    6.295293527991077e-14,
    -2.991395006940801e-13,
    -3.920921357237252e-13,
    4.070044695060347e-13,
    8.857580222681235e-13,
    1.924725700996392e-12,
    4.008576958609549e-12,
    -0.9163323310167251,
    1.550209763546854,
    -2.0957166725536567,
    -2.625585437808208,
    3.165340346383357,
    -3.7295469192883464,
    -4.329038369632099,
    -4.973283464860254
  ],
  "params": {
    "alpha": -38.0,
    "dT": 0.8888888888888888,
    "dR": 1.0
  },
  "metadata": {
    "shear_max": 1.838815584641977e-08,
    "vel_net": 2.016289495017604e-09,
    "resolution": {
      "H": 25,
      "M": 65,
      "Nz": 129,
      "Nth": 128
    },
    "timestamp": "2026-04-13T14:34:29.633840"
  }
}