{
  "k": [
    0.1,
    0.10985411419875583,
    0.12067926406393285,
    0.13257113655901093,
    0.14563484775012436,
    0.15998587196060582,
    0.1757510624854792,
    0.193069772888325,
    0.21209508879201905,
    0.2329951810515372,
    0.2559547922699536,
    0.281176869797423,
    0.3088843596477481,
    0.3393221771895328,
    0.372759372031494,
    0.4094915062380424,
    0.44984326689694454,
    0.49417133613238345,
    0.5428675439323859,
    0.5963623316594643,
    0.6551285568595507,
    0.7196856730011519,
    0.7906043210907697,
    0.8685113737513525,
    0.9540954763499939,
    1.0481131341546859,
    1.151395399326447,
    1.2648552168552958,
    1.3894954943731375,
    1.5264179671752334,
    1.6768329368110073,
    1.8420699693267153,
    2.0235896477251565,
    2.2229964825261943,
    2.442053094548651,
    2.6826957952797246,
    2.9470517025518097,
    3.2374575428176433,
    3.5564803062231283,
    3.9069399370546147,
    4.291934260128776,
    4.714866363457392,
    5.17947467923121,
    5.689866029018296,
    6.250551925273969,
    6.866488450042998,
    7.543120063354615,
    8.286427728546842,
    9.102981779915218,
    10.0
  ],
  "gamma_max": [
    1.2597858313168808,
    1.2574807355872732,
    1.254699726763062,
    1.2513447327301097,
    1.247297553195365,
    1.2424157641425733,
    1.23652780316473,
    1.2294270783527392,
    1.2208649132857505,
    1.2105421084862236,
    1.1980988594846338,
    1.183102725086171,
    1.1650342830615357,
    1.1432700401976639,
    1.1170620742051285,
    1.0855137645691046,
    1.0475508061351921,
    1.0018864646651435,
    0.9469797006500583,
    0.8809843040497235,
    0.8016864924817653,
    0.7064274423121605,
    0.5920058266676357,
    0.45455342979886315,
    0.28937387649112273,
    0.09072952326306268,
    -0.14844772924679417,
    -0.43696570382543926,
    -0.7859935540237516,
    -1.2101259919766043,
    -1.7296095518804082,
    -2.3769055088394615,
    -3.2386541367284907,
    -4.231429346435688,
    -5.1247203472259235,
    -6.2025292656548245,
    -7.432458004063844,
    -8.919480408145429,
    -10.750799426978627,
    -12.99274325933379,
    -15.725209162067427,
    -19.04484480295469,
    -23.068747452618673,
    -27.93878979763469,
    -33.82673152855289,
    -40.940318232241594,
    -49.53060772943182,
    -59.90080489397392,
    -72.41693448659741,
    -87.5207414113169
  ],
  "omega_max": [
    -2.827139396153518e-14,
    1.6370730567443333e-13,
    -3.2056652932861714e-13,
    -1.038043378220161e-13,
    1.7816786921265934e-13,
    -1.442085494805969e-13,
    2.0281282449395634e-13,
    2.105520990143056e-13,
    -1.534496995309032e-13,
    5.085816173389273e-13,
    -3.4963469357509706e-15,
    -1.3787083731118737e-13,
    1.5533944092647298e-13,
    4.037814565386335e-14,
    1.3566957386434498e-14,
    -6.747683012202098e-14,
    -2.482849654114504e-13,
    1.4437802795136506e-13,
    2.764940724920338e-13,
    6.4190251602117435e-15,
    1.4664974446680183e-14,
    4.389519007675015e-15,
    2.154288993534405e-14,
    9.794430152976779e-15,
    -1.1132318455144064e-14,
    -1.5702336202234948e-15,
    9.51467864850641e-16,
    -1.0861781534727801e-14,
    -1.2243523484733344e-13,
    8.805188687528436e-14,
    1.3569439642325406e-13,
    -2.0275547848311685e-13,
    -7.685697864190436e-14,
    -0.39840904198843063,
    0.6523932730302177,
    0.8646251884978698,
    -0.7393268811498859,
    -0.8893635544072857,
    -1.0847742094358828,
    -1.3161827360596727,
    1.5775828206799853,
    -1.8661186389793667,
    -2.181305696518318,
    -2.5243832847972887,
    2.8978724157324454,
    -3.305295989865861,
    -3.7510147689114994,
    -4.240144119715592,
    -4.778526784496185,
    5.3727460374479605
  ],
  "params": {
    "alpha": -30.0,
    "dT": 0.875,
    "dR": 1.0
  },
  "metadata": {
    "shear_max": 6.0144532707890306e-09,
    "vel_net": 2.0679515313825692e-25,
    "resolution": {
      "H": 25,
      "M": 65,
      "Nz": 129,
      "Nth": 128
    },
    "timestamp": "2026-04-13T13:08:40.550581"
  }
}