{
  "k": [
    0.1,
    0.10985411419875583,
    0.12067926406393285,
    0.13257113655901093,
    0.14563484775012436,
    0.15998587196060582,
    0.1757510624854792,
    0.193069772888325,
    0.21209508879201905,
    0.2329951810515372,
    0.2559547922699536,
    0.281176869797423,
    0.3088843596477481,
    0.3393221771895328,
    0.372759372031494,
    0.4094915062380424,
    0.44984326689694454,
    0.49417133613238345,
    0.5428675439323859,
    0.5963623316594643,
    0.6551285568595507,
    0.7196856730011519,
    0.7906043210907697,
    0.8685113737513525,
    0.9540954763499939,
    1.0481131341546859,
    1.151395399326447,
    1.2648552168552958,
    1.3894954943731375,
    1.5264179671752334,
    1.6768329368110073,
    1.8420699693267153,
    2.0235896477251565,
    2.2229964825261943,
    2.442053094548651,
    2.6826957952797246,
    2.9470517025518097,
    3.2374575428176433,
    3.5564803062231283,
    3.9069399370546147,
    4.291934260128776,
    4.714866363457392,
    5.17947467923121,
    5.689866029018296,
    6.250551925273969,
    6.866488450042998,
    7.543120063354615,
    8.286427728546842,
    9.102981779915218,
    10.0
  ],
  "gamma_max": [
    0.014718859483634288,
    0.003883202292274581,
    -0.009188007168729499,
    -0.024956096260275815,
    -0.04397893562750353,
    -0.06693341788583733,
    -0.0946465728642044,
    -0.1281437140250638,
    -0.16873692685406033,
    -0.21823096587380397,
    -0.2795789306320372,
    -0.3604619135403313,
    -0.4734495266323763,
    -0.5149195466724742,
    -0.563290922998688,
    -0.619386829052825,
    -0.6242542747846245,
    -0.5793867222631471,
    -0.5586745112689957,
    -0.5425261618828128,
    -0.46516103328317876,
    -0.3030668266224971,
    -0.1431626084656367,
    0.012109436873232198,
    0.16014900726917985,
    0.29795980404902606,
    0.42183219606562555,
    0.5269391548874723,
    0.6068327971935443,
    0.6528473500741463,
    0.6534813060238874,
    0.5940223684458318,
    0.4572292056964741,
    0.22727525877424648,
    0.14308898811886375,
    0.3328902051730552,
    0.41002275195377524,
    0.2248643054354117,
    -0.34898457016114437,
    -1.4364793415995398,
    -1.7935656086681675,
    -1.9365910431631568,
    -2.2582676091344447,
    -2.8012298762270484,
    -3.595815798705506,
    -4.674422210954532,
    -6.077357823305249,
    -7.855000135207591,
    -10.06822638562682,
    -12.78613783690475
  ],
  "omega_max": [
    -5.459046348417457e-14,
    -1.385106722984437e-13,
    -1.7842516769933275e-15,
    4.98845726112791e-14,
    1.7331591586966413e-14,
    4.057092836675259e-14,
    1.0331785625128071e-14,
    1.0629623775133748e-13,
    -4.9638193139791454e-14,
    7.060404074982643e-14,
    5.0644514240662177e-14,
    1.880927233834548e-13,
    -0.05925965717221261,
    0.10374969579525001,
    0.11769570574823349,
    -0.10108436060697547,
    -2.2870519981661012e-14,
    1.3195185456328389e-15,
    2.887333459431041e-15,
    8.801366002126221e-15,
    -4.504243292721789,
    -4.601470651649719,
    4.702343886585077,
    4.803074929263423,
    -4.899180914636121,
    4.985522475496764,
    5.056341731815892,
    -5.105347326532201,
    -5.125910586411139,
    -5.111459317710441,
    5.056204052315633,
    -4.9564728485388185,
    -4.813390862306639,
    4.638939750425616,
    9.903836494557461e-12,
    -1.2300589973647766e-11,
    -1.112045682435183e-11,
    -1.2476913572126558e-11,
    9.734958199409996e-13,
    -3.098543234204618e-11,
    6.514010112356056,
    7.27172054827982,
    -8.141085086728754,
    -9.112850424253203,
    10.182855536308578,
    11.356235805697764,
    12.645840077790275,
    14.071483329031484,
    -15.660851142668047,
    -17.45119705636936
  ],
  "params": {
    "alpha": -38.0,
    "dT": 0.14285714285714285,
    "dR": 1.0
  },
  "metadata": {
    "shear_max": 4.794940649214477,
    "vel_net": 9.586775817638227e-14,
    "resolution": {
      "H": 25,
      "M": 65,
      "Nz": 129,
      "Nth": 128
    },
    "timestamp": "2026-04-15T19:12:11.773367"
  }
}