{
  "k": [
    0.1,
    0.10985411419875583,
    0.12067926406393285,
    0.13257113655901093,
    0.14563484775012436,
    0.15998587196060582,
    0.1757510624854792,
    0.193069772888325,
    0.21209508879201905,
    0.2329951810515372,
    0.2559547922699536,
    0.281176869797423,
    0.3088843596477481,
    0.3393221771895328,
    0.372759372031494,
    0.4094915062380424,
    0.44984326689694454,
    0.49417133613238345,
    0.5428675439323859,
    0.5963623316594643,
    0.6551285568595507,
    0.7196856730011519,
    0.7906043210907697,
    0.8685113737513525,
    0.9540954763499939,
    1.0481131341546859,
    1.151395399326447,
    1.2648552168552958,
    1.3894954943731375,
    1.5264179671752334,
    1.6768329368110073,
    1.8420699693267153,
    2.0235896477251565,
    2.2229964825261943,
    2.442053094548651,
    2.6826957952797246,
    2.9470517025518097,
    3.2374575428176433,
    3.5564803062231283,
    3.9069399370546147,
    4.291934260128776,
    4.714866363457392,
    5.17947467923121,
    5.689866029018296,
    6.250551925273969,
    6.866488450042998,
    7.543120063354615,
    8.286427728546842,
    9.102981779915218,
    10.0
  ],
  "gamma_max": [
    -1.0088346866916944,
    -1.0106622085963943,
    -1.012867911846422,
    -1.0155301228036409,
    -1.018743421313184,
    -1.0226220280755862,
    -1.0273039049815567,
    -1.032955721914606,
    -1.039778878333756,
    -1.0480168115775956,
    -1.0579638790285097,
    -1.0699761719421772,
    -1.0844847105064899,
    -1.102011591032933,
    -1.123189820123807,
    -1.1487877980638501,
    -1.1797397389693298,
    -1.2171837975058306,
    -1.262510416879899,
    -1.3174246180000029,
    -1.3840280052241574,
    -1.464929989337479,
    -1.5634049796158707,
    -1.6768792079366237,
    -1.7919676285688402,
    -1.932645089489987,
    -2.1044247964738676,
    -2.313937581659263,
    -2.569152684211847,
    -2.879646845572788,
    -3.2569327597324356,
    -3.714859694090775,
    -4.270101243389509,
    -4.942747951328848,
    -5.757026145207401,
    -6.742168825747301,
    -7.928582522702318,
    -9.310314967493243,
    -11.005149214209853,
    -13.074382202917896,
    -15.591751026636055,
    -18.646312100522067,
    -22.345794434551603,
    -26.820530456911236,
    -32.228108865504375,
    -38.75893097151557,
    -46.64288869035663,
    -56.15742323189729,
    -67.63727154381142,
    -81.4862632400899
  ],
  "omega_max": [
    1.1364138200912684e-15,
    -7.92368391529091e-16,
    -4.718825105900566e-16,
    9.814539438117774e-16,
    -2.853775592164559e-16,
    -3.2999477953800064e-17,
    1.8905018613169993e-16,
    1.0096960886952688e-15,
    6.005327083494618e-17,
    1.0733081459329641e-15,
    9.319941229843791e-17,
    -1.9065565934739997e-16,
    -5.222964671080389e-16,
    4.044862933830561e-16,
    -4.201823462600952e-16,
    7.32588104057846e-16,
    -3.0903853958173466e-16,
    1.6448358196704704e-16,
    -8.848103098703411e-16,
    2.697676164406454e-15,
    6.1673413107696856e-15,
    4.765121350081683e-16,
    2.17091689539446e-15,
    -0.4787211441294866,
    0.5245354973483501,
    0.5738539318041814,
    0.6271418740955381,
    0.6849315211226985,
    -0.7478261193316795,
    0.8165036261560533,
    0.8917208953873936,
    0.9743194720236805,
    1.065233720963209,
    -1.1655014650213935,
    1.2762768098673951,
    -1.3988447017010153,
    1.4530779515457792,
    1.6035853358624883,
    1.7707872985427073,
    1.9577445601134897,
    -2.1670716918839044,
    2.4012924766170154,
    -2.6631195277781843,
    2.955649206695231,
    -3.282488811706291,
    -3.647838528977484,
    4.056545235652561,
    -4.5141384125188955,
    5.026855911589519,
    5.601670803266788
  ],
  "params": {
    "alpha": -19.0,
    "dT": 0.8,
    "dR": 1.0
  },
  "metadata": {
    "shear_max": 2.194446070744838e-09,
    "vel_net": 7.754818242684634e-26,
    "resolution": {
      "H": 25,
      "M": 65,
      "Nz": 129,
      "Nth": 128
    },
    "timestamp": "2026-04-13T11:23:10.169033"
  }
}