{
  "k": [
    0.1,
    0.10985411419875583,
    0.12067926406393285,
    0.13257113655901093,
    0.14563484775012436,
    0.15998587196060582,
    0.1757510624854792,
    0.193069772888325,
    0.21209508879201905,
    0.2329951810515372,
    0.2559547922699536,
    0.281176869797423,
    0.3088843596477481,
    0.3393221771895328,
    0.372759372031494,
    0.4094915062380424,
    0.44984326689694454,
    0.49417133613238345,
    0.5428675439323859,
    0.5963623316594643,
    0.6551285568595507,
    0.7196856730011519,
    0.7906043210907697,
    0.8685113737513525,
    0.9540954763499939,
    1.0481131341546859,
    1.151395399326447,
    1.2648552168552958,
    1.3894954943731375,
    1.5264179671752334,
    1.6768329368110073,
    1.8420699693267153,
    2.0235896477251565,
    2.2229964825261943,
    2.442053094548651,
    2.6826957952797246,
    2.9470517025518097,
    3.2374575428176433,
    3.5564803062231283,
    3.9069399370546147,
    4.291934260128776,
    4.714866363457392,
    5.17947467923121,
    5.689866029018296,
    6.250551925273969,
    6.866488450042998,
    7.543120063354615,
    8.286427728546842,
    9.102981779915218,
    10.0
  ],
  "gamma_max": [
    0.14694813926518469,
    0.1344926260882981,
    0.11944887122438451,
    0.10127549808798039,
    0.079315687798926,
    0.05277065519971251,
    0.02066473049821403,
    -0.018203996615914122,
    -0.06534281701190826,
    -0.12271922258321655,
    -0.19315928221528816,
    -0.2818403555515503,
    -0.4090386917969733,
    -0.5220940274730282,
    -0.5800392466812074,
    -0.6469569385368619,
    -0.7238368452613075,
    -0.695386633475444,
    -0.6512630883978566,
    -0.5069254393826386,
    -0.34349398790352376,
    -0.18284442147726743,
    -0.027117557867707656,
    0.12162746632470135,
    0.2611692260122063,
    0.3888502736116576,
    0.5012722907589329,
    0.59393913007011,
    0.6608269845425937,
    0.6938833764726515,
    0.6825155674459975,
    0.613272702618159,
    0.47030510367396056,
    0.2381572063574362,
    -0.09008136792071451,
    -0.0011746806885194476,
    0.006736182485607117,
    -0.22081408403981181,
    -0.7889849693974196,
    -1.7662906841359582,
    -2.31505041506492,
    -2.5897516070174174,
    -3.0562544975882027,
    -3.7567781528871445,
    -4.725956775575171,
    -6.002256188961207,
    -7.633116459955871,
    -9.677665329859696,
    -12.208680658234764,
    -15.313643746623805
  ],
  "omega_max": [
    -7.197553210703247e-13,
    1.8830100612293129e-13,
    -4.0018350657164084e-12,
    -2.0534047780621496e-12,
    -9.10170947936492e-15,
    -5.81511047588696e-12,
    -1.3069068118251346e-12,
    -4.853563303188561e-13,
    7.278635358582125e-13,
    -5.383406719927681e-12,
    2.903027995296177e-13,
    3.597785279421982e-12,
    -8.545332044893977e-13,
    -0.10787823799253542,
    -0.14979967492550583,
    -0.15815874034845104,
    -0.12237186730767073,
    5.34663783565968e-13,
    5.33617695294671e-13,
    -4.074268900574338,
    4.175023613002356,
    4.28245981270442,
    4.393014784957045,
    -4.502639770589459,
    -4.606837496432066,
    4.700652750792642,
    4.778671039042944,
    4.835081673274043,
    4.8638661081029735,
    -4.859186725756275,
    4.816084432596706,
    4.731677837201965,
    4.6072952380734655,
    -4.452554517922914,
    4.292924136826885,
    -2.7579245666348625e-12,
    -1.5378449883983164e-12,
    -1.295784342619324e-12,
    -6.771980167220085e-12,
    3.707978937054408e-11,
    -6.148466713321336,
    -6.90124853985699,
    -7.742752923750402,
    8.672468317433982,
    9.690767527178313,
    10.803771651120197,
    -12.02292304309757,
    13.36458630435845,
    -14.85073417713365,
    16.510976715445935
  ],
  "params": {
    "alpha": -37.5,
    "dT": 0.16666666666666666,
    "dR": 1.0
  },
  "metadata": {
    "shear_max": 4.485165211828371,
    "vel_net": 4.716438769358412e-13,
    "resolution": {
      "H": 20,
      "M": 49,
      "Nz": 97,
      "Nth": 96
    },
    "timestamp": "2026-02-13T15:08:58.773674"
  }
}