{
  "k": [
    0.1,
    0.10985411419875583,
    0.12067926406393285,
    0.13257113655901093,
    0.14563484775012436,
    0.15998587196060582,
    0.1757510624854792,
    0.193069772888325,
    0.21209508879201905,
    0.2329951810515372,
    0.2559547922699536,
    0.281176869797423,
    0.3088843596477481,
    0.3393221771895328,
    0.372759372031494,
    0.4094915062380424,
    0.44984326689694454,
    0.49417133613238345,
    0.5428675439323859,
    0.5963623316594643,
    0.6551285568595507,
    0.7196856730011519,
    0.7906043210907697,
    0.8685113737513525,
    0.9540954763499939,
    1.0481131341546859,
    1.151395399326447,
    1.2648552168552958,
    1.3894954943731375,
    1.5264179671752334,
    1.6768329368110073,
    1.8420699693267153,
    2.0235896477251565,
    2.2229964825261943,
    2.442053094548651,
    2.6826957952797246,
    2.9470517025518097,
    3.2374575428176433,
    3.5564803062231283,
    3.9069399370546147,
    4.291934260128776,
    4.714866363457392,
    5.17947467923121,
    5.689866029018296,
    6.250551925273969,
    6.866488450042998,
    7.543120063354615,
    8.286427728546842,
    9.102981779915218,
    10.0
  ],
  "gamma_max": [
    -0.9361522975371812,
    -0.9338051085881927,
    -0.9314913193395242,
    -0.929277104870424,
    -0.9272496971596692,
    -0.9255228623666436,
    -0.9242439742456552,
    -0.9236034626465747,
    -0.9238479282683016,
    -0.9252992245969205,
    -0.9283838005166933,
    -0.9336807074073883,
    -0.9420062865999587,
    -0.9500534296532532,
    -0.9311758431128899,
    -0.910647058468465,
    -0.8882969210635594,
    -0.8640566900139486,
    -0.8380299675651598,
    -0.8105488295028279,
    -0.7822026220583242,
    -0.7538405915364749,
    -0.7265587385656477,
    -0.7016813293297562,
    -0.6807420938665515,
    -0.6654648564936062,
    -0.6577410417854225,
    -0.6596027750243004,
    -0.6731953831620926,
    -0.7007626250158698,
    -0.730450945253563,
    -0.703291264762468,
    -0.6946623129559167,
    -0.7116442272813088,
    -0.7623201529679317,
    -0.8555294104917709,
    -1.0007032929280695,
    -1.207933023427498,
    -1.4882332876070221,
    -1.8533579053367126,
    -2.3126213965910036,
    -2.861580476919612,
    -3.478477558887654,
    -4.168721393617844,
    -4.974586421652116,
    -5.941321443292948,
    -7.110919956596217,
    -8.526933994246521,
    -10.238273375091804,
    -12.301906369178386
  ],
  "omega_max": [
    0.194852963951674,
    0.191399778304667,
    0.18776593582599072,
    0.1839564585065799,
    0.179978700840332,
    0.17584250577483787,
    0.17156047738891106,
    0.1671485014565022,
    0.16262673843521344,
    0.15802141581218732,
    0.15336786070086478,
    0.1487153649688724,
    0.14413428694811556,
    -1.7381652072805893,
    -1.7934010968226666,
    -1.8548978701886225,
    -1.9228877703626452,
    -1.9974629090768736,
    -2.078589698259763,
    -2.166153245597211,
    -2.260018153584964,
    -2.3600901323766554,
    -2.466370805096786,
    -2.5790074013864226,
    -2.6983427667776896,
    -2.824968477718378,
    -2.959777336955452,
    -3.104003662187626,
    -3.2592325616015803,
    -3.4273552659399487,
    -3.289582769068211,
    -3.495741088061041,
    -3.728001449075999,
    -3.991650371184123,
    -4.292650281847812,
    -4.637444819582901,
    -5.032874492665006,
    -5.486415187629316,
    -6.0070625681059235,
    -6.60736371393273,
    -7.306651687614967,
    -8.128956970173741,
    -9.076180767397325,
    -10.118189926919223,
    -11.241305742674207,
    -12.455165192295421,
    -13.776827143062993,
    -15.224987762069276,
    -16.819060626668623,
    -18.579165014401745
  ],
  "params": {
    "alpha": -22.0,
    "dT": 0.1111111111111111,
    "dR": 1.0
  },
  "metadata": {
    "shear_max": 2.2039144750106376,
    "vel_net": 0.882751306073167,
    "resolution": {
      "H": 25,
      "M": 65,
      "Nz": 129,
      "Nth": 128
    },
    "timestamp": "2026-04-13T13:08:38.886032"
  }
}