{
  "k": [
    0.1,
    0.10985411419875583,
    0.12067926406393285,
    0.13257113655901093,
    0.14563484775012436,
    0.15998587196060582,
    0.1757510624854792,
    0.193069772888325,
    0.21209508879201905,
    0.2329951810515372,
    0.2559547922699536,
    0.281176869797423,
    0.3088843596477481,
    0.3393221771895328,
    0.372759372031494,
    0.4094915062380424,
    0.44984326689694454,
    0.49417133613238345,
    0.5428675439323859,
    0.5963623316594643,
    0.6551285568595507,
    0.7196856730011519,
    0.7906043210907697,
    0.8685113737513525,
    0.9540954763499939,
    1.0481131341546859,
    1.151395399326447,
    1.2648552168552958,
    1.3894954943731375,
    1.5264179671752334,
    1.6768329368110073,
    1.8420699693267153,
    2.0235896477251565,
    2.2229964825261943,
    2.442053094548651,
    2.6826957952797246,
    2.9470517025518097,
    3.2374575428176433,
    3.5564803062231283,
    3.9069399370546147,
    4.291934260128776,
    4.714866363457392,
    5.17947467923121,
    5.689866029018296,
    6.250551925273969,
    6.866488450042998,
    7.543120063354615,
    8.286427728546842,
    9.102981779915218,
    10.0
  ],
  "gamma_max": [
    -0.026980878639674293,
    -0.034459525705825354,
    -0.043450774530210075,
    -0.05425203586236492,
    -0.06721523837175798,
    -0.0827548845969036,
    -0.10135618549421385,
    -0.1235822988413732,
    -0.1500784591569111,
    -0.1815673800125236,
    -0.21881894663225518,
    -0.2625294538278844,
    -0.31277320583493323,
    -0.36546423154415464,
    -0.3975937131909015,
    -0.4036364037423451,
    -0.40283182658215627,
    -0.4000674112840272,
    -0.3964683747455165,
    -0.39251490629554037,
    -0.38857541942756,
    -0.3850528225063452,
    -0.3824487458948501,
    -0.38140322704913576,
    -0.17612622584409224,
    0.048511456946969386,
    0.26433815383605125,
    0.4619592543947016,
    0.6267495953799064,
    0.7352123454212888,
    0.7484516251902655,
    0.6006818564092458,
    0.23727343921462965,
    1.7812867537315975,
    3.4743851210857497,
    4.834497981482393,
    5.761741094003767,
    6.234622319867371,
    6.206590453118726,
    5.582231597628047,
    4.201122282296658,
    1.9203534309093468,
    0.9017036075288458,
    1.2815599975888579,
    1.2229069115053102,
    0.7490706509888523,
    -0.1464591444635015,
    -1.5029610378070948,
    -3.38104576310345,
    -5.822698266217077
  ],
  "omega_max": [
    2.90005480087965e-12,
    4.8389262799742015e-12,
    -4.0798952076039855e-13,
    8.534596070546041e-12,
    -2.1706203175258857e-12,
    4.990166296268947e-12,
    -1.8787079485533385e-12,
    2.908761590958921e-13,
    3.626578935999435e-12,
    -4.013046001158967e-13,
    4.6418832917992614e-12,
    -2.390158676662765e-12,
    1.2621097741086297e-12,
    -5.0232446320326247e-14,
    1.200546853644951e-12,
    -3.467079060831213e-13,
    -2.1505491828368254e-14,
    -6.931988320881625e-13,
    1.4138768335957452e-13,
    5.995576000793364e-14,
    -2.6068095525871476e-13,
    1.819788388582292e-13,
    1.2353343604778853e-13,
    4.066574406311712e-13,
    -7.985885761348187,
    -8.078274761659374,
    8.145275474719051,
    8.174648246981434,
    -8.151985753867745,
    8.061117668329935,
    -7.885566352675226,
    -7.613464795837395,
    5.729229753104065e-11,
    3.0715115296567536e-11,
    5.003094141375373e-13,
    3.863055495451263e-12,
    -6.167253164223439e-13,
    -1.6720852952090538e-12,
    3.0397804148536843e-12,
    -2.899723195284428e-14,
    -6.180078025052735e-12,
    1.0017690299516391e-11,
    11.196307430260708,
    -12.635831351130003,
    14.276283367106785,
    -16.052512399757443,
    -17.96996335782131,
    20.069083255037267,
    -22.428974242853606,
    -25.191363151902735
  ],
  "params": {
    "alpha": -53.0,
    "dT": 0.1111111111111111,
    "dR": 1.0
  },
  "metadata": {
    "shear_max": 7.794129136792464,
    "vel_net": 7.838174553853605e-14,
    "resolution": {
      "H": 25,
      "M": 65,
      "Nz": 129,
      "Nth": 128
    },
    "timestamp": "2026-04-17T01:03:08.359273"
  }
}