{
  "k": [
    0.1,
    0.10985411419875583,
    0.12067926406393285,
    0.13257113655901093,
    0.14563484775012436,
    0.15998587196060582,
    0.1757510624854792,
    0.193069772888325,
    0.21209508879201905,
    0.2329951810515372,
    0.2559547922699536,
    0.281176869797423,
    0.3088843596477481,
    0.3393221771895328,
    0.372759372031494,
    0.4094915062380424,
    0.44984326689694454,
    0.49417133613238345,
    0.5428675439323859,
    0.5963623316594643,
    0.6551285568595507,
    0.7196856730011519,
    0.7906043210907697,
    0.8685113737513525,
    0.9540954763499939,
    1.0481131341546859,
    1.151395399326447,
    1.2648552168552958,
    1.3894954943731375,
    1.5264179671752334,
    1.6768329368110073,
    1.8420699693267153,
    2.0235896477251565,
    2.2229964825261943,
    2.442053094548651,
    2.6826957952797246,
    2.9470517025518097,
    3.2374575428176433,
    3.5564803062231283,
    3.9069399370546147,
    4.291934260128776,
    4.714866363457392,
    5.17947467923121,
    5.689866029018296,
    6.250551925273969,
    6.866488450042998,
    7.543120063354615,
    8.286427728546842,
    9.102981779915218,
    10.0
  ],
  "gamma_max": [
    -0.029507773699240306,
    -0.03707272396003691,
    -0.04617107072936479,
    -0.05710568375412495,
    -0.07023546729309271,
    -0.08598379676475744,
    -0.10484704949617521,
    -0.127402128668593,
    -0.15431039776409994,
    -0.18631125505932258,
    -0.22418422064415838,
    -0.26859596418061293,
    -0.3193765984875361,
    -0.3707225755022841,
    -0.397096138089631,
    -0.3996280224441421,
    -0.3958959974185281,
    -0.3898218204339156,
    -0.3822844716515409,
    -0.373583010945462,
    -0.363875815607471,
    -0.3532949250813773,
    -0.3419831612663278,
    -0.25880912921272076,
    -0.07161406469754288,
    0.11027942991963822,
    0.2816507342954486,
    0.43531341634417353,
    0.5609670150151879,
    0.6434634917215687,
    0.6602870330006105,
    0.5785746676947952,
    0.35695317162310464,
    0.5791304379901219,
    1.5060321509523558,
    2.428225760330234,
    3.0289444639930205,
    3.222323886416977,
    2.9490236938983276,
    2.1054274907639887,
    0.5360801292702865,
    -0.37809222093610895,
    -0.16485522516931833,
    -0.2131047991024315,
    -0.5551735522225328,
    -1.2020643842398335,
    -2.1730870854624684,
    -3.4918006103684243,
    -5.167354690043995,
    -7.1803097116722645
  ],
  "omega_max": [
    -1.324045613801146e-12,
    9.854001149294332e-14,
    1.995658509762064e-12,
    7.470451778195934e-13,
    2.7919854821617e-12,
    1.8550799147424608e-13,
    -2.3557991985903503e-13,
    1.5096986825009438e-12,
    -5.53245590178095e-13,
    4.778231273513669e-13,
    1.0126387686407392e-12,
    8.616844648949136e-13,
    -1.7454624308995122e-12,
    -9.016640901459502e-13,
    -7.190131556446097e-13,
    -9.644314643338758e-13,
    7.476484781262769e-14,
    1.2700068348630033e-13,
    1.0758132890363638e-13,
    -6.728233739345319e-14,
    1.4990679070234066e-13,
    5.185547905473797e-14,
    -5.753987456858258e-14,
    -6.309910769496968,
    -6.397767715494274,
    6.473752682552792,
    -6.530158461447962,
    6.557849300383982,
    -6.546357321481543,
    6.484153771950793,
    6.359323352175662,
    -6.161570319247265,
    5.8906994053036685,
    2.050163541704356e-11,
    3.405791028673828e-11,
    5.056213031374901e-12,
    1.522837129010339e-12,
    -1.5084730455943619e-13,
    5.658672510463597e-12,
    4.40248131045051e-12,
    -5.768286249095642e-11,
    -8.796746489887777,
    9.76835017501871,
    10.957183970484797,
    12.300888775153622,
    13.787398924245629,
    15.438052208571893,
    -17.2986397509013,
    -19.431089209823657,
    21.87889096757272
  ],
  "params": {
    "alpha": -44.0,
    "dT": 0.1,
    "dR": 1.0
  },
  "metadata": {
    "shear_max": 6.3034412494847345,
    "vel_net": 7.771561172376096e-16,
    "resolution": {
      "H": 25,
      "M": 65,
      "Nz": 129,
      "Nth": 128
    },
    "timestamp": "2026-04-15T22:40:41.425972"
  }
}