{
  "k": [
    0.1,
    0.10985411419875583,
    0.12067926406393285,
    0.13257113655901093,
    0.14563484775012436,
    0.15998587196060582,
    0.1757510624854792,
    0.193069772888325,
    0.21209508879201905,
    0.2329951810515372,
    0.2559547922699536,
    0.281176869797423,
    0.3088843596477481,
    0.3393221771895328,
    0.372759372031494,
    0.4094915062380424,
    0.44984326689694454,
    0.49417133613238345,
    0.5428675439323859,
    0.5963623316594643,
    0.6551285568595507,
    0.7196856730011519,
    0.7906043210907697,
    0.8685113737513525,
    0.9540954763499939,
    1.0481131341546859,
    1.151395399326447,
    1.2648552168552958,
    1.3894954943731375,
    1.5264179671752334,
    1.6768329368110073,
    1.8420699693267153,
    2.0235896477251565,
    2.2229964825261943,
    2.442053094548651,
    2.6826957952797246,
    2.9470517025518097,
    3.2374575428176433,
    3.5564803062231283,
    3.9069399370546147,
    4.291934260128776,
    4.714866363457392,
    5.17947467923121,
    5.689866029018296,
    6.250551925273969,
    6.866488450042998,
    7.543120063354615,
    8.286427728546842,
    9.102981779915218,
    10.0
  ],
  "gamma_max": [
    -1.0098347449119194,
    -1.0118690114721338,
    -1.0143241852503841,
    -1.0172874154941687,
    -1.0208639237277664,
    -1.0251807646264885,
    -1.0303913758957377,
    -1.0366810858385114,
    -1.044273784987502,
    -1.0534400151742376,
    -1.064506788498991,
    -1.0778695237709057,
    -1.094006584742981,
    -1.1134970312602832,
    -1.1370423641249445,
    -1.1654932775280469,
    -1.1998827629162412,
    -1.241467392795017,
    -1.2917793547990815,
    -1.3526929967597665,
    -1.4265116583488118,
    -1.5160841887872598,
    -1.6123388658960345,
    -1.7161624042566779,
    -1.8435411738147536,
    -1.9996420386604419,
    -2.1906831854984876,
    -2.424137038318108,
    -2.7089770290347674,
    -3.055978986723884,
    -3.478089684184437,
    -3.9908770018592428,
    -4.613078453648,
    -5.367267754679816,
    -6.280662968405317,
    -7.386104697707404,
    -8.723238701241877,
    -10.292582676128834,
    -12.196841534190126,
    -14.521098604081406,
    -17.34823359235127,
    -20.778355207344283,
    -24.932563660758003,
    -29.95736808177104,
    -36.02992083552039,
    -43.36427206071815,
    -52.218888711418806,
    -62.90572787530688,
    -75.80120750332651,
    -91.35948015280009
  ],
  "omega_max": [
    9.32727325411305e-16,
    1.7534714239726538e-15,
    -3.3015056738809892e-15,
    1.4208702032396723e-16,
    -7.890433353490114e-16,
    -1.2337504213106008e-15,
    1.1933949447475913e-15,
    3.4035275349484313e-16,
    -1.4772836899259945e-15,
    -1.366810249278149e-15,
    -1.8871149688911052e-16,
    7.739160714109421e-16,
    -1.3287708793952037e-16,
    2.0648077225107156e-15,
    -4.162569710767277e-15,
    -1.0556691143183672e-15,
    1.918090546051649e-15,
    1.5400094073702368e-15,
    9.263111952401877e-16,
    -1.2188772281371281e-15,
    0.0,
    4.673592276043603e-15,
    0.4458688345159677,
    -0.4876664410583042,
    0.5324815253846886,
    -0.5807359891588891,
    -0.6329194093517178,
    -0.6895919179392543,
    -0.7513852151413569,
    0.8190031409810419,
    0.8932234946005456,
    -0.9749026268628233,
    1.064983759707384,
    -1.1645091657440105,
    -1.274635540723927,
    1.3966514507471812,
    1.5319959641359626,
    1.5990692582778283,
    1.7640487245509786,
    1.949559669820798,
    2.158124814586209,
    2.392121686831022,
    2.6541065315915358,
    2.9470325042149628,
    -3.274384060626467,
    3.640256787138849,
    -4.049405358557004,
    -4.507273620664859,
    5.020016561743775,
    5.594525855815783
  ],
  "params": {
    "alpha": -20.0,
    "dT": 0.9,
    "dR": 1.0
  },
  "metadata": {
    "shear_max": 2.5396295424111126e-09,
    "vel_net": 1.0339757656912846e-25,
    "resolution": {
      "H": 25,
      "M": 65,
      "Nz": 129,
      "Nth": 128
    },
    "timestamp": "2026-04-13T11:33:52.015487"
  }
}