{
  "k": [
    0.1,
    0.10985411419875583,
    0.12067926406393285,
    0.13257113655901093,
    0.14563484775012436,
    0.15998587196060582,
    0.1757510624854792,
    0.193069772888325,
    0.21209508879201905,
    0.2329951810515372,
    0.2559547922699536,
    0.281176869797423,
    0.3088843596477481,
    0.3393221771895328,
    0.372759372031494,
    0.4094915062380424,
    0.44984326689694454,
    0.49417133613238345,
    0.5428675439323859,
    0.5963623316594643,
    0.6551285568595507,
    0.7196856730011519,
    0.7906043210907697,
    0.8685113737513525,
    0.9540954763499939,
    1.0481131341546859,
    1.151395399326447,
    1.2648552168552958,
    1.3894954943731375,
    1.5264179671752334,
    1.6768329368110073,
    1.8420699693267153,
    2.0235896477251565,
    2.2229964825261943,
    2.442053094548651,
    2.6826957952797246,
    2.9470517025518097,
    3.2374575428176433,
    3.5564803062231283,
    3.9069399370546147,
    4.291934260128776,
    4.714866363457392,
    5.17947467923121,
    5.689866029018296,
    6.250551925273969,
    6.866488450042998,
    7.543120063354615,
    8.286427728546842,
    9.102981779915218,
    10.0
  ],
  "gamma_max": [
    -2.384072747434407,
    -2.3817034062344424,
    -2.3793233845987793,
    -2.3769794283182994,
    -2.374733380594381,
    -2.3726660420005037,
    -2.3708819611074436,
    -2.3695153736178676,
    -2.368737553725306,
    -2.3647361969405885,
    -2.2961332645229002,
    -2.223040587333266,
    -2.145558798420589,
    -2.0639214170672964,
    -1.9785313764321997,
    -1.890003612362998,
    -1.7992138211565936,
    -1.7073532501969713,
    -1.615989153200283,
    -1.5271303595170413,
    -1.4432973321169669,
    -1.36759614376855,
    -1.303795992463479,
    -1.2564101885303707,
    -1.2307809893802926,
    -1.2331693727346047,
    -1.2708522305774017,
    -1.3522323474440934,
    -1.4869723085550532,
    -1.686174225441131,
    -1.7102897781044397,
    -1.489554222285568,
    -1.3523953309427508,
    -1.3410717123621625,
    -1.5056469918679407,
    -1.9020984406457562,
    -2.5911579718019464,
    -3.63814556649335,
    -5.114082714251192,
    -7.098233447913087,
    -9.681950038529138,
    -12.973523213769358,
    -17.103712888391662,
    -22.231617545326582,
    -28.55017215060946,
    -36.28928265565545,
    -45.713394497959115,
    -57.120520423972415,
    -70.83883435419386,
    -86.83746255173557
  ],
  "omega_max": [
    1.3254912217669355,
    1.347931209749595,
    1.3726813274542897,
    1.3999863763867144,
    1.4301177646641803,
    1.463376301345658,
    1.5000951950292054,
    1.5406432294857817,
    1.5854280674085863,
    6.267533334054143,
    6.339578288761601,
    6.4191781477260745,
    6.507073481964999,
    6.604047041510334,
    6.7109148330898964,
    6.828513624057738,
    6.9576850307535105,
    7.099257085838867,
    7.254025240790849,
    7.422736114779461,
    7.606078809009372,
    7.804689949035162,
    8.019179277647678,
    8.250181877060838,
    8.498440101846326,
    8.76491230655962,
    9.050896102546924,
    9.358141636902317,
    9.68891676659723,
    10.045973800175647,
    8.862764339889166,
    9.219209246101263,
    9.633580385514989,
    10.116752056592135,
    10.678153535014717,
    11.326170465455007,
    12.068781583607649,
    12.91412486912192,
    13.871052616280547,
    14.949783271955441,
    16.1627521782096,
    17.525814161689564,
    19.060076111743655,
    20.794856834231442,
    22.772554716402514,
    25.05598283595241,
    27.735621937174088,
    30.931981542861905,
    34.8579856638727,
    39.72541589564847
  ],
  "params": {
    "alpha": -47.0,
    "dT": 0.875,
    "dR": 1.0
  },
  "metadata": {
    "shear_max": 6.336209235715462,
    "vel_net": 2.6428164999160235,
    "resolution": {
      "H": 25,
      "M": 65,
      "Nz": 129,
      "Nth": 128
    },
    "timestamp": "2026-04-16T12:11:29.866603"
  }
}