{
  "k": [
    0.1,
    0.10985411419875583,
    0.12067926406393285,
    0.13257113655901093,
    0.14563484775012436,
    0.15998587196060582,
    0.1757510624854792,
    0.193069772888325,
    0.21209508879201905,
    0.2329951810515372,
    0.2559547922699536,
    0.281176869797423,
    0.3088843596477481,
    0.3393221771895328,
    0.372759372031494,
    0.4094915062380424,
    0.44984326689694454,
    0.49417133613238345,
    0.5428675439323859,
    0.5963623316594643,
    0.6551285568595507,
    0.7196856730011519,
    0.7906043210907697,
    0.8685113737513525,
    0.9540954763499939,
    1.0481131341546859,
    1.151395399326447,
    1.2648552168552958,
    1.3894954943731375,
    1.5264179671752334,
    1.6768329368110073,
    1.8420699693267153,
    2.0235896477251565,
    2.2229964825261943,
    2.442053094548651,
    2.6826957952797246,
    2.9470517025518097,
    3.2374575428176433,
    3.5564803062231283,
    3.9069399370546147,
    4.291934260128776,
    4.714866363457392,
    5.17947467923121,
    5.689866029018296,
    6.250551925273969,
    6.866488450042998,
    7.543120063354615,
    8.286427728546842,
    9.102981779915218,
    10.0
  ],
  "gamma_max": [
    -0.03459589037498476,
    -0.042364875243852344,
    -0.051710723427880044,
    -0.06294593259034184,
    -0.07644139077319814,
    -0.09263556263487618,
    -0.11204417931794859,
    -0.13526974014199686,
    -0.16300925877444614,
    -0.19605628350506643,
    -0.23528483352335586,
    -0.281563759170255,
    -0.3352760765137563,
    -0.39148063432374003,
    -0.4142701341472792,
    -0.4126712627342262,
    -0.4070381365892959,
    -0.39970525002886975,
    -0.3910885632993788,
    -0.38130703966810964,
    -0.3704167044663712,
    -0.3584669355082635,
    -0.3455145030083872,
    -0.20945832932382752,
    -0.03258796368560955,
    0.1382055691328473,
    0.29803782711844107,
    0.4403347075732095,
    0.5558916357657169,
    0.6315285212005008,
    0.6482996542505969,
    0.5797342027114817,
    0.39369313044983806,
    0.4354940174028345,
    1.1032743630101989,
    1.849813103423474,
    2.3466086557683057,
    2.4591059972582845,
    2.108811597141255,
    1.1712552472036852,
    -0.6100331232920402,
    -0.5419286299915043,
    -0.4480928634014925,
    -0.5885632941818816,
    -0.9927282526283526,
    -1.6761188883596982,
    -2.65958661946393,
    -3.966895834409736,
    -5.613042380336836,
    -7.5966288789716225
  ],
  "omega_max": [
    -3.268713974043973e-13,
    -1.9486414655263018e-12,
    -2.1563779338751e-12,
    -1.3727363596180706e-12,
    4.953189365103442e-14,
    1.2315313290552934e-12,
    -7.753009374931395e-14,
    -1.6782358598881273e-12,
    1.1877281203933467e-12,
    -2.0644677387118437e-12,
    -5.213519085584944e-13,
    4.3098524217861745e-13,
    -2.0557597119316687e-12,
    -2.3928232176334745e-12,
    1.8595381772447097e-13,
    -2.7495962388130775e-13,
    1.2464195903052553e-13,
    6.555414197082788e-14,
    1.2162437112196142e-13,
    5.92478642625301e-14,
    -2.0320172380027606e-14,
    1.704742924458742e-13,
    -1.338224827692817e-14,
    -5.912210425700805,
    -5.997292577366987,
    6.07139676551236,
    6.127374072651486,
    -6.156857227263051,
    -6.150386778210109,
    6.097706793081956,
    -5.988437555413098,
    5.813931115939983,
    5.574474316896014,
    1.1391218336724179e-11,
    2.9226447298713196e-12,
    -1.726532415673813e-11,
    3.641844889707767e-12,
    -8.607391364304437e-12,
    -3.1250623083834708e-12,
    -4.126991129883199e-11,
    3.8934278862649465e-12,
    -8.453361189015212,
    -9.403167210149316,
    -10.536041709687622,
    -11.812385343527852,
    13.22736158169162,
    -14.800873639916743,
    -16.571004096185796,
    18.58663954440838,
    -20.884255720276933
  ],
  "params": {
    "alpha": -42.0,
    "dT": 0.1,
    "dR": 1.0
  },
  "metadata": {
    "shear_max": 5.9264489402436995,
    "vel_net": 2.19824158875781e-13,
    "resolution": {
      "H": 25,
      "M": 65,
      "Nz": 129,
      "Nth": 128
    },
    "timestamp": "2026-04-15T21:12:07.552348"
  }
}