{
  "k": [
    0.1,
    0.10985411419875583,
    0.12067926406393285,
    0.13257113655901093,
    0.14563484775012436,
    0.15998587196060582,
    0.1757510624854792,
    0.193069772888325,
    0.21209508879201905,
    0.2329951810515372,
    0.2559547922699536,
    0.281176869797423,
    0.3088843596477481,
    0.3393221771895328,
    0.372759372031494,
    0.4094915062380424,
    0.44984326689694454,
    0.49417133613238345,
    0.5428675439323859,
    0.5963623316594643,
    0.6551285568595507,
    0.7196856730011519,
    0.7906043210907697,
    0.8685113737513525,
    0.9540954763499939,
    1.0481131341546859,
    1.151395399326447,
    1.2648552168552958,
    1.3894954943731375,
    1.5264179671752334,
    1.6768329368110073,
    1.8420699693267153,
    2.0235896477251565,
    2.2229964825261943,
    2.442053094548651,
    2.6826957952797246,
    2.9470517025518097,
    3.2374575428176433,
    3.5564803062231283,
    3.9069399370546147,
    4.291934260128776,
    4.714866363457392,
    5.17947467923121,
    5.689866029018296,
    6.250551925273969,
    6.866488450042998,
    7.543120063354615,
    8.286427728546842,
    9.102981779915218,
    10.0
  ],
  "gamma_max": [
    0.4728440815981671,
    0.4706145929793116,
    0.4679239379161881,
    0.464676692092314,
    0.46075767029665593,
    0.456027826223848,
    0.4503192976260261,
    0.44342941639236483,
    0.43511346322443906,
    0.4250758991067183,
    0.4129597436237642,
    0.3983336944482034,
    0.3806764844619173,
    0.35935784494211176,
    0.3336152764122362,
    0.3025255991788546,
    0.2649699354376289,
    0.2195903106901467,
    0.16473535950449134,
    0.09839150443889673,
    0.018094094697737685,
    -0.07919040849504996,
    -0.19722679902149426,
    -0.3407481836777426,
    -0.5158336816847554,
    -0.7305962768491768,
    -0.9967255141000437,
    -1.3343952216561186,
    -1.8091482569172703,
    -2.3062359067446185,
    -2.731491623537387,
    -3.2451027434951563,
    -3.865435172836532,
    -4.614673100831444,
    -5.519611259392263,
    -6.612611897295501,
    -7.891736346270086,
    -9.408399427648693,
    -11.274029499320559,
    -13.556135776918646,
    -16.33603881659635,
    -19.712086335098753,
    -23.803397328638066,
    -28.754246213580334,
    -34.73924815138044,
    -41.969549067759154,
    -50.70026336101517,
    -61.239444694462634,
    -73.95892543238843,
    -89.30742143006296
  ],
  "omega_max": [
    -3.581021462453388e-14,
    7.619545152204456e-15,
    -1.631015869625095e-14,
    2.2197690334228882e-14,
    6.111264430826893e-14,
    6.67068811182057e-14,
    -8.12816950224782e-15,
    3.070152191153285e-14,
    6.071949982089329e-14,
    1.592016484753698e-13,
    -1.9704247003853393e-15,
    1.8591606143318234e-14,
    2.6643649305512872e-14,
    -7.654414263897758e-15,
    1.436152593992265e-14,
    3.647848238137197e-15,
    8.228729813566126e-14,
    2.8458838326827566e-14,
    -2.267198797019947e-15,
    -1.1935934688228494e-14,
    5.762950344358042e-16,
    1.1318325900926933e-15,
    -1.511684972234924e-14,
    -1.0276310247444286e-14,
    -1.250780417385251e-13,
    -1.3934163586126013e-14,
    1.3951467023235713e-13,
    2.3017311851948237e-13,
    -2.602010001964007e-13,
    -0.2878195931000607,
    0.4554936313678067,
    -0.5977679443803886,
    -0.7334101891118169,
    0.8694726345366933,
    -1.009991995419517,
    1.1579145301784957,
    1.13715603435423,
    1.2679890767577482,
    1.4323339796030181,
    -1.628938660741167,
    -1.8561862143576522,
    -2.1131134236832994,
    2.3998360440831403,
    -2.717618178943767,
    3.068792041197476,
    -3.4566459002508267,
    3.8853313388988386,
    -4.3598046049147445,
    -4.885801714373717,
    -5.469844337941782
  ],
  "params": {
    "alpha": -27.0,
    "dT": 0.8888888888888888,
    "dR": 1.0
  },
  "metadata": {
    "shear_max": 5.421760921020632e-09,
    "vel_net": 2.0679515313825692e-25,
    "resolution": {
      "H": 25,
      "M": 65,
      "Nz": 129,
      "Nth": 128
    },
    "timestamp": "2026-04-13T12:45:36.853562"
  }
}