{
  "k": [
    0.1,
    0.10985411419875583,
    0.12067926406393285,
    0.13257113655901093,
    0.14563484775012436,
    0.15998587196060582,
    0.1757510624854792,
    0.193069772888325,
    0.21209508879201905,
    0.2329951810515372,
    0.2559547922699536,
    0.281176869797423,
    0.3088843596477481,
    0.3393221771895328,
    0.372759372031494,
    0.4094915062380424,
    0.44984326689694454,
    0.49417133613238345,
    0.5428675439323859,
    0.5963623316594643,
    0.6551285568595507,
    0.7196856730011519,
    0.7906043210907697,
    0.8685113737513525,
    0.9540954763499939,
    1.0481131341546859,
    1.151395399326447,
    1.2648552168552958,
    1.3894954943731375,
    1.5264179671752334,
    1.6768329368110073,
    1.8420699693267153,
    2.0235896477251565,
    2.2229964825261943,
    2.442053094548651,
    2.6826957952797246,
    2.9470517025518097,
    3.2374575428176433,
    3.5564803062231283,
    3.9069399370546147,
    4.291934260128776,
    4.714866363457392,
    5.17947467923121,
    5.689866029018296,
    6.250551925273969,
    6.866488450042998,
    7.543120063354615,
    8.286427728546842,
    9.102981779915218,
    10.0
  ],
  "gamma_max": [
    -1.0091679112514176,
    -1.0110642612516343,
    -1.0133529888618822,
    -1.0161153391159807,
    -1.0194494061888295,
    -1.023473640233889,
    -1.0283310901102,
    -1.0341945393714544,
    -1.0412727280430918,
    -1.0498178965172957,
    -1.0601349429104554,
    -1.0725925550260957,
    -1.0876367677394578,
    -1.1058075136510288,
    -1.127758890573804,
    -1.1542840815199946,
    -1.1863461599782,
    -1.2251164433594977,
    -1.2720227040928023,
    -1.3288105626993445,
    -1.3976230599360693,
    -1.4811063211446582,
    -1.5825546534323889,
    -1.706119344519868,
    -1.8571296843768945,
    -2.0426356802057426,
    -2.270091448746541,
    -2.4856908081749443,
    -2.749070037103312,
    -3.070239690814689,
    -3.4612196632798895,
    -3.936456130161403,
    -4.513329901965801,
    -5.212774567574502,
    -6.060026448824734,
    -7.085532933778553,
    -8.32605103254488,
    -9.778408149349433,
    -11.546719153644306,
    -13.704267811676779,
    -16.327978549003557,
    -19.510721875317778,
    -23.364799072798426,
    -28.02603129220674,
    -33.65860299766919,
    -40.460848019971245,
    -48.67220500873551,
    -58.58161224315063,
    -70.53766219330967,
    -84.96089406551623
  ],
  "omega_max": [
    2.3719593958455225e-16,
    -1.60060271193601e-15,
    -8.658638241009932e-16,
    8.769237507291174e-16,
    1.1561746626294769e-15,
    -7.303753194604938e-16,
    8.68070778247969e-16,
    2.888442272504661e-15,
    2.905979434803787e-17,
    1.2209854909135016e-16,
    1.0629425538578856e-15,
    -6.823668663915807e-16,
    7.425124455462181e-16,
    8.105939293361793e-17,
    5.394309453696512e-16,
    1.0922413845969482e-15,
    -6.214140986309662e-16,
    -4.999035518171131e-16,
    1.6167484948090933e-15,
    -1.9603624407575332e-16,
    1.5180580707658187e-15,
    1.7048286717605437e-15,
    2.780530507063293e-16,
    6.46337032282874e-16,
    -8.041072691752394e-15,
    1.2507076940264493e-14,
    -0.6079927087092057,
    0.6697544390472951,
    -0.7358336686405744,
    0.8070317888178705,
    0.8842139207282734,
    0.9683166014687744,
    -1.0603565826057613,
    -1.1614417758250972,
    1.2727845754155107,
    -1.3957174290047052,
    -1.531710845624148,
    1.6113820280716016,
    -1.781058226625192,
    1.9691187271413264,
    2.17853150783594,
    -2.412132637609084,
    -2.6728972586466977,
    2.96413753778222,
    -3.289639133012399,
    3.6537534152635365,
    -4.061459046692812,
    -4.518401642170801,
    -5.030919553724492,
    -5.606068905592763
  ],
  "params": {
    "alpha": -18.0,
    "dT": 0.8333333333333334,
    "dR": 1.0
  },
  "metadata": {
    "shear_max": 1.8500626541554274e-09,
    "vel_net": 2.3264454728053903e-25,
    "resolution": {
      "H": 25,
      "M": 65,
      "Nz": 129,
      "Nth": 128
    },
    "timestamp": "2026-04-13T11:14:08.544109"
  }
}