{
  "k": [
    0.1,
    0.10985411419875583,
    0.12067926406393285,
    0.13257113655901093,
    0.14563484775012436,
    0.15998587196060582,
    0.1757510624854792,
    0.193069772888325,
    0.21209508879201905,
    0.2329951810515372,
    0.2559547922699536,
    0.281176869797423,
    0.3088843596477481,
    0.3393221771895328,
    0.372759372031494,
    0.4094915062380424,
    0.44984326689694454,
    0.49417133613238345,
    0.5428675439323859,
    0.5963623316594643,
    0.6551285568595507,
    0.7196856730011519,
    0.7906043210907697,
    0.8685113737513525,
    0.9540954763499939,
    1.0481131341546859,
    1.151395399326447,
    1.2648552168552958,
    1.3894954943731375,
    1.5264179671752334,
    1.6768329368110073,
    1.8420699693267153,
    2.0235896477251565,
    2.2229964825261943,
    2.442053094548651,
    2.6826957952797246,
    2.9470517025518097,
    3.2374575428176433,
    3.5564803062231283,
    3.9069399370546147,
    4.291934260128776,
    4.714866363457392,
    5.17947467923121,
    5.689866029018296,
    6.250551925273969,
    6.866488450042998,
    7.543120063354615,
    8.286427728546842,
    9.102981779915218,
    10.0
  ],
  "gamma_max": [
    -0.12175592213431095,
    -0.13129619894154204,
    -0.1427889367097698,
    -0.15663120507494988,
    -0.1733017442984361,
    -0.19338059308888425,
    -0.21757795811637304,
    -0.2467832337967405,
    -0.2821666002717692,
    -0.32545222753823605,
    -0.37999408748637115,
    -0.46282061312683676,
    -0.5184015281812339,
    -0.5543213773646561,
    -0.5963060201514889,
    -0.6451803200157502,
    -0.5934695742286691,
    -0.5759271267088841,
    -0.5643319423289682,
    -0.5547287761407266,
    -0.5460685422975677,
    -0.5380485437639781,
    -0.38713865249346235,
    -0.1797722086742357,
    0.025242661332834,
    0.22378540551372408,
    0.41045156925909715,
    0.5777397023839557,
    0.7148029831057101,
    0.8055560811936059,
    0.825772838999521,
    0.7386675845691215,
    0.489986685944185,
    0.459179569060197,
    1.4514422134449028,
    2.4458938089566975,
    3.072603638918465,
    3.2089545986383117,
    2.7551733904043747,
    1.4922208851776508,
    -1.0720786210580506,
    -1.1922498442263498,
    -0.960942394070706,
    -1.204657655310465,
    -1.8695674276684362,
    -2.953842510063307,
    -4.494018692909556,
    -6.553890095598944,
    -9.219869494203133,
    -12.588359222238399
  ],
  "omega_max": [
    -4.122312414280147e-14,
    -9.096314022241982e-15,
    -3.498037553005011e-14,
    -3.195018868242076e-14,
    -3.650616390135935e-15,
    5.474011118147246e-14,
    -3.2706821189201086e-14,
    -8.920478853231242e-14,
    8.259524232306157e-14,
    3.059838506707506e-14,
    -3.052836911069595e-14,
    4.766873607769153e-14,
    -0.0667778233507065,
    -0.08698907112973825,
    -0.08545834078533755,
    -0.0416838620967262,
    -7.439022847829924e-15,
    -2.4235621457876724e-15,
    3.1631944640798944e-13,
    -1.2894638511438015e-13,
    -3.3180698809338527e-13,
    1.0700057432703994e-12,
    6.808785441885058,
    -6.919931718648863,
    7.024674947208655,
    -7.1158249507029545,
    -7.184655328880198,
    7.220913305831647,
    -7.212949179814947,
    -7.148089005690146,
    7.0135382152399375,
    -6.798743955541528,
    6.502867911646295,
    -8.45411395194776e-11,
    -5.616524779619548e-11,
    -2.2339716855037863e-11,
    -1.6801067103994037e-11,
    -3.842281158612745e-12,
    -1.0949893196192119e-11,
    5.7819687980254295e-11,
    -1.249858833524494e-10,
    8.535616011959752,
    -9.719316565175223,
    11.072844058294534,
    -12.51602904483179,
    14.049431150742747,
    -15.695382973105133,
    -17.490333395841578,
    -19.491512197936352,
    -21.79611259656387
  ],
  "params": {
    "alpha": -49.0,
    "dT": 0.16666666666666666,
    "dR": 1.0
  },
  "metadata": {
    "shear_max": 6.797827391900769,
    "vel_net": 2.2093438190040615e-14,
    "resolution": {
      "H": 25,
      "M": 65,
      "Nz": 129,
      "Nth": 128
    },
    "timestamp": "2026-04-16T03:39:20.931559"
  }
}