{
  "k": [
    0.1,
    0.10985411419875583,
    0.12067926406393285,
    0.13257113655901093,
    0.14563484775012436,
    0.15998587196060582,
    0.1757510624854792,
    0.193069772888325,
    0.21209508879201905,
    0.2329951810515372,
    0.2559547922699536,
    0.281176869797423,
    0.3088843596477481,
    0.3393221771895328,
    0.372759372031494,
    0.4094915062380424,
    0.44984326689694454,
    0.49417133613238345,
    0.5428675439323859,
    0.5963623316594643,
    0.6551285568595507,
    0.7196856730011519,
    0.7906043210907697,
    0.8685113737513525,
    0.9540954763499939,
    1.0481131341546859,
    1.151395399326447,
    1.2648552168552958,
    1.3894954943731375,
    1.5264179671752334,
    1.6768329368110073,
    1.8420699693267153,
    2.0235896477251565,
    2.2229964825261943,
    2.442053094548651,
    2.6826957952797246,
    2.9470517025518097,
    3.2374575428176433,
    3.5564803062231283,
    3.9069399370546147,
    4.291934260128776,
    4.714866363457392,
    5.17947467923121,
    5.689866029018296,
    6.250551925273969,
    6.866488450042998,
    7.543120063354615,
    8.286427728546842,
    9.102981779915218,
    10.0
  ],
  "gamma_max": [
    -2.056032556134596,
    -2.055402170765217,
    -2.054906010685753,
    -2.0545981764420223,
    -2.054546721314707,
    -2.0548368949469844,
    -2.055575130794123,
    -2.056893951265079,
    -2.058958006388642,
    -2.061971509606916,
    -2.0277538253204628,
    -1.9606338963985541,
    -1.889731966002448,
    -1.8153323180075804,
    -1.737884396797574,
    -1.658040720029123,
    -1.576699498650138,
    -1.495051768208174,
    -1.4146327539665868,
    -1.3373771418557663,
    -1.2656779999147905,
    -1.2024492429171327,
    -1.1511918211330088,
    -1.1160641862931717,
    -1.1019581557757936,
    -1.1145821349904212,
    -1.1605549592566213,
    -1.2475157950272877,
    -1.3842590382669875,
    -1.5809089382769599,
    -1.8491580939785914,
    -1.8437478055961591,
    -1.8155845419136019,
    -1.9024763806994671,
    -2.144903792851822,
    -2.588598585163583,
    -3.2834911694917426,
    -4.283714635105791,
    -5.648817362560469,
    -7.446184545865204,
    -9.754565066990148,
    -12.668620515461932,
    -16.304668859599172,
    -20.808481149732323,
    -26.36795055318808,
    -33.24120826755944,
    -41.84222651239502,
    -51.628490312160615,
    -62.7798989063436,
    -75.84421373031948
  ],
  "omega_max": [
    1.0537806736638373,
    1.0709029401893286,
    1.0898098836125114,
    1.110694649746832,
    1.1337720005049279,
    1.159280636545456,
    1.187485673562851,
    1.2186812331226264,
    1.2531930856577629,
    1.2913812449518298,
    5.086992422362129,
    5.153614125198964,
    5.227198340598915,
    5.308368420783129,
    5.397758115103487,
    5.4959968015663785,
    5.603691952729897,
    5.721410080661607,
    5.849658407858361,
    5.9888707089587285,
    6.139402017665133,
    6.301537927144657,
    6.475524613361791,
    6.66162491461339,
    6.860203204142885,
    7.071836888076232,
    7.29744505683801,
    7.538415646028761,
    7.796702692988471,
    8.074856685447715,
    8.375945373254563,
    7.529290591728762,
    7.858989177949651,
    8.239916961541372,
    8.681115737453565,
    9.190685286549915,
    9.776120189941757,
    10.444794248616889,
    11.204440107019307,
    12.063652348351667,
    13.032488576396835,
    14.123277888400642,
    15.35185840012618,
    16.739833211469215,
    18.31986654520783,
    20.15410665278542,
    22.470287565600586,
    18.503878130407482,
    29.913138859975444,
    33.71843541692986
  ],
  "params": {
    "alpha": -39.0,
    "dT": 0.75,
    "dR": 1.0
  },
  "metadata": {
    "shear_max": 5.055710638178167,
    "vel_net": 2.0974377849018992,
    "resolution": {
      "H": 25,
      "M": 65,
      "Nz": 129,
      "Nth": 128
    },
    "timestamp": "2026-04-13T17:00:35.432981"
  }
}