{
  "k": [
    0.1,
    0.10985411419875583,
    0.12067926406393285,
    0.13257113655901093,
    0.14563484775012436,
    0.15998587196060582,
    0.1757510624854792,
    0.193069772888325,
    0.21209508879201905,
    0.2329951810515372,
    0.2559547922699536,
    0.281176869797423,
    0.3088843596477481,
    0.3393221771895328,
    0.372759372031494,
    0.4094915062380424,
    0.44984326689694454,
    0.49417133613238345,
    0.5428675439323859,
    0.5963623316594643,
    0.6551285568595507,
    0.7196856730011519,
    0.7906043210907697,
    0.8685113737513525,
    0.9540954763499939,
    1.0481131341546859,
    1.151395399326447,
    1.2648552168552958,
    1.3894954943731375,
    1.5264179671752334,
    1.6768329368110073,
    1.8420699693267153,
    2.0235896477251565,
    2.2229964825261943,
    2.442053094548651,
    2.6826957952797246,
    2.9470517025518097,
    3.2374575428176433,
    3.5564803062231283,
    3.9069399370546147,
    4.291934260128776,
    4.714866363457392,
    5.17947467923121,
    5.689866029018296,
    6.250551925273969,
    6.866488450042998,
    7.543120063354615,
    8.286427728546842,
    9.102981779915218,
    10.0
  ],
  "gamma_max": [
    -1.5748910067207333,
    -1.576669848362671,
    -1.5788317798962241,
    -1.581462055386757,
    -1.584665640131623,
    -1.5885717475693537,
    -1.5933391703057294,
    -1.5991622430814136,
    -1.6062769106548804,
    -1.614965666731564,
    -1.625558884535198,
    -1.6384281627662276,
    -1.6539651790783927,
    -1.6725393068411798,
    -1.6649223716634423,
    -1.5918118422321212,
    -1.5157558417394186,
    -1.4373239398188022,
    -1.3572756320960968,
    -1.2765917845731245,
    -1.1965092058180953,
    -1.1185582620642593,
    -1.0446032007850121,
    -0.9768845494276482,
    -0.918062684021585,
    -0.8712616410914371,
    -0.8401128525372831,
    -0.8288003823848724,
    -0.8421132710765254,
    -0.8855176357941567,
    -0.9652716361220982,
    -1.0782894510168306,
    -0.9993033642107664,
    -0.9784205890406785,
    -1.038195885600158,
    -1.2045262497332034,
    -1.5058402126352906,
    -1.9731360289369948,
    -2.64119157430594,
    -3.5513068530938177,
    -4.756481681568522,
    -6.331392099726194,
    -8.381523637294354,
    -10.814383875493755,
    -13.283262941224937,
    -16.101879661235575,
    -19.451489665717933,
    -23.48965826088953,
    -28.366864972388935,
    -34.25590304726935
  ],
  "omega_max": [
    -0.05159704688923305,
    -0.05699885165984791,
    -0.06303605746664119,
    -0.06980485943019389,
    -0.07742199793739289,
    -0.08603054673854088,
    -0.09580764720307725,
    -0.10697488646711294,
    -0.1198122711099433,
    -0.13467692898304456,
    -0.15202753637366045,
    -0.17245448864272006,
    -0.19671267811862214,
    -0.22574713610722258,
    -4.000225368710253,
    -4.076183597850388,
    -4.159588405161111,
    -4.250882034338299,
    -4.350465515060787,
    -4.4586914922509004,
    -4.5758636645773505,
    -4.702246355676205,
    -4.83808791922919,
    -4.983660997590341,
    -5.139320621405439,
    -5.3055772502745295,
    -5.483176004973546,
    -5.673165858760924,
    -5.87693459706103,
    -6.096178732873786,
    -6.332774593376766,
    -5.695811934538365,
    -5.990868758189427,
    -6.327308188559007,
    -6.713388321476944,
    -7.156696986007301,
    -7.664365316454457,
    -8.243657656358646,
    -8.90284707781072,
    -9.652689417736774,
    -10.509833556146019,
    -11.508126585550418,
    -12.752849629508237,
    -14.529137960899273,
    -11.831414595250935,
    -18.722875376067883,
    -20.94824607912816,
    -23.329169940012285,
    -25.90717314832693,
    -28.719188968758683
  ],
  "params": {
    "alpha": -30.0,
    "dT": 0.3333333333333333,
    "dR": 1.0
  },
  "metadata": {
    "shear_max": 3.843624978278884,
    "vel_net": 1.6073005369793856,
    "resolution": {
      "H": 20,
      "M": 49,
      "Nz": 97,
      "Nth": 96
    },
    "timestamp": "2026-02-14T02:47:27.147364"
  }
}