{
  "k": [
    0.1,
    0.10985411419875583,
    0.12067926406393285,
    0.13257113655901093,
    0.14563484775012436,
    0.15998587196060582,
    0.1757510624854792,
    0.193069772888325,
    0.21209508879201905,
    0.2329951810515372,
    0.2559547922699536,
    0.281176869797423,
    0.3088843596477481,
    0.3393221771895328,
    0.372759372031494,
    0.4094915062380424,
    0.44984326689694454,
    0.49417133613238345,
    0.5428675439323859,
    0.5963623316594643,
    0.6551285568595507,
    0.7196856730011519,
    0.7906043210907697,
    0.8685113737513525,
    0.9540954763499939,
    1.0481131341546859,
    1.151395399326447,
    1.2648552168552958,
    1.3894954943731375,
    1.5264179671752334,
    1.6768329368110073,
    1.8420699693267153,
    2.0235896477251565,
    2.2229964825261943,
    2.442053094548651,
    2.6826957952797246,
    2.9470517025518097,
    3.2374575428176433,
    3.5564803062231283,
    3.9069399370546147,
    4.291934260128776,
    4.714866363457392,
    5.17947467923121,
    5.689866029018296,
    6.250551925273969,
    6.866488450042998,
    7.543120063354615,
    8.286427728546842,
    9.102981779915218,
    10.0
  ],
  "gamma_max": [
    -0.9338170105263862,
    -0.9266037724959529,
    -0.9193139766585369,
    -0.912011693854829,
    -0.9047727841873044,
    -0.8976874696988963,
    -0.8908637212030164,
    -0.8844316971257167,
    -0.87854955438072,
    -0.873411136155715,
    -0.8692563096676124,
    -0.866385169890893,
    -0.8651781448194699,
    -0.8661254737475862,
    -0.8698723995004708,
    -0.8772923646856166,
    -0.889614228736363,
    -0.9086647061420283,
    -0.9373908477576812,
    -0.981181210937731,
    -0.916541307270963,
    -0.8462076865381424,
    -0.7756300513931832,
    -0.7060512011466293,
    -0.6389668845204335,
    -0.5761483728336144,
    -0.5196614248193627,
    -0.4718830860647409,
    -0.4355228890400467,
    -0.4136625980483673,
    -0.40983734717451337,
    -0.4281871404096444,
    -0.473704142703932,
    -0.44191320406740936,
    -0.4334629202320183,
    -0.4761415840210176,
    -0.5840136436551118,
    -0.769251350164701,
    -1.0370796838661263,
    -1.3770076527433697,
    -1.7654494147800246,
    -2.1973854018245693,
    -2.6977866596246827,
    -3.2993898237246024,
    -4.032117876327909,
    -4.924302411486974,
    -6.005488086914081,
    -7.308942816467034,
    -8.874364637952997,
    -10.750883897948146
  ],
  "omega_max": [
    0.1439329651914401,
    0.14077166148551457,
    0.13737741926459876,
    0.1337067592292155,
    0.12971011454081496,
    0.12533185196159846,
    0.12051029565071412,
    0.11517771884902248,
    0.1092603010648147,
    0.10267803725665361,
    0.09534459822971067,
    0.08716717567009381,
    0.07804632268802643,
    0.0678758321424911,
    0.056542549655253474,
    0.04392553976798097,
    0.0298918198580277,
    0.014276560832007028,
    -0.0032095256219031973,
    -0.023476361122748545,
    -3.3165517276857512,
    -3.4300431678942394,
    -3.5509280307695374,
    -3.6794349162547717,
    -3.815877438275026,
    -3.9607060763468103,
    -4.114559696327933,
    -4.278304559596376,
    -4.453043758743543,
    -4.640077159559856,
    -4.840792618799111,
    -5.056472766018481,
    -5.288000971508242,
    -5.119684030409145,
    -5.508196116504432,
    -5.955888011775701,
    -6.475555525059641,
    -7.0842007005476875,
    -7.804515703863838,
    -8.65926345635089,
    -9.650847775110476,
    -10.756450164863457,
    -11.960559540576206,
    -13.267782244447309,
    -14.693220063932761,
    -16.255560060963646,
    -17.974561808171693,
    -19.87000527349541,
    -21.961237101858842,
    -24.26756130684291
  ],
  "params": {
    "alpha": -25.0,
    "dT": 0.1,
    "dR": 1.0
  },
  "metadata": {
    "shear_max": 3.007253949478922,
    "vel_net": 1.244643097618412,
    "resolution": {
      "H": 20,
      "M": 49,
      "Nz": 97,
      "Nth": 96
    },
    "timestamp": "2026-02-12T19:36:57.314332"
  }
}