{
  "k": [
    0.1,
    0.10985411419875583,
    0.12067926406393285,
    0.13257113655901093,
    0.14563484775012436,
    0.15998587196060582,
    0.1757510624854792,
    0.193069772888325,
    0.21209508879201905,
    0.2329951810515372,
    0.2559547922699536,
    0.281176869797423,
    0.3088843596477481,
    0.3393221771895328,
    0.372759372031494,
    0.4094915062380424,
    0.44984326689694454,
    0.49417133613238345,
    0.5428675439323859,
    0.5963623316594643,
    0.6551285568595507,
    0.7196856730011519,
    0.7906043210907697,
    0.8685113737513525,
    0.9540954763499939,
    1.0481131341546859,
    1.151395399326447,
    1.2648552168552958,
    1.3894954943731375,
    1.5264179671752334,
    1.6768329368110073,
    1.8420699693267153,
    2.0235896477251565,
    2.2229964825261943,
    2.442053094548651,
    2.6826957952797246,
    2.9470517025518097,
    3.2374575428176433,
    3.5564803062231283,
    3.9069399370546147,
    4.291934260128776,
    4.714866363457392,
    5.17947467923121,
    5.689866029018296,
    6.250551925273969,
    6.866488450042998,
    7.543120063354615,
    8.286427728546842,
    9.102981779915218,
    10.0
  ],
  "gamma_max": [
    1.116510899906173,
    1.103152043488965,
    1.086922740684202,
    1.0671770422707214,
    1.043109037045957,
    1.0137056899032648,
    0.977681772547694,
    0.9333879461776069,
    0.8786774483055352,
    0.8107071240943389,
    0.7256316418555263,
    0.618121026369111,
    0.4805874240699819,
    0.3019511283217162,
    0.06556361675487182,
    -0.26018215864199956,
    -0.5764844358805034,
    -0.36746647703561564,
    -0.1743803180246335,
    -0.0021880777357998677,
    0.15132449088955519,
    0.28909571558280533,
    0.4128946520353047,
    0.5231778260553215,
    0.6192416170818137,
    0.699318937596674,
    0.7605659284951678,
    0.7989391072814714,
    0.80897040091518,
    0.783455393870532,
    0.7130945176860655,
    0.5861859768956756,
    0.38861962175047315,
    0.10484330490215177,
    -0.2784953529831642,
    -0.7638622868481963,
    -1.1286935989007667,
    -1.435314870882678,
    -2.0054492514097695,
    -2.876122371364719,
    -4.083866629751939,
    -4.90231430714788,
    -5.862262144173135,
    -7.0999530369971495,
    -8.670576550734477,
    -10.634683732742843,
    -13.064099413914995,
    -16.045988118345612,
    -19.686637160035097,
    -24.115619092839562
  ],
  "omega_max": [
    -2.9634930368586743e-13,
    -3.9165243962758944e-12,
    5.893460059782764e-12,
    1.2031456540906957e-11,
    -1.4046852855375314e-11,
    2.732593981964387e-13,
    9.608249146835855e-13,
    -4.250648193132694e-12,
    -5.923848057664643e-12,
    -2.7174052808833693e-12,
    5.038430167190152e-12,
    -7.281864394945409e-13,
    1.5241012589436545e-11,
    1.2146253523094124e-11,
    -1.5736819484960255e-11,
    -1.1897453300491579e-11,
    2.374737758607256,
    -2.481041327746138,
    2.617107124168167,
    -2.7680054563317578,
    2.923584391172395,
    3.0781222332119738,
    3.2279321092778064,
    -3.3699551560381282,
    -3.501118232650156,
    3.6180701900144863,
    3.717116773670826,
    -3.7942961745752997,
    -3.8455971650002447,
    -3.8673562726308193,
    -3.8568996190602634,
    3.8135384722720786,
    -3.740119296300628,
    3.6454806551844756,
    3.548006574123763,
    -3.4781199039883233,
    -1.1818446171503795e-12,
    -6.260124581816204e-13,
    5.736285584385949e-13,
    -1.110497472694075e-11,
    -4.306815788121424e-12,
    -5.705011118258541,
    6.443967265430465,
    7.2394705132466495,
    8.100834900328023,
    -9.035902797368605,
    -10.053518382196792,
    11.164030222591089,
    -12.379466221099607,
    -13.713817403862988
  ],
  "params": {
    "alpha": -36.0,
    "dT": 0.25,
    "dR": 1.0
  },
  "metadata": {
    "shear_max": 3.475598408724947,
    "vel_net": 3.388667124681888e-11,
    "resolution": {
      "H": 25,
      "M": 65,
      "Nz": 129,
      "Nth": 128
    },
    "timestamp": "2026-04-14T13:38:19.563298"
  }
}