{
  "k": [
    0.1,
    0.10985411419875583,
    0.12067926406393285,
    0.13257113655901093,
    0.14563484775012436,
    0.15998587196060582,
    0.1757510624854792,
    0.193069772888325,
    0.21209508879201905,
    0.2329951810515372,
    0.2559547922699536,
    0.281176869797423,
    0.3088843596477481,
    0.3393221771895328,
    0.372759372031494,
    0.4094915062380424,
    0.44984326689694454,
    0.49417133613238345,
    0.5428675439323859,
    0.5963623316594643,
    0.6551285568595507,
    0.7196856730011519,
    0.7906043210907697,
    0.8685113737513525,
    0.9540954763499939,
    1.0481131341546859,
    1.151395399326447,
    1.2648552168552958,
    1.3894954943731375,
    1.5264179671752334,
    1.6768329368110073,
    1.8420699693267153,
    2.0235896477251565,
    2.2229964825261943,
    2.442053094548651,
    2.6826957952797246,
    2.9470517025518097,
    3.2374575428176433,
    3.5564803062231283,
    3.9069399370546147,
    4.291934260128776,
    4.714866363457392,
    5.17947467923121,
    5.689866029018296,
    6.250551925273969,
    6.866488450042998,
    7.543120063354615,
    8.286427728546842,
    9.102981779915218,
    10.0
  ],
  "gamma_max": [
    0.46614015989275925,
    0.46473057950230284,
    0.46303014424420375,
    0.46097899043109836,
    0.45850499866138317,
    0.4555213117536085,
    0.4519233602184099,
    0.44758530065187346,
    0.442355754486727,
    0.4360527123869463,
    0.42845744126932683,
    0.41930719294320323,
    0.40828645935942887,
    0.39501643792051794,
    0.37904224021267313,
    0.3598171603502374,
    0.33668294332011633,
    0.3088443236197191,
    0.275334873141357,
    0.23496885064631273,
    0.18626904421835938,
    0.12735049242070465,
    0.05571598881153324,
    -0.03214598916976632,
    -0.14168591320851837,
    -0.28302700008331544,
    -0.4845665240588019,
    -0.7932655621773818,
    -0.8910496368943722,
    -1.0065892981338926,
    -1.1432939022208988,
    -1.3053271225730654,
    -1.4977798437135321,
    -1.726875318016928,
    -2.000211564208694,
    -2.2925475729338576,
    -2.631234959477864,
    -3.057132465695578,
    -3.586550225298702,
    -4.238865220669089,
    -5.037349328526247,
    -6.010131309728514,
    -7.191295179217059,
    -8.622137565399994,
    -10.352626687863346,
    -12.443123368434824,
    -14.966440120816753,
    -18.010328923263227,
    -21.68050310029085,
    -26.104314394356322
  ],
  "omega_max": [
    9.948813700904676e-14,
    7.802908921320459e-15,
    9.244944617546057e-15,
    1.5168129606128474e-15,
    -1.3042425412829738e-14,
    -1.5389719652802658e-14,
    1.0956563501051812e-14,
    8.768100103914419e-15,
    1.79702144246618e-14,
    4.843703843652495e-17,
    3.353681405449273e-14,
    -6.890159362288201e-15,
    4.080477982414216e-14,
    1.6358381870925923e-14,
    1.1912972596575947e-15,
    -1.2533185820297393e-14,
    -8.006406743528987e-16,
    1.6099590143154472e-14,
    1.9930784768108128e-14,
    -1.87911206658747e-15,
    -5.374091864891827e-15,
    2.890078550267264e-15,
    1.0408791367411354e-15,
    -1.5589979336797074e-15,
    2.1268612931053776e-14,
    2.5909137093273712e-14,
    -1.2974495152134122e-14,
    -0.1974730704092663,
    -0.38067995150757317,
    -0.5194345531495902,
    0.6461146671659993,
    0.7697663479139942,
    0.8948649573681742,
    1.0243235093436183,
    1.1604015958874545,
    1.211121442977949,
    -1.3446755656785734,
    -1.498508754294286,
    1.6737061605036019,
    1.8712479477014188,
    -2.0922831542440603,
    -2.3383355628558324,
    -2.6114406073010374,
    2.9142317740306862,
    -3.2499965671429956,
    3.622715474837892,
    4.037090325518223,
    -4.498564680262434,
    -5.013339441630939,
    5.588391345933244
  ],
  "params": {
    "alpha": -21.0,
    "dT": 0.25,
    "dR": 1.0
  },
  "metadata": {
    "shear_max": 7.680163795995161e-09,
    "vel_net": 5.970924014015202e-16,
    "resolution": {
      "H": 25,
      "M": 65,
      "Nz": 129,
      "Nth": 128
    },
    "timestamp": "2026-04-13T12:07:35.637583"
  }
}