{
  "k": [
    0.1,
    0.10985411419875583,
    0.12067926406393285,
    0.13257113655901093,
    0.14563484775012436,
    0.15998587196060582,
    0.1757510624854792,
    0.193069772888325,
    0.21209508879201905,
    0.2329951810515372,
    0.2559547922699536,
    0.281176869797423,
    0.3088843596477481,
    0.3393221771895328,
    0.372759372031494,
    0.4094915062380424,
    0.44984326689694454,
    0.49417133613238345,
    0.5428675439323859,
    0.5963623316594643,
    0.6551285568595507,
    0.7196856730011519,
    0.7906043210907697,
    0.8685113737513525,
    0.9540954763499939,
    1.0481131341546859,
    1.151395399326447,
    1.2648552168552958,
    1.3894954943731375,
    1.5264179671752334,
    1.6768329368110073,
    1.8420699693267153,
    2.0235896477251565,
    2.2229964825261943,
    2.442053094548651,
    2.6826957952797246,
    2.9470517025518097,
    3.2374575428176433,
    3.5564803062231283,
    3.9069399370546147,
    4.291934260128776,
    4.714866363457392,
    5.17947467923121,
    5.689866029018296,
    6.250551925273969,
    6.866488450042998,
    7.543120063354615,
    8.286427728546842,
    9.102981779915218,
    10.0
  ],
  "gamma_max": [
    -0.1987001027068133,
    -0.20101416291547008,
    -0.20380846505883907,
    -0.20718312036321435,
    -0.2112593235118145,
    -0.21618389830706666,
    -0.22213487856404263,
    -0.22932838924866655,
    -0.23802717859640724,
    -0.24855127578857822,
    -0.26129143340722544,
    -0.2767263045317375,
    -0.29544477955633824,
    -0.3181757356952138,
    -0.34582898260645045,
    -0.37955424222223993,
    -0.4208316616018242,
    -0.4716235953691581,
    -0.5346631708700011,
    -0.6141136248924811,
    -0.7175941952536037,
    -0.8680832884011637,
    -1.055644411515801,
    -1.1515239658969034,
    -1.2673594816724763,
    -1.4073044671848465,
    -1.5763745800950844,
    -1.7806262764901677,
    -2.0273726883383736,
    -2.325444431349781,
    -2.685504550107772,
    -3.1204286660738116,
    -3.6457637613657745,
    -4.280282097043606,
    -5.046650705845326,
    -5.972241770811978,
    -7.046154673434518,
    -8.330567643715524,
    -9.910384448531028,
    -11.842734602219958,
    -14.196408323332667,
    -17.05457734868852,
    -20.517958241442273,
    -24.70851269579381,
    -29.773820717987917,
    -35.89229822224166,
    -43.27946427547283,
    -52.1954999852201,
    -62.95438472511817,
    -75.93494786448296
  ],
  "omega_max": [
    -1.0193663954700202e-15,
    -1.0195943067094536e-15,
    4.540866001353201e-15,
    -2.2957140947136053e-15,
    2.0408211899823935e-15,
    -8.560465074728025e-15,
    -2.490782154447771e-14,
    9.30830992769697e-15,
    -5.07766612041433e-15,
    7.746529899352765e-15,
    1.3672547784358416e-14,
    1.2574537615778948e-14,
    -2.7778272851343668e-15,
    4.549135875933122e-14,
    -3.181570788849448e-14,
    -1.5212232464834018e-14,
    2.6422186761754802e-14,
    4.531853423011934e-14,
    4.897247335173977e-14,
    -2.6450520025728034e-14,
    5.6433030888820376e-14,
    -1.6037161240924794e-14,
    0.1371509151592171,
    0.23507852436222787,
    0.31431798966187285,
    0.38832305886074986,
    -0.46144436862356697,
    0.5359417086139856,
    0.6133307099747891,
    -0.6948200507519707,
    -0.7814970087114611,
    0.8744226560790241,
    0.9746890663038967,
    1.0834585162649633,
    1.2019928624075729,
    1.3316765006111726,
    -1.3493114290074926,
    1.4885886650617526,
    -1.6517691169045876,
    1.8402413485828668,
    2.0549861728746395,
    2.2971148185040113,
    -2.5682103515802313,
    -2.870501183163481,
    3.2069300344846456,
    -3.581173638323613,
    3.997647321952067,
    4.461510436236726,
    4.978678742203215,
    -5.555848441006634
  ],
  "params": {
    "alpha": -23.0,
    "dT": 0.75,
    "dR": 1.0
  },
  "metadata": {
    "shear_max": 3.3189439893057853e-09,
    "vel_net": 2.0679515313825692e-25,
    "resolution": {
      "H": 25,
      "M": 65,
      "Nz": 129,
      "Nth": 128
    },
    "timestamp": "2026-04-13T12:16:17.502617"
  }
}