{
  "k": [
    0.1,
    0.10985411419875583,
    0.12067926406393285,
    0.13257113655901093,
    0.14563484775012436,
    0.15998587196060582,
    0.1757510624854792,
    0.193069772888325,
    0.21209508879201905,
    0.2329951810515372,
    0.2559547922699536,
    0.281176869797423,
    0.3088843596477481,
    0.3393221771895328,
    0.372759372031494,
    0.4094915062380424,
    0.44984326689694454,
    0.49417133613238345,
    0.5428675439323859,
    0.5963623316594643,
    0.6551285568595507,
    0.7196856730011519,
    0.7906043210907697,
    0.8685113737513525,
    0.9540954763499939,
    1.0481131341546859,
    1.151395399326447,
    1.2648552168552958,
    1.3894954943731375,
    1.5264179671752334,
    1.6768329368110073,
    1.8420699693267153,
    2.0235896477251565,
    2.2229964825261943,
    2.442053094548651,
    2.6826957952797246,
    2.9470517025518097,
    3.2374575428176433,
    3.5564803062231283,
    3.9069399370546147,
    4.291934260128776,
    4.714866363457392,
    5.17947467923121,
    5.689866029018296,
    6.250551925273969,
    6.866488450042998,
    7.543120063354615,
    8.286427728546842,
    9.102981779915218,
    10.0
  ],
  "gamma_max": [
    -0.09680836244031459,
    -0.10557078479776859,
    -0.11612028309417632,
    -0.12881649369052695,
    -0.14409031642438141,
    -0.16245878101703817,
    -0.18454502212543716,
    -0.2111084671992105,
    -0.24309974819154276,
    -0.2817894118087117,
    -0.32918893110458297,
    -0.39049343012715515,
    -0.47008646075221894,
    -0.5036622279391093,
    -0.5430200088686157,
    -0.5419382061555477,
    -0.5193286914532882,
    -0.5075611593258738,
    -0.4978777851143865,
    -0.48876526805723386,
    -0.4797741223666499,
    -0.4708021959932218,
    -0.41756726279523887,
    -0.21744493544007606,
    -0.019329145966426906,
    0.17274473036513885,
    0.35349973697890424,
    0.5156477421974724,
    0.6487083029331464,
    0.7372336526048637,
    0.7581577613548591,
    0.6770585938847449,
    0.445500593216378,
    0.49943132087312264,
    1.42893250020846,
    2.3677741999979456,
    2.9687368061996797,
    3.112034792896795,
    2.70588213713026,
    1.5665393592615842,
    -0.6777466377418254,
    -0.9735308079499079,
    -0.74290252402436,
    -0.9138474837592707,
    -1.4652808439510208,
    -2.3981867623779443,
    -3.743967344957024,
    -5.556372231764496,
    -7.9019398633582485,
    -10.830529453247491
  ],
  "omega_max": [
    1.6689245302382617e-15,
    1.8092661919324128e-14,
    -1.3720267365277733e-14,
    -1.6371363673586903e-14,
    -2.9687927652956603e-14,
    5.9429141053730005e-15,
    3.251317883907426e-14,
    -6.175543117281381e-13,
    -5.916940607585985e-13,
    -7.068027791647225e-13,
    -1.7382851670897717e-12,
    -7.865085762675263e-13,
    0.04048366971163898,
    0.06373025983307347,
    -0.058104156234834906,
    -3.4763178023998967e-13,
    -8.932342603159492e-14,
    -1.450630565149239e-13,
    -7.922045535805833e-14,
    -3.20003038884751e-14,
    -2.5322950376377898e-15,
    4.4804764203348244e-14,
    -6.57946302878234,
    6.684074213909843,
    -6.782668955804073,
    6.868427651978423,
    6.933050678969184,
    6.966775088866936,
    6.958505072500615,
    6.89616943042886,
    -6.767571006802035,
    -6.562590766525384,
    6.280243907821795,
    -8.565262008286126e-13,
    -3.647872838523064e-12,
    -2.6546656688642157e-13,
    1.3739176751462517e-11,
    -2.0011660163641785e-13,
    2.7289261578990697e-13,
    -1.7751701729908308e-11,
    7.642376494257852e-11,
    -8.568181617527125,
    -9.662058187415388,
    10.951850464938325,
    12.352892207211204,
    13.859379446376215,
    15.493064309333167,
    -17.294776362104635,
    19.331756807529036,
    21.708067880010024
  ],
  "params": {
    "alpha": -47.0,
    "dT": 0.14285714285714285,
    "dR": 1.0
  },
  "metadata": {
    "shear_max": 6.581205722321313,
    "vel_net": 2.9976021664879227e-15,
    "resolution": {
      "H": 25,
      "M": 65,
      "Nz": 129,
      "Nth": 128
    },
    "timestamp": "2026-04-16T04:16:52.739872"
  }
}