{
  "k": [
    0.1,
    0.10985411419875583,
    0.12067926406393285,
    0.13257113655901093,
    0.14563484775012436,
    0.15998587196060582,
    0.1757510624854792,
    0.193069772888325,
    0.21209508879201905,
    0.2329951810515372,
    0.2559547922699536,
    0.281176869797423,
    0.3088843596477481,
    0.3393221771895328,
    0.372759372031494,
    0.4094915062380424,
    0.44984326689694454,
    0.49417133613238345,
    0.5428675439323859,
    0.5963623316594643,
    0.6551285568595507,
    0.7196856730011519,
    0.7906043210907697,
    0.8685113737513525,
    0.9540954763499939,
    1.0481131341546859,
    1.151395399326447,
    1.2648552168552958,
    1.3894954943731375,
    1.5264179671752334,
    1.6768329368110073,
    1.8420699693267153,
    2.0235896477251565,
    2.2229964825261943,
    2.442053094548651,
    2.6826957952797246,
    2.9470517025518097,
    3.2374575428176433,
    3.5564803062231283,
    3.9069399370546147,
    4.291934260128776,
    4.714866363457392,
    5.17947467923121,
    5.689866029018296,
    6.250551925273969,
    6.866488450042998,
    7.543120063354615,
    8.286427728546842,
    9.102981779915218,
    10.0
  ],
  "gamma_max": [
    0.517297208932616,
    0.49914194214853014,
    0.4772037556603484,
    0.4506887275419283,
    0.418634466883232,
    0.3798740155440208,
    0.33299206740231146,
    0.27627171131570316,
    0.207628510092728,
    0.12452380598815709,
    0.023830534707338466,
    -0.09845121136883493,
    -0.2480986161395236,
    -0.4373072166744442,
    -0.7426596314040825,
    -0.847391104129052,
    -0.9669520705609056,
    -0.855888156314561,
    -0.6303557836129835,
    -0.4029995267927501,
    -0.1780907873880496,
    0.04101951338155899,
    0.2516561769961981,
    0.4513796330268513,
    0.637517624790368,
    0.8067056480675806,
    0.9543937721295356,
    1.0742464464109613,
    1.157353204850062,
    1.1911626135112658,
    1.1580297778505773,
    1.0331976507283687,
    0.7819322456647427,
    0.3561863386009093,
    -0.3004645313121087,
    -0.20964406449476994,
    0.08097533869707249,
    -0.1710190401421052,
    -1.207902941265525,
    -3.4159879321934765,
    -3.89144803944715,
    -4.330076667104865,
    -5.260632993586354,
    -6.678677185281849,
    -8.618352399708078,
    -11.144779777100222,
    -14.348099229139528,
    -18.342626920937803,
    -23.26900159787434,
    -29.29889253504063
  ],
  "omega_max": [
    -2.5929191648222524e-12,
    5.700584863952085e-13,
    -8.308588546078462e-13,
    -6.43734413570857e-12,
    7.520597792655445e-12,
    4.403078540724424e-12,
    2.043553676952313e-12,
    2.696545689036425e-12,
    3.1406686820881032e-12,
    -1.1647998036470187e-12,
    -4.7726305972721595e-12,
    5.904600106591519e-13,
    9.347427553606824e-13,
    1.890699557978507e-13,
    -0.08499008833355022,
    0.2145167991450493,
    0.24774317424144188,
    5.1717799274409,
    5.275365996474753,
    5.397698950910661,
    -5.534898826448572,
    -5.681940009833246,
    -5.833119530915507,
    5.982241680916955,
    -6.122590797255494,
    6.246813959808167,
    6.3468141707841985,
    -6.413730519645497,
    -6.43807659541347,
    6.410122804557185,
    6.320651482912277,
    -6.162357720796449,
    5.93273795660122,
    -5.641521320108214,
    -5.33171178807125,
    -6.75523358030801e-12,
    -1.1426609576617278e-11,
    6.8785132255216135e-12,
    -1.6549219347065664e-11,
    1.7573705466482752e-11,
    6.210818967639705,
    -7.226257482524462,
    -8.348202310016664,
    -9.524769874598404,
    -10.760523135270043,
    -12.072369413000642,
    13.482274185321891,
    -15.015945891858731,
    16.702462644997556,
    18.574422286593173
  ],
  "params": {
    "alpha": -50.0,
    "dT": 0.3333333333333333,
    "dR": 1.0
  },
  "metadata": {
    "shear_max": 5.931853826569344,
    "vel_net": 4.2033043712308427e-13,
    "resolution": {
      "H": 25,
      "M": 65,
      "Nz": 129,
      "Nth": 128
    },
    "timestamp": "2026-04-16T02:27:20.473929"
  }
}