{
  "k": [
    0.1,
    0.10985411419875583,
    0.12067926406393285,
    0.13257113655901093,
    0.14563484775012436,
    0.15998587196060582,
    0.1757510624854792,
    0.193069772888325,
    0.21209508879201905,
    0.2329951810515372,
    0.2559547922699536,
    0.281176869797423,
    0.3088843596477481,
    0.3393221771895328,
    0.372759372031494,
    0.4094915062380424,
    0.44984326689694454,
    0.49417133613238345,
    0.5428675439323859,
    0.5963623316594643,
    0.6551285568595507,
    0.7196856730011519,
    0.7906043210907697,
    0.8685113737513525,
    0.9540954763499939,
    1.0481131341546859,
    1.151395399326447,
    1.2648552168552958,
    1.3894954943731375,
    1.5264179671752334,
    1.6768329368110073,
    1.8420699693267153,
    2.0235896477251565,
    2.2229964825261943,
    2.442053094548651,
    2.6826957952797246,
    2.9470517025518097,
    3.2374575428176433,
    3.5564803062231283,
    3.9069399370546147,
    4.291934260128776,
    4.714866363457392,
    5.17947467923121,
    5.689866029018296,
    6.250551925273969,
    6.866488450042998,
    7.543120063354615,
    8.286427728546842,
    9.102981779915218,
    10.0
  ],
  "gamma_max": [
    0.24730022998819784,
    0.23481823692777257,
    0.21971279045692862,
    0.20142199147018916,
    0.17925864429631447,
    0.15237970642520302,
    0.11974639087884255,
    0.08006980847592086,
    0.031730566252257175,
    -0.027359969148143096,
    -0.1000688721030063,
    -0.19103856415582907,
    -0.3125859570690945,
    -0.47208176048405637,
    -0.5345441311213905,
    -0.6065167211361637,
    -0.6886713591143093,
    -0.673936298022865,
    -0.5242664598328736,
    -0.37580497732204415,
    -0.23086041137747984,
    -0.09116116215659334,
    0.04188356762122738,
    0.16687845816277008,
    0.28217642773247675,
    0.3856527471721882,
    0.4744879921440825,
    0.5449289989761404,
    0.592012351359054,
    0.6092661455629994,
    0.5884678544708019,
    0.519664253985814,
    0.3919206396648918,
    0.1956759108065148,
    -0.07261660173524838,
    -0.11117238915278453,
    -0.1665411933608859,
    -0.39241819224247704,
    -0.8506580008830306,
    -1.584920397104344,
    -2.098134705988103,
    -2.404358226684504,
    -2.8618970922871014,
    -3.504280636330877,
    -4.363622295116248,
    -5.475699878599444,
    -6.8832710439521865,
    -8.638470872263678,
    -10.804826666781853,
    -13.458815777102147
  ],
  "omega_max": [
    3.804425140586177e-12,
    6.88144638245497e-13,
    -6.705981645981683e-12,
    6.873531692679073e-12,
    -7.584230813094299e-12,
    1.8278599006118578e-12,
    3.709730271378653e-12,
    -4.977080344978657e-12,
    1.2637943551226307e-12,
    1.984713926063605e-12,
    4.479374722691042e-12,
    1.2974797593060278e-11,
    -1.0903847322573509e-11,
    0.09233359141535484,
    -0.151616587950108,
    0.1677973443607755,
    0.1383779275957569,
    3.1597897815740064,
    3.243728913437127,
    3.3388803542370513,
    -3.442414974288019,
    -3.5510789697303773,
    3.6614357028574096,
    -3.769914916835922,
    3.8727597840209187,
    -3.9659578577792387,
    -4.045213848174581,
    4.106007161613086,
    -4.143778926273413,
    4.154307950986104,
    4.134363894270615,
    4.0827855634982475,
    -4.002269097145682,
    3.9024004706386473,
    3.8043995018186343,
    -3.2595739743060917e-13,
    7.806884604293388e-13,
    -5.343155981328712e-13,
    -7.371443332179677e-13,
    -2.6652756288355344e-13,
    5.781907877960346,
    6.463719744725798,
    -7.2156319086530365,
    8.0435374464981,
    8.951761750239655,
    9.946853166335364,
    11.038495933042523,
    -12.23987100614303,
    -13.568352256918315,
    15.04695811247234
  ],
  "params": {
    "alpha": -34.0,
    "dT": 0.14285714285714285,
    "dR": 1.0
  },
  "metadata": {
    "shear_max": 3.8434405072065387,
    "vel_net": 3.241851231905457e-14,
    "resolution": {
      "H": 25,
      "M": 65,
      "Nz": 129,
      "Nth": 128
    },
    "timestamp": "2026-04-13T21:50:51.074902"
  }
}