{
  "k": [
    0.1,
    0.10985411419875583,
    0.12067926406393285,
    0.13257113655901093,
    0.14563484775012436,
    0.15998587196060582,
    0.1757510624854792,
    0.193069772888325,
    0.21209508879201905,
    0.2329951810515372,
    0.2559547922699536,
    0.281176869797423,
    0.3088843596477481,
    0.3393221771895328,
    0.372759372031494,
    0.4094915062380424,
    0.44984326689694454,
    0.49417133613238345,
    0.5428675439323859,
    0.5963623316594643,
    0.6551285568595507,
    0.7196856730011519,
    0.7906043210907697,
    0.8685113737513525,
    0.9540954763499939,
    1.0481131341546859,
    1.151395399326447,
    1.2648552168552958,
    1.3894954943731375,
    1.5264179671752334,
    1.6768329368110073,
    1.8420699693267153,
    2.0235896477251565,
    2.2229964825261943,
    2.442053094548651,
    2.6826957952797246,
    2.9470517025518097,
    3.2374575428176433,
    3.5564803062231283,
    3.9069399370546147,
    4.291934260128776,
    4.714866363457392,
    5.17947467923121,
    5.689866029018296,
    6.250551925273969,
    6.866488450042998,
    7.543120063354615,
    8.286427728546842,
    9.102981779915218,
    10.0
  ],
  "gamma_max": [
    -0.024906246005088204,
    -0.033761248936856565,
    -0.04442683987962604,
    -0.057268508084419426,
    -0.07272381508002498,
    -0.09131644596257775,
    -0.11367386295499775,
    -0.14055143448689897,
    -0.17287118240997715,
    -0.2118019784070805,
    -0.25899111363962535,
    -0.31762611769149185,
    -0.4141064607287056,
    -0.4481130960120222,
    -0.4879788807816979,
    -0.4748330474415784,
    -0.45564640857761235,
    -0.4424984061961908,
    -0.43006863345442536,
    -0.4171798145484409,
    -0.4033624936463772,
    -0.3672754804287952,
    -0.21224727650332642,
    -0.05951264466759653,
    0.08813640377965719,
    0.2275135342150753,
    0.35474903052114615,
    0.4648858145769442,
    0.5513586589577257,
    0.6053815852300181,
    0.615370468259761,
    0.5668343591127795,
    0.4439282459115439,
    0.23459675346469464,
    0.45896757232799495,
    0.718410525493698,
    0.8675748138898611,
    0.7542566425328844,
    0.2510756306733384,
    -0.8587880629746935,
    -0.9527550135157137,
    -0.9687881911771861,
    -1.1195138008430017,
    -1.4439391027732678,
    -1.9675330142393996,
    -2.7141338469887155,
    -3.7114450846291245,
    -4.9917551260018245,
    -6.589225624105836,
    -8.535157503508044
  ],
  "omega_max": [
    -1.7090034681650368e-12,
    2.1231940724364274e-13,
    -2.926355092300577e-13,
    1.4302523246044061e-12,
    2.88408011886106e-12,
    1.8792772692621414e-12,
    2.397953900647067e-12,
    -5.791913365377033e-13,
    5.404414266318272e-13,
    1.7352389706858076e-12,
    7.038410646259438e-13,
    2.2145550529906173e-13,
    0.015075139887563834,
    0.055100963402690134,
    0.04936385882682267,
    -3.671647477996306e-13,
    8.299256968151931e-14,
    -1.3772119545806552e-14,
    -3.7509241121245233e-13,
    -9.28634721101417e-14,
    1.175517334330762e-13,
    -4.639499264733177,
    -4.726522636351095,
    4.813745483465299,
    4.897041621484537,
    4.971474915019256,
    -5.031358869100039,
    -5.070352986255539,
    5.081650893943941,
    5.058351376439153,
    -4.994192260497455,
    -4.885145950438916,
    4.733572957862698,
    4.5597895594885545,
    1.974504469156499e-12,
    -4.0408762220126493e-13,
    -7.518567146961099e-12,
    1.1076371690072165e-11,
    -1.0603488758311758e-11,
    1.0403711595011616e-10,
    6.796018838307623,
    7.5346683840666335,
    -8.398562896320607,
    -9.37859170512113,
    -10.469554384486287,
    -11.676283258996287,
    -13.013087894100336,
    14.503034175532669,
    -16.1769993213523,
    -18.068324076469032
  ],
  "params": {
    "alpha": -37.0,
    "dT": 0.1,
    "dR": 1.0
  },
  "metadata": {
    "shear_max": 4.886175121186904,
    "vel_net": 1.8407497748285095e-13,
    "resolution": {
      "H": 25,
      "M": 65,
      "Nz": 129,
      "Nth": 128
    },
    "timestamp": "2026-04-15T17:33:55.480810"
  }
}