{
  "k": [
    0.1,
    0.10985411419875583,
    0.12067926406393285,
    0.13257113655901093,
    0.14563484775012436,
    0.15998587196060582,
    0.1757510624854792,
    0.193069772888325,
    0.21209508879201905,
    0.2329951810515372,
    0.2559547922699536,
    0.281176869797423,
    0.3088843596477481,
    0.3393221771895328,
    0.372759372031494,
    0.4094915062380424,
    0.44984326689694454,
    0.49417133613238345,
    0.5428675439323859,
    0.5963623316594643,
    0.6551285568595507,
    0.7196856730011519,
    0.7906043210907697,
    0.8685113737513525,
    0.9540954763499939,
    1.0481131341546859,
    1.151395399326447,
    1.2648552168552958,
    1.3894954943731375,
    1.5264179671752334,
    1.6768329368110073,
    1.8420699693267153,
    2.0235896477251565,
    2.2229964825261943,
    2.442053094548651,
    2.6826957952797246,
    2.9470517025518097,
    3.2374575428176433,
    3.5564803062231283,
    3.9069399370546147,
    4.291934260128776,
    4.714866363457392,
    5.17947467923121,
    5.689866029018296,
    6.250551925273969,
    6.866488450042998,
    7.543120063354615,
    8.286427728546842,
    9.102981779915218,
    10.0
  ],
  "gamma_max": [
    0.2064070822566862,
    0.19157149355621078,
    0.17366520785838466,
    0.15205191660952136,
    0.12596278931102994,
    0.09446792092013674,
    0.05644006979786209,
    0.010505978649776612,
    -0.04502631035983713,
    -0.11229730685923922,
    -0.19419477795603013,
    -0.2952991396389489,
    -0.42680488460701554,
    -0.6238385284642018,
    -0.6923594584489567,
    -0.7713224190223223,
    -0.8618053235736101,
    -0.939783224914906,
    -0.7465812437736106,
    -0.5493221979646735,
    -0.35133324821136064,
    -0.1556307291794005,
    0.03507398558369917,
    0.21818598719694704,
    0.39093146549920194,
    0.5499968034751026,
    0.6910972978708242,
    0.8084385879772376,
    0.8940191351268398,
    0.9367205417799497,
    0.9211406369063193,
    0.8261572261908142,
    0.6234290319848932,
    0.2774822568112162,
    -0.2434788663703397,
    0.021260207982822597,
    0.20879773018672934,
    -0.010948008159726144,
    -0.8385990063012371,
    -2.4949953513407928,
    -3.1465323184740375,
    -3.4154494775337194,
    -4.039237548893512,
    -5.050036687218694,
    -6.47584606388311,
    -8.363451363099223,
    -10.778781464788974,
    -13.807158802648445,
    -17.555332570376407,
    -22.15480037454718
  ],
  "omega_max": [
    1.8336823487701763e-11,
    1.444249122941755e-12,
    9.06006935715645e-12,
    -4.34445815046688e-12,
    -6.966557610696858e-12,
    -4.258016933976481e-12,
    -1.896866328803638e-11,
    6.274700404603729e-12,
    3.266945837367693e-12,
    -1.9480219379225676e-12,
    1.854297922951887e-11,
    2.7332276173920147e-12,
    -2.052960825378804e-12,
    0.08724439193024787,
    -0.16929297750139682,
    0.19934148779274463,
    -0.1879641643225629,
    -4.901422299268868,
    4.991303406927451,
    5.095544695498716,
    -5.211774090442576,
    5.3365059094138445,
    5.465372946248741,
    -5.593278954605247,
    5.7144469696945785,
    -5.822401055559797,
    -5.909943134900343,
    5.969192381767401,
    -5.991761276067683,
    5.969159762326644,
    -5.893562000294854,
    -5.759200768484,
    5.565104679606433,
    -5.321306820142315,
    5.062891763934873,
    1.2134719151807333e-11,
    -2.827285110566721e-12,
    1.632342105178072e-11,
    1.9891930238882027e-12,
    4.833973316498261e-12,
    -6.345273541321019,
    -7.2392986909987425,
    8.261921428094599,
    9.366213217252314,
    10.547672897756476,
    11.817440510012748,
    -13.193514141895717,
    14.69846596750898,
    -16.359466073690353,
    18.210308505693718
  ],
  "params": {
    "alpha": -45.0,
    "dT": 0.25,
    "dR": 1.0
  },
  "metadata": {
    "shear_max": 5.503723733177351,
    "vel_net": 1.6847728588922833e-13,
    "resolution": {
      "H": 20,
      "M": 49,
      "Nz": 97,
      "Nth": 96
    },
    "timestamp": "2026-02-13T19:00:05.286348"
  }
}