{
  "k": [
    0.1,
    0.10985411419875583,
    0.12067926406393285,
    0.13257113655901093,
    0.14563484775012436,
    0.15998587196060582,
    0.1757510624854792,
    0.193069772888325,
    0.21209508879201905,
    0.2329951810515372,
    0.2559547922699536,
    0.281176869797423,
    0.3088843596477481,
    0.3393221771895328,
    0.372759372031494,
    0.4094915062380424,
    0.44984326689694454,
    0.49417133613238345,
    0.5428675439323859,
    0.5963623316594643,
    0.6551285568595507,
    0.7196856730011519,
    0.7906043210907697,
    0.8685113737513525,
    0.9540954763499939,
    1.0481131341546859,
    1.151395399326447,
    1.2648552168552958,
    1.3894954943731375,
    1.5264179671752334,
    1.6768329368110073,
    1.8420699693267153,
    2.0235896477251565,
    2.2229964825261943,
    2.442053094548651,
    2.6826957952797246,
    2.9470517025518097,
    3.2374575428176433,
    3.5564803062231283,
    3.9069399370546147,
    4.291934260128776,
    4.714866363457392,
    5.17947467923121,
    5.689866029018296,
    6.250551925273969,
    6.866488450042998,
    7.543120063354615,
    8.286427728546842,
    9.102981779915218,
    10.0
  ],
  "gamma_max": [
    -0.959432887978255,
    -0.9517913056508327,
    -0.9441201083597541,
    -0.9364704181964979,
    -0.9289051059797938,
    -0.9215015906122122,
    -0.9143553094462936,
    -0.9075840815064049,
    -0.9013336604114127,
    -0.8957849135654623,
    -0.8911632855667894,
    -0.8877515383872409,
    -0.8859073503021228,
    -0.8860883795008353,
    -0.8888893116153098,
    -0.895099230176,
    -0.9057959617338599,
    -0.9225142316790127,
    -0.9475810772614819,
    -0.9849060647289761,
    -1.039360374341113,
    -0.9585981513699401,
    -0.8772133644285668,
    -0.7964960543913847,
    -0.7179983338944127,
    -0.6435591263080751,
    -0.575327437944343,
    -0.5157851403740792,
    -0.46777517088539766,
    -0.4345481061003883,
    -0.41984677047838576,
    -0.4280490298451784,
    -0.4643713658270763,
    -0.4103228746291258,
    -0.38206568926290446,
    -0.41134080569360815,
    -0.5155270087160222,
    -0.7111985008686156,
    -1.008396447854999,
    -1.3960922330607382,
    -1.8385849375534742,
    -2.3231585074888446,
    -2.8796400574166374,
    -3.546511216874603,
    -4.357366564520419,
    -5.343382540350103,
    -6.537010132802999,
    -7.975024526330435,
    -9.701624373375422,
    -11.771652525168482
  ],
  "omega_max": [
    0.11085538867757844,
    0.10897214196976347,
    0.10671693787837587,
    0.10403075858217045,
    0.1008495476447928,
    0.0971038753983112,
    0.09271858293297197,
    0.08761240315355555,
    0.08169758527915352,
    0.0748795628163632,
    0.06705672365960523,
    0.05812042054094987,
    0.04795546453660623,
    0.03644156764894696,
    0.0234566219321289,
    0.008883533065285857,
    -0.007375989022629212,
    -0.025373762646794005,
    -0.045059426556162296,
    -0.06617215943202759,
    -3.7018199783172028,
    -3.821466763778461,
    -3.9492138049436214,
    -4.085334587277933,
    -4.230157666297245,
    -4.384114037188405,
    -4.547783747436939,
    -4.7219278967616205,
    -4.907486879388671,
    -5.105522279165429,
    -5.317079365808424,
    -5.542947922353768,
    -5.783293018402792,
    -5.575938501539379,
    -5.984442059586052,
    -6.455031446111963,
    -7.000632767916733,
    -7.639460633476188,
    -8.399077768403641,
    -9.31260685067828,
    -10.38762215850279,
    -11.591795432735678,
    -12.902347826813056,
    -14.323686215248994,
    -15.872619605728204,
    -17.5695356964671,
    -19.435598434063778,
    -21.491727048561795,
    -23.758317733173705,
    -26.255888271969432
  ],
  "params": {
    "alpha": -26.0,
    "dT": 0.1111111111111111,
    "dR": 1.0
  },
  "metadata": {
    "shear_max": 3.3177423395856076,
    "vel_net": 1.3760830164750375,
    "resolution": {
      "H": 25,
      "M": 65,
      "Nz": 129,
      "Nth": 128
    },
    "timestamp": "2026-04-13T16:33:57.360488"
  }
}