{
  "k": [
    0.1,
    0.10985411419875583,
    0.12067926406393285,
    0.13257113655901093,
    0.14563484775012436,
    0.15998587196060582,
    0.1757510624854792,
    0.193069772888325,
    0.21209508879201905,
    0.2329951810515372,
    0.2559547922699536,
    0.281176869797423,
    0.3088843596477481,
    0.3393221771895328,
    0.372759372031494,
    0.4094915062380424,
    0.44984326689694454,
    0.49417133613238345,
    0.5428675439323859,
    0.5963623316594643,
    0.6551285568595507,
    0.7196856730011519,
    0.7906043210907697,
    0.8685113737513525,
    0.9540954763499939,
    1.0481131341546859,
    1.151395399326447,
    1.2648552168552958,
    1.3894954943731375,
    1.5264179671752334,
    1.6768329368110073,
    1.8420699693267153,
    2.0235896477251565,
    2.2229964825261943,
    2.442053094548651,
    2.6826957952797246,
    2.9470517025518097,
    3.2374575428176433,
    3.5564803062231283,
    3.9069399370546147,
    4.291934260128776,
    4.714866363457392,
    5.17947467923121,
    5.689866029018296,
    6.250551925273969,
    6.866488450042998,
    7.543120063354615,
    8.286427728546842,
    9.102981779915218,
    10.0
  ],
  "gamma_max": [
    -2.112121203340687,
    -2.110510215135278,
    -2.108996301740588,
    -2.1076426019860497,
    -2.1065297654126978,
    -2.105760069931483,
    -2.1054624503494455,
    -2.105798629466942,
    -2.065634448757361,
    -2.004029491017582,
    -1.938610848621688,
    -1.869530085927855,
    -1.7970679365810192,
    -1.7216670584640466,
    -1.6439696763177123,
    -1.5648601418103032,
    -1.4855123000168287,
    -1.4074414407640914,
    -1.3325605624145391,
    -1.2632407168157607,
    -1.202375362862344,
    -1.1534489625238689,
    -1.1206105371119295,
    -1.1087536091385655,
    -1.1236049454285821,
    -1.171825865160806,
    -1.261131661555502,
    -1.400436983220821,
    -1.6000379468622508,
    -1.8718456143395086,
    -2.2296911682734444,
    -2.326707881191436,
    -2.37628497985535,
    -2.5645869154657492,
    -2.9367875786548554,
    -3.544023354334366,
    -4.442447752758815,
    -5.693413763731576,
    -7.364949308946922,
    -9.534492970600846,
    -12.292735954472118,
    -15.748416624570831,
    -20.034094091172772,
    -25.313345779449435,
    -31.790764981086973,
    -39.728883481718185,
    -49.487408340000336,
    -61.603832028287385,
    -75.32539622328272,
    -91.15992158019905
  ],
  "omega_max": [
    0.9245465739388982,
    0.9409147893865872,
    0.9589986828429943,
    0.978986098452304,
    1.0010863486136878,
    1.0255325919585159,
    1.0525843711181617,
    1.0825302635466811,
    4.922378615077137,
    4.9787286849073285,
    5.0410656606003705,
    5.1099660764096,
    5.186030110521522,
    5.269870799943526,
    5.36209969392967,
    5.463309072804133,
    5.5740514527805916,
    5.694817938117419,
    5.826018051693772,
    5.96796492094519,
    6.120870948212081,
    6.284860097575085,
    6.46000325317454,
    6.646382227493737,
    6.844185339274905,
    7.053832634895657,
    7.276121803427022,
    7.512377307722699,
    7.764576587308884,
    8.035420069615036,
    8.328307413921642,
    7.553931508239349,
    7.871017793361546,
    8.236292145403162,
    8.658906966309555,
    9.14719691914492,
    9.708912241106292,
    10.351631114396854,
    11.083178397837923,
    11.912059821740744,
    12.847965119956909,
    13.902403349740192,
    15.089575006314725,
    16.42773201183581,
    17.941789277758673,
    19.670138320079765,
    21.692563840653015,
    24.378680696730427,
    19.7287948200539,
    32.455040205830684
  ],
  "params": {
    "alpha": -40.0,
    "dT": 0.9,
    "dR": 1.0
  },
  "metadata": {
    "shear_max": 5.01933169188073,
    "vel_net": 2.071074140606763,
    "resolution": {
      "H": 25,
      "M": 65,
      "Nz": 129,
      "Nth": 128
    },
    "timestamp": "2026-04-13T15:33:44.886716"
  }
}