{
  "k": [
    0.1,
    0.10985411419875583,
    0.12067926406393285,
    0.13257113655901093,
    0.14563484775012436,
    0.15998587196060582,
    0.1757510624854792,
    0.193069772888325,
    0.21209508879201905,
    0.2329951810515372,
    0.2559547922699536,
    0.281176869797423,
    0.3088843596477481,
    0.3393221771895328,
    0.372759372031494,
    0.4094915062380424,
    0.44984326689694454,
    0.49417133613238345,
    0.5428675439323859,
    0.5963623316594643,
    0.6551285568595507,
    0.7196856730011519,
    0.7906043210907697,
    0.8685113737513525,
    0.9540954763499939,
    1.0481131341546859,
    1.151395399326447,
    1.2648552168552958,
    1.3894954943731375,
    1.5264179671752334,
    1.6768329368110073,
    1.8420699693267153,
    2.0235896477251565,
    2.2229964825261943,
    2.442053094548651,
    2.6826957952797246,
    2.9470517025518097,
    3.2374575428176433,
    3.5564803062231283,
    3.9069399370546147,
    4.291934260128776,
    4.714866363457392,
    5.17947467923121,
    5.689866029018296,
    6.250551925273969,
    6.866488450042998,
    7.543120063354615,
    8.286427728546842,
    9.102981779915218,
    10.0
  ],
  "gamma_max": [
    -0.319393823103899,
    -0.3218390918377977,
    -0.32479301390370463,
    -0.3283621778490414,
    -0.3326758847198865,
    -0.3378911750947227,
    -0.3441990672605746,
    -0.35183235165268295,
    -0.3610754194645405,
    -0.3722768031267358,
    -0.3858654311301602,
    -0.4023721435565211,
    -0.4224589944479217,
    -0.4469607446208359,
    -0.4769468643951827,
    -0.5138213928514095,
    -0.5595016346163615,
    -0.6167902602446019,
    -0.6903518968244319,
    -0.7906069164530692,
    -0.9802071376169522,
    -1.0485442246929313,
    -1.131302394220853,
    -1.231532046084852,
    -1.3529217108251266,
    -1.4999280238123363,
    -1.6779320356816527,
    -1.8934276666682244,
    -2.1542494120159796,
    -2.4698478677458855,
    -2.8516232994297055,
    -3.3133294120893204,
    -3.8715618599818886,
    -4.546349077666293,
    -5.361866939052082,
    -6.347303677104762,
    -7.506650935840246,
    -8.877761438650284,
    -10.563216989251858,
    -12.62396850375501,
    -15.13340891119265,
    -18.180266146006048,
    -21.871970050321455,
    -26.33859452661053,
    -31.73751977961281,
    -38.25899727723129,
    -46.132835997981196,
    -55.63646772120871,
    -67.10469552097994,
    -80.941485279246
  ],
  "omega_max": [
    -7.456629290255692e-15,
    7.991576574746154e-15,
    1.5236788273760976e-14,
    -5.0885827100591755e-15,
    -1.0358726361223897e-14,
    3.485904118422851e-15,
    -2.6567300807856847e-14,
    -8.960729540527562e-15,
    8.640298859709267e-15,
    1.3966110152938006e-14,
    -6.919797983832554e-14,
    -2.8211255879945793e-15,
    7.657611213155319e-15,
    -3.5356961029505064e-15,
    -9.670333272355162e-14,
    1.0235242627174703e-14,
    6.231618349194514e-14,
    5.213076775255786e-14,
    8.028733298459408e-15,
    -9.163864273562567e-14,
    -0.05313252530436726,
    -0.16563018622274678,
    0.23851831404714913,
    -0.30355998997565636,
    -0.3665443799989409,
    -0.4299970637990357,
    0.4954383736995921,
    0.5639894042228036,
    -0.6366015128726902,
    -0.7141640627222845,
    -0.7975646093663324,
    -0.8877284789093312,
    -0.9856489085332395,
    -1.092412511478151,
    1.209221763108309,
    -1.3374147498146647,
    1.3606648504808063,
    1.4991210655014688,
    -1.6611886620503071,
    -1.8484448686302986,
    -2.061983280321833,
    2.302973337087498,
    2.573024058794029,
    2.874374302143735,
    3.20997165541968,
    3.583496526203227,
    -3.9993674210616774,
    -4.462745097750806,
    -4.979543148226719,
    5.556450806880012
  ],
  "params": {
    "alpha": -23.0,
    "dT": 0.8,
    "dR": 1.0
  },
  "metadata": {
    "shear_max": 3.216421653781697e-09,
    "vel_net": 1.550963648536927e-25,
    "resolution": {
      "H": 25,
      "M": 65,
      "Nz": 129,
      "Nth": 128
    },
    "timestamp": "2026-04-13T12:01:20.711048"
  }
}