{
  "k": [
    0.1,
    0.10985411419875583,
    0.12067926406393285,
    0.13257113655901093,
    0.14563484775012436,
    0.15998587196060582,
    0.1757510624854792,
    0.193069772888325,
    0.21209508879201905,
    0.2329951810515372,
    0.2559547922699536,
    0.281176869797423,
    0.3088843596477481,
    0.3393221771895328,
    0.372759372031494,
    0.4094915062380424,
    0.44984326689694454,
    0.49417133613238345,
    0.5428675439323859,
    0.5963623316594643,
    0.6551285568595507,
    0.7196856730011519,
    0.7906043210907697,
    0.8685113737513525,
    0.9540954763499939,
    1.0481131341546859,
    1.151395399326447,
    1.2648552168552958,
    1.3894954943731375,
    1.5264179671752334,
    1.6768329368110073,
    1.8420699693267153,
    2.0235896477251565,
    2.2229964825261943,
    2.442053094548651,
    2.6826957952797246,
    2.9470517025518097,
    3.2374575428176433,
    3.5564803062231283,
    3.9069399370546147,
    4.291934260128776,
    4.714866363457392,
    5.17947467923121,
    5.689866029018296,
    6.250551925273969,
    6.866488450042998,
    7.543120063354615,
    8.286427728546842,
    9.102981779915218,
    10.0
  ],
  "gamma_max": [
    -2.5022049556385055,
    -2.498941998097362,
    -2.4955856448365887,
    -2.4921761842280246,
    -2.488768857068971,
    -2.4854378290460395,
    -2.482281131741934,
    -2.4794267967736534,
    -2.4770404539739714,
    -2.4753347161248267,
    -2.464830469266468,
    -2.389607312439055,
    -2.30958748058575,
    -2.2249235627740385,
    -2.1359236487180877,
    -2.0430927110333768,
    -1.947180459060528,
    -1.8492356237503813,
    -1.7506663484419265,
    -1.653306101542273,
    -1.559484340626217,
    -1.4721010825053318,
    -1.3947045777671114,
    -1.3315714406715375,
    -1.2877888849429904,
    -1.2693393993016096,
    -1.2831899143632082,
    -1.3373916121773353,
    -1.4412051534147732,
    -1.6052819219612462,
    -1.3865859702000627,
    -1.0765856456912175,
    -0.8420244013005616,
    -0.7278635295972008,
    -0.7870712384307597,
    -1.0787572982041242,
    -1.666904148920428,
    -2.619929196526813,
    -4.011529207427654,
    -5.923068951658117,
    -8.447387759173237,
    -11.693597987770586,
    -15.792264772775814,
    -20.900003499081123,
    -27.201458634921693,
    -34.9049230244531,
    -44.2323558798295,
    -55.43274739789225,
    -68.85158042393392,
    -84.96051165524725
  ],
  "omega_max": [
    1.536944400746844,
    1.5620404098888732,
    1.5896998507826696,
    1.620191275652988,
    1.6538121192528943,
    1.6908917644946442,
    1.7317948652580595,
    1.7769249128641287,
    1.8267280133915575,
    1.8816968147389632,
    6.9612135605599565,
    7.047294949205319,
    7.14237258373037,
    7.247322083219156,
    7.363068360513711,
    7.490575746202138,
    7.630834631670817,
    7.784845233268649,
    7.953600046314476,
    8.138067851162194,
    8.339183612925732,
    8.55784998067141,
    8.79495679146919,
    9.05142421775583,
    9.328271997241485,
    9.626710616102672,
    9.948239901527039,
    10.294726684583202,
    10.668418139082572,
    11.071835454007406,
    9.663737131733699,
    10.063584220181198,
    10.532110219969224,
    11.080551747279474,
    11.718396420634303,
    12.454131759157999,
    13.295980971669966,
    14.252525415538992,
    15.333367315033934,
    16.549953239163614,
    17.91667616387877,
    19.45246243087477,
    21.18320206120151,
    23.145507239535917,
    25.391866830077124,
    27.994084410983696,
    31.032399192177202,
    34.56020978378609,
    38.60056221030818,
    43.25299634097791
  ],
  "params": {
    "alpha": -51.0,
    "dT": 0.875,
    "dR": 1.0
  },
  "metadata": {
    "shear_max": 7.005591524501773,
    "vel_net": 2.9375926819805063,
    "resolution": {
      "H": 25,
      "M": 65,
      "Nz": 129,
      "Nth": 128
    },
    "timestamp": "2026-04-16T15:07:27.888385"
  }
}