{
  "k": [
    0.1,
    0.10985411419875583,
    0.12067926406393285,
    0.13257113655901093,
    0.14563484775012436,
    0.15998587196060582,
    0.1757510624854792,
    0.193069772888325,
    0.21209508879201905,
    0.2329951810515372,
    0.2559547922699536,
    0.281176869797423,
    0.3088843596477481,
    0.3393221771895328,
    0.372759372031494,
    0.4094915062380424,
    0.44984326689694454,
    0.49417133613238345,
    0.5428675439323859,
    0.5963623316594643,
    0.6551285568595507,
    0.7196856730011519,
    0.7906043210907697,
    0.8685113737513525,
    0.9540954763499939,
    1.0481131341546859,
    1.151395399326447,
    1.2648552168552958,
    1.3894954943731375,
    1.5264179671752334,
    1.6768329368110073,
    1.8420699693267153,
    2.0235896477251565,
    2.2229964825261943,
    2.442053094548651,
    2.6826957952797246,
    2.9470517025518097,
    3.2374575428176433,
    3.5564803062231283,
    3.9069399370546147,
    4.291934260128776,
    4.714866363457392,
    5.17947467923121,
    5.689866029018296,
    6.250551925273969,
    6.866488450042998,
    7.543120063354615,
    8.286427728546842,
    9.102981779915218,
    10.0
  ],
  "gamma_max": [
    0.6513203835487907,
    0.649458379088935,
    0.6472122444549541,
    0.6445029559812356,
    0.6412353303351315,
    0.6372947620978409,
    0.6325433184138147,
    0.6268150725360843,
    0.619910533578395,
    0.6115900086681434,
    0.6015657020103858,
    0.5894923206923695,
    0.5749559087132752,
    0.557460564548075,
    0.5364125996743352,
    0.5111015396289547,
    0.48067711746073655,
    0.44412098023101254,
    0.4002110966268122,
    0.3474755638372841,
    0.2841301841826,
    0.2079897849545522,
    0.11633435880153817,
    0.005691213644928981,
    -0.12855650888716813,
    -0.2929801306830911,
    -0.4981961717929716,
    -0.7669336459241337,
    -1.252597292886211,
    -1.46361277874938,
    -1.7159747682066733,
    -2.018132056707954,
    -2.380338302729111,
    -2.815024732465479,
    -3.3372476285488806,
    -3.936658256436381,
    -4.619777324327654,
    -5.471138725017627,
    -6.5226687496945095,
    -7.812451908963073,
    -9.386321826699852,
    -11.299718019799833,
    -13.619832845893036,
    -16.42810691119376,
    -19.823161269694715,
    -23.92427989482956,
    -28.87557987211283,
    -34.85103369154979,
    -42.06053984942961,
    -50.75727426932091
  ],
  "omega_max": [
    -4.854758847760956e-13,
    -1.8264326509639982e-13,
    3.681401008873903e-13,
    -2.6666318733903614e-13,
    1.4491408226781618e-13,
    1.7441677042936858e-13,
    1.3242686616310563e-13,
    1.5457711095061724e-13,
    -1.221553384686564e-13,
    -4.534289647130256e-15,
    -1.5837551614530452e-13,
    -8.544125625848768e-14,
    1.0729626345941475e-13,
    9.10208125110557e-14,
    -1.534452749409967e-14,
    -9.213495046382113e-14,
    1.2531397296653312e-14,
    1.0049770306019927e-13,
    -4.2860077905573386e-14,
    6.2147897539891136e-15,
    5.145273301283556e-14,
    2.8000700695625603e-14,
    -1.583536257753976e-14,
    5.796434499047375e-16,
    -3.574437657547425e-14,
    -3.686667128292489e-14,
    -9.859850721282047e-14,
    1.2037981583087683e-13,
    -0.09426988062107887,
    0.36235816847937563,
    -0.5247148285257179,
    -0.6674094485466655,
    0.804512732525269,
    0.9421998399164223,
    -1.0842665317967404,
    -1.093367503035292,
    -1.2156144877988257,
    -1.363783609250861,
    -1.538298654836537,
    -1.7390576622136664,
    -1.9660871486105131,
    2.219948090224334,
    2.5019250100750705,
    2.814082582289376,
    -3.159264794654526,
    3.541082892938983,
    3.9639116751489225,
    4.4328966768470455,
    -4.953968747195825,
    5.533865701953782
  ],
  "params": {
    "alpha": -24.0,
    "dT": 0.5,
    "dR": 1.0
  },
  "metadata": {
    "shear_max": 6.370995514178785e-09,
    "vel_net": 5.169878828456423e-25,
    "resolution": {
      "H": 25,
      "M": 65,
      "Nz": 129,
      "Nth": 128
    },
    "timestamp": "2026-04-13T12:34:09.122364"
  }
}