{
  "k": [
    0.1,
    0.10985411419875583,
    0.12067926406393285,
    0.13257113655901093,
    0.14563484775012436,
    0.15998587196060582,
    0.1757510624854792,
    0.193069772888325,
    0.21209508879201905,
    0.2329951810515372,
    0.2559547922699536,
    0.281176869797423,
    0.3088843596477481,
    0.3393221771895328,
    0.372759372031494,
    0.4094915062380424,
    0.44984326689694454,
    0.49417133613238345,
    0.5428675439323859,
    0.5963623316594643,
    0.6551285568595507,
    0.7196856730011519,
    0.7906043210907697,
    0.8685113737513525,
    0.9540954763499939,
    1.0481131341546859,
    1.151395399326447,
    1.2648552168552958,
    1.3894954943731375,
    1.5264179671752334,
    1.6768329368110073,
    1.8420699693267153,
    2.0235896477251565,
    2.2229964825261943,
    2.442053094548651,
    2.6826957952797246,
    2.9470517025518097,
    3.2374575428176433,
    3.5564803062231283,
    3.9069399370546147,
    4.291934260128776,
    4.714866363457392,
    5.17947467923121,
    5.689866029018296,
    6.250551925273969,
    6.866488450042998,
    7.543120063354615,
    8.286427728546842,
    9.102981779915218,
    10.0
  ],
  "gamma_max": [
    -2.163373960745302,
    -2.1616029760463538,
    -2.1598213924159717,
    -2.1580639960973387,
    -2.156377047121151,
    -2.154821274885104,
    -2.153475611396637,
    -2.1524418390239273,
    -2.151850367722146,
    -2.151867400841987,
    -2.1527037968135225,
    -2.1546259827024032,
    -2.113902368681814,
    -2.0366811076328526,
    -1.9552468465225543,
    -1.8699828008717299,
    -1.781476362444957,
    -1.6905644208162214,
    -1.598383737728555,
    -1.5064259897937768,
    -1.4165969867448764,
    -1.3312795256751415,
    -1.2533993372897738,
    -1.1864935972309205,
    -1.134781555776624,
    -1.103237192990151,
    -1.0976649736773771,
    -1.1247827503016639,
    -1.192322108856214,
    -1.3091676866870539,
    -1.4559920259507373,
    -1.234504010655754,
    -1.0761560168542903,
    -1.0153142714991334,
    -1.0929811139921646,
    -1.3548647175836572,
    -1.8502623253218746,
    -2.6318980849364038,
    -3.7568772171357714,
    -5.288867306526854,
    -7.301433722616871,
    -9.882344058121852,
    -13.138697936367082,
    -17.202838971254245,
    -22.238933996086256,
    -28.449884758668823,
    -36.07812161172791,
    -45.022960663383486,
    -54.92765855464102,
    -66.63193251041562
  ],
  "omega_max": [
    1.3502647977957478,
    1.3708142446932063,
    1.3934578705639045,
    1.4184138082648863,
    1.4459233441690114,
    1.4762533091159296,
    1.509698655643316,
    1.5465852073939834,
    1.5872725492340956,
    1.632157001644099,
    1.681674585593673,
    1.7363038288193922,
    5.929191035966253,
    6.015477642602796,
    6.110627783338321,
    6.215406641341517,
    6.330588591041887,
    6.456941326227179,
    6.595209224951514,
    6.746098714237494,
    6.910269692623095,
    7.088338236199634,
    7.2808963771776485,
    7.488554053179875,
    7.712005596838565,
    7.952117653663196,
    8.210026869554994,
    8.48722456213947,
    8.785593590916312,
    9.107352898635071,
    7.990636399282817,
    8.323727319643204,
    8.710610880237496,
    9.161766042199309,
    9.686074009842791,
    10.291219736374533,
    10.984426903708188,
    11.773111849863785,
    12.665497983737446,
    13.671321165616721,
    14.802768170369298,
    16.075878598097326,
    17.5128747573361,
    19.146422953340917,
    21.028134717184408,
    23.24782613156814,
    26.0029711122648,
    29.752702989977585,
    33.90428400799265,
    38.155192945348034
  ],
  "params": {
    "alpha": -42.0,
    "dT": 0.6666666666666666,
    "dR": 1.0
  },
  "metadata": {
    "shear_max": 5.716863681478028,
    "vel_net": 2.39820138191642,
    "resolution": {
      "H": 25,
      "M": 65,
      "Nz": 129,
      "Nth": 128
    },
    "timestamp": "2026-04-13T21:41:10.495871"
  }
}