{
  "k": [
    0.1,
    0.10985411419875583,
    0.12067926406393285,
    0.13257113655901093,
    0.14563484775012436,
    0.15998587196060582,
    0.1757510624854792,
    0.193069772888325,
    0.21209508879201905,
    0.2329951810515372,
    0.2559547922699536,
    0.281176869797423,
    0.3088843596477481,
    0.3393221771895328,
    0.372759372031494,
    0.4094915062380424,
    0.44984326689694454,
    0.49417133613238345,
    0.5428675439323859,
    0.5963623316594643,
    0.6551285568595507,
    0.7196856730011519,
    0.7906043210907697,
    0.8685113737513525,
    0.9540954763499939,
    1.0481131341546859,
    1.151395399326447,
    1.2648552168552958,
    1.3894954943731375,
    1.5264179671752334,
    1.6768329368110073,
    1.8420699693267153,
    2.0235896477251565,
    2.2229964825261943,
    2.442053094548651,
    2.6826957952797246,
    2.9470517025518097,
    3.2374575428176433,
    3.5564803062231283,
    3.9069399370546147,
    4.291934260128776,
    4.714866363457392,
    5.17947467923121,
    5.689866029018296,
    6.250551925273969,
    6.866488450042998,
    7.543120063354615,
    8.286427728546842,
    9.102981779915218,
    10.0
  ],
  "gamma_max": [
    -2.1665499375479453,
    -2.168922647213687,
    -2.171781361107129,
    -2.1752244718902722,
    -2.1793697683954947,
    -2.1824048281309003,
    -2.1806362425674837,
    -2.1791479575509354,
    -2.178069373026783,
    -2.177565974208816,
    -2.177848276638641,
    -2.1791828326375766,
    -2.1591653322878783,
    -2.081061344731294,
    -1.998561150788772,
    -1.912012914611966,
    -1.8219641175688266,
    -1.7292068692832165,
    -1.634828465071207,
    -1.5402668118059057,
    -1.4473702089603995,
    -1.3584608937615452,
    -1.2764017175478461,
    -1.2046652979840218,
    -1.147405031075385,
    -1.1095276864053005,
    -1.096768556110398,
    -1.1157733918742119,
    -1.1741982721095068,
    -1.2808508265136194,
    -1.3821234397328126,
    -1.138019303462019,
    -0.9549940389612416,
    -0.868233902128686,
    -0.9195511700536856,
    -1.1554461933877618,
    -1.6259974147909224,
    -2.3846609231343048,
    -3.4891709046235624,
    -5.0036820217695395,
    -7.00207511337933,
    -9.572186780292716,
    -12.82067466232564,
    -16.878087706391202,
    -21.90295412065998,
    -28.082073477690383,
    -35.62364883419294,
    -44.596711948219856,
    -54.655629747650075,
    -66.41341900390493
  ],
  "omega_max": [
    0.15730893735541615,
    0.17290683101270357,
    0.19007326376976813,
    0.20897310055666185,
    0.2297908236284301,
    1.5392137154733023,
    1.5737231480931184,
    1.6117751415435164,
    1.6537391763810843,
    1.7000225834888294,
    1.7510736778371319,
    1.807384763952164,
    6.108361863023166,
    6.196651256936823,
    6.2940267106341,
    6.401285746699065,
    6.519240678821423,
    6.648703246640595,
    6.790468222910659,
    6.94529862036396,
    7.113916419573985,
    7.29700392389358,
    7.495221436418661,
    7.709246279288646,
    7.939835419153045,
    8.187908369632755,
    8.45463826375256,
    8.741527559694294,
    9.05043261264491,
    9.383491891335245,
    8.201292827326506,
    8.54534880011921,
    8.946220863250195,
    9.414494547856172,
    9.958995661545744,
    10.587353446838122,
    11.306796495332007,
    12.124826523545641,
    13.049860303308215,
    14.091985415398808,
    15.263981902119742,
    16.582861198791623,
    18.07241403477206,
    19.767725415664806,
    21.723341007219133,
    24.027464941498117,
    26.83436113089305,
    30.473921732430146,
    34.73730494914972,
    39.14430523907481
  ],
  "params": {
    "alpha": -43.0,
    "dT": 0.6666666666666666,
    "dR": 1.0
  },
  "metadata": {
    "shear_max": 5.891436350101496,
    "vel_net": 2.4762431867926056,
    "resolution": {
      "H": 25,
      "M": 65,
      "Nz": 129,
      "Nth": 128
    },
    "timestamp": "2026-04-13T23:01:51.715495"
  }
}