{
  "k": [
    0.1,
    0.10985411419875583,
    0.12067926406393285,
    0.13257113655901093,
    0.14563484775012436,
    0.15998587196060582,
    0.1757510624854792,
    0.193069772888325,
    0.21209508879201905,
    0.2329951810515372,
    0.2559547922699536,
    0.281176869797423,
    0.3088843596477481,
    0.3393221771895328,
    0.372759372031494,
    0.4094915062380424,
    0.44984326689694454,
    0.49417133613238345,
    0.5428675439323859,
    0.5963623316594643,
    0.6551285568595507,
    0.7196856730011519,
    0.7906043210907697,
    0.8685113737513525,
    0.9540954763499939,
    1.0481131341546859,
    1.151395399326447,
    1.2648552168552958,
    1.3894954943731375,
    1.5264179671752334,
    1.6768329368110073,
    1.8420699693267153,
    2.0235896477251565,
    2.2229964825261943,
    2.442053094548651,
    2.6826957952797246,
    2.9470517025518097,
    3.2374575428176433,
    3.5564803062231283,
    3.9069399370546147,
    4.291934260128776,
    4.714866363457392,
    5.17947467923121,
    5.689866029018296,
    6.250551925273969,
    6.866488450042998,
    7.543120063354615,
    8.286427728546842,
    9.102981779915218,
    10.0
  ],
  "gamma_max": [
    0.0293488894972918,
    0.015490164660500247,
    -0.0012189851282031364,
    -0.021362783239625417,
    -0.04564588544370916,
    -0.07492052383670586,
    -0.11022356459868164,
    -0.15283270663989854,
    -0.20436652072775685,
    -0.26700523822232736,
    -0.3441316337831498,
    -0.4431621418236287,
    -0.6192453135506613,
    -0.671555743480579,
    -0.7322781222318892,
    -0.8022943997894519,
    -0.8827224118656146,
    -0.8824566096507838,
    -0.8253503377269067,
    -0.7024024895844984,
    -0.4950110476064465,
    -0.286200007800924,
    -0.07894287237799608,
    0.12373331126582232,
    0.31854766170231424,
    0.5016239418081057,
    0.6679960873104777,
    0.8109187347302871,
    0.920908149785157,
    0.984400213890879,
    0.9818438305066906,
    0.8849177076269125,
    0.6525556697474462,
    0.2281726868830526,
    0.19267037784643182,
    0.8735734740834378,
    1.3022991536802035,
    1.2058435947629842,
    0.4046162105756766,
    -1.485466151714753,
    -2.8456676581491362,
    -2.7380501574105467,
    -3.137758445740224,
    -4.000199858438885,
    -5.319172292248102,
    -7.131310117413727,
    -9.501689653461572,
    -12.519242278316401,
    -16.29675557378659,
    -20.972691561720207
  ],
  "omega_max": [
    -7.55577786111063e-13,
    -1.5929666405955553e-12,
    -1.0512130970921012e-12,
    1.3838629340800694e-12,
    -2.3578639341768537e-12,
    1.1664541453466287e-12,
    -2.424245421460025e-12,
    1.3923900872643462e-13,
    2.478563130379221e-12,
    -8.9737690161075e-13,
    -8.369990497734391e-13,
    -9.583771861298648e-13,
    0.04117286768823912,
    -0.13422584496094767,
    0.1707401029159932,
    -0.17797918846905186,
    0.14529942983381733,
    7.878433500163483e-13,
    5.037588700713493e-14,
    5.900944626622431,
    -6.016162864886193,
    6.139875142248897,
    6.268088887898522,
    -6.39569835936759,
    6.5165167769252355,
    6.623273873245526,
    6.707605668738037,
    -6.7600907016811265,
    -6.770410273290314,
    -6.727741999519796,
    6.621571430600131,
    6.443374294914355,
    6.190710972078235,
    5.879361434439699,
    7.0690509494569925e-12,
    2.353611316036291e-11,
    4.354509041159764e-11,
    1.8710267168235164e-11,
    1.091994404994012e-12,
    -6.800310818848505e-12,
    -6.8041452647990885,
    -7.783122443094874,
    -8.96242351074844,
    -10.215415042824649,
    11.533098219958724,
    -12.929736702164542,
    -14.427500353975333,
    16.05482479452939,
    17.8479925638154,
    19.855535619728542
  ],
  "params": {
    "alpha": -49.0,
    "dT": 0.25,
    "dR": 1.0
  },
  "metadata": {
    "shear_max": 6.2904066003465395,
    "vel_net": 3.519406988061746e-14,
    "resolution": {
      "H": 25,
      "M": 65,
      "Nz": 129,
      "Nth": 128
    },
    "timestamp": "2026-04-16T01:01:01.092295"
  }
}