{
  "k": [
    0.1,
    0.10985411419875583,
    0.12067926406393285,
    0.13257113655901093,
    0.14563484775012436,
    0.15998587196060582,
    0.1757510624854792,
    0.193069772888325,
    0.21209508879201905,
    0.2329951810515372,
    0.2559547922699536,
    0.281176869797423,
    0.3088843596477481,
    0.3393221771895328,
    0.372759372031494,
    0.4094915062380424,
    0.44984326689694454,
    0.49417133613238345,
    0.5428675439323859,
    0.5963623316594643,
    0.6551285568595507,
    0.7196856730011519,
    0.7906043210907697,
    0.8685113737513525,
    0.9540954763499939,
    1.0481131341546859,
    1.151395399326447,
    1.2648552168552958,
    1.3894954943731375,
    1.5264179671752334,
    1.6768329368110073,
    1.8420699693267153,
    2.0235896477251565,
    2.2229964825261943,
    2.442053094548651,
    2.6826957952797246,
    2.9470517025518097,
    3.2374575428176433,
    3.5564803062231283,
    3.9069399370546147,
    4.291934260128776,
    4.714866363457392,
    5.17947467923121,
    5.689866029018296,
    6.250551925273969,
    6.866488450042998,
    7.543120063354615,
    8.286427728546842,
    9.102981779915218,
    10.0
  ],
  "gamma_max": [
    -0.5731806065278227,
    -0.5761343219802515,
    -0.5797118413629366,
    -0.5840485653871237,
    -0.5893112136050911,
    -0.5957061676961156,
    -0.6034907281989599,
    -0.6129887873176515,
    -0.6246135745772309,
    -0.6389025542215273,
    -0.6565751279291446,
    -0.678638356650349,
    -0.7066109609340694,
    -0.7431153152644626,
    -0.7942102627420817,
    -0.9022654514367375,
    -0.9278414330057871,
    -0.9588316344395398,
    -0.9963979132302677,
    -1.0419535340286425,
    -1.0972165405071541,
    -1.164273613016425,
    -1.2456562611824415,
    -1.344431617102215,
    -1.4643106858719321,
    -1.6097777107895275,
    -1.7862453342823694,
    -2.000241461368429,
    -2.259635121710756,
    -2.5739101475098667,
    -2.954497149576137,
    -3.415176177183181,
    -3.9725647590520814,
    -4.646708981535493,
    -5.461799088712717,
    -6.447035894137968,
    -7.613735998570808,
    -8.987241764046532,
    -10.674820668097416,
    -12.73749624970059,
    -15.24873619962366,
    -18.29734174710098,
    -21.99081102159204,
    -26.459278283810328,
    -31.860173792109425,
    -38.38378664381344,
    -46.259949017439936,
    -55.76609979863847,
    -67.23703233221865,
    -81.07668673465363
  ],
  "omega_max": [
    -3.4210803911176755e-14,
    1.3078079666301974e-14,
    -5.416126196364637e-14,
    6.423721115130715e-15,
    2.8355673054389468e-14,
    -9.796509038892864e-15,
    7.770037654888524e-14,
    -3.800929708163677e-14,
    -9.890150773199572e-14,
    9.739335526744358e-15,
    3.154727174875777e-14,
    2.4468577480589026e-14,
    1.8039453991911857e-15,
    2.118230966639623e-14,
    -2.2428029012250698e-15,
    0.028673512914763628,
    0.10426514956823975,
    0.15136856992771894,
    0.1932121235034889,
    -0.2336353249060581,
    0.27426947083304515,
    0.3160715406144492,
    0.35972873169357433,
    0.4058104088278413,
    -0.4548387726987406,
    0.5073272999424246,
    0.5638045031402297,
    -0.6248304273012254,
    -0.6910095822802762,
    -0.7630025139365761,
    -0.8415375008916564,
    -0.927423353166096,
    -1.0215637489071732,
    -1.1249729377654578,
    -1.2387920826403271,
    1.364305281926626,
    1.397231406297309,
    -1.538138144586038,
    -1.700718458127328,
    1.8870098952963639,
    2.0985672515580087,
    -2.336956002214945,
    2.6040938372392426,
    2.9024474512178715,
    3.2351300057892716,
    3.605944981310198,
    4.019407322046991,
    -4.480758077928328,
    -4.995980581104133,
    -5.571825518265676
  ],
  "params": {
    "alpha": -22.0,
    "dT": 0.8,
    "dR": 1.0
  },
  "metadata": {
    "shear_max": 2.990405774507123e-09,
    "vel_net": 2.5849394142282115e-25,
    "resolution": {
      "H": 25,
      "M": 65,
      "Nz": 129,
      "Nth": 128
    },
    "timestamp": "2026-04-13T11:51:42.614953"
  }
}