{
  "k": [
    0.1,
    0.10985411419875583,
    0.12067926406393285,
    0.13257113655901093,
    0.14563484775012436,
    0.15998587196060582,
    0.1757510624854792,
    0.193069772888325,
    0.21209508879201905,
    0.2329951810515372,
    0.2559547922699536,
    0.281176869797423,
    0.3088843596477481,
    0.3393221771895328,
    0.372759372031494,
    0.4094915062380424,
    0.44984326689694454,
    0.49417133613238345,
    0.5428675439323859,
    0.5963623316594643,
    0.6551285568595507,
    0.7196856730011519,
    0.7906043210907697,
    0.8685113737513525,
    0.9540954763499939,
    1.0481131341546859,
    1.151395399326447,
    1.2648552168552958,
    1.3894954943731375,
    1.5264179671752334,
    1.6768329368110073,
    1.8420699693267153,
    2.0235896477251565,
    2.2229964825261943,
    2.442053094548651,
    2.6826957952797246,
    2.9470517025518097,
    3.2374575428176433,
    3.5564803062231283,
    3.9069399370546147,
    4.291934260128776,
    4.714866363457392,
    5.17947467923121,
    5.689866029018296,
    6.250551925273969,
    6.866488450042998,
    7.543120063354615,
    8.286427728546842,
    9.102981779915218,
    10.0
  ],
  "gamma_max": [
    1.275985781222819,
    1.2636944350320527,
    1.2487573210327534,
    1.2305763437685568,
    1.2084035942626352,
    1.1812960060090567,
    1.1480519011296637,
    1.10711961127122,
    1.0564613833389358,
    0.9933425876802177,
    0.9139901608856427,
    0.8130103710467338,
    0.6823415827034988,
    0.5092805995332217,
    0.2727253341944484,
    -0.06414995262041112,
    -0.4633155349391129,
    -0.24085323826647864,
    -0.04778529284744091,
    0.1150119790037837,
    0.2555425136345167,
    0.37936112613910866,
    0.48919872566556105,
    0.5858419640475533,
    0.6686958732026087,
    0.7360402339673277,
    0.7850862000283844,
    0.8118932135865896,
    0.8111754277676032,
    0.7760193102663402,
    0.6975485379058625,
    0.5646178785550606,
    0.3637392716623013,
    0.07979915580866669,
    -0.3009376209705392,
    -0.7831468925051385,
    -1.2327662571080145,
    -1.5316806359094248,
    -2.0772126631939885,
    -2.903714067286111,
    -4.0474303333274,
    -5.048241819176851,
    -6.034774379034366,
    -7.29228477759817,
    -8.876616845784854,
    -10.84901908769719,
    -13.281785603617978,
    -16.26226844638693,
    -19.89665713232941,
    -24.314129449853763
  ],
  "omega_max": [
    -1.3250969498174805e-13,
    -3.628754390654206e-13,
    -2.3356354410519663e-14,
    3.1731317550199776e-13,
    -1.8110405047471252e-14,
    -2.0984942564786895e-13,
    -1.8389599404303728e-13,
    2.329524745271569e-13,
    1.6134640484486521e-13,
    -1.4732806937271929e-13,
    5.457477038919149e-13,
    -1.8074521675204028e-13,
    -3.0646708853845704e-13,
    -1.1462837838396431e-13,
    1.8119650721543426e-13,
    -1.9389823353533683e-13,
    -2.005442727456974,
    2.1198363805514373,
    2.2723937967992662,
    2.436634864827148,
    -2.600866157206246,
    -2.760514694491299,
    2.913063339771153,
    -3.056320675705224,
    -3.187862870061181,
    3.304867871317058,
    -3.404115030667743,
    3.4820968429613983,
    3.5352509210428074,
    3.560350187715372,
    -3.5551142000499456,
    -3.519144411761553,
    3.455375741110092,
    -3.3723972761316077,
    3.2879015031326295,
    3.2313110208707254,
    -1.276736779378338e-12,
    -6.186826002901544e-12,
    3.3762056891538904e-12,
    1.5821031019922058e-12,
    -9.95772703956077e-13,
    -5.413787357543726,
    6.120606975974542,
    -6.878891601711507,
    -7.6986968570046,
    8.587994390225495,
    -9.555358618992887,
    -10.610598115971985,
    -11.76495781367989,
    13.031341546476256
  ],
  "params": {
    "alpha": -35.0,
    "dT": 0.25,
    "dR": 1.0
  },
  "metadata": {
    "shear_max": 3.1898897961721016,
    "vel_net": 6.479851831834775e-09,
    "resolution": {
      "H": 20,
      "M": 49,
      "Nz": 97,
      "Nth": 96
    },
    "timestamp": "2026-02-13T18:02:52.448590"
  }
}