{
  "k": [
    0.1,
    0.10985411419875583,
    0.12067926406393285,
    0.13257113655901093,
    0.14563484775012436,
    0.15998587196060582,
    0.1757510624854792,
    0.193069772888325,
    0.21209508879201905,
    0.2329951810515372,
    0.2559547922699536,
    0.281176869797423,
    0.3088843596477481,
    0.3393221771895328,
    0.372759372031494,
    0.4094915062380424,
    0.44984326689694454,
    0.49417133613238345,
    0.5428675439323859,
    0.5963623316594643,
    0.6551285568595507,
    0.7196856730011519,
    0.7906043210907697,
    0.8685113737513525,
    0.9540954763499939,
    1.0481131341546859,
    1.151395399326447,
    1.2648552168552958,
    1.3894954943731375,
    1.5264179671752334,
    1.6768329368110073,
    1.8420699693267153,
    2.0235896477251565,
    2.2229964825261943,
    2.442053094548651,
    2.6826957952797246,
    2.9470517025518097,
    3.2374575428176433,
    3.5564803062231287,
    3.9069399370546147,
    4.291934260128776,
    4.714866363457392,
    5.17947467923121,
    5.689866029018296,
    6.25055192527397,
    6.866488450042998,
    7.543120063354615,
    8.286427728546842,
    9.102981779915218,
    10.0
  ],
  "gamma_max": [
    -0.05731452440969993,
    -0.06509610593870452,
    -0.07445279199905352,
    -0.08569507696612798,
    -0.0991909629236751,
    -0.11537498518175233,
    -0.13475794099476854,
    -0.15793703985895904,
    -0.18560599667118796,
    -0.21856425546375052,
    -0.25772367681701314,
    -0.30410717869461185,
    -0.35880364576546603,
    -0.42212383605014697,
    -0.44671293728325007,
    -0.4441478865532249,
    -0.4407713979905844,
    -0.43705029866198014,
    -0.4331473191790459,
    -0.4292454068120091,
    -0.42559709133252627,
    -0.4225512932256635,
    -0.42057553482390786,
    -0.3824398515459373,
    -0.1523042097437288,
    0.07517350653655588,
    0.293728510602074,
    0.4940063184884152,
    0.6614753725302911,
    0.7728608029352632,
    0.7897901071315166,
    0.6475055900422887,
    0.2537480164880106,
    1.7471958282371414,
    3.4380578236966506,
    4.807108586014143,
    5.731766777431053,
    6.1843085436572105,
    6.110474718251059,
    5.395555123630338,
    3.8275962518610864,
    1.1789804858225996,
    0.763415539500717,
    1.1230278643381209,
    1.0017173473243222,
    0.44174492864579157,
    -0.5618733726674857,
    -2.05242451649857,
    -4.101771712452475,
    -6.7902009167348165
  ],
  "omega_max": [
    -3.666189402628712e-12,
    -8.554529029464674e-12,
    -3.2533861426632976e-13,
    -2.973434596985051e-12,
    -1.526643492707536e-11,
    -1.3566000371593596e-12,
    -2.788883405359881e-12,
    -9.551522909963516e-13,
    -1.368132299887403e-12,
    9.950967618957058e-12,
    5.038049936530672e-13,
    -4.299491896686965e-12,
    -2.1622074326708793e-12,
    -7.497810742301841e-13,
    -2.1719005214060953e-12,
    -1.180146428925821e-12,
    1.134484384637493e-14,
    -4.649520802010723e-13,
    4.4676793001789705e-13,
    1.1626404137541812e-13,
    5.265573957566579e-13,
    1.9592867041584108e-13,
    2.3947662709367044e-13,
    -7.986894949867385,
    8.096899061096211,
    8.191245260152717,
    -8.259696814425052,
    -8.289781082833713,
    -8.266824214013791,
    -8.174348154856668,
    -7.995503641696497,
    7.71800185544647,
    -1.0006934382998156e-10,
    -1.008016265271536e-11,
    -1.032415639041159e-11,
    -8.294377532840789e-12,
    2.274525608112512e-12,
    1.0425408162517023e-11,
    9.23534860039689e-12,
    5.4822740182585314e-12,
    3.803948823182252e-12,
    -1.8706204436601232e-11,
    11.096745702847397,
    -12.59714154854997,
    14.273966459380969,
    16.067465561212714,
    -17.986804658359144,
    -20.069652853538095,
    -22.383897379297583,
    25.054815614277846
  ],
  "params": {
    "alpha": -54.0,
    "dT": 0.125,
    "dR": 1.0
  },
  "metadata": {
    "shear_max": 7.860242238489771,
    "vel_net": 9.314771176605063e-14,
    "resolution": {
      "H": 25,
      "M": 65,
      "Nz": 129,
      "Nth": 128
    },
    "timestamp": "2026-04-18T14:18:23.324566"
  }
}