{
  "k": [
    0.1,
    0.10985411419875583,
    0.12067926406393285,
    0.13257113655901093,
    0.14563484775012436,
    0.15998587196060582,
    0.1757510624854792,
    0.193069772888325,
    0.21209508879201905,
    0.2329951810515372,
    0.2559547922699536,
    0.281176869797423,
    0.3088843596477481,
    0.3393221771895328,
    0.372759372031494,
    0.4094915062380424,
    0.44984326689694454,
    0.49417133613238345,
    0.5428675439323859,
    0.5963623316594643,
    0.6551285568595507,
    0.7196856730011519,
    0.7906043210907697,
    0.8685113737513525,
    0.9540954763499939,
    1.0481131341546859,
    1.151395399326447,
    1.2648552168552958,
    1.3894954943731375,
    1.5264179671752334,
    1.6768329368110073,
    1.8420699693267153,
    2.0235896477251565,
    2.2229964825261943,
    2.442053094548651,
    2.6826957952797246,
    2.9470517025518097,
    3.2374575428176433,
    3.5564803062231283,
    3.9069399370546147,
    4.291934260128776,
    4.714866363457392,
    5.17947467923121,
    5.689866029018296,
    6.250551925273969,
    6.866488450042998,
    7.543120063354615,
    8.286427728546842,
    9.102981779915218,
    10.0
  ],
  "gamma_max": [
    -0.12404362722853855,
    -0.13684791558978307,
    -0.1522821371889851,
    -0.17088639444479992,
    -0.19331525893145385,
    -0.22036787599686145,
    -0.253034264581843,
    -0.2925777443520909,
    -0.34071301990844216,
    -0.4001013432248252,
    -0.4763863485748338,
    -0.6234811404653122,
    -0.6636536876499127,
    -0.7105488787820254,
    -0.7649703226149017,
    -0.8277763196992782,
    -0.8999906572146901,
    -0.8313123336829132,
    -0.8030340313256548,
    -0.7883150071070693,
    -0.6593534752180835,
    -0.43317541238383866,
    -0.20481024228844566,
    0.022576520894092907,
    0.24537893938319905,
    0.45919815724689,
    0.6582448743661099,
    0.8344074738006412,
    0.9758325292094766,
    1.0647370745879043,
    1.073875230453257,
    0.9603790249216144,
    0.6548419185607651,
    0.1934654096086919,
    1.3699578354568847,
    2.539630164606158,
    3.2279245330157336,
    3.317581791801002,
    2.6950917870269646,
    1.032693259843171,
    -2.604042285448221,
    -1.8375738796067733,
    -1.8278269182491564,
    -2.4320706485834127,
    -3.5580288259832487,
    -5.216725124485747,
    -7.465902457438363,
    -10.395644999646528,
    -14.126744183157733,
    -18.81481805750493
  ],
  "omega_max": [
    5.40104149881593e-12,
    -4.888996793243303e-12,
    7.80537606570938e-12,
    -2.3270051571722327e-13,
    -5.658306999271475e-11,
    2.1306160209146594e-11,
    -7.647080556229346e-12,
    2.3331400214377933e-11,
    -1.377148364760724e-12,
    -3.1029426408083485e-12,
    -7.737119654945377e-12,
    0.004908621333409882,
    -0.10784364824675975,
    -0.14350761104224366,
    0.1576461879066293,
    0.14709573807830817,
    -0.08547393637063476,
    -1.9764359250236822e-13,
    -1.9187572679693714e-12,
    -3.330098717591148e-13,
    -7.075964916593243,
    -7.205033805274277,
    -7.338349992380769,
    7.470646830861983,
    7.595153443591229,
    -7.703520972352119,
    7.78575385737948,
    -7.830183038433472,
    -7.823554490042585,
    7.751364676340017,
    -7.598743005224391,
    -7.352908363389724,
    -7.011752777839082,
    -5.910526877272084e-12,
    -1.031086226671287e-12,
    -1.518053384187679e-12,
    2.538879171532695e-12,
    2.2636331007156254e-12,
    -3.482576769363611e-12,
    3.283741029226345e-12,
    1.646228905229786e-11,
    -8.46655645301185,
    9.917029186352664,
    -11.422972933919974,
    -12.969232785701667,
    14.576453652017278,
    16.27047660264918,
    18.081496014267255,
    20.047046635767728,
    22.218816996697022
  ],
  "params": {
    "alpha": -55.0,
    "dT": 0.25,
    "dR": 1.0
  },
  "metadata": {
    "shear_max": 7.36540862281792,
    "vel_net": 2.3647750424515834e-14,
    "resolution": {
      "H": 25,
      "M": 65,
      "Nz": 129,
      "Nth": 128
    },
    "timestamp": "2026-04-16T09:49:58.275771"
  }
}