{
  "k": [
    0.1,
    0.10985411419875583,
    0.12067926406393285,
    0.13257113655901093,
    0.14563484775012436,
    0.15998587196060582,
    0.1757510624854792,
    0.193069772888325,
    0.21209508879201905,
    0.2329951810515372,
    0.2559547922699536,
    0.281176869797423,
    0.3088843596477481,
    0.3393221771895328,
    0.372759372031494,
    0.4094915062380424,
    0.44984326689694454,
    0.49417133613238345,
    0.5428675439323859,
    0.5963623316594643,
    0.6551285568595507,
    0.7196856730011519,
    0.7906043210907697,
    0.8685113737513525,
    0.9540954763499939,
    1.0481131341546859,
    1.151395399326447,
    1.2648552168552958,
    1.3894954943731375,
    1.5264179671752334,
    1.6768329368110073,
    1.8420699693267153,
    2.0235896477251565,
    2.2229964825261943,
    2.442053094548651,
    2.6826957952797246,
    2.9470517025518097,
    3.2374575428176433,
    3.5564803062231283,
    3.9069399370546147,
    4.291934260128776,
    4.714866363457392,
    5.17947467923121,
    5.689866029018296,
    6.250551925273969,
    6.866488450042998,
    7.543120063354615,
    8.286427728546842,
    9.102981779915218,
    10.0
  ],
  "gamma_max": [
    -2.2304291965070435,
    -2.228938605328509,
    -2.2275158073910304,
    -2.226212758320835,
    -2.2250962579813236,
    -2.2242515654369956,
    -2.223786864362223,
    -2.223838778678429,
    -2.2245791823395997,
    -2.2165064566493187,
    -2.150327270039336,
    -2.079955523866429,
    -2.0055312580035323,
    -1.927331109852077,
    -1.8458041238062732,
    -1.761613089734659,
    -1.6756814197061825,
    -1.5892453727257363,
    -1.5039112672517563,
    -1.4217172248633567,
    -1.3451990006302594,
    -1.2774595992583733,
    -1.2222426527812058,
    -1.184009939395112,
    -1.168023980548333,
    -1.1804374722601643,
    -1.2283926602886577,
    -1.3201361707126844,
    -1.4651591012727758,
    -1.6743797028925684,
    -1.904262101796251,
    -1.750148919487607,
    -1.6815402176936762,
    -1.7368928567628013,
    -1.962108714386565,
    -2.4087182875143114,
    -3.132785868726746,
    -4.194885242315276,
    -5.661330879710519,
    -7.606721098008411,
    -10.117672538024106,
    -13.297546718288082,
    -17.272069777139148,
    -22.196011142539835,
    -28.261531749342883,
    -35.709815070758076,
    -44.85173384517652,
    -56.09626833228651,
    -69.01899288412083,
    -83.65861204681602
  ],
  "omega_max": [
    1.1671229012956919,
    1.1868305766026728,
    1.2085819249217276,
    1.2325961414095692,
    1.259116621729192,
    1.288413524219915,
    1.3207865034470476,
    1.3565675797415915,
    1.3961240841766542,
    5.649339746689326,
    5.715491021477485,
    5.7885928400579525,
    5.869313572180004,
    5.958352629029055,
    6.056429852426721,
    6.164271383398782,
    6.28259234657369,
    6.412077459373004,
    6.553361739776978,
    6.707014805465948,
    6.873533668747083,
    7.053350144839988,
    7.246859531007372,
    7.45447643393061,
    7.676720816692628,
    7.914331891617453,
    8.168399213875817,
    8.440489733540703,
    8.732738015416903,
    9.04785640358103,
    8.053064339919418,
    8.37232513670695,
    8.740565230251898,
    9.168139662894369,
    9.664319541726378,
    10.237342102583733,
    10.894918435308426,
    11.644761519820436,
    12.49508608278239,
    13.455157051228584,
    14.535974615708767,
    15.751213421275773,
    17.118630935129058,
    18.662399210098325,
    20.41743886784426,
    22.438782122241772,
    24.828417056403815,
    27.89219316128782,
    32.23942131237633,
    36.694190374018056
  ],
  "params": {
    "alpha": -43.0,
    "dT": 0.8333333333333334,
    "dR": 1.0
  },
  "metadata": {
    "shear_max": 5.684324177552918,
    "vel_net": 2.362843956370848,
    "resolution": {
      "H": 25,
      "M": 65,
      "Nz": 129,
      "Nth": 128
    },
    "timestamp": "2026-04-13T22:11:20.899222"
  }
}