{
  "k": [
    0.1,
    0.10985411419875583,
    0.12067926406393285,
    0.13257113655901093,
    0.14563484775012436,
    0.15998587196060582,
    0.1757510624854792,
    0.193069772888325,
    0.21209508879201905,
    0.2329951810515372,
    0.2559547922699536,
    0.281176869797423,
    0.3088843596477481,
    0.3393221771895328,
    0.372759372031494,
    0.4094915062380424,
    0.44984326689694454,
    0.49417133613238345,
    0.5428675439323859,
    0.5963623316594643,
    0.6551285568595507,
    0.7196856730011519,
    0.7906043210907697,
    0.8685113737513525,
    0.9540954763499939,
    1.0481131341546859,
    1.151395399326447,
    1.2648552168552958,
    1.3894954943731375,
    1.5264179671752334,
    1.6768329368110073,
    1.8420699693267153,
    2.0235896477251565,
    2.2229964825261943,
    2.442053094548651,
    2.6826957952797246,
    2.9470517025518097,
    3.2374575428176433,
    3.5564803062231283,
    3.9069399370546147,
    4.291934260128776,
    4.714866363457392,
    5.17947467923121,
    5.689866029018296,
    6.250551925273969,
    6.866488450042998,
    7.543120063354615,
    8.286427728546842,
    9.102981779915218,
    10.0
  ],
  "gamma_max": [
    -0.06904617802634036,
    -0.07700667398155094,
    -0.08658221342913816,
    -0.09809302940536498,
    -0.11191970552655699,
    -0.12851335564464536,
    -0.14840726074117125,
    -0.17223048038004377,
    -0.20072500822726447,
    -0.23477171712809558,
    -0.27544522058813986,
    -0.32419878250064094,
    -0.3841230412176368,
    -0.45223309500964926,
    -0.47639823613939053,
    -0.4595771607780669,
    -0.4524307784716815,
    -0.445900221557328,
    -0.4392500758716225,
    -0.4323425550666268,
    -0.42522417729161793,
    -0.41804956594550025,
    -0.41106180085806404,
    -0.30482206507168785,
    -0.09590309223943891,
    0.10858237037512733,
    0.30295567423128816,
    0.47912911255520513,
    0.6251074404712875,
    0.7225973133912185,
    0.7431528414961704,
    0.6422848465170966,
    0.3563085497058089,
    0.9256235349826567,
    2.209286963704424,
    3.3406147773218855,
    4.074710174801652,
    4.352755515038188,
    4.110772426117622,
    3.216807707357133,
    1.434457290882935,
    -0.46088621692667453,
    0.009267402081421088,
    0.07109648941366445,
    -0.2672514579927834,
    -0.9929470900391401,
    -2.127654176199886,
    -3.719596450394753,
    -5.830002325208245,
    -8.486090860284335
  ],
  "omega_max": [
    5.117607741154349e-12,
    1.3007561139957352e-12,
    8.951561118445855e-13,
    7.1490635102337225e-12,
    1.180498450913652e-13,
    -1.905629625512058e-12,
    4.516735839738477e-12,
    5.4831948128531065e-12,
    6.879452548299032e-13,
    3.579334337442648e-13,
    1.0472962406308316e-12,
    5.883543800526012e-13,
    1.4748404343010582e-12,
    0.02476164639409392,
    6.735782639503096e-13,
    1.2626279471071548e-13,
    -2.0578129390596497e-13,
    2.6295882846884375e-13,
    -4.1047288787596386e-13,
    2.48657021552389e-14,
    4.0803688955557696e-13,
    -1.3453428153712187e-13,
    -1.1982319020453405e-13,
    7.13553549908282,
    7.235000544870798,
    7.320734886173458,
    -7.38381394128206,
    7.413544525248807,
    -7.39754546609725,
    -7.322073729076208,
    -7.1729461416787865,
    6.938310884625873,
    6.6183451789924215,
    1.584205492408961e-11,
    9.302333367229769e-12,
    4.2372173540747095e-12,
    -1.5331341924285906e-11,
    -8.926345549954746e-12,
    -1.2237303634412785e-11,
    -3.3301923588519104e-11,
    -3.2871487659536717e-11,
    -9.148644117217403,
    10.22809996529803,
    -11.583420018210996,
    13.07759355079465,
    -14.686884635434007,
    16.429997699990803,
    18.35168933716393,
    -20.53260376067491,
    23.103165442009708
  ],
  "params": {
    "alpha": -49.0,
    "dT": 0.125,
    "dR": 1.0
  },
  "metadata": {
    "shear_max": 7.034004844658535,
    "vel_net": 1.2001510896197942e-13,
    "resolution": {
      "H": 25,
      "M": 65,
      "Nz": 129,
      "Nth": 128
    },
    "timestamp": "2026-04-16T20:07:46.802078"
  }
}