{
  "k": [
    0.1,
    0.10985411419875583,
    0.12067926406393285,
    0.13257113655901093,
    0.14563484775012436,
    0.15998587196060582,
    0.1757510624854792,
    0.193069772888325,
    0.21209508879201905,
    0.2329951810515372,
    0.2559547922699536,
    0.281176869797423,
    0.3088843596477481,
    0.3393221771895328,
    0.372759372031494,
    0.4094915062380424,
    0.44984326689694454,
    0.49417133613238345,
    0.5428675439323859,
    0.5963623316594643,
    0.6551285568595507,
    0.7196856730011519,
    0.7906043210907697,
    0.8685113737513525,
    0.9540954763499939,
    1.0481131341546859,
    1.151395399326447,
    1.2648552168552958,
    1.3894954943731375,
    1.5264179671752334,
    1.6768329368110073,
    1.8420699693267153,
    2.0235896477251565,
    2.2229964825261943,
    2.442053094548651,
    2.6826957952797246,
    2.9470517025518097,
    3.2374575428176433,
    3.5564803062231283,
    3.9069399370546147,
    4.291934260128776,
    4.714866363457392,
    5.17947467923121,
    5.689866029018296,
    6.250551925273969,
    6.866488450042998,
    7.543120063354615,
    8.286427728546842,
    9.102981779915218,
    10.0
  ],
  "gamma_max": [
    0.034466709729065695,
    0.02423086957470934,
    0.01187983971406298,
    -0.0030236469724882944,
    -0.021008079214120293,
    -0.042713730205521175,
    -0.06892043362640446,
    -0.10058943885329663,
    -0.1389390620972551,
    -0.18562158170094373,
    -0.2433013129522412,
    -0.31894808551418147,
    -0.4210374675495876,
    -0.4598860812879701,
    -0.5049166820544508,
    -0.5567597907183648,
    -0.518976079571351,
    -0.49217248718078493,
    -0.47418769876947486,
    -0.458060258968688,
    -0.3553467093735867,
    -0.21491187775601128,
    -0.07720328499818169,
    0.05561697219410662,
    0.18130437516256812,
    0.2973142463702633,
    0.4005440070473352,
    0.4870379364555525,
    0.5516568719671896,
    0.5877465297923257,
    0.5869233710490216,
    0.5392816571106684,
    0.4346278431516639,
    0.26534151787065047,
    0.23368736608266008,
    0.3342342511512629,
    0.33766968544864484,
    0.15602734390369488,
    -0.28596428325819223,
    -1.0540712909583638,
    -1.1307803275204518,
    -1.2654974416393192,
    -1.519355647302289,
    -1.9209827598936993,
    -2.4951841361764435,
    -3.2681377484520686,
    -4.270425764717799,
    -5.5383895891310475,
    -7.1139169976803664,
    -9.042080224057933
  ],
  "omega_max": [
    -3.197031707821118e-12,
    -4.613071355007787e-13,
    1.7031979077958835e-12,
    1.6587726326657054e-12,
    1.3296649192522057e-12,
    7.60664438600362e-13,
    2.36641953008833e-12,
    2.5910332598887703e-13,
    3.0772507995732678e-12,
    3.704221934391503e-12,
    1.6064129426787689e-12,
    3.5120428728570764e-12,
    0.054325805689594046,
    0.09122539977485247,
    0.09834413073541946,
    -0.0688704636655671,
    -7.34201624021798e-14,
    -6.852946408268385e-14,
    5.2428193681681694e-14,
    -1.1429227724663124e-13,
    -3.783387303760415,
    -3.871105848905212,
    3.962180215324729,
    4.053276358547767,
    -4.140562985925439,
    4.219759751571611,
    4.286177712829308,
    4.3348034860083375,
    -4.360489709052521,
    4.358336465325779,
    4.324406158220333,
    4.257081231184777,
    4.159839089350109,
    -4.047045326947758,
    7.46811119928279e-14,
    9.681937686682314e-14,
    1.4605018940333853e-13,
    2.7290640736083434e-13,
    3.6582921339032096e-13,
    1.7922020852175645e-13,
    6.184906375572498,
    -6.880500928154066,
    7.66440941416885,
    8.537845351977744,
    -9.503127058440649,
    -10.566831857081642,
    11.74057841850087,
    -13.041527271480922,
    -14.493099237316944,
    -16.124718500823256
  ],
  "params": {
    "alpha": -34.0,
    "dT": 0.1,
    "dR": 1.0
  },
  "metadata": {
    "shear_max": 4.173088752895839,
    "vel_net": 5.361266985914881e-13,
    "resolution": {
      "H": 25,
      "M": 65,
      "Nz": 129,
      "Nth": 128
    },
    "timestamp": "2026-04-15T15:11:43.455379"
  }
}