{
  "k": [
    0.1,
    0.10985411419875583,
    0.12067926406393285,
    0.13257113655901093,
    0.14563484775012436,
    0.15998587196060582,
    0.1757510624854792,
    0.193069772888325,
    0.21209508879201905,
    0.2329951810515372,
    0.2559547922699536,
    0.281176869797423,
    0.3088843596477481,
    0.3393221771895328,
    0.372759372031494,
    0.4094915062380424,
    0.44984326689694454,
    0.49417133613238345,
    0.5428675439323859,
    0.5963623316594643,
    0.6551285568595507,
    0.7196856730011519,
    0.7906043210907697,
    0.8685113737513525,
    0.9540954763499939,
    1.0481131341546859,
    1.151395399326447,
    1.2648552168552958,
    1.3894954943731375,
    1.5264179671752334,
    1.6768329368110073,
    1.8420699693267153,
    2.0235896477251565,
    2.2229964825261943,
    2.442053094548651,
    2.6826957952797246,
    2.9470517025518097,
    3.2374575428176433,
    3.5564803062231283,
    3.9069399370546147,
    4.291934260128776,
    4.714866363457392,
    5.17947467923121,
    5.689866029018296,
    6.250551925273969,
    6.866488450042998,
    7.543120063354615,
    8.286427728546842,
    9.102981779915218,
    10.0
  ],
  "gamma_max": [
    0.4668448037325122,
    0.4657661359791218,
    0.4644647892039108,
    0.46289488345235313,
    0.46100112371319135,
    0.4587168828544727,
    0.45596189935075876,
    0.4526395134787142,
    0.44863335001272703,
    0.44380333575475844,
    0.43798091430181946,
    0.4309632850163054,
    0.422506441932663,
    0.4123167104541005,
    0.4000403553429589,
    0.38525062658126197,
    0.3674312531585873,
    0.34595476121024615,
    0.32005283038770166,
    0.2887736865052815,
    0.2509170868142861,
    0.20492791217598008,
    0.14870682760111706,
    0.07923567133806188,
    -0.00828220607347367,
    -0.12291985702027369,
    -0.28970693145667287,
    -0.5821931399483675,
    -0.6361967557028751,
    -0.6994147690756781,
    -0.7735897125075795,
    -0.8608798313196353,
    -0.9639507057971499,
    -1.0860783918859553,
    -1.2312680862755645,
    -1.4043939071849343,
    -1.5693665545091773,
    -1.7790807778432074,
    -2.044341650188882,
    -2.375157916568517,
    -2.783522591821937,
    -3.28390286404295,
    -3.8937984896574314,
    -4.634375903177398,
    -5.531197992833293,
    -6.615079869086637,
    -7.923109646102039,
    -9.499881758175551,
    -11.398999428154163,
    -13.684911703298242
  ],
  "omega_max": [
    3.423126062599576e-15,
    -1.925788219667422e-15,
    -1.1324037801198354e-15,
    7.681109860646491e-16,
    1.1201901090211247e-14,
    7.820978626288986e-17,
    1.4309863924673473e-15,
    4.2810140594592625e-15,
    1.9057931578706143e-15,
    1.940613670109492e-15,
    2.8124179508571585e-15,
    -5.895763472696012e-16,
    -2.0577275112619342e-16,
    -2.8383560013727014e-15,
    3.3624434396141843e-15,
    3.5423202446794336e-15,
    2.6922195540850214e-15,
    1.6714454743730776e-15,
    4.471363017230096e-16,
    2.502967020215067e-15,
    8.386168318512086e-16,
    1.0163031442977878e-15,
    1.2352617772073428e-15,
    5.806323463082997e-16,
    9.589942442226206e-16,
    1.7523155009543251e-15,
    1.7626273846053482e-15,
    0.17966550604644146,
    -0.3765609407064979,
    -0.5205148970192565,
    -0.650686345462235,
    0.7769857002392973,
    -0.9041409933259692,
    1.0351797910232985,
    1.1724474106187044,
    1.3180070113010325,
    1.4020776994289061,
    1.5562443553263743,
    1.7302283940682288,
    1.9253172888642867,
    -2.1430142507494816,
    2.385184532605158,
    2.6541622006036585,
    -2.9528257012040444,
    3.2846530927752693,
    -3.6537653631202898,
    -4.064962196891246,
    -4.523751689167429,
    -5.036375894806967,
    5.609838626128041
  ],
  "params": {
    "alpha": -20.0,
    "dT": 0.125,
    "dR": 1.0
  },
  "metadata": {
    "shear_max": 9.483298619227657e-09,
    "vel_net": 9.587169894815892e-15,
    "resolution": {
      "H": 25,
      "M": 65,
      "Nz": 129,
      "Nth": 128
    },
    "timestamp": "2026-04-13T12:05:31.322531"
  }
}