{
  "k": [
    0.1,
    0.10985411419875583,
    0.12067926406393285,
    0.13257113655901093,
    0.14563484775012436,
    0.15998587196060582,
    0.1757510624854792,
    0.193069772888325,
    0.21209508879201905,
    0.2329951810515372,
    0.2559547922699536,
    0.281176869797423,
    0.3088843596477481,
    0.3393221771895328,
    0.372759372031494,
    0.4094915062380424,
    0.44984326689694454,
    0.49417133613238345,
    0.5428675439323859,
    0.5963623316594643,
    0.6551285568595507,
    0.7196856730011519,
    0.7906043210907697,
    0.8685113737513525,
    0.9540954763499939,
    1.0481131341546859,
    1.151395399326447,
    1.2648552168552958,
    1.3894954943731375,
    1.5264179671752334,
    1.6768329368110073,
    1.8420699693267153,
    2.0235896477251565,
    2.2229964825261943,
    2.442053094548651,
    2.6826957952797246,
    2.9470517025518097,
    3.2374575428176433,
    3.5564803062231283,
    3.9069399370546147,
    4.291934260128776,
    4.714866363457392,
    5.17947467923121,
    5.689866029018296,
    6.250551925273969,
    6.866488450042998,
    7.543120063354615,
    8.286427728546842,
    9.102981779915218,
    10.0
  ],
  "gamma_max": [
    0.6970823892834894,
    0.6948332378980481,
    0.6921190934887284,
    0.688843849068147,
    0.6848915445765104,
    0.6801222699303239,
    0.6743672234808589,
    0.6674227523748761,
    0.6590431643409154,
    0.6489320568501272,
    0.6367318552693466,
    0.622011185145131,
    0.6042496194740955,
    0.5828192363361739,
    0.556962284681504,
    0.5257640745429859,
    0.4881199621418737,
    0.44269495883334037,
    0.38787400270793587,
    0.3217002078984837,
    0.24179729197336514,
    0.14527058705310253,
    0.028577955339526572,
    -0.11264379864348316,
    -0.283823176518944,
    -0.49182217983528353,
    -0.7455542451774089,
    -1.0572127959666882,
    -1.4454894413372366,
    -1.9498500025566068,
    -2.6639265273267276,
    -3.184594007113097,
    -3.8131834749499713,
    -4.5721384460692525,
    -5.488572768359671,
    -6.595238580527073,
    -7.884758378759651,
    -9.418700168639168,
    -11.306039383961247,
    -13.615085351959223,
    -16.428125468162342,
    -19.84468385109323,
    -23.985314662045905,
    -28.996042966887156,
    -35.05361643635103,
    -42.371774197465406,
    -51.20877904951031,
    -61.87650195383834,
    -74.75139822211867,
    -90.28777660298702
  ],
  "omega_max": [
    -9.057110053197692e-14,
    -2.9887177059440344e-14,
    7.766144157789561e-15,
    3.0534642713150845e-14,
    -5.699620177225871e-14,
    -2.7753472026623946e-14,
    -3.3201824159618986e-14,
    4.933009718873978e-15,
    4.7779991260746614e-14,
    -1.5575594824004351e-13,
    8.595182018117519e-14,
    4.5201690345989285e-14,
    3.9167767389858636e-15,
    3.240068610306367e-14,
    8.772399517391641e-14,
    3.7339190827995994e-14,
    6.6268800309089895e-15,
    9.635320439006287e-15,
    -3.3952813348838773e-15,
    -1.9985564106892163e-14,
    6.87109375310693e-14,
    -1.9255785286448733e-14,
    2.890850859401802e-16,
    -4.328645077661115e-15,
    2.2379944391760505e-15,
    -1.2505481014970016e-13,
    -4.5635555358712157e-14,
    5.500548763194636e-14,
    -2.9964073872711713e-13,
    4.824144937887561e-13,
    -0.21300023467131032,
    0.44231982826807803,
    -0.6134541526104144,
    -0.7708294271681249,
    0.926092868015954,
    -1.0850281938120094,
    -1.0443013144347044,
    -1.1755995575505442,
    1.3440227978197605,
    -1.546789999683235,
    -1.7810921168616096,
    -2.0452100655732774,
    2.3388417410899236,
    2.663045441729713,
    -3.0200648322128814,
    3.413157451632983,
    3.8464680682999552,
    4.32495219325587,
    4.8543428972594524,
    -5.441153743673157
  ],
  "params": {
    "alpha": -28.0,
    "dT": 0.9,
    "dR": 1.0
  },
  "metadata": {
    "shear_max": 5.451652435841012e-09,
    "vel_net": 2.0679515313825692e-25,
    "resolution": {
      "H": 25,
      "M": 65,
      "Nz": 129,
      "Nth": 128
    },
    "timestamp": "2026-04-13T12:48:32.300150"
  }
}