{
  "k": [
    0.1,
    0.10985411419875583,
    0.12067926406393285,
    0.13257113655901093,
    0.14563484775012436,
    0.15998587196060582,
    0.1757510624854792,
    0.193069772888325,
    0.21209508879201905,
    0.2329951810515372,
    0.2559547922699536,
    0.281176869797423,
    0.3088843596477481,
    0.3393221771895328,
    0.372759372031494,
    0.4094915062380424,
    0.44984326689694454,
    0.49417133613238345,
    0.5428675439323859,
    0.5963623316594643,
    0.6551285568595507,
    0.7196856730011519,
    0.7906043210907697,
    0.8685113737513525,
    0.9540954763499939,
    1.0481131341546859,
    1.151395399326447,
    1.2648552168552958,
    1.3894954943731375,
    1.5264179671752334,
    1.6768329368110073,
    1.8420699693267153,
    2.0235896477251565,
    2.2229964825261943,
    2.442053094548651,
    2.6826957952797246,
    2.9470517025518097,
    3.2374575428176433,
    3.5564803062231283,
    3.9069399370546147,
    4.291934260128776,
    4.714866363457392,
    5.17947467923121,
    5.689866029018296,
    6.250551925273969,
    6.866488450042998,
    7.543120063354615,
    8.286427728546842,
    9.102981779915218,
    10.0
  ],
  "gamma_max": [
    -0.6176696849050856,
    -0.6205057103017769,
    -0.6239475372694266,
    -0.6281302424765234,
    -0.6332221601768165,
    -0.6394349820368395,
    -0.6470382307020508,
    -0.6563810086000464,
    -0.6679267859183532,
    -0.6823138594261786,
    -0.7004730248581899,
    -0.7238969850558741,
    -0.7554386665739549,
    -0.8033279346316624,
    -0.8797865343360268,
    -0.8953231002254494,
    -0.9140301222101544,
    -0.936547235431262,
    -0.9636411368681723,
    -0.996230655839156,
    -1.0354170089734327,
    -1.0825204843233682,
    -1.1391251271410192,
    -1.2071333768935835,
    -1.2888330117299063,
    -1.3869791649627299,
    -1.504894572138217,
    -1.6465915960991202,
    -1.8169200268705208,
    -2.021745285044138,
    -2.26816263904938,
    -2.5647545462614523,
    -2.92190034795212,
    -3.352150248511737,
    -3.8706785448010996,
    -4.478901246832775,
    -5.173053276093023,
    -6.034383972326671,
    -7.095092672201951,
    -8.393536225020194,
    -9.975827821452562,
    -11.897687138704095,
    -14.226574573494874,
    -17.044171976605348,
    -20.449299740823975,
    -24.56138449993444,
    -29.52461617466953,
    -35.512960955495345,
    -42.73622921038153,
    -51.44743294142466
  ],
  "omega_max": [
    -1.6131896240304522e-14,
    4.209679365720936e-14,
    -4.5144239781882305e-14,
    6.681638360513211e-14,
    -2.7432209991568544e-14,
    5.729254303224081e-14,
    -5.1309581501646006e-14,
    -2.1325891222288568e-14,
    -6.73495646941115e-15,
    4.434006965641118e-14,
    1.670781892533866e-13,
    -4.185234712625082e-14,
    -1.4606248203572309e-13,
    3.734802477373263e-13,
    -0.0574924802480731,
    0.11014250388720598,
    -0.15076335376838926,
    -0.18827251135661777,
    0.22515296603565943,
    0.26260291933762364,
    -0.3013737896488102,
    -0.3420249465854179,
    0.3850271154084223,
    0.43081361620174974,
    0.47981051051087475,
    -0.5324573794008135,
    0.5892236602768076,
    -0.6506226802558306,
    0.7172242527825661,
    -0.7896661073140929,
    -0.8686641683299222,
    0.9550216452933202,
    -1.0496370029084727,
    -1.1535112094530218,
    1.2677553151846364,
    1.3002145997685823,
    -1.4335555835394471,
    1.5830871642425777,
    -1.7514317935494903,
    1.9407541040409018,
    -2.153061793109365,
    2.3904770448184887,
    2.655442762441998,
    2.9508656114108307,
    3.2802142457640295,
    3.647590383599385,
    -4.057782369061381,
    4.516303947455171,
    -5.0294201803829885,
    -5.604168690037459
  ],
  "params": {
    "alpha": -19.0,
    "dT": 0.5,
    "dR": 1.0
  },
  "metadata": {
    "shear_max": 2.708914079555176e-09,
    "vel_net": 5.169878828456423e-26,
    "resolution": {
      "H": 25,
      "M": 65,
      "Nz": 129,
      "Nth": 128
    },
    "timestamp": "2026-04-13T11:38:35.667057"
  }
}