{
  "k": [
    0.1,
    0.10985411419875583,
    0.12067926406393285,
    0.13257113655901093,
    0.14563484775012436,
    0.15998587196060582,
    0.1757510624854792,
    0.193069772888325,
    0.21209508879201905,
    0.2329951810515372,
    0.2559547922699536,
    0.281176869797423,
    0.3088843596477481,
    0.3393221771895328,
    0.372759372031494,
    0.4094915062380424,
    0.44984326689694454,
    0.49417133613238345,
    0.5428675439323859,
    0.5963623316594643,
    0.6551285568595507,
    0.7196856730011519,
    0.7906043210907697,
    0.8685113737513525,
    0.9540954763499939,
    1.0481131341546859,
    1.151395399326447,
    1.2648552168552958,
    1.3894954943731375,
    1.5264179671752334,
    1.6768329368110073,
    1.8420699693267153,
    2.0235896477251565,
    2.2229964825261943,
    2.442053094548651,
    2.6826957952797246,
    2.9470517025518097,
    3.2374575428176433,
    3.5564803062231283,
    3.9069399370546147,
    4.291934260128776,
    4.714866363457392,
    5.17947467923121,
    5.689866029018296,
    6.250551925273969,
    6.866488450042998,
    7.543120063354615,
    8.286427728546842,
    9.102981779915218,
    10.0
  ],
  "gamma_max": [
    -2.276228100563834,
    -2.2744274169956413,
    -2.2726895821198934,
    -2.271071277818728,
    -2.269645525085273,
    -2.268505634588835,
    -2.267770068875291,
    -2.2675884236725836,
    -2.267741813904359,
    -2.2044990376783775,
    -2.1370519023493673,
    -2.0654690865171874,
    -1.9899353447518147,
    -1.9107839783941727,
    -1.828534864340276,
    -1.7439382223051536,
    -1.6580241003645528,
    -1.572157354073445,
    -1.488097728627338,
    -1.408064573967939,
    -1.3348057701660294,
    -1.2716706431912195,
    -1.2226870169027764,
    -1.1926430760772029,
    -1.1871754303415014,
    -1.2128657572559156,
    -1.27734988173636,
    -1.3894455360446167,
    -1.559309019643588,
    -1.798637765750162,
    -2.038532598795712,
    -1.8982075896790398,
    -1.8510876551793578,
    -1.9378176804521348,
    -2.2068033529242865,
    -2.7124125062661504,
    -3.513902927212273,
    -4.675450676747789,
    -6.267480113242245,
    -8.369350757273594,
    -11.073266509991031,
    -14.489186229659213,
    -18.750604076977886,
    -24.021302263636706,
    -30.50352596172417,
    -38.44864272054215,
    -48.17355129136241,
    -60.094997030651164,
    -74.3707304341409,
    -90.32475671978106
  ],
  "omega_max": [
    1.1286372476116415,
    1.1484504586500637,
    1.1703258607090175,
    1.1944862059706731,
    1.2211791316470724,
    1.2506798339524454,
    1.2832939197070634,
    1.3193603940376712,
    5.666688708765814,
    5.728023927513435,
    5.795832084478957,
    5.870754778013987,
    5.9534710441327405,
    6.044689376045518,
    6.145136222632523,
    6.255540824558738,
    6.376616780844674,
    6.509041554358601,
    6.653436239036702,
    6.810349281649819,
    6.980249303677619,
    7.163533411280081,
    7.360557917046977,
    7.57169759058939,
    7.797436692161392,
    8.038489537088847,
    8.295940032033677,
    8.571379053107373,
    8.867007074827406,
    9.185659066674619,
    8.196634051468859,
    8.517504828756444,
    8.887291322088801,
    9.31640373677824,
    9.814223180420145,
    10.389136354801087,
    11.049015104010316,
    11.801717062425704,
    12.655560359894828,
    13.619845539161277,
    14.705504824875508,
    15.925978919548834,
    17.29849681015264,
    18.846114639234994,
    20.601314393771805,
    22.6132002370338,
    24.96504567903626,
    27.846929628737477,
    31.952312412577324,
    36.647546890920815
  ],
  "params": {
    "alpha": -44.0,
    "dT": 0.9,
    "dR": 1.0
  },
  "metadata": {
    "shear_max": 5.773499088051922,
    "vel_net": 2.3952852076239686,
    "resolution": {
      "H": 25,
      "M": 65,
      "Nz": 129,
      "Nth": 128
    },
    "timestamp": "2026-04-13T18:18:07.197215"
  }
}