{
  "k": [
    0.1,
    0.10985411419875583,
    0.12067926406393285,
    0.13257113655901093,
    0.14563484775012436,
    0.15998587196060582,
    0.1757510624854792,
    0.193069772888325,
    0.21209508879201905,
    0.2329951810515372,
    0.2559547922699536,
    0.281176869797423,
    0.3088843596477481,
    0.3393221771895328,
    0.372759372031494,
    0.4094915062380424,
    0.44984326689694454,
    0.49417133613238345,
    0.5428675439323859,
    0.5963623316594643,
    0.6551285568595507,
    0.7196856730011519,
    0.7906043210907697,
    0.8685113737513525,
    0.9540954763499939,
    1.0481131341546859,
    1.151395399326447,
    1.2648552168552958,
    1.3894954943731375,
    1.5264179671752334,
    1.6768329368110073,
    1.8420699693267153,
    2.0235896477251565,
    2.2229964825261943,
    2.442053094548651,
    2.6826957952797246,
    2.9470517025518097,
    3.2374575428176433,
    3.5564803062231283,
    3.9069399370546147,
    4.291934260128776,
    4.714866363457392,
    5.17947467923121,
    5.689866029018296,
    6.250551925273969,
    6.866488450042998,
    7.543120063354615,
    8.286427728546842,
    9.102981779915218,
    10.0
  ],
  "gamma_max": [
    1.692673756378566,
    1.6903736935742726,
    1.6875992686899977,
    1.684252960581534,
    1.6802173373161176,
    1.675351051014133,
    1.6694840526478067,
    1.6624118849460945,
    1.65388888953474,
    1.6436201403119302,
    1.6312518879882771,
    1.61636027040574,
    1.5984380089422847,
    1.5768787693446662,
    1.5509588104247631,
    1.5198154669954562,
    1.4824218973890866,
    1.4375573449125498,
    1.3837718829778738,
    1.3193441808856485,
    1.242230190189919,
    1.149999738808102,
    1.0397567778541594,
    0.9080373883437833,
    0.7506775300872084,
    0.5626396562337701,
    0.3377830170606638,
    0.06855486102271248,
    -0.25443613533756365,
    -0.6430406221670979,
    -1.1125622048351236,
    -1.683632736683623,
    -2.3868829015315813,
    -3.282507803250782,
    -4.539042275718159,
    -5.5282447870704186,
    -6.624022188068478,
    -7.980045638136642,
    -9.651954306338391,
    -11.70035719691408,
    -14.198244924687073,
    -17.23391555795811,
    -20.914371423413762,
    -25.36928518965331,
    -30.755681087820893,
    -37.26351639674872,
    -45.122383325516594,
    -54.609588211994364,
    -66.05990900184331,
    -79.87738710068497
  ],
  "omega_max": [
    -2.0430084455694885e-13,
    -3.4652349879071595e-14,
    -4.4192183679913376e-13,
    -3.3415106169386024e-13,
    1.5803617958895062e-13,
    -1.6882882683473537e-13,
    2.66498828799627e-13,
    6.98643053005033e-14,
    4.8809727791012944e-14,
    2.360738684556995e-13,
    5.650823786452302e-14,
    -7.116470373689494e-14,
    -5.665041693514009e-13,
    1.0030063087988386e-14,
    3.9052057186532185e-14,
    -6.651149789624502e-14,
    -4.314871484649631e-13,
    1.7784293888066585e-13,
    2.4669355947259874e-15,
    1.9334806292564102e-13,
    3.443074004305839e-13,
    2.431388684232157e-14,
    1.0490752602189097e-13,
    -1.8426790262652776e-14,
    -1.697503997687962e-14,
    4.9717437140265075e-14,
    -8.023100915573839e-14,
    -9.916070932635188e-15,
    4.53974917864426e-14,
    -6.359395869313285e-14,
    7.973151690261162e-14,
    -2.1664973068733724e-15,
    3.7045354779196224e-14,
    -1.8825976285258928e-13,
    0.2940745984103392,
    -0.6459112155163316,
    0.3467975044025004,
    0.5875973942716816,
    0.8464103192400041,
    -1.1231659049648046,
    1.4180974282084122,
    1.7322882990300261,
    -2.0677135707938734,
    -2.4271657534961033,
    -2.814162587514769,
    -3.2328749615690886,
    3.688088515023997,
    -4.185199430143897,
    -4.730239011810058,
    5.329921243657049
  ],
  "params": {
    "alpha": -31.0,
    "dT": 0.8,
    "dR": 1.0
  },
  "metadata": {
    "shear_max": 7.983118403241042e-09,
    "vel_net": 5.826657939914315e-15,
    "resolution": {
      "H": 25,
      "M": 65,
      "Nz": 129,
      "Nth": 128
    },
    "timestamp": "2026-04-13T13:19:01.959677"
  }
}