{
  "k": [
    0.1,
    0.10985411419875583,
    0.12067926406393285,
    0.13257113655901093,
    0.14563484775012436,
    0.15998587196060582,
    0.1757510624854792,
    0.193069772888325,
    0.21209508879201905,
    0.2329951810515372,
    0.2559547922699536,
    0.281176869797423,
    0.3088843596477481,
    0.3393221771895328,
    0.372759372031494,
    0.4094915062380424,
    0.44984326689694454,
    0.49417133613238345,
    0.5428675439323859,
    0.5963623316594643,
    0.6551285568595507,
    0.7196856730011519,
    0.7906043210907697,
    0.8685113737513525,
    0.9540954763499939,
    1.0481131341546859,
    1.151395399326447,
    1.2648552168552958,
    1.3894954943731375,
    1.5264179671752334,
    1.6768329368110073,
    1.8420699693267153,
    2.0235896477251565,
    2.2229964825261943,
    2.442053094548651,
    2.6826957952797246,
    2.9470517025518097,
    3.2374575428176433,
    3.5564803062231283,
    3.9069399370546147,
    4.291934260128776,
    4.714866363457392,
    5.17947467923121,
    5.689866029018296,
    6.250551925273969,
    6.866488450042998,
    7.543120063354615,
    8.286427728546842,
    9.102981779915218,
    10.0
  ],
  "gamma_max": [
    -0.5633960542690853,
    -0.5656000828269518,
    -0.5682717425829965,
    -0.5715136026500582,
    -0.5754525026956014,
    -0.580246305760482,
    -0.5860931578596895,
    -0.5932446141074447,
    -0.6020250571954562,
    -0.6128620550461621,
    -0.626337369637817,
    -0.64328131901878,
    -0.6649722491869001,
    -0.6936512926011971,
    -0.7344067788468532,
    -0.8166527153237996,
    -0.8540446773245105,
    -0.8679953870207936,
    -0.8846781689634498,
    -0.9046025068965419,
    -0.9283664000560529,
    -0.9566714178004431,
    -0.9903412227482301,
    -1.0303448610547077,
    -1.0778265267901503,
    -1.1341439134372195,
    -1.2009176147308604,
    -1.2800942842272476,
    -1.3740263815207279,
    -1.4855713114954092,
    -1.6182126081818426,
    -1.7762056090317329,
    -1.964750069553446,
    -2.190192823345912,
    -2.460265262542639,
    -2.744405723008884,
    -3.090300839720204,
    -3.5230276528148474,
    -4.059115283348066,
    -4.718106242001965,
    -5.52342004103314,
    -6.503327163261222,
    -7.692047334645892,
    -9.131000894723085,
    -10.870258628982207,
    -12.970251414988049,
    -15.503816467436721,
    -18.558672779118023,
    -22.240434955560673,
    -26.67629065619293
  ],
  "omega_max": [
    -1.62079481731252e-14,
    1.7267844181491075e-14,
    1.9972989482829812e-14,
    7.641273902929922e-16,
    -6.3417932758381145e-15,
    5.805260078028103e-15,
    -1.9045854326705763e-14,
    2.0166664783017985e-14,
    -2.218715999522675e-15,
    1.3603917954282675e-14,
    4.955852937320116e-15,
    -1.978382495936691e-14,
    -4.757519685521351e-14,
    1.2520682987521656e-14,
    -9.580952417308833e-15,
    5.4232180935155714e-14,
    0.10069007443167785,
    0.1519921011219833,
    0.19659139219530591,
    0.23933070186902455,
    -0.28211765619570933,
    0.3260229575294665,
    0.3717888774700816,
    -0.42001228217863595,
    -0.47122773876925417,
    0.5259522995496975,
    0.5847130052175263,
    0.6480652607404916,
    -0.716605576405926,
    -0.7909806078320957,
    0.8718942533427845,
    0.9601148766812962,
    -1.0564848296789209,
    -1.1619339664463348,
    -1.277497913091427,
    -1.336824327626391,
    1.4734974622853745,
    1.62553557624323,
    -1.795159286016703,
    1.9844419821604866,
    -2.195494940619989,
    -2.430642750071089,
    -2.692570685967906,
    2.9844421290828023,
    3.3099903228708065,
    -3.6735882327544505,
    -4.080297754735479,
    -4.535898799102212,
    5.046902281859871,
    -5.620559383844717
  ],
  "params": {
    "alpha": -17.0,
    "dT": 0.25,
    "dR": 1.0
  },
  "metadata": {
    "shear_max": 3.1581810411821983e-09,
    "vel_net": 2.5849394142282115e-25,
    "resolution": {
      "H": 25,
      "M": 65,
      "Nz": 129,
      "Nth": 128
    },
    "timestamp": "2026-04-13T11:19:50.243818"
  }
}