{
  "k": [
    0.1,
    0.10985411419875583,
    0.12067926406393285,
    0.13257113655901093,
    0.14563484775012436,
    0.15998587196060582,
    0.1757510624854792,
    0.193069772888325,
    0.21209508879201905,
    0.2329951810515372,
    0.2559547922699536,
    0.281176869797423,
    0.3088843596477481,
    0.3393221771895328,
    0.372759372031494,
    0.4094915062380424,
    0.44984326689694454,
    0.49417133613238345,
    0.5428675439323859,
    0.5963623316594643,
    0.6551285568595507,
    0.7196856730011519,
    0.7906043210907697,
    0.8685113737513525,
    0.9540954763499939,
    1.0481131341546859,
    1.151395399326447,
    1.2648552168552958,
    1.3894954943731375,
    1.5264179671752334,
    1.6768329368110073,
    1.8420699693267153,
    2.0235896477251565,
    2.2229964825261943,
    2.442053094548651,
    2.6826957952797246,
    2.9470517025518097,
    3.2374575428176433,
    3.5564803062231283,
    3.9069399370546147,
    4.291934260128776,
    4.714866363457392,
    5.17947467923121,
    5.689866029018296,
    6.250551925273969,
    6.866488450042998,
    7.543120063354615,
    8.286427728546842,
    9.102981779915218,
    10.0
  ],
  "gamma_max": [
    -0.1302289492965701,
    -0.13955955116118937,
    -0.15079734204156262,
    -0.16432904125071895,
    -0.18062031065979794,
    -0.20023437167712232,
    -0.22385918450326348,
    -0.25235326071509523,
    -0.2868400594032344,
    -0.3289607536801095,
    -0.38186426715653804,
    -0.460839000011921,
    -0.5165823575550922,
    -0.5518766104174466,
    -0.5931413718380928,
    -0.6411947612417727,
    -0.5836332068593738,
    -0.5688356666312275,
    -0.5587806929920807,
    -0.5504670513140322,
    -0.5430920829441425,
    -0.5364728177783332,
    -0.4290430055641517,
    -0.2136738751852387,
    0.0002830106209430036,
    0.2085889045659525,
    0.4055854891115895,
    0.5832830849519391,
    0.7299251461538766,
    0.8277397463520108,
    0.8493347032873472,
    0.7518626506793328,
    0.47004114091974153,
    0.6925303725550247,
    1.9033072385896304,
    3.0260139048234755,
    3.733363570842796,
    3.9376876879487974,
    3.551264112016624,
    2.372085092256577,
    -0.057858697551540085,
    -0.9939735578224984,
    -0.5958476500905202,
    -0.7336809560694127,
    -1.3240137306989694,
    -2.3514483551971215,
    -3.847972290760624,
    -5.877252464163739,
    -8.530178934435913,
    -11.917357250827534
  ],
  "omega_max": [
    9.307005344092715e-13,
    -4.874273158785469e-13,
    -4.566183579973916e-13,
    1.250678404979436e-12,
    -3.813839497601655e-14,
    1.43341556653562e-12,
    -6.443465638174666e-14,
    1.2400367854851647e-12,
    1.3399083570332703e-14,
    -5.548145630963133e-13,
    -1.4203439747934313e-12,
    -1.3532432022225002e-12,
    -0.06297689139997441,
    -0.0816619125417795,
    0.07817091875520325,
    0.021064106407368152,
    4.160296799949527e-14,
    -7.237339167324573e-14,
    -1.2051259996017199e-13,
    5.483537994517293e-14,
    -3.391208285150763e-14,
    -4.419185614454814e-14,
    7.160504764280002,
    -7.274687348076858,
    7.3820286719502475,
    7.4749760774340634,
    7.544268624423174,
    7.578915485938497,
    7.566297652962898,
    7.492530253752232,
    7.343435861417468,
    -7.107344273253489,
    -6.7846112771449665,
    8.681015176280537e-13,
    1.9993721225364217e-12,
    -1.4413630171366244e-12,
    -8.480187000196124e-13,
    -4.047384876633591e-12,
    7.218565719704197e-13,
    1.8249776025823957e-12,
    2.906642671945019e-11,
    8.798504017104293,
    10.031989110822902,
    -11.465039129202822,
    -12.98587571282458,
    -14.591989902094033,
    -16.30557993416331,
    18.162528623014268,
    -20.21864226784599,
    -22.572020795229133
  ],
  "params": {
    "alpha": -51.0,
    "dT": 0.16666666666666666,
    "dR": 1.0
  },
  "metadata": {
    "shear_max": 7.146141809856318,
    "vel_net": 1.4654943925052066e-14,
    "resolution": {
      "H": 25,
      "M": 65,
      "Nz": 129,
      "Nth": 128
    },
    "timestamp": "2026-04-16T07:59:03.084128"
  }
}