{
  "k": [
    0.1,
    0.10985411419875583,
    0.12067926406393285,
    0.13257113655901093,
    0.14563484775012436,
    0.15998587196060582,
    0.1757510624854792,
    0.193069772888325,
    0.21209508879201905,
    0.2329951810515372,
    0.2559547922699536,
    0.281176869797423,
    0.3088843596477481,
    0.3393221771895328,
    0.372759372031494,
    0.4094915062380424,
    0.44984326689694454,
    0.49417133613238345,
    0.5428675439323859,
    0.5963623316594643,
    0.6551285568595507,
    0.7196856730011519,
    0.7906043210907697,
    0.8685113737513525,
    0.9540954763499939,
    1.0481131341546859,
    1.151395399326447,
    1.2648552168552958,
    1.3894954943731375,
    1.5264179671752334,
    1.6768329368110073,
    1.8420699693267153,
    2.0235896477251565,
    2.2229964825261943,
    2.442053094548651,
    2.6826957952797246,
    2.9470517025518097,
    3.2374575428176433,
    3.5564803062231283,
    3.9069399370546147,
    4.291934260128776,
    4.714866363457392,
    5.17947467923121,
    5.689866029018296,
    6.250551925273969,
    6.866488450042998,
    7.543120063354615,
    8.286427728546842,
    9.102981779915218,
    10.0
  ],
  "gamma_max": [
    1.7616302206186147,
    1.7592473540286746,
    1.7563728772664227,
    1.7529056461741903,
    1.7487238311357087,
    1.7436807408690485,
    1.737599825462515,
    1.730268706982169,
    1.7214320604639275,
    1.7107831401401825,
    1.6979537136922744,
    1.6825021309106576,
    1.663899211310364,
    1.6415115822367603,
    1.6145820338677375,
    1.5822063658245304,
    1.5433060708983724,
    1.496596006476035,
    1.4405459166464194,
    1.3733342378615216,
    1.2927920032222684,
    1.1963338011886528,
    1.080871599259831,
    0.9427057757159855,
    0.7773858604915165,
    0.5795311166780573,
    0.34259773050816006,
    0.05857378328661232,
    -0.2824277858273999,
    -0.6927324099709011,
    -1.1879383767343028,
    -1.7883129845205263,
    -2.5216667752355066,
    -3.431820136400381,
    -4.635709145217914,
    -5.633636491058882,
    -6.93903406660602,
    -8.693018132209334,
    -10.521326436052982,
    -12.760539265512483,
    -15.490474396146086,
    -18.807689566174556,
    -22.82918919312184,
    -27.6967559007888,
    -33.582066328100495,
    -40.69279345735054,
    -49.27993616722784,
    -59.64665711006959,
    -72.15895794438481,
    -87.2585805735606
  ],
  "omega_max": [
    1.5500331853096144e-13,
    3.2660014807357817e-13,
    -4.62190910803102e-13,
    -6.185634737800238e-15,
    3.200153629854866e-13,
    -5.5058786181795045e-14,
    8.630512308394763e-14,
    2.2932586177454577e-13,
    -7.955094551782261e-14,
    1.1679815345514847e-13,
    5.053674384974007e-13,
    -2.331128113611881e-13,
    -2.5180073882903157e-13,
    1.7027972810521954e-13,
    -2.118236590069116e-13,
    -3.3651260121037605e-13,
    -7.248185758706371e-13,
    -1.6589096532651262e-13,
    -1.1421201276883082e-13,
    -3.351470198708956e-13,
    1.0672968614174433e-13,
    1.149068487521724e-13,
    2.1885375979425008e-13,
    2.2081847760365578e-14,
    -3.089140421389999e-14,
    1.3537947503208475e-13,
    -3.174359852974021e-14,
    7.683098595685826e-15,
    2.739337246180133e-15,
    7.152124779956897e-14,
    -1.608088254836304e-13,
    -7.031808014811166e-15,
    3.9776940059674007e-13,
    2.42159575204754e-13,
    2.1351380669204037e-12,
    -1.7397825881045244e-12,
    -3.4613701317346944e-12,
    -0.34753774664248077,
    0.6815215436712192,
    0.9930178748550695,
    1.3099215610159085,
    1.6399233280836742,
    1.9875396732387176,
    2.3567877893567823,
    -2.751867159958153,
    -3.1773675894129836,
    3.638348235120567,
    4.140387625012331,
    -4.689635568845412,
    5.292876441254475
  ],
  "params": {
    "alpha": -32.0,
    "dT": 0.875,
    "dR": 1.0
  },
  "metadata": {
    "shear_max": 7.839567596547097e-09,
    "vel_net": 4.5836215568142916e-15,
    "resolution": {
      "H": 25,
      "M": 65,
      "Nz": 129,
      "Nth": 128
    },
    "timestamp": "2026-04-13T13:27:46.715233"
  }
}