{
  "k": [
    0.1,
    0.10985411419875583,
    0.12067926406393285,
    0.13257113655901093,
    0.14563484775012436,
    0.15998587196060582,
    0.1757510624854792,
    0.193069772888325,
    0.21209508879201905,
    0.2329951810515372,
    0.2559547922699536,
    0.281176869797423,
    0.3088843596477481,
    0.3393221771895328,
    0.372759372031494,
    0.4094915062380424,
    0.44984326689694454,
    0.49417133613238345,
    0.5428675439323859,
    0.5963623316594643,
    0.6551285568595507,
    0.7196856730011519,
    0.7906043210907697,
    0.8685113737513525,
    0.9540954763499939,
    1.0481131341546859,
    1.151395399326447,
    1.2648552168552958,
    1.3894954943731375,
    1.5264179671752334,
    1.6768329368110073,
    1.8420699693267153,
    2.0235896477251565,
    2.2229964825261943,
    2.442053094548651,
    2.6826957952797246,
    2.9470517025518097,
    3.2374575428176433,
    3.5564803062231283,
    3.9069399370546147,
    4.291934260128776,
    4.714866363457392,
    5.17947467923121,
    5.689866029018296,
    6.250551925273969,
    6.866488450042998,
    7.543120063354615,
    8.286427728546842,
    9.102981779915218,
    10.0
  ],
  "gamma_max": [
    -1.8115318360213066,
    -1.811693393337543,
    -1.8120619426299889,
    -1.8126972311581262,
    -1.8136730164533463,
    -1.8150801384168744,
    -1.8170302543232548,
    -1.8196603819036912,
    -1.823138428367135,
    -1.8276699227954225,
    -1.8247687428208395,
    -1.7617356588591573,
    -1.6955285151554056,
    -1.626501101704962,
    -1.5551681669121906,
    -1.4822380118374245,
    -1.4086486184159217,
    -1.3356072570725432,
    -1.2646335128493176,
    -1.1976056768351442,
    -1.1368105077556725,
    -1.0849965284638392,
    -1.0454312738428424,
    -1.0219633561612038,
    -1.0190909086293831,
    -1.0420389874943226,
    -1.0968499453793181,
    -1.1904926996025,
    -1.3309993006155405,
    -1.5276404988674472,
    -1.79115683468412,
    -2.022209363986738,
    -2.059414386396478,
    -2.204150723476084,
    -2.490382184172931,
    -2.9569730691251,
    -3.6468329922165306,
    -4.6069391048952735,
    -5.8894657187025325,
    -7.554008273809864,
    -9.670818647287573,
    -12.325088319677109,
    -15.622727068859207,
    -19.699099286997612,
    -24.734506067551695,
    -30.97333278030578,
    -38.44550654267289,
    -46.760388256799786,
    -56.46629916580854,
    -68.08377420529979
  ],
  "omega_max": [
    0.8685371500071661,
    0.8816940796062176,
    0.8962319285430018,
    0.9123022634966753,
    0.9300740718784282,
    0.9497357245885798,
    0.9714970835106334,
    0.9955917183816768,
    1.0222791727703153,
    1.051847177019995,
    4.1392644564484184,
    4.19889290735427,
    4.264747600203419,
    4.337340440277007,
    4.4171744851321355,
    4.504728317897351,
    4.600438723635218,
    4.704683111940043,
    4.817763968236101,
    4.939898574310745,
    5.071218221219225,
    5.211781915507768,
    5.361609820382153,
    5.52074092127671,
    5.689317174271451,
    5.867692332270913,
    6.056557766338498,
    6.257070492231838,
    6.470961452825841,
    6.700596316446151,
    6.948957677060747,
    6.359691946614487,
    6.637870844811064,
    6.9559078395136735,
    7.3223880833947,
    7.745409682741054,
    8.232562365039222,
    8.79124524928006,
    9.429103866217355,
    10.154530218093369,
    10.977281541954815,
    11.909388975361628,
    12.966843123532493,
    14.173746674561597,
    15.576441810770136,
    17.312354926796782,
    19.791699748624698,
    22.742371749856336,
    25.760102644729695,
    28.9126642864449
  ],
  "params": {
    "alpha": -34.0,
    "dT": 0.6666666666666666,
    "dR": 1.0
  },
  "metadata": {
    "shear_max": 4.17579188598292,
    "vel_net": 1.7235227079592623,
    "resolution": {
      "H": 25,
      "M": 65,
      "Nz": 129,
      "Nth": 128
    },
    "timestamp": "2026-04-13T14:33:07.556204"
  }
}