{
  "k": [
    0.1,
    0.10985411419875583,
    0.12067926406393285,
    0.13257113655901093,
    0.14563484775012436,
    0.15998587196060582,
    0.1757510624854792,
    0.193069772888325,
    0.21209508879201905,
    0.2329951810515372,
    0.2559547922699536,
    0.281176869797423,
    0.3088843596477481,
    0.3393221771895328,
    0.372759372031494,
    0.4094915062380424,
    0.44984326689694454,
    0.49417133613238345,
    0.5428675439323859,
    0.5963623316594643,
    0.6551285568595507,
    0.7196856730011519,
    0.7906043210907697,
    0.8685113737513525,
    0.9540954763499939,
    1.0481131341546859,
    1.151395399326447,
    1.2648552168552958,
    1.3894954943731375,
    1.5264179671752334,
    1.6768329368110073,
    1.8420699693267153,
    2.0235896477251565,
    2.2229964825261943,
    2.442053094548651,
    2.6826957952797246,
    2.9470517025518097,
    3.2374575428176433,
    3.5564803062231283,
    3.9069399370546147,
    4.291934260128776,
    4.714866363457392,
    5.17947467923121,
    5.689866029018296,
    6.250551925273969,
    6.866488450042998,
    7.543120063354615,
    8.286427728546842,
    9.102981779915218,
    10.0
  ],
  "gamma_max": [
    -1.0098348532699974,
    -1.0118691832265811,
    -1.0143244524097115,
    -1.0172878254578719,
    -1.0208645465852986,
    -1.0251817039303266,
    -1.030392784592279,
    -1.0366831898793651,
    -1.0442769184261425,
    -1.053444672522178,
    -1.0645137031700493,
    -1.077879786234881,
    -1.093276502072913,
    -1.1074950539348225,
    -1.1248039148998592,
    -1.1458969785072244,
    -1.1716286414692751,
    -1.2030506023588499,
    -1.2414561884386714,
    -1.2884333032728656,
    -1.3459271749553172,
    -1.416314250738272,
    -1.5024888967366483,
    -1.6079650956046554,
    -1.736996151267426,
    -1.8947165330010869,
    -2.087311396173985,
    -2.3222209299967203,
    -2.6083884112044005,
    -2.956562609970023,
    -3.3796670039641374,
    -3.89325020936499,
    -4.5160343536595375,
    -5.27058107723411,
    -6.1840987404377685,
    -7.28941939467557,
    -8.626180087977273,
    -10.186052286208303,
    -12.087760736739677,
    -14.409730106400186,
    -17.23474388243852,
    -20.66281989280262,
    -24.814976556732923,
    -29.837653175703686,
    -35.907946468081356,
    -43.23986705366186,
    -52.09186034664634,
    -62.775881335822824,
    -75.66836564987376,
    -91.22350174465832
  ],
  "omega_max": [
    2.903668613164622e-17,
    1.9862989495420684e-15,
    -5.7080719032461805e-16,
    8.169885414177899e-16,
    1.0292612943503819e-16,
    -4.4986867771351565e-15,
    -3.7698771258755987e-16,
    4.2588247297587613e-16,
    8.846178676144174e-16,
    1.6280760333799124e-15,
    -2.288281252728409e-16,
    1.9216258818240243e-15,
    0.18241442679677514,
    0.20021924471751268,
    0.21953340953855485,
    0.24046896529748854,
    0.26314400444490726,
    0.28768487608777876,
    -0.3142295632706401,
    -0.3429324172889425,
    0.37397028503234625,
    -0.40754983740201,
    -0.44391563675704826,
    0.4833582399354756,
    -0.526221516410176,
    0.572908457993581,
    -0.623885107311997,
    -0.6796827888606575,
    0.7408994475155702,
    0.8082013875748564,
    -0.8823268820257629,
    0.9640928972218289,
    1.054405589981339,
    -1.1542744357722698,
    1.2648290805739613,
    -1.3873375818576308,
    -1.523224948674055,
    -1.5805078023467616,
    -1.743465774554172,
    -1.9283247019981196,
    2.137261568412523,
    -2.3723332252628873,
    -2.635824549411912,
    -2.930470572768132,
    3.2595830788007127,
    -3.627118740591171,
    -4.0377164697791095,
    -4.496720289306037,
    5.010197813200287,
    5.584964855643002
  ],
  "params": {
    "alpha": -21.0,
    "dT": 0.9,
    "dR": 1.0
  },
  "metadata": {
    "shear_max": 3.2175305075529604e-09,
    "vel_net": 3.101927297073854e-25,
    "resolution": {
      "H": 25,
      "M": 65,
      "Nz": 129,
      "Nth": 128
    },
    "timestamp": "2026-04-13T11:43:07.122760"
  }
}