{
  "k": [
    0.1,
    0.10985411419875583,
    0.12067926406393285,
    0.13257113655901093,
    0.14563484775012436,
    0.15998587196060582,
    0.1757510624854792,
    0.193069772888325,
    0.21209508879201905,
    0.2329951810515372,
    0.2559547922699536,
    0.281176869797423,
    0.3088843596477481,
    0.3393221771895328,
    0.372759372031494,
    0.4094915062380424,
    0.44984326689694454,
    0.49417133613238345,
    0.5428675439323859,
    0.5963623316594643,
    0.6551285568595507,
    0.7196856730011519,
    0.7906043210907697,
    0.8685113737513525,
    0.9540954763499939,
    1.0481131341546859,
    1.151395399326447,
    1.2648552168552958,
    1.3894954943731375,
    1.5264179671752334,
    1.6768329368110073,
    1.8420699693267153,
    2.0235896477251565,
    2.2229964825261943,
    2.442053094548651,
    2.6826957952797246,
    2.9470517025518097,
    3.2374575428176433,
    3.5564803062231283,
    3.9069399370546147,
    4.291934260128776,
    4.714866363457392,
    5.17947467923121,
    5.689866029018296,
    6.250551925273969,
    6.866488450042998,
    7.543120063354615,
    8.286427728546842,
    9.102981779915218,
    10.0
  ],
  "gamma_max": [
    1.5767612928407393,
    1.5624447923100717,
    1.545052855972757,
    1.5238934211598107,
    1.4981027406688783,
    1.4665943382603082,
    1.4279881072907608,
    1.380509137816446,
    1.3218387206574775,
    1.2488867938316077,
    1.1574297607133297,
    1.0415073988343366,
    0.8923725060688514,
    0.6966052446337823,
    0.4328476137928278,
    0.06766140216308775,
    -0.45852452685056966,
    -0.2980839401854043,
    -0.045416556802481446,
    0.16708304569905225,
    0.3488408774901677,
    0.5076502029283285,
    0.6477186856710833,
    0.7706443021818301,
    0.8761793736408424,
    0.962603304348268,
    1.0268222916898786,
    1.0642751937281327,
    1.068683293347082,
    1.031665547208884,
    0.9422462575425845,
    0.7863095095626335,
    0.546137289981739,
    0.20049822293675013,
    -0.2728580079374386,
    -0.8862988425437522,
    -1.6114089189891567,
    -1.9486474800686808,
    -2.6490992773574975,
    -3.7578407657593953,
    -5.167914273163264,
    -6.297731403810162,
    -7.652886960301937,
    -9.34675231145488,
    -11.466313362140223,
    -14.09598161666535,
    -17.331982366904317,
    -21.28975609259089,
    -26.109547322353656,
    -31.962050363413827
  ],
  "omega_max": [
    1.1725999051133874e-11,
    1.6950551797832217e-11,
    -2.394296087221302e-12,
    -1.8651468434998043e-11,
    4.027562416232414e-11,
    -2.8617685940870276e-11,
    1.4397874907892254e-11,
    8.778675622537822e-12,
    1.9211843911349156e-11,
    1.2562064713076812e-11,
    -4.8513524226023904e-11,
    -1.1054117845924698e-11,
    -1.1472702472060987e-11,
    5.152880259131277e-11,
    -4.1411206864292685e-11,
    -4.490702929576775e-12,
    9.837053407980945e-11,
    -2.596162505311859,
    2.760105994695283,
    2.9443555072813967,
    -3.1311199825958647,
    3.313304202988579,
    3.487266915206263,
    3.6501018565161973,
    -3.79873133940553,
    3.929614760045283,
    4.038701973278536,
    4.12153322309333,
    4.173480851792191,
    -4.190168707497372,
    4.16813427094546,
    -4.1058459560025256,
    -4.005320184797047,
    -3.8749436100088444,
    -3.7346948067182866,
    3.6232174501877545,
    -9.188779729669351e-13,
    1.4455369314187105e-13,
    5.151958822204861e-13,
    -1.1580359258879243e-13,
    -4.774071452254608,
    -5.496801190264489,
    -6.303697431153179,
    7.171054476196088,
    -8.101630902834499,
    9.103410904351135,
    10.186401365465535,
    11.361991955616844,
    12.642853739040653,
    14.043135483890909
  ],
  "params": {
    "alpha": -40.0,
    "dT": 0.3333333333333333,
    "dR": 1.0
  },
  "metadata": {
    "shear_max": 3.7673271743445023,
    "vel_net": 9.981928101994572e-09,
    "resolution": {
      "H": 20,
      "M": 49,
      "Nz": 97,
      "Nth": 96
    },
    "timestamp": "2026-02-14T03:49:27.141822"
  }
}