{
  "k": [
    0.1,
    0.10985411419875583,
    0.12067926406393285,
    0.13257113655901093,
    0.14563484775012436,
    0.15998587196060582,
    0.1757510624854792,
    0.193069772888325,
    0.21209508879201905,
    0.2329951810515372,
    0.2559547922699536,
    0.281176869797423,
    0.3088843596477481,
    0.3393221771895328,
    0.372759372031494,
    0.4094915062380424,
    0.44984326689694454,
    0.49417133613238345,
    0.5428675439323859,
    0.5963623316594643,
    0.6551285568595507,
    0.7196856730011519,
    0.7906043210907697,
    0.8685113737513525,
    0.9540954763499939,
    1.0481131341546859,
    1.151395399326447,
    1.2648552168552958,
    1.3894954943731375,
    1.5264179671752334,
    1.6768329368110073,
    1.8420699693267153,
    2.0235896477251565,
    2.2229964825261943,
    2.442053094548651,
    2.6826957952797246,
    2.9470517025518097,
    3.2374575428176433,
    3.5564803062231283,
    3.9069399370546147,
    4.291934260128776,
    4.714866363457392,
    5.17947467923121,
    5.689866029018296,
    6.250551925273969,
    6.866488450042998,
    7.543120063354615,
    8.286427728546842,
    9.102981779915218,
    10.0
  ],
  "gamma_max": [
    0.27009084632629843,
    0.2681922042178043,
    0.2659013437287976,
    0.26313733373557113,
    0.2598025811189629,
    0.25577941393438913,
    0.2509259671926181,
    0.2450712286809053,
    0.23800907087795165,
    0.22949105551562787,
    0.21921774481999182,
    0.2068281816907969,
    0.19188709777547147,
    0.17386925306354167,
    0.15214006527457086,
    0.12593128221647226,
    0.0943097502090927,
    0.056136068032923724,
    0.0100075148739148,
    -0.045825212548503795,
    -0.11358855845411535,
    -0.19621105264236668,
    -0.2977632945769884,
    -0.42449085082318133,
    -0.588080861269835,
    -0.8261079127644867,
    -1.103699010305624,
    -1.2498541196392892,
    -1.4246377438348612,
    -1.6338161115524052,
    -1.8843850921823564,
    -2.1848321878403447,
    -2.5454484574785403,
    -2.978701479766004,
    -3.499684508505173,
    -4.103009710723261,
    -4.788739099904101,
    -5.642512119125625,
    -6.696298092680967,
    -7.988235362083593,
    -9.564221026010626,
    -11.479763809078724,
    -13.802126129044527,
    -16.612814442091064,
    -20.01050645547929,
    -24.114528880705,
    -29.069023562691225,
    -35.0479669478794,
    -42.261239722049496,
    -50.961979512902396
  ],
  "omega_max": [
    -1.0067243983756375e-14,
    5.229411721685304e-16,
    -8.873197126030021e-16,
    -6.320983223006652e-15,
    -3.594718920969737e-15,
    2.3314573463369267e-16,
    -2.783872257707405e-15,
    3.879240692258796e-15,
    -1.960537276537847e-15,
    -1.4407392782874e-15,
    2.404357508169284e-16,
    -4.84695845833924e-16,
    -2.823995659264581e-15,
    -1.8828955497461071e-16,
    -2.667732145574523e-15,
    2.1221285054874016e-15,
    -2.3304868880788287e-16,
    2.7081241953524468e-17,
    -1.9670359587651362e-16,
    -2.0749729658614735e-16,
    1.8910535489294443e-16,
    -1.0424250697161996e-15,
    -1.5456952706524768e-15,
    8.08746953245907e-15,
    -1.651707264133555e-14,
    -1.8565104404132648e-14,
    -0.21720610183766526,
    -0.3621888318817657,
    0.47988316118878566,
    -0.5894594310793076,
    0.6974063970181511,
    0.8072089579815495,
    -0.9212789705874063,
    -1.0415851634945292,
    1.1699140962615342,
    1.18751290604794,
    -1.311148627906772,
    -1.4572873541516718,
    1.6273095419045016,
    1.8220310495278336,
    2.0422188335545575,
    2.288967943269218,
    -2.563922129037966,
    -2.8693802630396563,
    -3.208341374163229,
    3.5845268038266638,
    -4.0023985212441495,
    4.467178345909054,
    4.984867540065556,
    -5.562269510208374
  ],
  "params": {
    "alpha": -22.5,
    "dT": 0.5,
    "dR": 1.0
  },
  "metadata": {
    "shear_max": 4.894644774243719e-09,
    "vel_net": 1.6161190885256784e-26,
    "resolution": {
      "H": 20,
      "M": 49,
      "Nz": 97,
      "Nth": 96
    },
    "timestamp": "2026-02-14T05:02:37.515742"
  }
}