{
  "k": [
    0.1,
    0.10985411419875583,
    0.12067926406393285,
    0.13257113655901093,
    0.14563484775012436,
    0.15998587196060582,
    0.1757510624854792,
    0.193069772888325,
    0.21209508879201905,
    0.2329951810515372,
    0.2559547922699536,
    0.281176869797423,
    0.3088843596477481,
    0.3393221771895328,
    0.372759372031494,
    0.4094915062380424,
    0.44984326689694454,
    0.49417133613238345,
    0.5428675439323859,
    0.5963623316594643,
    0.6551285568595507,
    0.7196856730011519,
    0.7906043210907697,
    0.8685113737513525,
    0.9540954763499939,
    1.0481131341546859,
    1.151395399326447,
    1.2648552168552958,
    1.3894954943731375,
    1.5264179671752334,
    1.6768329368110073,
    1.8420699693267153,
    2.0235896477251565,
    2.2229964825261943,
    2.442053094548651,
    2.6826957952797246,
    2.9470517025518097,
    3.2374575428176433,
    3.5564803062231283,
    3.9069399370546147,
    4.291934260128776,
    4.714866363457392,
    5.17947467923121,
    5.689866029018296,
    6.250551925273969,
    6.866488450042998,
    7.543120063354615,
    8.286427728546842,
    9.102981779915218,
    10.0
  ],
  "gamma_max": [
    2.9473206593105465,
    2.944847176849839,
    2.9418641184428673,
    2.938266973961577,
    2.9339300085590665,
    2.928702044476861,
    2.9224014439066117,
    2.9148101581955848,
    2.9056666923142465,
    2.8946578176551006,
    2.8814088507228814,
    2.865472303138054,
    2.846314696004866,
    2.8233013210258364,
    2.7956787147598554,
    2.7625545837961334,
    2.7228748583271765,
    2.6753974325868315,
    2.6186619291107656,
    2.550954445024892,
    2.4702656365578597,
    2.3742396124312797,
    2.260109916409824,
    2.1246174099164183,
    1.9639032548713862,
    1.773368631817583,
    1.5474915160512277,
    1.279589792002314,
    0.9615188345092934,
    0.5832893480201147,
    0.13258561493543378,
    -0.4058486298150441,
    -1.0510182537692545,
    -1.826807387930812,
    -2.7637394609632016,
    -3.636423037066218,
    -4.7038915628481295,
    -6.089094468009916,
    -7.85878890748516,
    -10.107462291347431,
    -13.029407576421615,
    -16.63674033858313,
    -20.311873029737278,
    -24.761301218659703,
    -30.141858864265256,
    -36.643328567102536,
    -44.49515356384735,
    -53.974526837645,
    -65.41615639066993,
    -79.22406046203061
  ],
  "omega_max": [
    -1.7929127622873866e-12,
    -5.601765803349636e-13,
    2.1870984521507764e-12,
    4.810588884659747e-13,
    4.538053593679837e-13,
    -6.107483845159726e-13,
    -5.232155128881322e-13,
    4.69684535599993e-14,
    1.3105615408587666e-12,
    5.958979226414616e-13,
    -4.0217456888973595e-12,
    -4.369552028114714e-14,
    2.530989876546311e-13,
    7.797803590155495e-13,
    3.8644935899038234e-13,
    -3.661821247639818e-13,
    1.0994691766522744e-13,
    -7.868107080060314e-13,
    -1.4961032028448424e-13,
    -7.244096031331243e-13,
    -7.505447521854143e-13,
    -7.362128355881887e-13,
    -3.1994771298424147e-14,
    -1.624138490978472e-14,
    5.687248977003255e-13,
    -2.384019136591797e-13,
    1.1861055668668977e-13,
    -1.2452333651957728e-13,
    -5.4974947687201856e-14,
    -1.1391559020165656e-13,
    5.3614567184309723e-14,
    -1.1214723908478625e-13,
    -1.7737335097370282e-13,
    -4.749693041906623e-13,
    3.5907888341519214e-13,
    -1.9357536900793533e-12,
    2.0360091937184523e-13,
    1.6325045960255692e-12,
    -1.5209239313457956e-12,
    1.2944201945798756e-12,
    -1.6621361689036763e-12,
    -0.7770447324661076,
    1.3560985843512665,
    1.8511112579705156,
    -2.331508477835711,
    2.8205443449576455,
    -3.3312837087799454,
    -3.873414336953289,
    4.455421486302191,
    -5.085506325760731
  ],
  "params": {
    "alpha": -36.0,
    "dT": 0.8,
    "dR": 1.0
  },
  "metadata": {
    "shear_max": 1.719078222938833e-08,
    "vel_net": 1.2319892220984472e-09,
    "resolution": {
      "H": 25,
      "M": 65,
      "Nz": 129,
      "Nth": 128
    },
    "timestamp": "2026-04-13T14:09:38.244470"
  }
}