{
  "k": [
    0.1,
    0.10985411419875583,
    0.12067926406393285,
    0.13257113655901093,
    0.14563484775012436,
    0.15998587196060582,
    0.1757510624854792,
    0.193069772888325,
    0.21209508879201905,
    0.2329951810515372,
    0.2559547922699536,
    0.281176869797423,
    0.3088843596477481,
    0.3393221771895328,
    0.372759372031494,
    0.4094915062380424,
    0.44984326689694454,
    0.49417133613238345,
    0.5428675439323859,
    0.5963623316594643,
    0.6551285568595507,
    0.7196856730011519,
    0.7906043210907697,
    0.8685113737513525,
    0.9540954763499939,
    1.0481131341546859,
    1.151395399326447,
    1.2648552168552958,
    1.3894954943731375,
    1.5264179671752334,
    1.6768329368110073,
    1.8420699693267153,
    2.0235896477251565,
    2.2229964825261943,
    2.442053094548651,
    2.6826957952797246,
    2.9470517025518097,
    3.2374575428176433,
    3.5564803062231283,
    3.9069399370546147,
    4.291934260128776,
    4.714866363457392,
    5.17947467923121,
    5.689866029018296,
    6.250551925273969,
    6.866488450042998,
    7.543120063354615,
    8.286427728546842,
    9.102981779915218,
    10.0
  ],
  "gamma_max": [
    -1.007500914388981,
    -1.009052671445814,
    -1.0109256058116651,
    -1.0131862655709398,
    -1.0159150208082002,
    -1.019208949872217,
    -1.0231853356004956,
    -1.0279859038769814,
    -1.0337819673171094,
    -1.0407806751334814,
    -1.0492326187901322,
    -1.0594411053497195,
    -1.0717734913983719,
    -1.086675077426776,
    -1.104686206602106,
    -1.1264634103075408,
    -1.1528057236177107,
    -1.1846877037573265,
    -1.2233013050025257,
    -1.2701097425027947,
    -1.3269180986107574,
    -1.3959682643581597,
    -1.4800711212659958,
    -1.582799637364207,
    -1.708790651417764,
    -1.8642643233409604,
    -2.0580542747714734,
    -2.3041481165329833,
    -2.5514102792029396,
    -2.811305231101659,
    -3.1272198887126748,
    -3.5107370604717256,
    -3.975795960532132,
    -4.539188891317003,
    -5.221164974586954,
    -6.046162639417987,
    -7.014963847982476,
    -8.174442345539973,
    -9.5955654739001,
    -11.329743988055883,
    -13.438727507555065,
    -15.99701773542851,
    -19.09467185328846,
    -22.840581558105548,
    -27.36634780569467,
    -32.830902543521816,
    -39.42606054380263,
    -47.38322080468533,
    -56.98147935435285,
    -68.55746191698258
  ],
  "omega_max": [
    -9.139197268859645e-17,
    -3.158397928317245e-16,
    -2.4427254417337224e-16,
    -5.256995334882901e-16,
    6.089255023161655e-16,
    1.0399254853815276e-16,
    -7.127875666776224e-16,
    -8.94435167908919e-16,
    -2.2421034560850624e-16,
    7.239725265973187e-16,
    9.945047097803889e-17,
    4.575404608498568e-16,
    -2.3747198658667156e-16,
    2.507250096594444e-16,
    -9.50043988640847e-16,
    -5.734076144347706e-16,
    1.6231214059371855e-15,
    5.694726784143373e-16,
    -1.0114559984490074e-15,
    -1.2984664449770797e-15,
    0.0,
    -8.654088091009683e-16,
    -1.4592397450423059e-15,
    -1.3906957208266543e-15,
    -6.969897774823824e-15,
    5.2090553879564664e-15,
    -1.340197295810434e-14,
    -6.778425958709887e-15,
    0.694101133682425,
    0.7693138079540359,
    -0.850155670184982,
    0.937602627614541,
    -1.0326974804737639,
    -1.1365631231736706,
    1.25041578653518,
    -1.375580309609994,
    -1.4435550882655792,
    1.6034454839146635,
    1.7771630888129075,
    1.9680748846362526,
    2.1792615444519825,
    2.4137608270160036,
    -2.6747774520777865,
    2.9658498545466796,
    -3.2909777511958693,
    -3.6547177654235874,
    4.06225176269616,
    4.519430138542714,
    5.032794941510514,
    -5.6095968838595445
  ],
  "params": {
    "alpha": -16.0,
    "dT": 0.6666666666666666,
    "dR": 1.0
  },
  "metadata": {
    "shear_max": 1.9807138327715507e-09,
    "vel_net": 1.0339757656912846e-25,
    "resolution": {
      "H": 25,
      "M": 65,
      "Nz": 129,
      "Nth": 128
    },
    "timestamp": "2026-04-13T11:00:04.475303"
  }
}