{
  "k": [
    0.1,
    0.10985411419875583,
    0.12067926406393285,
    0.13257113655901093,
    0.14563484775012436,
    0.15998587196060582,
    0.1757510624854792,
    0.193069772888325,
    0.21209508879201905,
    0.2329951810515372,
    0.2559547922699536,
    0.281176869797423,
    0.3088843596477481,
    0.3393221771895328,
    0.372759372031494,
    0.4094915062380424,
    0.44984326689694454,
    0.49417133613238345,
    0.5428675439323859,
    0.5963623316594643,
    0.6551285568595507,
    0.7196856730011519,
    0.7906043210907697,
    0.8685113737513525,
    0.9540954763499939,
    1.0481131341546859,
    1.151395399326447,
    1.2648552168552958,
    1.3894954943731375,
    1.5264179671752334,
    1.6768329368110073,
    1.8420699693267153,
    2.0235896477251565,
    2.2229964825261943,
    2.442053094548651,
    2.6826957952797246,
    2.9470517025518097,
    3.2374575428176433,
    3.5564803062231283,
    3.9069399370546147,
    4.291934260128776,
    4.714866363457392,
    5.17947467923121,
    5.689866029018296,
    6.250551925273969,
    6.866488450042998,
    7.543120063354615,
    8.286427728546842,
    9.102981779915218,
    10.0
  ],
  "gamma_max": [
    -0.11575759913205089,
    -0.12542416443410823,
    -0.1370702714944704,
    -0.15109906606873147,
    -0.16799688558188092,
    -0.1883533880815771,
    -0.2128912111640112,
    -0.24251638881649448,
    -0.2784228362676844,
    -0.3223728935533563,
    -0.37779833666706486,
    -0.46195449362318,
    -0.5190041301280268,
    -0.5553301950349038,
    -0.597781826815182,
    -0.6471877575082136,
    -0.5994105561221696,
    -0.5801581507500254,
    -0.5677132489329058,
    -0.5574450440816292,
    -0.5481489928218336,
    -0.5394536928727374,
    -0.36469660029159245,
    -0.1614764512996578,
    0.03889817500385062,
    0.2323743640975604,
    0.4136818197025957,
    0.5755664149904679,
    0.7076300265782287,
    0.794602094931309,
    0.8137543706385093,
    0.7311007637962026,
    0.4973841090414457,
    0.36002670238651957,
    1.2400435814441073,
    2.160968854880594,
    2.74404331795288,
    2.8457698257772694,
    2.358437177533938,
    1.0535829724943708,
    -1.5920817340509676,
    -1.300329129216907,
    -1.1481915066128752,
    -1.4421465301499334,
    -2.1423942379704326,
    -3.2529945985857323,
    -4.812144919194223,
    -6.882974514424812,
    -9.548691225933691,
    -12.898628847125591
  ],
  "omega_max": [
    2.1255801252852198e-12,
    9.904487453288495e-12,
    1.778240148993988e-11,
    1.131781131855529e-11,
    -1.973581338129375e-11,
    1.1627045400911723e-11,
    -2.2515794490198397e-11,
    1.3225187206635972e-11,
    2.15826151215489e-11,
    -7.30177927959646e-12,
    4.4398895032945486e-12,
    1.8026460211409903e-11,
    0.06853653417412205,
    -0.08984036281797894,
    -0.08949700388805905,
    -0.05034756419091863,
    4.705080549718259e-13,
    9.264041297083295e-13,
    6.855852447651124e-13,
    -9.251826632893557e-13,
    -8.502818131832785e-13,
    1.3380787772745886e-13,
    6.627425350174433,
    6.737250810721299,
    6.840888648336451,
    6.931328727895349,
    -7.000112618158306,
    7.037357916547375,
    7.031900581632793,
    -6.971673475912297,
    -6.844583262904122,
    -6.6406959566929595,
    6.358857088051197,
    -1.9318245802511898e-11,
    3.898246015040092e-11,
    6.754498668419115e-11,
    3.7381804578332514e-11,
    -2.512184684748129e-11,
    4.2337732437951986e-11,
    -6.28675491311581e-12,
    1.0427717736615978e-11,
    8.408002798925391,
    9.56291225918246,
    -10.876906776129548,
    12.282194335163656,
    13.780423216106708,
    15.393848090587866,
    -17.158832954047167,
    19.132072771742497,
    21.4065739292029
  ],
  "params": {
    "alpha": -48.0,
    "dT": 0.16666666666666666,
    "dR": 1.0
  },
  "metadata": {
    "shear_max": 6.619325213631643,
    "vel_net": 1.7763568394002505e-14,
    "resolution": {
      "H": 25,
      "M": 65,
      "Nz": 129,
      "Nth": 128
    },
    "timestamp": "2026-04-16T02:49:57.274457"
  }
}