{
  "k": [
    0.1,
    0.10985411419875583,
    0.12067926406393285,
    0.13257113655901093,
    0.14563484775012436,
    0.15998587196060582,
    0.1757510624854792,
    0.193069772888325,
    0.21209508879201905,
    0.2329951810515372,
    0.2559547922699536,
    0.281176869797423,
    0.3088843596477481,
    0.3393221771895328,
    0.372759372031494,
    0.4094915062380424,
    0.44984326689694454,
    0.49417133613238345,
    0.5428675439323859,
    0.5963623316594643,
    0.6551285568595507,
    0.7196856730011519,
    0.7906043210907697,
    0.8685113737513525,
    0.9540954763499939,
    1.0481131341546859,
    1.151395399326447,
    1.2648552168552958,
    1.3894954943731375,
    1.5264179671752334,
    1.6768329368110073,
    1.8420699693267153,
    2.0235896477251565,
    2.2229964825261943,
    2.442053094548651,
    2.6826957952797246,
    2.9470517025518097,
    3.2374575428176433,
    3.5564803062231283,
    3.9069399370546147,
    4.291934260128776,
    4.714866363457392,
    5.17947467923121,
    5.689866029018296,
    6.250551925273969,
    6.866488450042998,
    7.543120063354615,
    8.286427728546842,
    9.102981779915218,
    10.0
  ],
  "gamma_max": [
    -0.039269020058073895,
    -0.04684242650582546,
    -0.05594938841397091,
    -0.06689225291127023,
    -0.08002917923212878,
    -0.0957825991527378,
    -0.11464792992078093,
    -0.13720169064888263,
    -0.16410708576710012,
    -0.1961120952671621,
    -0.23402474047162652,
    -0.27860427117729053,
    -0.3300184230809199,
    -0.38362284403693453,
    -0.41118150089045385,
    -0.4134708958010589,
    -0.4105011608212569,
    -0.40581068180530955,
    -0.4001535873686339,
    -0.3938385109819076,
    -0.3870973045677235,
    -0.38018358121818124,
    -0.3734115253942766,
    -0.338988403380293,
    -0.12894844616591733,
    0.07719177738411656,
    0.2736239744159937,
    0.45198819683186076,
    0.5997527374060834,
    0.6975720144501389,
    0.7149177403303217,
    0.6033356402698944,
    0.29475589260189117,
    1.090965726004897,
    2.4815505272823604,
    3.659007686564594,
    4.433463514539868,
    4.765312701675622,
    4.602848808569351,
    3.8412694005600163,
    2.3102221599106154,
    -0.05872515252800058,
    0.31822778239971117,
    0.4681877920113588,
    0.234767387848445,
    -0.37335828182069436,
    -1.373981890138457,
    -2.8081249523381433,
    -4.720494905956587,
    -7.09994924123463
  ],
  "omega_max": [
    -2.8149098456848517e-12,
    1.3683034630439806e-12,
    2.7279792470659474e-12,
    3.8625535055629043e-13,
    -5.79719087341025e-12,
    3.822225071527971e-12,
    2.6633012435147126e-12,
    3.1183861392109817e-12,
    1.0163206866871273e-12,
    -3.382357667142731e-12,
    -1.4529072888475957e-12,
    1.2470510944857913e-12,
    3.960739345791709e-14,
    -2.8959559558317758e-12,
    5.72492368987535e-13,
    3.341419995733457e-13,
    -4.1620610519567665e-13,
    -1.2050837917915122e-13,
    5.477722667459287e-13,
    1.797049627644513e-13,
    -2.2930107884649477e-13,
    -5.276226389410733e-13,
    -4.373901716063333e-13,
    7.194022976925221,
    -7.292461208981733,
    -7.377060521114939,
    7.438826179636419,
    7.4669165657468,
    -7.448704076119965,
    7.3700839905291184,
    -7.216410038566467,
    -6.975431796753724,
    6.647634895731984,
    -5.607292534138709e-11,
    -1.6004689798157228e-11,
    4.2691381679926e-12,
    2.837827492955193e-12,
    -5.574370321303127e-12,
    -2.4717182378870393e-11,
    -2.5112680131905672e-11,
    -3.167354893449443e-11,
    -2.1840146711443995e-11,
    -10.46297499059219,
    11.801862345394737,
    13.305198788887024,
    -14.939184734220982,
    -16.72012808820781,
    18.69652621807531,
    -20.957670255679485,
    -23.628879442082887
  ],
  "params": {
    "alpha": -49.0,
    "dT": 0.1111111111111111,
    "dR": 1.0
  },
  "metadata": {
    "shear_max": 7.111171247792641,
    "vel_net": 1.199040866595169e-14,
    "resolution": {
      "H": 25,
      "M": 65,
      "Nz": 129,
      "Nth": 128
    },
    "timestamp": "2026-04-16T07:56:26.398765"
  }
}