{
  "k": [
    0.1,
    0.10985411419875583,
    0.12067926406393285,
    0.13257113655901093,
    0.14563484775012436,
    0.15998587196060582,
    0.1757510624854792,
    0.193069772888325,
    0.21209508879201905,
    0.2329951810515372,
    0.2559547922699536,
    0.281176869797423,
    0.3088843596477481,
    0.3393221771895328,
    0.372759372031494,
    0.4094915062380424,
    0.44984326689694454,
    0.49417133613238345,
    0.5428675439323859,
    0.5963623316594643,
    0.6551285568595507,
    0.7196856730011519,
    0.7906043210907697,
    0.8685113737513525,
    0.9540954763499939,
    1.0481131341546859,
    1.151395399326447,
    1.2648552168552958,
    1.3894954943731375,
    1.5264179671752334,
    1.6768329368110073,
    1.8420699693267153,
    2.0235896477251565,
    2.2229964825261943,
    2.442053094548651,
    2.6826957952797246,
    2.9470517025518097,
    3.2374575428176433,
    3.5564803062231283,
    3.9069399370546147,
    4.291934260128776,
    4.714866363457392,
    5.17947467923121,
    5.689866029018296,
    6.250551925273969,
    6.866488450042998,
    7.543120063354615,
    8.286427728546842,
    9.102981779915218,
    10.0
  ],
  "gamma_max": [
    1.4087561373606403,
    1.4068901637736604,
    1.4046397308394623,
    1.4019259703484885,
    1.3986539887787897,
    1.3947096776552066,
    1.3899559189949193,
    1.3842280809694467,
    1.3773286882735531,
    1.3690211374479326,
    1.3590223139420026,
    1.3469939567533384,
    1.3325326005900902,
    1.3151579128798458,
    1.294299217628223,
    1.2692799588269887,
    1.2392997794954992,
    1.203413749633265,
    1.1605080222738506,
    1.109270754469362,
    1.0481564098635718,
    0.9753404163756927,
    0.88865939847239,
    0.7855295239435754,
    0.6628312731677747,
    0.5167416769056172,
    0.3424808654726984,
    0.13390735283789956,
    -0.11719053756867966,
    -0.422542013262804,
    -0.8012215331900125,
    -1.2962227439056175,
    -2.0470398250943598,
    -2.4846208777306917,
    -3.0094591270001967,
    -3.599016041544247,
    -4.27765446729322,
    -5.1247618804573465,
    -6.172244138299843,
    -7.458128523728334,
    -9.028160386751189,
    -10.93766931846172,
    -13.253726809128048,
    -16.057652659716734,
    -19.447958088989783,
    -23.54383848819859,
    -28.489352282261343,
    -34.458449075591574,
    -41.661042372890414,
    -50.35035912862308
  ],
  "omega_max": [
    2.4809622296771747e-14,
    -7.831993068630208e-13,
    -2.0029671155009486e-13,
    3.676222645279417e-14,
    6.17337428492891e-13,
    -8.574150920136282e-13,
    -1.790549068798555e-13,
    -2.433988008575612e-12,
    8.635808589117707e-13,
    4.1993468470604283e-13,
    4.615844236090044e-13,
    2.4920573614187664e-13,
    3.154848949071055e-13,
    -3.9900126111605134e-13,
    -5.322865678347786e-14,
    -2.0050050613406215e-13,
    1.1191134723322678e-13,
    1.0768838618772469e-13,
    1.0098889221423043e-12,
    -4.5409797053647646e-13,
    4.2864473122387215e-13,
    -1.6349916839536016e-13,
    5.998848580752818e-14,
    3.030802012904224e-13,
    6.971934701433301e-14,
    2.5215403448365504e-14,
    -8.655343346774018e-14,
    1.5569672478465453e-16,
    -2.3439052699890903e-14,
    1.358113707507297e-13,
    7.253635354337333e-14,
    -1.973658762641725e-13,
    0.25396889739586526,
    -0.5617145655249872,
    -0.7830543296258817,
    -0.7605760488042185,
    -0.896200102026501,
    -1.0660792913682156,
    -1.2661566483992222,
    -1.4933496396865786,
    -1.7460019395573703,
    -2.0238475440205552,
    2.327831167807405,
    -2.659923210556863,
    -3.022977468579738,
    -3.420642965058811,
    3.8573238766637727,
    4.338173510915693,
    -4.869108129567529,
    -5.456833083564975
  ],
  "params": {
    "alpha": -27.0,
    "dT": 0.5,
    "dR": 1.0
  },
  "metadata": {
    "shear_max": 1.014658976519392e-08,
    "vel_net": 1.3363774436052668e-14,
    "resolution": {
      "H": 25,
      "M": 65,
      "Nz": 129,
      "Nth": 128
    },
    "timestamp": "2026-04-13T13:08:14.861868"
  }
}