{
  "k": [
    0.1,
    0.10985411419875583,
    0.12067926406393285,
    0.13257113655901093,
    0.14563484775012436,
    0.15998587196060582,
    0.1757510624854792,
    0.193069772888325,
    0.21209508879201905,
    0.2329951810515372,
    0.2559547922699536,
    0.281176869797423,
    0.3088843596477481,
    0.3393221771895328,
    0.372759372031494,
    0.4094915062380424,
    0.44984326689694454,
    0.49417133613238345,
    0.5428675439323859,
    0.5963623316594643,
    0.6551285568595507,
    0.7196856730011519,
    0.7906043210907697,
    0.8685113737513525,
    0.9540954763499939,
    1.0481131341546859,
    1.151395399326447,
    1.2648552168552958,
    1.3894954943731375,
    1.5264179671752334,
    1.6768329368110073,
    1.8420699693267153,
    2.0235896477251565,
    2.2229964825261943,
    2.442053094548651,
    2.6826957952797246,
    2.9470517025518097,
    3.2374575428176433,
    3.5564803062231283,
    3.9069399370546147,
    4.291934260128776,
    4.714866363457392,
    5.17947467923121,
    5.689866029018296,
    6.250551925273969,
    6.866488450042998,
    7.543120063354615,
    8.286427728546842,
    9.102981779915218,
    10.0
  ],
  "gamma_max": [
    0.21093682533985217,
    0.19900855253798036,
    0.18456524892453802,
    0.16706457777367884,
    0.1458415521954578,
    0.12007774902001614,
    0.08876049305585486,
    0.05062582869440982,
    0.004070239120773641,
    -0.05301438581175463,
    -0.12365729002946511,
    -0.21342595295052577,
    -0.34674464037198804,
    -0.4488539934764335,
    -0.506501888124965,
    -0.571787008418354,
    -0.6448825983340049,
    -0.5900727794939127,
    -0.45384791210903225,
    -0.3189728168071364,
    -0.18759483643847244,
    -0.06122745094290797,
    0.05893068794054028,
    0.17167557332366884,
    0.2755500459901433,
    0.36865115398749937,
    0.4484554324291181,
    0.5116336748219609,
    0.553846768488051,
    0.569548420965172,
    0.5518844924574232,
    0.49289654424975216,
    0.3844147471970073,
    0.22006105262864786,
    -0.002277998429941477,
    0.021848867599979428,
    -0.03279173337560858,
    -0.23142907125864418,
    -0.6221046171924566,
    -1.2494005856582413,
    -1.5576283011874776,
    -1.7964301055798606,
    -2.1535590973103083,
    -2.655790004331895,
    -3.329377658396308,
    -4.203492761454868,
    -5.312636602199479,
    -6.69843428297708,
    -8.410995577111816,
    -10.509519554327069
  ],
  "omega_max": [
    -1.4117020389110868e-13,
    1.910885381235341e-12,
    -8.691664995076777e-14,
    1.0815046650438432e-12,
    -2.542632982689538e-13,
    -1.218313381766887e-12,
    -1.876288028089181e-12,
    -1.9831119092984628e-12,
    2.8753040642544876e-12,
    -3.2832676003180314e-12,
    7.014388077395033e-13,
    -4.001812628627594e-13,
    -7.976940662098084e-13,
    0.1113530847327688,
    -0.14914109755098115,
    -0.15353474276444642,
    0.11285293794918187,
    2.843297452618693,
    -2.922696535774996,
    3.0125202058555924,
    -3.1100095121687166,
    -3.21208840612686,
    3.3156073104007096,
    -3.4173648433524098,
    3.5140352196732385,
    -3.6020933985337793,
    -3.6777897545310667,
    -3.737210360949376,
    -3.7764630705424955,
    3.7920475213224534,
    -3.7815017176217625,
    3.7444884143433486,
    -3.684632434192247,
    -3.6126113546298484,
    3.550544885970131,
    2.367384032009228e-12,
    -8.79552760512255e-13,
    -4.0697089680261467e-13,
    3.6287843984749002e-12,
    -3.1143752157643644e-13,
    5.626706149263466,
    -6.270245062235758,
    -6.98130114066191,
    -7.765255344137319,
    8.626873641768828,
    9.57283764547702,
    10.612656017767934,
    -11.759224625893069,
    -13.029648657251391,
    14.446558626154236
  ],
  "params": {
    "alpha": -32.0,
    "dT": 0.1111111111111111,
    "dR": 1.0
  },
  "metadata": {
    "shear_max": 3.5608131829474807,
    "vel_net": 1.3571921364530226e-12,
    "resolution": {
      "H": 25,
      "M": 65,
      "Nz": 129,
      "Nth": 128
    },
    "timestamp": "2026-04-13T23:23:45.936118"
  }
}