{
  "k": [
    0.1,
    0.10985411419875583,
    0.12067926406393285,
    0.13257113655901093,
    0.14563484775012436,
    0.15998587196060582,
    0.1757510624854792,
    0.193069772888325,
    0.21209508879201905,
    0.2329951810515372,
    0.2559547922699536,
    0.281176869797423,
    0.3088843596477481,
    0.3393221771895328,
    0.372759372031494,
    0.4094915062380424,
    0.44984326689694454,
    0.49417133613238345,
    0.5428675439323859,
    0.5963623316594643,
    0.6551285568595507,
    0.7196856730011519,
    0.7906043210907697,
    0.8685113737513525,
    0.9540954763499939,
    1.0481131341546859,
    1.151395399326447,
    1.2648552168552958,
    1.3894954943731375,
    1.5264179671752334,
    1.6768329368110073,
    1.8420699693267153,
    2.0235896477251565,
    2.2229964825261943,
    2.442053094548651,
    2.6826957952797246,
    2.9470517025518097,
    3.2374575428176433,
    3.5564803062231283,
    3.9069399370546147,
    4.291934260128776,
    4.714866363457392,
    5.17947467923121,
    5.689866029018296,
    6.250551925273969,
    6.866488450042998,
    7.543120063354615,
    8.286427728546842,
    9.102981779915218,
    10.0
  ],
  "gamma_max": [
    -2.1315124805360948,
    -2.1300504925761206,
    -2.1286050868742334,
    -2.1272129377876148,
    -2.125922197104481,
    -2.124795452517935,
    -2.1239134142951897,
    -2.1233795067670926,
    -2.123325578230771,
    -2.123918988502393,
    -2.1253713818363997,
    -2.127949502656483,
    -2.0673661685414477,
    -1.9910516319676717,
    -1.910715827635279,
    -1.8267781437272637,
    -1.739866813269125,
    -1.6508641064163108,
    -1.5609563620702174,
    -1.471688475484713,
    -1.3850223822009915,
    -1.3033990639158035,
    -1.2298036386639544,
    -1.1678331607395658,
    -1.1217668879584193,
    -1.0966391612089346,
    -1.0983161581219325,
    -1.1335804960480496,
    -1.210233267419616,
    -1.3372332115484409,
    -1.524908725681749,
    -1.3313417573061883,
    -1.19764102777192,
    -1.16268406046248,
    -1.2666421127250196,
    -1.5544194553121178,
    -2.074533313542148,
    -2.8789841180828226,
    -4.024257115802326,
    -5.573537643757083,
    -7.600071332667004,
    -10.191535519117059,
    -13.45541825409456,
    -17.525754818303376,
    -22.57233511007304,
    -28.81602600737648,
    -36.543312322056316,
    -45.28177622845975,
    -55.169954282978075,
    -66.83800368326692
  ],
  "omega_max": [
    1.2895528089934458,
    1.3093929553823387,
    1.3312606957279391,
    1.3553680654119737,
    1.3819496811505443,
    1.4112650624502499,
    1.443601125114706,
    1.4792748304365695,
    1.5186359535852143,
    1.5620699109198806,
    1.6100005476910373,
    1.6628927323351586,
    5.7449376145618825,
    5.829260609477285,
    5.922229018556284,
    6.024575565313621,
    6.1370364331749165,
    6.260334899686412,
    6.395164486349105,
    6.542174509297371,
    6.701962210222974,
    6.875076781234254,
    7.062041134007198,
    7.263396551005208,
    7.479772664081314,
    7.711979854897656,
    7.961112888886391,
    8.228643847076821,
    8.51647076891591,
    8.826878614054177,
    9.16236522293682,
    8.097888642307225,
    8.470869402490086,
    8.904989751002669,
    9.409172338868817,
    9.991160708174407,
    10.658182341938366,
    11.417578680703768,
    12.277393446388524,
    13.247031063428764,
    14.338116101057787,
    15.565762491318823,
    16.9506846383661,
    18.52316936813324,
    20.331733070932202,
    22.467447268623065,
    25.190152571640404,
    20.11999673071819,
    33.03237620899209,
    37.13122069147832
  ],
  "params": {
    "alpha": -41.0,
    "dT": 0.6666666666666666,
    "dR": 1.0
  },
  "metadata": {
    "shear_max": 5.539067313419064,
    "vel_net": 2.3190512465561213,
    "resolution": {
      "H": 25,
      "M": 65,
      "Nz": 129,
      "Nth": 128
    },
    "timestamp": "2026-04-13T20:15:07.724295"
  }
}