{
  "k": [
    0.1,
    0.10985411419875583,
    0.12067926406393285,
    0.13257113655901093,
    0.14563484775012436,
    0.15998587196060582,
    0.1757510624854792,
    0.193069772888325,
    0.21209508879201905,
    0.2329951810515372,
    0.2559547922699536,
    0.281176869797423,
    0.3088843596477481,
    0.3393221771895328,
    0.372759372031494,
    0.4094915062380424,
    0.44984326689694454,
    0.49417133613238345,
    0.5428675439323859,
    0.5963623316594643,
    0.6551285568595507,
    0.7196856730011519,
    0.7906043210907697,
    0.8685113737513525,
    0.9540954763499939,
    1.0481131341546859,
    1.151395399326447,
    1.2648552168552958,
    1.3894954943731375,
    1.5264179671752334,
    1.6768329368110073,
    1.8420699693267153,
    2.0235896477251565,
    2.2229964825261943,
    2.442053094548651,
    2.6826957952797246,
    2.9470517025518097,
    3.2374575428176433,
    3.5564803062231283,
    3.9069399370546147,
    4.291934260128776,
    4.714866363457392,
    5.17947467923121,
    5.689866029018296,
    6.250551925273969,
    6.866488450042998,
    7.543120063354615,
    8.286427728546842,
    9.102981779915218,
    10.0
  ],
  "gamma_max": [
    1.6609037205571318,
    1.6590267482636913,
    1.6567631502083866,
    1.6540336592155545,
    1.6507429223203123,
    1.6467763088138883,
    1.6419961167971464,
    1.6362370769893766,
    1.629301041622501,
    1.620950735174909,
    1.610902433052511,
    1.5988174255812488,
    1.5842921184920393,
    1.5668466112176314,
    1.5459115844977662,
    1.5208133037578861,
    1.4907564866821634,
    1.4548046766450555,
    1.4118575458353781,
    1.3606241803697128,
    1.299590777370719,
    1.226980217190783,
    1.1406995356797671,
    1.0382692632829236,
    0.9167256507234961,
    0.7724823934763957,
    0.6011310349728063,
    0.39714453910156783,
    0.15341430979814866,
    -0.13954187476029295,
    -0.49516442117975545,
    -0.9349675018691637,
    -1.505964254584391,
    -2.373444723635034,
    -2.8992063698918504,
    -3.4851950983950575,
    -4.162544972219655,
    -5.008405813374149,
    -6.054687847062993,
    -7.339408579181009,
    -8.908291656261126,
    -10.816636189593249,
    -13.131477936720286,
    -15.934099383412667,
    -19.32297656619377,
    -23.41727536474371,
    -28.361033307651965,
    -34.328189632283255,
    -41.528658650170726,
    -50.21567872960748
  ],
  "omega_max": [
    3.968565659227359e-13,
    6.15070728944023e-13,
    6.656592631431427e-14,
    4.55041833494046e-13,
    -2.156020450138712e-12,
    8.285207382832215e-14,
    -2.3202307678683114e-12,
    7.852760503065749e-13,
    -8.464281419719718e-13,
    -1.2055305195923963e-13,
    1.082442221821115e-12,
    -6.340124318114689e-13,
    -9.248774355262943e-13,
    7.825992734856072e-13,
    -5.542442994510367e-13,
    -6.111767979502427e-13,
    -9.652621691047982e-13,
    -1.1487095565439448e-12,
    9.128375773625496e-13,
    3.978364610055998e-13,
    7.147911094029211e-13,
    1.9908690307760813e-13,
    -3.340913484763047e-13,
    7.876761521152075e-14,
    4.0148228528463715e-14,
    2.403200229268304e-13,
    -1.0454456343499956e-13,
    -3.132202845629272e-15,
    -5.032419495693651e-15,
    -9.171306416251937e-15,
    4.7833032744872904e-14,
    2.4053688535203452e-14,
    9.842546736701297e-14,
    0.2665662303167543,
    0.6102331420509401,
    0.563247688358774,
    -0.722305937264557,
    -0.9153101623338632,
    -1.1358595623721186,
    1.3805270707664834,
    -1.647976399328929,
    1.938390656737208,
    2.253120988560913,
    -2.59446179375678,
    2.9655104406846275,
    3.3700920043698273,
    -3.8127334482748405,
    4.298670500482241,
    4.833872252602542,
    -5.425075671218589
  ],
  "params": {
    "alpha": -28.0,
    "dT": 0.5,
    "dR": 1.0
  },
  "metadata": {
    "shear_max": 1.0921252709360316e-08,
    "vel_net": 6.320735656345587e-13,
    "resolution": {
      "H": 25,
      "M": 65,
      "Nz": 129,
      "Nth": 128
    },
    "timestamp": "2026-04-13T13:19:42.120682"
  }
}