{
  "k": [
    0.1,
    0.10985411419875583,
    0.12067926406393285,
    0.13257113655901093,
    0.14563484775012436,
    0.15998587196060582,
    0.1757510624854792,
    0.193069772888325,
    0.21209508879201905,
    0.2329951810515372,
    0.2559547922699536,
    0.281176869797423,
    0.3088843596477481,
    0.3393221771895328,
    0.372759372031494,
    0.4094915062380424,
    0.44984326689694454,
    0.49417133613238345,
    0.5428675439323859,
    0.5963623316594643,
    0.6551285568595507,
    0.7196856730011519,
    0.7906043210907697,
    0.8685113737513525,
    0.9540954763499939,
    1.0481131341546859,
    1.151395399326447,
    1.2648552168552958,
    1.3894954943731375,
    1.5264179671752334,
    1.6768329368110073,
    1.8420699693267153,
    2.0235896477251565,
    2.2229964825261943,
    2.442053094548651,
    2.6826957952797246,
    2.9470517025518097,
    3.2374575428176433,
    3.5564803062231283,
    3.9069399370546147,
    4.291934260128776,
    4.714866363457392,
    5.17947467923121,
    5.689866029018296,
    6.250551925273969,
    6.866488450042998,
    7.543120063354615,
    8.286427728546842,
    9.102981779915218,
    10.0
  ],
  "gamma_max": [
    1.2911858365372704,
    1.2896589653239794,
    1.2878175924276651,
    1.2855972417421109,
    1.282920354370949,
    1.279693693459,
    1.2758052597308693,
    1.2711206359508298,
    1.2654786690081912,
    1.258686389064967,
    1.2505130564143654,
    1.240683219127903,
    1.2288686568428862,
    1.2146790771868563,
    1.1976514160642813,
    1.1772375621401343,
    1.1527902619871013,
    1.1235468349610307,
    1.0886100874044502,
    1.0469253876351146,
    0.9972521314887636,
    0.938126617447721,
    0.8678113800947637,
    0.784222791525436,
    0.6848231586589509,
    0.5664530100862918,
    0.4250566659137348,
    0.25519773654159283,
    0.049092890509444036,
    -0.2057433221389845,
    -0.5347081487425058,
    -1.0587080095724974,
    -1.4533932472351907,
    -1.7544086062797644,
    -2.1138386914994496,
    -2.4957911487683693,
    -2.94602670140131,
    -3.510459674700267,
    -4.210609108049831,
    -5.072044646547417,
    -6.125476825541597,
    -7.408031637417296,
    -8.964715946288507,
    -10.850104857823643,
    -13.130305485065417,
    -15.885272999865503,
    -19.211575653291302,
    -23.225726110431793,
    -28.068217009636616,
    -33.90841978376851
  ],
  "omega_max": [
    -1.251506213412406e-14,
    1.1330152221591063e-14,
    7.78730998827561e-15,
    4.5808896926569134e-14,
    -3.8292795647891145e-15,
    4.851556573278094e-14,
    -2.5651920278406887e-15,
    4.044687775043069e-15,
    3.3360742228317537e-15,
    1.070385315030106e-14,
    -2.3184084165885043e-14,
    -2.201371318277892e-15,
    -2.2691193057628147e-14,
    2.530065330438131e-14,
    9.348370750131802e-16,
    1.0864276712617362e-14,
    -1.0354534218454326e-14,
    -2.4732759093924937e-15,
    8.829308222521962e-15,
    -1.3087040910690549e-14,
    -9.269770373834798e-15,
    9.289672395821738e-15,
    -8.799791587513107e-15,
    7.4045500039961e-15,
    1.0899756472591896e-15,
    1.2819586150996042e-15,
    4.005729509792892e-15,
    -3.566893813968304e-15,
    7.964139611952324e-18,
    -5.800562849092737e-16,
    9.6454727616602e-15,
    3.127190626383821e-14,
    -0.44514936583546233,
    -0.675480464309716,
    0.8735189927154404,
    0.8949064358854408,
    1.0386525952617156,
    -1.2088507986589485,
    -1.4042047294176914,
    -1.623814000021931,
    1.8674876927364887,
    2.1358537464870406,
    -2.4303644926797885,
    -2.75326618541704,
    -3.1075695711061204,
    3.4970351144244773,
    3.926172144654864,
    -4.400246078607536,
    4.925290064359448,
    -5.508123662819017
  ],
  "params": {
    "alpha": -25.0,
    "dT": 0.3333333333333333,
    "dR": 1.0
  },
  "metadata": {
    "shear_max": 1.213927540043102e-08,
    "vel_net": 1.229488182723215e-11,
    "resolution": {
      "H": 20,
      "M": 49,
      "Nz": 97,
      "Nth": 96
    },
    "timestamp": "2026-02-14T02:17:01.727076"
  }
}