{
  "k": [
    0.1,
    0.10985411419875583,
    0.12067926406393285,
    0.13257113655901093,
    0.14563484775012436,
    0.15998587196060582,
    0.1757510624854792,
    0.193069772888325,
    0.21209508879201905,
    0.2329951810515372,
    0.2559547922699536,
    0.281176869797423,
    0.3088843596477481,
    0.3393221771895328,
    0.372759372031494,
    0.4094915062380424,
    0.44984326689694454,
    0.49417133613238345,
    0.5428675439323859,
    0.5963623316594643,
    0.6551285568595507,
    0.7196856730011519,
    0.7906043210907697,
    0.8685113737513525,
    0.9540954763499939,
    1.0481131341546859,
    1.151395399326447,
    1.2648552168552958,
    1.3894954943731375,
    1.5264179671752334,
    1.6768329368110073,
    1.8420699693267153,
    2.0235896477251565,
    2.2229964825261943,
    2.442053094548651,
    2.6826957952797246,
    2.9470517025518097,
    3.2374575428176433,
    3.5564803062231283,
    3.9069399370546147,
    4.291934260128776,
    4.714866363457392,
    5.17947467923121,
    5.689866029018296,
    6.250551925273969,
    6.866488450042998,
    7.543120063354615,
    8.286427728546842,
    9.102981779915218,
    10.0
  ],
  "gamma_max": [
    0.2105073330725384,
    0.19572617898985994,
    0.17788588618269494,
    0.1563527123454929,
    0.13036104896809037,
    0.0989851193835048,
    0.06110315375730851,
    0.015349573228167674,
    -0.039955751945629184,
    -0.10693228664228371,
    -0.18842169912278758,
    -0.2888678359383127,
    -0.41874453919787097,
    -0.6206219347316082,
    -0.6891938941501284,
    -0.7683078739245618,
    -0.8590985357194049,
    -0.9462201224825303,
    -0.7532807154035509,
    -0.5562084815219529,
    -0.35834951971366136,
    -0.16274481352372377,
    0.02787040766674013,
    0.21088142506215302,
    0.3834988907333352,
    0.5423964042185505,
    0.6832769706839789,
    0.8003317789616138,
    0.8855395163421579,
    0.9277525693502565,
    0.9115244624405906,
    0.8156665920667004,
    0.6117473423680708,
    0.2642251955933157,
    -0.25847175237726294,
    0.02491390751033092,
    0.21037633250991056,
    -0.011904373352656785,
    -0.8411792296707687,
    -2.4996774174623377,
    -3.1562260148229253,
    -3.4243871771860896,
    -4.046816674468048,
    -5.056109710298295,
    -6.480214226467878,
    -8.365773946775104,
    -10.77857431405057,
    -13.803793637096442,
    -17.548029738059686,
    -22.142639763776543
  ],
  "omega_max": [
    7.550393200674041e-14,
    -9.654402883225977e-13,
    1.6963851585567277e-12,
    8.561590383909184e-13,
    1.1707301480289757e-12,
    1.897165242636449e-12,
    -1.4339933908711608e-12,
    1.1271282309453248e-12,
    -1.7961505646762454e-12,
    -1.3906580111446788e-12,
    9.825790231676949e-13,
    -1.3028427241454834e-13,
    4.302761997314632e-12,
    0.07980225506672958,
    -0.16606021114418315,
    -0.19703970839977875,
    -0.18583717843893494,
    -4.903744639919918,
    -4.993303644412731,
    -5.097246603878878,
    -5.21322737490212,
    -5.337774662917014,
    -5.466525464451012,
    -5.594381417835443,
    -5.715560878686911,
    5.823583283808394,
    5.911247567935878,
    -5.970672819802697,
    5.993476184526506,
    5.971180843021209,
    -5.895991282823585,
    -5.762207329587382,
    5.569007898187898,
    -5.326762465539836,
    5.071181546941239,
    -4.754802906114395e-12,
    8.944427619081117e-12,
    -1.335855200061466e-11,
    -1.7789962395539766e-11,
    2.969765417981103e-11,
    6.379288820505519,
    -7.269093532197679,
    8.290274335610855,
    -9.394900314438688,
    10.577701690111207,
    -11.849419486116302,
    13.227796530394663,
    14.735175616997223,
    -16.398442121701684,
    18.250940594572196
  ],
  "params": {
    "alpha": -45.0,
    "dT": 0.25,
    "dR": 1.0
  },
  "metadata": {
    "shear_max": 5.515413850609925,
    "vel_net": 5.750955267558311e-14,
    "resolution": {
      "H": 25,
      "M": 65,
      "Nz": 129,
      "Nth": 128
    },
    "timestamp": "2026-04-15T20:30:42.809950"
  }
}