{
  "k": [
    0.1,
    0.10985411419875583,
    0.12067926406393285,
    0.13257113655901093,
    0.14563484775012436,
    0.15998587196060582,
    0.1757510624854792,
    0.193069772888325,
    0.21209508879201905,
    0.2329951810515372,
    0.2559547922699536,
    0.281176869797423,
    0.3088843596477481,
    0.3393221771895328,
    0.372759372031494,
    0.4094915062380424,
    0.44984326689694454,
    0.49417133613238345,
    0.5428675439323859,
    0.5963623316594643,
    0.6551285568595507,
    0.7196856730011519,
    0.7906043210907697,
    0.8685113737513525,
    0.9540954763499939,
    1.0481131341546859,
    1.151395399326447,
    1.2648552168552958,
    1.3894954943731375,
    1.5264179671752334,
    1.6768329368110073,
    1.8420699693267153,
    2.0235896477251565,
    2.2229964825261943,
    2.442053094548651,
    2.6826957952797246,
    2.9470517025518097,
    3.2374575428176433,
    3.5564803062231283,
    3.9069399370546147,
    4.291934260128776,
    4.714866363457392,
    5.17947467923121,
    5.689866029018296,
    6.250551925273969,
    6.866488450042998,
    7.543120063354615,
    8.286427728546842,
    9.102981779915218,
    10.0
  ],
  "gamma_max": [
    -1.0091681207645742,
    -1.0110646014558833,
    -1.0133535270256684,
    -1.0161161750684595,
    -1.0194506877815683,
    -1.0234755861508145,
    -1.0283340235699547,
    -1.0341989380217724,
    -1.0412792980170045,
    -1.0498276827059998,
    -1.0601494938095666,
    -1.0726141703483332,
    -1.0876688725027233,
    -1.1058552272890585,
    -1.1278298999831702,
    -1.1543899937682016,
    -1.1865046233249399,
    -1.225354520765029,
    -1.2723823316452814,
    -1.3188690387517112,
    -1.3727011571913035,
    -1.4385284714335635,
    -1.5190298537677092,
    -1.6174571303350953,
    -1.737746310296381,
    -1.884649462268667,
    -2.06389233045583,
    -2.2823642575520267,
    -2.5483485660070984,
    -2.871803181028156,
    -3.2647029629546864,
    -3.741457060831368,
    -4.319416811238774,
    -5.019492554544514,
    -5.866901465532386,
    -6.892073198197413,
    -8.130005044855375,
    -9.566856746107044,
    -11.3297311466604,
    -13.482382225413971,
    -16.101527786189294,
    -19.27984593729261,
    -23.12946702751359,
    -27.78606847799431,
    -33.41372294106358,
    -40.21068877602759,
    -48.416369790956374,
    -58.319713277873646,
    -70.2693648230237,
    -84.68595630132349
  ],
  "omega_max": [
    -3.6755265903327965e-16,
    4.1611575614273806e-16,
    7.348718454198148e-16,
    -8.59722360998313e-16,
    1.153832257314927e-16,
    -1.5699975451401081e-15,
    1.1740285011181097e-16,
    7.124750412348581e-16,
    2.099079652023586e-15,
    -2.7454955021372764e-15,
    4.991193899182812e-16,
    2.6983234504426198e-15,
    -4.391748168416016e-16,
    -1.7227261972680867e-15,
    2.599337990895942e-15,
    7.628678332181356e-16,
    3.2236141741150203e-15,
    -8.334964394003906e-16,
    1.7974031128832144e-16,
    0.340732775216757,
    0.3728589581233617,
    -0.40750905242623653,
    0.44492374927451905,
    0.485385338177779,
    0.5292256650605008,
    0.5768331258749441,
    0.6286582550695452,
    -0.6852178866162654,
    0.747098376974717,
    -0.8149588260651766,
    0.8895354533392995,
    0.9716481799545661,
    -1.0622100391957068,
    -1.162239408638293,
    -1.272874462423847,
    1.3953889976916958,
    1.4458252296120742,
    -1.59296156277229,
    -1.7580781932926877,
    1.9440452175873841,
    2.1532382191811617,
    2.3879397761482566,
    2.6506464677791346,
    -2.944273144733184,
    3.2722777269769785,
    -3.638735597532646,
    4.048385422903473,
    4.506659328456833,
    -5.019706060613513,
    -5.594417702377712
  ],
  "params": {
    "alpha": -20.0,
    "dT": 0.8333333333333334,
    "dR": 1.0
  },
  "metadata": {
    "shear_max": 2.1689034391233245e-09,
    "vel_net": 2.5849394142282115e-26,
    "resolution": {
      "H": 25,
      "M": 65,
      "Nz": 129,
      "Nth": 128
    },
    "timestamp": "2026-04-13T11:33:21.501526"
  }
}