{
  "k": [
    0.1,
    0.10985411419875583,
    0.12067926406393285,
    0.13257113655901093,
    0.14563484775012436,
    0.15998587196060582,
    0.1757510624854792,
    0.193069772888325,
    0.21209508879201905,
    0.2329951810515372,
    0.2559547922699536,
    0.281176869797423,
    0.3088843596477481,
    0.3393221771895328,
    0.372759372031494,
    0.4094915062380424,
    0.44984326689694454,
    0.49417133613238345,
    0.5428675439323859,
    0.5963623316594643,
    0.6551285568595507,
    0.7196856730011519,
    0.7906043210907697,
    0.8685113737513525,
    0.9540954763499939,
    1.0481131341546859,
    1.151395399326447,
    1.2648552168552958,
    1.3894954943731375,
    1.5264179671752334,
    1.6768329368110073,
    1.8420699693267153,
    2.0235896477251565,
    2.2229964825261943,
    2.442053094548651,
    2.6826957952797246,
    2.9470517025518097,
    3.2374575428176433,
    3.5564803062231283,
    3.9069399370546147,
    4.291934260128776,
    4.714866363457392,
    5.17947467923121,
    5.689866029018296,
    6.250551925273969,
    6.866488450042998,
    7.543120063354615,
    8.286427728546842,
    9.102981779915218,
    10.0
  ],
  "gamma_max": [
    -2.3405375828651858,
    -2.3383326006786294,
    -2.336120253948471,
    -2.333944988050757,
    -2.331865584216886,
    -2.3299588361874783,
    -2.328324117538583,
    -2.327089049891988,
    -2.3264165266250747,
    -2.3265133977518224,
    -2.2888182560290278,
    -2.216682654377592,
    -2.1401298255086316,
    -2.0593642001238437,
    -1.9747515811100766,
    -1.886860173899891,
    -1.7965076201811854,
    -1.704813921870383,
    -1.6132599137943437,
    -1.5237507651264182,
    -1.4386839035967998,
    -1.3610207896275777,
    -1.2943621156109224,
    -1.2430262571900519,
    -1.2121311725676644,
    -1.2076805900493428,
    -1.2366566717337408,
    -1.3071242478071896,
    -1.4283576125157478,
    -1.6110117721025887,
    -1.6613845780486303,
    -1.4403222355230696,
    -1.298735367146652,
    -1.277297795005745,
    -1.4242537140362943,
    -1.7935191606332577,
    -2.4435295576376546,
    -3.4370704696557155,
    -4.8423541418311045,
    -6.735480585279798,
    -9.204166816797049,
    -12.352459694019673,
    -16.306127547622076,
    -21.21840727717969,
    -27.27540466777648,
    -34.69915787274136,
    -43.74555765660289,
    -54.70450967301462,
    -67.81647830073963,
    -82.8646443272155
  ],
  "omega_max": [
    1.333712892627735,
    1.355776050719637,
    1.3801058473402508,
    1.4069416329646598,
    1.436548649049852,
    1.4692207403071964,
    1.505283268783522,
    1.545096206706265,
    1.5890573639656385,
    1.6376056769776892,
    6.232022843597411,
    6.309883704108212,
    6.395866007777446,
    6.490738057669992,
    6.5953014251960385,
    6.710378872293469,
    6.836798928335455,
    6.975377978235967,
    7.126901746248924,
    7.292109378489748,
    7.471684793588121,
    7.666261283994499,
    7.87644599193491,
    8.10287015371277,
    8.34626806080661,
    8.607581787241807,
    8.888079529951256,
    9.189463366812317,
    9.513928900891543,
    9.864127497617886,
    8.69425664268602,
    9.045813131408375,
    9.454496776872688,
    9.931099214292711,
    10.484941488237709,
    11.124272799408613,
    11.85692437427384,
    12.690891601721214,
    13.634899701325814,
    14.699064057436278,
    15.895753143658123,
    17.24081697079594,
    18.755480529074713,
    20.469449255010275,
    22.42612085713785,
    24.690705007491168,
    27.359560007043306,
    30.57473413087808,
    34.63432670589128,
    39.48474990672071
  ],
  "params": {
    "alpha": -46.0,
    "dT": 0.8333333333333334,
    "dR": 1.0
  },
  "metadata": {
    "shear_max": 6.215337283225812,
    "vel_net": 2.595012611051288,
    "resolution": {
      "H": 25,
      "M": 65,
      "Nz": 129,
      "Nth": 128
    },
    "timestamp": "2026-04-14T01:47:44.968062"
  }
}