{
  "k": [
    0.1,
    0.10985411419875583,
    0.12067926406393285,
    0.13257113655901093,
    0.14563484775012436,
    0.15998587196060582,
    0.1757510624854792,
    0.193069772888325,
    0.21209508879201905,
    0.2329951810515372,
    0.2559547922699536,
    0.281176869797423,
    0.3088843596477481,
    0.3393221771895328,
    0.372759372031494,
    0.4094915062380424,
    0.44984326689694454,
    0.49417133613238345,
    0.5428675439323859,
    0.5963623316594643,
    0.6551285568595507,
    0.7196856730011519,
    0.7906043210907697,
    0.8685113737513525,
    0.9540954763499939,
    1.0481131341546859,
    1.151395399326447,
    1.2648552168552958,
    1.3894954943731375,
    1.5264179671752334,
    1.6768329368110073,
    1.8420699693267153,
    2.0235896477251565,
    2.2229964825261943,
    2.442053094548651,
    2.6826957952797246,
    2.9470517025518097,
    3.2374575428176433,
    3.5564803062231283,
    3.9069399370546147,
    4.291934260128776,
    4.714866363457392,
    5.17947467923121,
    5.689866029018296,
    6.250551925273969,
    6.866488450042998,
    7.543120063354615,
    8.286427728546842,
    9.102981779915218,
    10.0
  ],
  "gamma_max": [
    -2.1830333192659337,
    -2.1816617449775175,
    -2.1803392145297247,
    -2.1791100112283797,
    -2.1780314507510905,
    -2.177177141087013,
    -2.1766410325053087,
    -2.1765424463824297,
    -2.17703231525395,
    -2.178300915008372,
    -2.178727317593771,
    -2.1097210045650874,
    -2.036497881312446,
    -1.9592557604635028,
    -1.8783458140880565,
    -1.7943107859144893,
    -1.7079285564466107,
    -1.6202609266925925,
    -1.532707310707424,
    -1.4470629053661932,
    -1.3655808694306175,
    -1.291038106055861,
    -1.2268043971198737,
    -1.1769148702318308,
    -1.146146121697723,
    -1.1400969134847123,
    -1.1652755760341857,
    -1.2291987635157462,
    -1.3405111030148116,
    -1.5091440946780177,
    -1.7164402009937023,
    -1.5398059965430613,
    -1.4385377463075733,
    -1.448590588476292,
    -1.6129715296728917,
    -1.979883993783147,
    -2.6016099945284874,
    -3.534422280007266,
    -4.839692013288023,
    -6.586258985165786,
    -8.85396620795082,
    -11.738187641925272,
    -15.35528945655521,
    -19.849264735519583,
    -25.40034613059821,
    -32.23798706285909,
    -40.6666859706186,
    -50.89640015841725,
    -62.12114651694657,
    -75.25107123233681
  ],
  "omega_max": [
    1.2282654922405047,
    1.248073455032466,
    1.2699214166500818,
    1.2940254597717944,
    1.3206250706362304,
    1.3499855676840733,
    1.3824007001837928,
    1.4181953892707218,
    1.457728565454785,
    1.5013960275141365,
    5.658173459054424,
    5.7293267213230115,
    5.8079143435292035,
    5.894629415111183,
    5.990189631453292,
    6.095324644178087,
    6.210760320571911,
    6.337200868097134,
    6.475310779952471,
    6.625699804638867,
    6.788915500553137,
    6.965449118751162,
    7.15576109951096,
    7.360331725288941,
    7.579739721604805,
    7.814766191594477,
    8.066512972745905,
    8.336513781881433,
    8.626804796831376,
    8.939910953294046,
    7.919964748623271,
    8.240357010637938,
    8.610558266864384,
    9.040909971772265,
    9.540531134642256,
    10.11744041214358,
    10.779128872225925,
    11.533134202957674,
    12.387581363723257,
    13.351779528107675,
    14.43698009174334,
    15.657448808399959,
    17.032149433843273,
    18.58769866428427,
    20.364262675082394,
    22.429716958886285,
    24.93159357057826,
    28.424947785865793,
    32.68606645351175,
    36.93658095868101
  ],
  "params": {
    "alpha": -42.0,
    "dT": 0.75,
    "dR": 1.0
  },
  "metadata": {
    "shear_max": 5.61426199228977,
    "vel_net": 2.3413024274098495,
    "resolution": {
      "H": 25,
      "M": 65,
      "Nz": 129,
      "Nth": 128
    },
    "timestamp": "2026-04-13T19:55:42.216934"
  }
}