{
  "k": [
    0.1,
    0.10985411419875583,
    0.12067926406393285,
    0.13257113655901093,
    0.14563484775012436,
    0.15998587196060582,
    0.1757510624854792,
    0.193069772888325,
    0.21209508879201905,
    0.2329951810515372,
    0.2559547922699536,
    0.281176869797423,
    0.3088843596477481,
    0.3393221771895328,
    0.372759372031494,
    0.4094915062380424,
    0.44984326689694454,
    0.49417133613238345,
    0.5428675439323859,
    0.5963623316594643,
    0.6551285568595507,
    0.7196856730011519,
    0.7906043210907697,
    0.8685113737513525,
    0.9540954763499939,
    1.0481131341546859,
    1.151395399326447,
    1.2648552168552958,
    1.3894954943731375,
    1.5264179671752334,
    1.6768329368110073,
    1.8420699693267153,
    2.0235896477251565,
    2.2229964825261943,
    2.442053094548651,
    2.6826957952797246,
    2.9470517025518097,
    3.2374575428176433,
    3.5564803062231283,
    3.9069399370546147,
    4.291934260128776,
    4.714866363457392,
    5.17947467923121,
    5.689866029018296,
    6.250551925273969,
    6.866488450042998,
    7.543120063354615,
    8.286427728546842,
    9.102981779915218,
    10.0
  ],
  "gamma_max": [
    0.43355153140507136,
    0.4324113600788263,
    0.4310358078891875,
    0.42937637535657835,
    0.4273746091324273,
    0.4249600745590243,
    0.42204792047226297,
    0.4185359552052981,
    0.41430113605251867,
    0.40919535321685463,
    0.40304036127568665,
    0.39562167267296583,
    0.3866811717632765,
    0.37590812232816756,
    0.36292810408364606,
    0.3472891838357216,
    0.32844422861094263,
    0.3057275551854644,
    0.27832279072568916,
    0.24521627354039802,
    0.20512513750654682,
    0.1563778406982284,
    0.09669720232747285,
    0.022758302330144493,
    -0.07087392601514486,
    -0.19509872239705434,
    -0.3859098736629799,
    -0.6301493724785866,
    -0.6908167243201377,
    -0.7619328192965372,
    -0.8454658853219723,
    -0.9438485652061914,
    -1.0600836432987408,
    -1.197863499423573,
    -1.3617067444957354,
    -1.5517931809176093,
    -1.7399194994729563,
    -1.9808419955540468,
    -2.2841353917086464,
    -2.6611550724224937,
    -3.1255135973374686,
    -3.693638853362726,
    -4.385409298368828,
    -5.2248761570549895,
    -6.241096266595026,
    -7.469110607828031,
    -8.951113001798511,
    -10.737862599243915,
    -12.8904036317246,
    -15.482165719214446
  ],
  "omega_max": [
    1.4464814476576029e-15,
    1.1171290720623035e-15,
    5.05023410803229e-15,
    3.701502384415588e-15,
    3.5074854107548067e-15,
    -2.3099158699418505e-15,
    -9.949077124125055e-17,
    8.843834094376421e-17,
    3.360409293532322e-17,
    -3.48908517022803e-17,
    -4.156678398589456e-16,
    1.7536372275661562e-15,
    6.67628912163122e-16,
    1.5710776780098547e-15,
    2.8119355454778845e-15,
    -9.516799890785857e-17,
    8.025205336843062e-16,
    -1.7602384064448323e-15,
    -9.76252585122601e-16,
    7.046383716140667e-16,
    6.471025484092126e-16,
    2.8587661702659293e-16,
    -2.0938163628169447e-16,
    4.798907804999637e-16,
    6.60003734590243e-16,
    2.6888621019750206e-15,
    -1.9035664743955998e-15,
    -0.2339970262373598,
    0.4036961442412904,
    -0.5391462935004308,
    0.6645344120289449,
    -0.7876024500371406,
    -0.9123743481525936,
    1.0415623814637547,
    -1.1773397232083973,
    1.2642899202853433,
    1.3996789707197792,
    1.5537093149278072,
    -1.727642787840044,
    -1.9227538854453692,
    -2.140523871692851,
    2.3827946856679443,
    -2.6518804085227767,
    -2.9506451729793506,
    3.2825590811909207,
    -3.651741105224539,
    4.062993749091281,
    -4.521831294198068,
    5.03450377238175,
    -5.608023286674201
  ],
  "params": {
    "alpha": -20.0,
    "dT": 0.14285714285714285,
    "dR": 1.0
  },
  "metadata": {
    "shear_max": 8.65143205282749e-09,
    "vel_net": 4.3205336311826044e-15,
    "resolution": {
      "H": 25,
      "M": 65,
      "Nz": 129,
      "Nth": 128
    },
    "timestamp": "2026-04-13T12:00:47.480781"
  }
}