{
  "k": [
    0.1,
    0.10985411419875583,
    0.12067926406393285,
    0.13257113655901093,
    0.14563484775012436,
    0.15998587196060582,
    0.1757510624854792,
    0.193069772888325,
    0.21209508879201905,
    0.2329951810515372,
    0.2559547922699536,
    0.281176869797423,
    0.3088843596477481,
    0.3393221771895328,
    0.372759372031494,
    0.4094915062380424,
    0.44984326689694454,
    0.49417133613238345,
    0.5428675439323859,
    0.5963623316594643,
    0.6551285568595507,
    0.7196856730011519,
    0.7906043210907697,
    0.8685113737513525,
    0.9540954763499939,
    1.0481131341546859,
    1.151395399326447,
    1.2648552168552958,
    1.3894954943731375,
    1.5264179671752334,
    1.6768329368110073,
    1.8420699693267153,
    2.0235896477251565,
    2.2229964825261943,
    2.442053094548651,
    2.6826957952797246,
    2.9470517025518097,
    3.2374575428176433,
    3.5564803062231283,
    3.9069399370546147,
    4.291934260128776,
    4.714866363457392,
    5.17947467923121,
    5.689866029018296,
    6.250551925273969,
    6.866488450042998,
    7.543120063354615,
    8.286427728546842,
    9.102981779915218,
    10.0
  ],
  "gamma_max": [
    -1.0097233522037719,
    -1.0117344826713206,
    -1.0141616894925445,
    -1.0170911013729989,
    -1.0206266981589407,
    -1.0248940211764233,
    -1.0300446597783046,
    -1.0362616789476533,
    -1.0437661890623655,
    -1.0528253038357416,
    -1.063761788411806,
    -1.0769657699399668,
    -1.092908972320514,
    -1.112162051834973,
    -1.135415760956602,
    -1.1635068687622288,
    -1.1974500418698093,
    -1.2384772783918738,
    -1.2880870547242071,
    -1.3481062066934801,
    -1.420768935601693,
    -1.5088196194580437,
    -1.6156501744273915,
    -1.7454904573441454,
    -1.9036862998825899,
    -2.097137097847953,
    -2.3350646721143886,
    -2.6306089334957004,
    -2.9767113756714445,
    -3.316732319838794,
    -3.731492166303819,
    -4.2364115321238005,
    -4.85003383414834,
    -5.594685384653054,
    -6.497276164731187,
    -7.590269241743656,
    -8.912852337556176,
    -10.48541604456398,
    -12.374756605694522,
    -14.678180553775965,
    -17.477868676013443,
    -20.872996783883018,
    -24.98344063220139,
    -29.954130270936705,
    -35.960212658232486,
    -43.21322208438516,
    -51.96849947733372,
    -62.534148412523955,
    -75.28186996631656,
    -90.66008008501983
  ],
  "omega_max": [
    -1.26593997495179e-15,
    -1.0795413025394785e-15,
    -1.3571458859584085e-15,
    4.576891762251262e-16,
    6.603809143047325e-17,
    -5.817675423990032e-16,
    2.1312663354268154e-15,
    2.9534994349419037e-16,
    1.573293330269479e-15,
    4.944699399433327e-16,
    6.459076977120395e-16,
    1.3834269007991779e-15,
    8.181783942987088e-16,
    1.4503385375633528e-16,
    4.2914653815203477e-16,
    3.040040914345074e-16,
    8.454215936635006e-18,
    1.4289518995491918e-15,
    -2.7188564412050885e-16,
    -1.4354597308570334e-15,
    3.1494065126141295e-15,
    1.2005451143539902e-15,
    -1.8837282467018205e-15,
    1.8604066233926083e-15,
    6.035208213784891e-16,
    -1.83102866501006e-14,
    -1.4225774451701802e-14,
    5.378000658907889e-15,
    -0.703109913885877,
    0.7798860825525069,
    0.861485884901147,
    -0.9490792015635156,
    -1.0438658628370414,
    -1.1470995614191462,
    -1.260109450829263,
    -1.3843217177018772,
    -1.5212825231172749,
    -1.6108186799974316,
    1.7837365688877318,
    -1.9735515385717683,
    2.1836125120653733,
    -2.417084610313912,
    2.6772186846269044,
    2.9675555422982196,
    -3.2920727761136637,
    3.6552871845427535,
    4.062323336860285,
    -4.518955676198798,
    5.03163274060857,
    -5.607499000960721
  ],
  "params": {
    "alpha": -17.0,
    "dT": 0.8888888888888888,
    "dR": 1.0
  },
  "metadata": {
    "shear_max": 1.4930738777179096e-09,
    "vel_net": 5.169878828456423e-26,
    "resolution": {
      "H": 25,
      "M": 65,
      "Nz": 129,
      "Nth": 128
    },
    "timestamp": "2026-04-13T11:07:32.428371"
  }
}