{
  "k": [
    0.1,
    0.10985411419875583,
    0.12067926406393285,
    0.13257113655901093,
    0.14563484775012436,
    0.15998587196060582,
    0.1757510624854792,
    0.193069772888325,
    0.21209508879201905,
    0.2329951810515372,
    0.2559547922699536,
    0.281176869797423,
    0.3088843596477481,
    0.3393221771895328,
    0.372759372031494,
    0.4094915062380424,
    0.44984326689694454,
    0.49417133613238345,
    0.5428675439323859,
    0.5963623316594643,
    0.6551285568595507,
    0.7196856730011519,
    0.7906043210907697,
    0.8685113737513525,
    0.9540954763499939,
    1.0481131341546859,
    1.151395399326447,
    1.2648552168552958,
    1.3894954943731375,
    1.5264179671752334,
    1.6768329368110073,
    1.8420699693267153,
    2.0235896477251565,
    2.2229964825261943,
    2.442053094548651,
    2.6826957952797246,
    2.9470517025518097,
    3.2374575428176433,
    3.5564803062231283,
    3.9069399370546147,
    4.291934260128776,
    4.714866363457392,
    5.17947467923121,
    5.689866029018296,
    6.250551925273969,
    6.866488450042998,
    7.543120063354615,
    8.286427728546842,
    9.102981779915218,
    10.0
  ],
  "gamma_max": [
    -1.2612296886152705,
    -1.2619580976459974,
    -1.2628688369966772,
    -1.2640121669852333,
    -1.265453313305023,
    -1.2672770194950067,
    -1.2695934245537428,
    -1.2725456327278657,
    -1.2763194624320744,
    -1.2811560616596016,
    -1.2873683894115466,
    -1.2953630902749351,
    -1.3056701274965419,
    -1.3189838644723637,
    -1.3362211377011053,
    -1.3586035496791777,
    -1.3877679407457741,
    -1.4258769705367254,
    -1.4243206606209176,
    -1.334407738522684,
    -1.242853135012263,
    -1.1508410821675001,
    -1.0598459175345796,
    -0.9716698678378939,
    -0.8884823321780847,
    -0.812859198732528,
    -0.7478211309559206,
    -0.6968719990493757,
    -0.6640435882955446,
    -0.6539604928699103,
    -0.6719475928737625,
    -0.7242051569265064,
    -0.6532007400996516,
    -0.5664823220137987,
    -0.5460790808788482,
    -0.6163312824684596,
    -0.8036570473444855,
    -1.1369370857877235,
    -1.6494051073055405,
    -2.3829630542159292,
    -3.397549006826699,
    -4.784413461695755,
    -6.313294154704108,
    -7.84901937888518,
    -9.767700059707492,
    -11.866393564922328,
    -14.404524261917834,
    -17.475962812668953,
    -21.187079326830634,
    -25.66349940617841
  ],
  "omega_max": [
    -0.03757600108059118,
    -0.0415594196991115,
    -0.046018346584675844,
    -0.05102238242136373,
    -0.056653419328927035,
    -0.06300784652979265,
    -0.07019909337273127,
    -0.0783605961201755,
    -0.08764933257904672,
    -0.0982502523017601,
    -0.11038217240018781,
    -0.12430626710156857,
    -0.1403392510529093,
    -0.15887543087249326,
    -0.18042619594074294,
    -0.20569557842269542,
    -0.2357341960888993,
    -0.27226731740634164,
    -4.494489838614159,
    -4.603071420316495,
    -4.721233725649697,
    -4.849354443381818,
    -4.987777755503023,
    -5.136842996873726,
    -5.296928312839532,
    -5.468505664609921,
    -5.652197646344305,
    -5.848819204033365,
    -6.059379998128221,
    -6.285018266797289,
    -6.526837385221576,
    -6.78562321375303,
    -6.088220149162899,
    -6.4536925756355314,
    -6.87390493559727,
    -7.355963059742793,
    -7.906537211108501,
    -8.53288901974006,
    -9.244344660756294,
    -10.055372661528438,
    -10.995504754265841,
    -12.15974584699698,
    -10.659588340729231,
    -11.289981355141748,
    -17.75882180851952,
    -19.84585605560616,
    -22.086840565659596,
    -24.52034443627796,
    -27.180569955214875,
    -30.10035348699897
  ],
  "params": {
    "alpha": -30.0,
    "dT": 0.25,
    "dR": 1.0
  },
  "metadata": {
    "shear_max": 3.9589724643775766,
    "vel_net": 1.6722204688278193,
    "resolution": {
      "H": 20,
      "M": 49,
      "Nz": 97,
      "Nth": 96
    },
    "timestamp": "2026-02-13T17:32:26.266845"
  }
}