{
  "k": [
    0.1,
    0.10985411419875583,
    0.12067926406393285,
    0.13257113655901093,
    0.14563484775012436,
    0.15998587196060582,
    0.1757510624854792,
    0.193069772888325,
    0.21209508879201905,
    0.2329951810515372,
    0.2559547922699536,
    0.281176869797423,
    0.3088843596477481,
    0.3393221771895328,
    0.372759372031494,
    0.4094915062380424,
    0.44984326689694454,
    0.49417133613238345,
    0.5428675439323859,
    0.5963623316594643,
    0.6551285568595507,
    0.7196856730011519,
    0.7906043210907697,
    0.8685113737513525,
    0.9540954763499939,
    1.0481131341546859,
    1.151395399326447,
    1.2648552168552958,
    1.3894954943731375,
    1.5264179671752334,
    1.6768329368110073,
    1.8420699693267153,
    2.0235896477251565,
    2.2229964825261943,
    2.442053094548651,
    2.6826957952797246,
    2.9470517025518097,
    3.2374575428176433,
    3.5564803062231283,
    3.9069399370546147,
    4.291934260128776,
    4.714866363457392,
    5.17947467923121,
    5.689866029018296,
    6.250551925273969,
    6.866488450042998,
    7.543120063354615,
    8.286427728546842,
    9.102981779915218,
    10.0
  ],
  "gamma_max": [
    -0.5048980853881575,
    -0.5075667938206535,
    -0.5107958479168596,
    -0.514705238338287,
    -0.5194418497228309,
    -0.5251861451254627,
    -0.5321609015214163,
    -0.5406428798276259,
    -0.5509788719237543,
    -0.5636086287928179,
    -0.5790993363588525,
    -0.5982011322677322,
    -0.621945225113875,
    -0.6518412975484082,
    -0.6903580872638398,
    -0.742532950227331,
    -0.8280571498797513,
    -0.9082071706539141,
    -0.9416253123572347,
    -0.981977349222156,
    -1.0307040656466906,
    -1.0895456454713264,
    -1.1606036912106104,
    -1.2464160522473005,
    -1.3500471486258387,
    -1.4751970544306432,
    -1.6263332893135831,
    -1.8088500618301921,
    -2.029260636851773,
    -2.295429598562185,
    -2.6168531303511067,
    -3.004997152956315,
    -3.4737054068837483,
    -4.0396924941878725,
    -4.7231405939901085,
    -5.548422927173779,
    -6.494020317714028,
    -7.638707146239866,
    -9.04669220008209,
    -10.768879350620841,
    -12.866534814862156,
    -15.413714946090208,
    -18.50008375172681,
    -22.23420447766996,
    -26.74742604301286,
    -32.19851674801829,
    -38.779228047326136,
    -46.721004853430514,
    -56.30309891905024,
    -67.86238904190334
  ],
  "omega_max": [
    2.9563888584778136e-14,
    8.757918588961333e-14,
    2.311631527254628e-14,
    -3.011643203682148e-14,
    -1.530716316373854e-14,
    6.252706935379689e-14,
    -2.416658945525298e-14,
    -3.4520214450076404e-14,
    3.255608389687228e-14,
    1.2234405488111094e-14,
    6.4314022289628285e-15,
    2.0693111845181282e-14,
    1.299979353451457e-14,
    1.7616726857937116e-15,
    1.6328385989845904e-14,
    -1.3625195962166413e-13,
    5.300451143462107e-15,
    0.09911906502091103,
    -0.15778527703659798,
    0.2072225997887645,
    -0.2540265430356405,
    0.3005639318335957,
    0.3481038395926313,
    0.3975013478931749,
    0.4494320481972841,
    0.5044952137054444,
    -0.5632681929424473,
    0.6263397318753414,
    -0.6943332204879898,
    -0.7679248322712567,
    0.8478590674980414,
    0.9349630489420946,
    -1.0301602149185747,
    1.1344835382579987,
    -1.2490881193538867,
    -1.375263212408305,
    -1.4056327962471586,
    1.5500207226512854,
    -1.7151881430527114,
    -1.9031269285280357,
    2.1155101092784756,
    2.3540873333465195,
    -2.6209619603555345,
    -2.918757692577491,
    3.2507100982072044,
    3.620717735211222,
    4.0333754569851346,
    4.494000598435162,
    -5.008656833680605,
    -5.584181919249183
  ],
  "params": {
    "alpha": -21.0,
    "dT": 0.6666666666666666,
    "dR": 1.0
  },
  "metadata": {
    "shear_max": 2.9091305740773045e-09,
    "vel_net": 2.0679515313825692e-25,
    "resolution": {
      "H": 25,
      "M": 65,
      "Nz": 129,
      "Nth": 128
    },
    "timestamp": "2026-04-13T11:50:43.857443"
  }
}