{
  "k": [
    0.1,
    0.10985411419875583,
    0.12067926406393285,
    0.13257113655901093,
    0.14563484775012436,
    0.15998587196060582,
    0.1757510624854792,
    0.193069772888325,
    0.21209508879201905,
    0.2329951810515372,
    0.2559547922699536,
    0.281176869797423,
    0.3088843596477481,
    0.3393221771895328,
    0.372759372031494,
    0.4094915062380424,
    0.44984326689694454,
    0.49417133613238345,
    0.5428675439323859,
    0.5963623316594643,
    0.6551285568595507,
    0.7196856730011519,
    0.7906043210907697,
    0.8685113737513525,
    0.9540954763499939,
    1.0481131341546859,
    1.151395399326447,
    1.2648552168552958,
    1.3894954943731375,
    1.5264179671752334,
    1.6768329368110073,
    1.8420699693267153,
    2.0235896477251565,
    2.2229964825261943,
    2.442053094548651,
    2.6826957952797246,
    2.9470517025518097,
    3.2374575428176433,
    3.5564803062231283,
    3.9069399370546147,
    4.291934260128776,
    4.714866363457392,
    5.17947467923121,
    5.689866029018296,
    6.250551925273969,
    6.866488450042998,
    7.543120063354615,
    8.286427728546842,
    9.102981779915218,
    10.0
  ],
  "gamma_max": [
    -2.5085296431191413,
    -2.505288320302522,
    -2.5019586686688076,
    -2.498582077459379,
    -2.4952151234271804,
    -2.491933594378618,
    -2.4888374925995325,
    -2.4860572453474203,
    -2.483761395955166,
    -2.48216610148367,
    -2.452997685044352,
    -2.377637570010322,
    -2.297525846628249,
    -2.212832096261812,
    -2.1238854159204195,
    -2.0312164707744085,
    -1.9356060553814534,
    -1.8381401071425842,
    -1.740270829803671,
    -1.6438833297776563,
    -1.5513669933997676,
    -1.4656907727447266,
    -1.3904816169933858,
    -1.3301054653966202,
    -1.2897505458321075,
    -1.2755134120472156,
    -1.2944898274296797,
    -1.3548765469951938,
    -1.466098358538255,
    -1.6389901293206834,
    -1.4279065118861958,
    -1.1255132596213167,
    -0.9006169928197123,
    -0.7984690261901167,
    -0.8723993735798039,
    -1.1819456244139122,
    -1.7915866089823866,
    -2.770327192655786,
    -4.192578481257081,
    -6.140588551027079,
    -8.708296882588666,
    -12.006196233889858,
    -16.16662015353405,
    -21.348564830445195,
    -27.74016074711125,
    -35.55514542280698,
    -45.022997013911954,
    -56.398736276219275,
    -70.02957265806688,
    -86.39039320370267
  ],
  "omega_max": [
    1.5158809248630147,
    1.540900972790085,
    1.5684795176445074,
    1.5988850388446156,
    1.6324149380452682,
    1.6693986058658745,
    1.710200741835092,
    1.7552249118224206,
    1.8049173077079934,
    1.8597706449874547,
    6.94399234990958,
    7.030099397720468,
    7.12520084323316,
    7.230169249640119,
    7.345925123611585,
    7.473426678354165,
    7.613656096847047,
    7.767602937869055,
    7.936246314921301,
    8.120538794089692,
    8.32139645686876,
    8.539700952852849,
    8.7763200742205,
    9.032152616050427,
    9.30820008459667,
    9.60566125123132,
    9.92603514819899,
    10.271204307339447,
    10.643454881460332,
    11.045377920320048,
    9.653247986054646,
    10.051054925529455,
    10.51683751047209,
    11.061841314655657,
    11.695600230947765,
    12.426650555565626,
    13.263251637771367,
    14.213997895941445,
    15.288467643926344,
    16.498026907254935,
    17.856902537270127,
    19.383722840106167,
    21.10387273159155,
    23.053150408298787,
    25.28289877536037,
    27.86400529018429,
    30.878105321527325,
    34.38377750543763,
    38.40796541152583,
    43.05019375115035
  ],
  "params": {
    "alpha": -51.0,
    "dT": 0.8888888888888888,
    "dR": 1.0
  },
  "metadata": {
    "shear_max": 6.990355202968442,
    "vel_net": 2.928672690569498,
    "resolution": {
      "H": 25,
      "M": 65,
      "Nz": 129,
      "Nth": 128
    },
    "timestamp": "2026-04-16T16:46:02.906619"
  }
}