{
  "k": [
    0.1,
    0.10985411419875583,
    0.12067926406393285,
    0.13257113655901093,
    0.14563484775012436,
    0.15998587196060582,
    0.1757510624854792,
    0.193069772888325,
    0.21209508879201905,
    0.2329951810515372,
    0.2559547922699536,
    0.281176869797423,
    0.3088843596477481,
    0.3393221771895328,
    0.372759372031494,
    0.4094915062380424,
    0.44984326689694454,
    0.49417133613238345,
    0.5428675439323859,
    0.5963623316594643,
    0.6551285568595507,
    0.7196856730011519,
    0.7906043210907697,
    0.8685113737513525,
    0.9540954763499939,
    1.0481131341546859,
    1.151395399326447,
    1.2648552168552958,
    1.3894954943731375,
    1.5264179671752334,
    1.6768329368110073,
    1.8420699693267153,
    2.0235896477251565,
    2.2229964825261943,
    2.442053094548651,
    2.6826957952797246,
    2.9470517025518097,
    3.2374575428176433,
    3.5564803062231283,
    3.9069399370546147,
    4.291934260128776,
    4.714866363457392,
    5.17947467923121,
    5.689866029018296,
    6.250551925273969,
    6.866488450042998,
    7.543120063354615,
    8.286427728546842,
    9.102981779915218,
    10.0
  ],
  "gamma_max": [
    -1.0058317573556252,
    -1.0070392497913536,
    -1.0084971384345756,
    -1.0102575196766832,
    -1.0123834065821349,
    -1.0149510513192852,
    -1.0180527771456087,
    -1.0218004385041526,
    -1.0263296582678114,
    -1.0318050307203355,
    -1.0384265307387939,
    -1.0464374385978357,
    -1.0561341829590873,
    -1.0678786330229657,
    -1.0821135524602716,
    -1.099382192967626,
    -1.120353407774967,
    -1.1458543043109586,
    -1.176913522446688,
    -1.2148201117562452,
    -1.2612065378104305,
    -1.318171565521945,
    -1.3748450875374976,
    -1.4402886381354292,
    -1.5192794423819143,
    -1.614617284034729,
    -1.7296793506278079,
    -1.8685395445635595,
    -2.036112658628944,
    -2.238328626242913,
    -2.4823432297404486,
    -2.776793172639052,
    -3.1321053423777743,
    -3.5608723554686756,
    -4.078308895319999,
    -4.684651697393952,
    -5.385263501229961,
    -6.252251269949029,
    -7.318039925480242,
    -8.621186137272916,
    -10.207982375232074,
    -12.134308048834109,
    -14.467762185254125,
    -17.290141345088482,
    -20.70035301420913,
    -24.817878791237625,
    -29.78692656775904,
    -35.78143962135906,
    -43.01116372416786,
    -51.72900880517351
  ],
  "omega_max": [
    -3.212850195393374e-16,
    -2.9734610676190555e-16,
    -1.2204087022798543e-16,
    1.416395134600351e-15,
    3.4136698865078695e-16,
    2.1729714799643502e-15,
    1.0356030603603214e-15,
    -1.5069045755272262e-15,
    -1.4033475281040565e-15,
    -3.545902309842061e-16,
    5.985932081910045e-16,
    -2.917749543038892e-15,
    9.906914510212941e-16,
    1.0128473836230592e-15,
    1.3000375669516164e-15,
    5.635817441729348e-15,
    8.639965300472602e-15,
    4.3731088307506524e-16,
    -1.3840183392522617e-15,
    -1.9989135266923434e-14,
    2.366396176302227e-14,
    -3.2794652210021737e-15,
    0.42168921666316267,
    0.46278092121908293,
    -0.5075716760315148,
    0.5564317816175854,
    -0.6097804845285459,
    -0.6680938235757682,
    -0.7319124646097684,
    0.8018492109663762,
    -0.8785959838195236,
    -0.9629302562154709,
    -1.0557212314920452,
    -1.1579365388874916,
    -1.2706508994679393,
    1.3118034929751141,
    -1.4527421793616362,
    1.607027217456943,
    -1.7776822068436389,
    1.9673620815890407,
    -2.1785729187121383,
    2.413892777766733,
    2.676158436065898,
    2.9686109339528253,
    3.295006928189316,
    3.659704289991046,
    -4.067725816739578,
    4.524801316836431,
    -5.037390498399885,
    5.612698096682471
  ],
  "params": {
    "alpha": -17.0,
    "dT": 0.5,
    "dR": 1.0
  },
  "metadata": {
    "shear_max": 2.540269772384867e-09,
    "vel_net": 2.0679515313825692e-25,
    "resolution": {
      "H": 25,
      "M": 65,
      "Nz": 129,
      "Nth": 128
    },
    "timestamp": "2026-04-13T11:16:43.986793"
  }
}