{
  "k": [
    0.1,
    0.10985411419875583,
    0.12067926406393285,
    0.13257113655901093,
    0.14563484775012436,
    0.15998587196060582,
    0.1757510624854792,
    0.193069772888325,
    0.21209508879201905,
    0.2329951810515372,
    0.2559547922699536,
    0.281176869797423,
    0.3088843596477481,
    0.3393221771895328,
    0.372759372031494,
    0.4094915062380424,
    0.44984326689694454,
    0.49417133613238345,
    0.5428675439323859,
    0.5963623316594643,
    0.6551285568595507,
    0.7196856730011519,
    0.7906043210907697,
    0.8685113737513525,
    0.9540954763499939,
    1.0481131341546859,
    1.151395399326447,
    1.2648552168552958,
    1.3894954943731375,
    1.5264179671752334,
    1.6768329368110073,
    1.8420699693267153,
    2.0235896477251565,
    2.2229964825261943,
    2.442053094548651,
    2.6826957952797246,
    2.9470517025518097,
    3.2374575428176433,
    3.5564803062231283,
    3.9069399370546147,
    4.291934260128776,
    4.714866363457392,
    5.17947467923121,
    5.689866029018296,
    6.250551925273969,
    6.866488450042998,
    7.543120063354615,
    8.286427728546842,
    9.102981779915218,
    10.0
  ],
  "gamma_max": [
    1.2323349759746123,
    1.2310035057857398,
    1.2293978039046571,
    1.2274616596930525,
    1.2251274613813565,
    1.222313936100324,
    1.2189234652539058,
    1.214838903673591,
    1.2099198241320757,
    1.203998100594767,
    1.1968727365916485,
    1.1883038374430814,
    1.1780056220125241,
    1.1656383565623316,
    1.1507990851777081,
    1.1330109973443443,
    1.111711214145849,
    1.0862366508570018,
    1.0558073791953382,
    1.0195064913151815,
    0.9762547343634304,
    0.9247769491401114,
    0.8635552781062784,
    0.790760592535689,
    0.704147278272495,
    0.600884108275921,
    0.4772662097442581,
    0.3281810282768935,
    0.14597509769647363,
    -0.082554191416372,
    -0.38835925569706126,
    -0.9482715405569357,
    -1.1433129313383523,
    -1.3749127715746596,
    -1.6505735923473308,
    -1.9405079179962679,
    -2.276622678258886,
    -2.699652024853187,
    -3.225946706636221,
    -3.8748888956781418,
    -4.669724190608246,
    -5.6385323862906604,
    -6.815336494858603,
    -8.241370461163902,
    -9.966547115691231,
    -12.051186797983513,
    -14.56808326837787,
    -17.604997677377966,
    -21.267685105023766,
    -25.683573130260573
  ],
  "omega_max": [
    2.976782438467309e-14,
    1.4297453034604334e-13,
    -1.0630397264104387e-13,
    4.008110527388335e-14,
    -3.33551759997032e-13,
    -5.824907326609417e-14,
    -4.53384595836299e-14,
    5.2441999851467944e-14,
    1.1802214093929408e-13,
    -1.820379544320937e-14,
    -1.808980526771553e-14,
    6.630898667600834e-15,
    7.531873959661147e-14,
    -4.50232411958234e-14,
    1.0573374937632128e-13,
    6.632565225573191e-14,
    6.021920882590079e-14,
    2.1831357412334514e-13,
    2.4318801651967322e-14,
    -5.784217380335613e-14,
    4.046001373071276e-14,
    -1.9891532752720145e-14,
    -2.7776852984919672e-14,
    -1.0916688551769493e-14,
    4.8427997935291995e-14,
    5.071798235503359e-14,
    -3.209996432695658e-14,
    2.2401724427751044e-15,
    3.2335279275353024e-16,
    7.304198595943498e-15,
    3.2407213696429474e-14,
    -0.1754567147020592,
    -0.5012237454825501,
    -0.7157148567721595,
    -0.9070151137224808,
    -0.961943373746657,
    1.1094113573406907,
    -1.2801306681270883,
    -1.473700783436681,
    1.690006142284914,
    1.9294550787655023,
    2.19310099849611,
    -2.4826909306251537,
    -2.8006797430545665,
    3.1502341502791245,
    -3.5352374260256667,
    -3.9602974080638247,
    -4.430757379397084,
    4.952710480255216,
    -5.533022201844109
  ],
  "params": {
    "alpha": -24.0,
    "dT": 0.25,
    "dR": 1.0
  },
  "metadata": {
    "shear_max": 1.524736743610997e-08,
    "vel_net": 3.1350017654696346e-10,
    "resolution": {
      "H": 25,
      "M": 65,
      "Nz": 129,
      "Nth": 128
    },
    "timestamp": "2026-04-13T12:44:50.894629"
  }
}