{
  "k": [
    0.1,
    0.10985411419875583,
    0.12067926406393285,
    0.13257113655901093,
    0.14563484775012436,
    0.15998587196060582,
    0.1757510624854792,
    0.193069772888325,
    0.21209508879201905,
    0.2329951810515372,
    0.2559547922699536,
    0.281176869797423,
    0.3088843596477481,
    0.3393221771895328,
    0.372759372031494,
    0.4094915062380424,
    0.44984326689694454,
    0.49417133613238345,
    0.5428675439323859,
    0.5963623316594643,
    0.6551285568595507,
    0.7196856730011519,
    0.7906043210907697,
    0.8685113737513525,
    0.9540954763499939,
    1.0481131341546859,
    1.151395399326447,
    1.2648552168552958,
    1.3894954943731375,
    1.5264179671752334,
    1.6768329368110073,
    1.8420699693267153,
    2.0235896477251565,
    2.2229964825261943,
    2.442053094548651,
    2.6826957952797246,
    2.9470517025518097,
    3.2374575428176433,
    3.5564803062231283,
    3.9069399370546147,
    4.291934260128776,
    4.714866363457392,
    5.17947467923121,
    5.689866029018296,
    6.250551925273969,
    6.866488450042998,
    7.543120063354615,
    8.286427728546842,
    9.102981779915218,
    10.0
  ],
  "gamma_max": [
    -2.15324612807204,
    -2.1516476762477406,
    -2.1501443563340836,
    -2.1487983971696445,
    -2.1476892961859733,
    -2.146917887856508,
    -2.1466113184246467,
    -2.146929121064789,
    -2.118106763114954,
    -2.056094661060946,
    -1.990162185085642,
    -1.920438034782497,
    -1.8471767054973145,
    -1.7707912948066702,
    -1.6918914044722162,
    -1.6113261999018644,
    -1.5302325269680483,
    -1.4500878470714769,
    -1.372767670331906,
    -1.3006071792092484,
    -1.236466873285363,
    -1.1838023540305767,
    -1.146738831547783,
    -1.130151602459646,
    -1.1397546689672795,
    -1.1822009213303808,
    -1.2651989987880154,
    -1.397654230295581,
    -1.589844181533206,
    -1.8536437894578195,
    -2.2028220294280763,
    -2.2188092238296115,
    -2.2442539595175295,
    -2.4072214084107366,
    -2.7537089719294454,
    -3.335669525100832,
    -4.210028289085708,
    -5.4388317717448365,
    -7.090694712005754,
    -9.2435309851183,
    -11.988420322071306,
    -15.434444157914104,
    -19.714486415083723,
    -24.992382078200684,
    -31.472629069840387,
    -39.4162630689311,
    -49.17631919218528,
    -61.29238427550466,
    -75.11166458625102,
    -90.97391193636166
  ],
  "omega_max": [
    0.9752903295728234,
    0.9925147289670069,
    1.011541961538918,
    1.0325689087921381,
    1.0558148694715057,
    1.0815240345789348,
    1.1099681316311927,
    1.14144919230111,
    5.1180795475654515,
    5.175634388141448,
    5.239291673622172,
    5.309644367723529,
    5.387312844890196,
    5.472934847125827,
    5.567151858604834,
    5.670591945600847,
    5.783849691039909,
    5.907464696664965,
    6.041901221310305,
    6.187532807580203,
    6.344637071331658,
    6.513406890253435,
    6.693984612466148,
    6.8865250374255345,
    7.091290205443914,
    7.308774015688637,
    7.539847344256394,
    7.785905306679081,
    8.048988950934051,
    8.331845706152155,
    8.63788774353988,
    7.803109815790898,
    8.13330486513483,
    8.514466351554765,
    8.95581812729249,
    9.465704955734422,
    10.051894665623882,
    10.72201605483924,
    11.483988867734187,
    12.346473238829892,
    13.319399158163723,
    14.414645625229822,
    15.646984600262694,
    17.03555148638502,
    18.60658169254569,
    20.400057390404122,
    22.494197421810675,
    25.206330806122136,
    20.376982219661215,
    33.57094353898475
  ],
  "params": {
    "alpha": -41.0,
    "dT": 0.9,
    "dR": 1.0
  },
  "metadata": {
    "shear_max": 5.213663230699475,
    "vel_net": 2.1542225341962005,
    "resolution": {
      "H": 25,
      "M": 65,
      "Nz": 129,
      "Nth": 128
    },
    "timestamp": "2026-04-13T16:33:16.902770"
  }
}