{
  "k": [
    0.1,
    0.10985411419875583,
    0.12067926406393285,
    0.13257113655901093,
    0.14563484775012436,
    0.15998587196060582,
    0.1757510624854792,
    0.193069772888325,
    0.21209508879201905,
    0.2329951810515372,
    0.2559547922699536,
    0.281176869797423,
    0.3088843596477481,
    0.3393221771895328,
    0.372759372031494,
    0.4094915062380424,
    0.44984326689694454,
    0.49417133613238345,
    0.5428675439323859,
    0.5963623316594643,
    0.6551285568595507,
    0.7196856730011519,
    0.7906043210907697,
    0.8685113737513525,
    0.9540954763499939,
    1.0481131341546859,
    1.151395399326447,
    1.2648552168552958,
    1.3894954943731375,
    1.5264179671752334,
    1.6768329368110073,
    1.8420699693267153,
    2.0235896477251565,
    2.2229964825261943,
    2.442053094548651,
    2.6826957952797246,
    2.9470517025518097,
    3.2374575428176433,
    3.5564803062231283,
    3.9069399370546147,
    4.291934260128776,
    4.714866363457392,
    5.17947467923121,
    5.689866029018296,
    6.250551925273969,
    6.866488450042998,
    7.543120063354615,
    8.286427728546842,
    9.102981779915218,
    10.0
  ],
  "gamma_max": [
    -2.541685929175577,
    -2.5380022999841385,
    -2.5341858568775444,
    -2.5302734839045455,
    -2.526316783143917,
    -2.5223860400051197,
    -2.5185751569735673,
    -2.5150077796295864,
    -2.5118448848253987,
    -2.509294152211166,
    -2.50762149593129,
    -2.483026987050838,
    -2.4019612077688546,
    -2.315952385530575,
    -2.2252377756528148,
    -2.1302375885653086,
    -2.031601028263335,
    -1.9302587893201233,
    -1.8274817303208188,
    -1.724945152558748,
    -1.6247978772832052,
    -1.5297351785316242,
    -1.4430746027635297,
    -1.3688338034568932,
    -1.311809815443858,
    -1.2776600110318161,
    -1.2729871739399952,
    -1.3054363268435842,
    -1.3838215900762967,
    -1.518319818821118,
    -1.1754847767063157,
    -0.8110095099591178,
    -0.515162202748831,
    -0.33380033069856835,
    -0.32081460973498493,
    -0.5363250602519435,
    -1.0453403587555623,
    -1.9171300986749258,
    -3.2258666544991885,
    -5.052864797111405,
    -7.490286120055145,
    -10.645795572747268,
    -14.6473580954655,
    -19.64679274111777,
    -25.819364589986304,
    -33.35600097007024,
    -42.455685182909676,
    -53.35556751106162,
    -66.40529630535083,
    -82.0971663654034
  ],
  "omega_max": [
    1.6627852692329015,
    1.6891737676921341,
    1.7182488371109932,
    1.7502906467708064,
    1.7856093973567635,
    1.8245485327374706,
    1.8674882381755649,
    1.9148492186013375,
    1.96709673260911,
    2.0247448304310556,
    2.088360705765075,
    7.363665374849207,
    7.4623511299582015,
    7.5713233130637585,
    7.69156784463421,
    7.824121422671296,
    7.970059929076457,
    8.130483780723818,
    8.306501508573989,
    8.499214049001948,
    8.709703625458465,
    8.939032400053216,
    9.188256723001016,
    9.458461992280668,
    9.750819825278354,
    10.06666246661692,
    10.40755858745199,
    10.775360558551073,
    11.172178608639998,
    11.600227695522731,
    10.058331874452335,
    10.48278615843828,
    10.982276210414383,
    11.568126546896101,
    12.249773598713604,
    13.035693891871395,
    13.9341852628146,
    14.954032740298167,
    16.105253351925274,
    17.40004003479293,
    18.854032028598795,
    20.488150362978136,
    22.331386855379264,
    24.424919785795133,
    26.826811775227874,
    29.611361026787478,
    32.84779926797609,
    36.56182357664817,
    40.74717538570777,
    45.45049122987519
  ],
  "params": {
    "alpha": -53.0,
    "dT": 0.8571428571428571,
    "dR": 1.0
  },
  "metadata": {
    "shear_max": 7.345790458739528,
    "vel_net": 3.0919425054269762,
    "resolution": {
      "H": 25,
      "M": 65,
      "Nz": 129,
      "Nth": 128
    },
    "timestamp": "2026-04-16T13:42:21.305390"
  }
}