{
  "k": [
    0.1,
    0.10985411419875583,
    0.12067926406393285,
    0.13257113655901093,
    0.14563484775012436,
    0.15998587196060582,
    0.1757510624854792,
    0.193069772888325,
    0.21209508879201905,
    0.2329951810515372,
    0.2559547922699536,
    0.281176869797423,
    0.3088843596477481,
    0.3393221771895328,
    0.372759372031494,
    0.4094915062380424,
    0.44984326689694454,
    0.49417133613238345,
    0.5428675439323859,
    0.5963623316594643,
    0.6551285568595507,
    0.7196856730011519,
    0.7906043210907697,
    0.8685113737513525,
    0.9540954763499939,
    1.0481131341546859,
    1.151395399326447,
    1.2648552168552958,
    1.3894954943731375,
    1.5264179671752334,
    1.6768329368110073,
    1.8420699693267153,
    2.0235896477251565,
    2.2229964825261943,
    2.442053094548651,
    2.6826957952797246,
    2.9470517025518097,
    3.2374575428176433,
    3.5564803062231283,
    3.9069399370546147,
    4.291934260128776,
    4.714866363457392,
    5.17947467923121,
    5.689866029018296,
    6.250551925273969,
    6.866488450042998,
    7.543120063354615,
    8.286427728546842,
    9.102981779915218,
    10.0
  ],
  "gamma_max": [
    1.7008603801610653,
    1.69846593775019,
    1.6955773802895604,
    1.6920929954211295,
    1.6878902454738476,
    1.6828215522175236,
    1.676709248763823,
    1.669339542238747,
    1.6604553042556547,
    1.6497474759131503,
    1.6368448387550583,
    1.6213018643201442,
    1.6025843055168025,
    1.5800521366565032,
    1.5529393744175244,
    1.520330212091927,
    1.4811307605611037,
    1.4340354857014117,
    1.3774871364139623,
    1.3096285243680852,
    1.2282439033157326,
    1.1306868470619253,
    1.0137904000470535,
    0.8737538223106014,
    0.7059984054744377,
    0.5049824032002372,
    0.2639615761087083,
    -0.02532416410526027,
    -0.37306940759548496,
    -0.7919851641750927,
    -1.2981689336008344,
    -1.9125839998744736,
    -2.664190319759339,
    -3.5996628942958773,
    -4.864207231696358,
    -5.898681735158638,
    -7.2760966196896835,
    -8.968389278398227,
    -10.849349996081694,
    -13.152631899636868,
    -15.960341796257714,
    -19.371805859443114,
    -23.50737838221403,
    -28.512894215235782,
    -34.56492882562899,
    -41.87707374550554,
    -50.707474807159684,
    -61.36792226143281,
    -74.23483126234625,
    -89.76251244078338
  ],
  "omega_max": [
    -1.8866230963096676e-13,
    5.990796131687776e-13,
    -4.688383215864641e-13,
    2.3585870175451124e-13,
    4.549546838495883e-14,
    9.462892390564075e-14,
    -3.514014316867263e-13,
    3.55257884651217e-13,
    -1.5864334594174025e-13,
    3.3819719123798845e-13,
    -1.5682872113174628e-13,
    -1.6694515232469343e-13,
    4.1173172523482184e-13,
    5.370110790592729e-13,
    -2.9501654203594315e-13,
    5.543421464604464e-14,
    -3.209156463826999e-13,
    2.6529920864246996e-13,
    -4.805259371659581e-13,
    -1.3612421996804751e-14,
    -2.1361957444750894e-13,
    3.504421563481223e-13,
    -1.5338043253439247e-13,
    -9.896421922508594e-16,
    -3.9027637153341495e-13,
    -1.885688214046142e-14,
    -1.7016337169248526e-14,
    -6.222005518548751e-15,
    -1.0945958574135399e-14,
    1.553940663914895e-13,
    3.460662101997999e-13,
    -4.098708437153868e-14,
    -7.618244424642777e-13,
    -2.3352192645614777e-13,
    3.4680540125049456e-12,
    5.463190517341083e-12,
    5.363351983232167e-12,
    -0.4055551335408299,
    -0.71133157898048,
    1.0126271866388075,
    1.3240395271856074,
    -1.6505886698784467,
    -1.9958291250041102,
    2.363337786655575,
    -2.7570854634141457,
    -3.181534453109945,
    3.6416697754860743,
    4.143025319433141,
    4.691722456923232,
    -5.294525460121558
  ],
  "params": {
    "alpha": -32.0,
    "dT": 0.9,
    "dR": 1.0
  },
  "metadata": {
    "shear_max": 7.607072529116963e-09,
    "vel_net": 2.2870521548057954e-15,
    "resolution": {
      "H": 25,
      "M": 65,
      "Nz": 129,
      "Nth": 128
    },
    "timestamp": "2026-04-13T13:26:24.872944"
  }
}