{
  "k": [
    0.1,
    0.10985411419875583,
    0.12067926406393285,
    0.13257113655901093,
    0.14563484775012436,
    0.15998587196060582,
    0.1757510624854792,
    0.193069772888325,
    0.21209508879201905,
    0.2329951810515372,
    0.2559547922699536,
    0.281176869797423,
    0.3088843596477481,
    0.3393221771895328,
    0.372759372031494,
    0.4094915062380424,
    0.44984326689694454,
    0.49417133613238345,
    0.5428675439323859,
    0.5963623316594643,
    0.6551285568595507,
    0.7196856730011519,
    0.7906043210907697,
    0.8685113737513525,
    0.9540954763499939,
    1.0481131341546859,
    1.151395399326447,
    1.2648552168552958,
    1.3894954943731375,
    1.5264179671752334,
    1.6768329368110073,
    1.8420699693267153,
    2.0235896477251565,
    2.2229964825261943,
    2.442053094548651,
    2.6826957952797246,
    2.9470517025518097,
    3.2374575428176433,
    3.5564803062231283,
    3.9069399370546147,
    4.291934260128776,
    4.714866363457392,
    5.17947467923121,
    5.689866029018296,
    6.250551925273969,
    6.866488450042998,
    7.543120063354615,
    8.286427728546842,
    9.102981779915218,
    10.0
  ],
  "gamma_max": [
    -1.672278103365658,
    -1.6743237350597215,
    -1.6767911532739228,
    -1.6797670329210146,
    -1.6833557347807853,
    -1.687682862970803,
    -1.6928995186910885,
    -1.6991873805339495,
    -1.7067647651757063,
    -1.7158938502595924,
    -1.7268892763413892,
    -1.7401283876830125,
    -1.756063426310598,
    -1.7752360602820019,
    -1.798294704785487,
    -1.8260151694594327,
    -1.8593252149727386,
    -1.8417068552046973,
    -1.7382153118765242,
    -1.6311269832401478,
    -1.5215476039161673,
    -1.4109490763406245,
    -1.3012310089685228,
    -1.1947863183495742,
    -1.0945702294153195,
    -1.0041721659546317,
    -0.9278912776569674,
    -0.8708199731847943,
    -0.83894708598022,
    -0.8393030516735513,
    -0.8801798270364598,
    -0.6197858974273763,
    -0.33186171080306914,
    -0.11412107439645147,
    -0.004261888930798613,
    -0.04334168469003464,
    -0.2750230493286439,
    -0.7453726756044865,
    -1.503491634442826,
    -2.6032457688777,
    -4.1060113071793305,
    -6.083934189228116,
    -8.622515509938214,
    -11.819620353624865,
    -15.77595658975709,
    -20.58218687378389,
    -26.31443837703798,
    -32.915100977562076,
    -40.45972220103364,
    -49.373313710160076
  ],
  "omega_max": [
    -0.1429039291276354,
    -0.15704002876439777,
    -0.17258706863584608,
    -0.1896901122798627,
    -0.20851058609255962,
    -0.22922862527845625,
    -0.25204592476974114,
    -0.27718925097616937,
    -0.3049148259851795,
    -0.3355138888009858,
    -0.3693198347327002,
    -0.40671750335069157,
    -0.44815537465066285,
    -0.4941616917372328,
    -0.5453658051322771,
    -0.6025262946282691,
    -0.6665674832733122,
    -6.793049504676321,
    -6.934501469945622,
    -7.089586855026237,
    -7.259209504294791,
    -7.444241089773285,
    -7.645519725169084,
    -7.863861374810167,
    -8.100085696441438,
    -8.355053215028425,
    -8.629703145443965,
    -8.92507160471894,
    -9.242260991138208,
    -9.582327479293058,
    -9.946060113875566,
    -8.522180851766437,
    -8.955157177970863,
    -9.46469370800742,
    -10.05824020589598,
    -10.742121535389499,
    -11.522689549028163,
    -12.407124617281092,
    -13.404268135516483,
    -14.525740082054735,
    -15.787618019240526,
    -17.213182716086582,
    -18.837556002188855,
    -20.714698276042345,
    -22.92281467155593,
    -25.55644837337974,
    -28.730380748336593,
    -32.520460883993906,
    -36.67278946530488,
    -41.09558415490927
  ],
  "params": {
    "alpha": -42.5,
    "dT": 0.5,
    "dR": 1.0
  },
  "metadata": {
    "shear_max": 5.961478150134025,
    "vel_net": 2.5471990634011963,
    "resolution": {
      "H": 20,
      "M": 49,
      "Nz": 97,
      "Nth": 96
    },
    "timestamp": "2026-02-14T06:46:36.157637"
  }
}