{
  "k": [
    0.1,
    0.10985411419875583,
    0.12067926406393285,
    0.13257113655901093,
    0.14563484775012436,
    0.15998587196060582,
    0.1757510624854792,
    0.193069772888325,
    0.21209508879201905,
    0.2329951810515372,
    0.2559547922699536,
    0.281176869797423,
    0.3088843596477481,
    0.3393221771895328,
    0.372759372031494,
    0.4094915062380424,
    0.44984326689694454,
    0.49417133613238345,
    0.5428675439323859,
    0.5963623316594643,
    0.6551285568595507,
    0.7196856730011519,
    0.7906043210907697,
    0.8685113737513525,
    0.9540954763499939,
    1.0481131341546859,
    1.151395399326447,
    1.2648552168552958,
    1.3894954943731375,
    1.5264179671752334,
    1.6768329368110073,
    1.8420699693267153,
    2.0235896477251565,
    2.2229964825261943,
    2.442053094548651,
    2.6826957952797246,
    2.9470517025518097,
    3.2374575428176433,
    3.5564803062231283,
    3.9069399370546147,
    4.291934260128776,
    4.714866363457392,
    5.17947467923121,
    5.689866029018296,
    6.250551925273969,
    6.866488450042998,
    7.543120063354615,
    8.286427728546842,
    9.102981779915218,
    10.0
  ],
  "gamma_max": [
    -0.030033944990666476,
    -0.03231942911213531,
    -0.03507868585665311,
    -0.03841021637898901,
    -0.04243313480751843,
    -0.047291544081588276,
    -0.05315986971651667,
    -0.06024937573845396,
    -0.06881614556565001,
    -0.0791708891541288,
    -0.09169104448727947,
    -0.10683578674130594,
    -0.12516476830268705,
    -0.1473617205760517,
    -0.17426452288220473,
    -0.20690411702104367,
    -0.24655598280051322,
    -0.294810387254047,
    -0.35367269157659526,
    -0.42571643566212153,
    -0.5143411521474759,
    -0.6242752122929606,
    -0.7628044504990774,
    -0.9442046222540573,
    -1.25774036787755,
    -1.4429751215044675,
    -1.639843578043044,
    -1.8782693184171153,
    -2.166946001715187,
    -2.516359611776788,
    -2.9391584831765267,
    -3.4506015633919094,
    -4.069101062380165,
    -4.816878848238824,
    -5.720760070479949,
    -6.81313274028487,
    -8.109102804920614,
    -9.629988283767911,
    -11.499362561224762,
    -13.784844967743139,
    -16.567878253278998,
    -19.946935493504366,
    -24.041256364734505,
    -28.995225326630663,
    -34.983552575217445,
    -42.217460547099094,
    -50.95211843612796,
    -61.49561017159774,
    -74.21977209625577,
    -89.5732979507043
  ],
  "omega_max": [
    -2.6653425694000977e-16,
    -1.8817134547865446e-15,
    1.7844675147814627e-15,
    -5.870571257936063e-16,
    7.313055625404074e-15,
    1.1672901173136827e-15,
    1.5415667601232269e-15,
    3.608478059818861e-15,
    2.6496696217585295e-15,
    -5.299490847549271e-15,
    3.091366242295586e-15,
    4.933879310196267e-15,
    -4.5320942009907934e-15,
    -2.3523972258918335e-15,
    2.054639163672498e-15,
    -1.0020527156730781e-14,
    -1.1130455436427577e-15,
    2.0683010753104725e-14,
    -1.0157553681229782e-14,
    -1.7141015223944942e-14,
    3.5825474396057915e-15,
    1.563832392301043e-14,
    1.6017998069675622e-13,
    2.0980338028686216e-13,
    -6.1187842728533e-13,
    -0.21900319154881973,
    -0.3259843937454068,
    0.42004245555005565,
    0.5108383253410724,
    0.6023736584463141,
    0.6970152437196521,
    0.7965046141430164,
    -0.9023307683566278,
    1.0159043742976877,
    -1.1386546551938703,
    -1.2720903232701182,
    1.2837324201896951,
    -1.416344672081571,
    1.5765849556185965,
    -1.765194883012727,
    1.9823106065951712,
    -2.228243941580645,
    2.5039339942078964,
    -2.8111370432990284,
    -3.152466745555937,
    -3.5313722094871696,
    3.952103839603979,
    -4.4196888475127825,
    -4.939923798924345,
    5.519387825900448
  ],
  "params": {
    "alpha": -25.0,
    "dT": 0.8888888888888888,
    "dR": 1.0
  },
  "metadata": {
    "shear_max": 4.466799315039522e-09,
    "vel_net": 5.169878828456423e-25,
    "resolution": {
      "H": 25,
      "M": 65,
      "Nz": 129,
      "Nth": 128
    },
    "timestamp": "2026-04-13T12:25:56.109921"
  }
}