{
  "k": [
    0.1,
    0.10985411419875583,
    0.12067926406393285,
    0.13257113655901093,
    0.14563484775012436,
    0.15998587196060582,
    0.1757510624854792,
    0.193069772888325,
    0.21209508879201905,
    0.2329951810515372,
    0.2559547922699536,
    0.281176869797423,
    0.3088843596477481,
    0.3393221771895328,
    0.372759372031494,
    0.4094915062380424,
    0.44984326689694454,
    0.49417133613238345,
    0.5428675439323859,
    0.5963623316594643,
    0.6551285568595507,
    0.7196856730011519,
    0.7906043210907697,
    0.8685113737513525,
    0.9540954763499939,
    1.0481131341546859,
    1.151395399326447,
    1.2648552168552958,
    1.3894954943731375,
    1.5264179671752334,
    1.6768329368110073,
    1.8420699693267153,
    2.0235896477251565,
    2.2229964825261943,
    2.442053094548651,
    2.6826957952797246,
    2.9470517025518097,
    3.2374575428176433,
    3.5564803062231283,
    3.9069399370546147,
    4.291934260128776,
    4.714866363457392,
    5.17947467923121,
    5.689866029018296,
    6.250551925273969,
    6.866488450042998,
    7.543120063354615,
    8.286427728546842,
    9.102981779915218,
    10.0
  ],
  "gamma_max": [
    -1.4238007204878622,
    -1.4235025124623806,
    -1.4233053417147847,
    -1.4232461575777078,
    -1.4233707872761545,
    -1.4237356056773123,
    -1.4244093655994852,
    -1.4254751231084941,
    -1.4270321501669014,
    -1.4291976857824178,
    -1.4321083516196724,
    -1.4359211095853417,
    -1.4408138356095717,
    -1.446986033547287,
    -1.4330399378709808,
    -1.3695312615144448,
    -1.3048535686287988,
    -1.2396875437132513,
    -1.174900182273411,
    -1.1115756945768311,
    -1.0510485890203891,
    -0.9949386402371029,
    -0.9451874793755397,
    -0.9040966381942952,
    -0.8743670537816238,
    -0.8591403692349404,
    -0.8620429386824219,
    -0.8872344335548783,
    -0.9394646638012372,
    -1.0241452158443238,
    -1.1474479236557078,
    -1.3110911103516887,
    -1.305912484909693,
    -1.3621633858961772,
    -1.499223024937774,
    -1.7393649908376172,
    -2.1072630164440405,
    -2.629923266043995,
    -3.3373196935975273,
    -4.263806072312901,
    -5.4501657374001,
    -6.945521578289326,
    -8.804356361070793,
    -11.05317295445513,
    -13.621204717350928,
    -16.511310296168702,
    -19.892402268529054,
    -23.93515642958533,
    -28.802615761290788,
    -34.673706499152004
  ],
  "omega_max": [
    0.46790218297079367,
    0.46099877650984233,
    0.453588736315893,
    0.44565854749004125,
    0.4372007676744026,
    0.4282159707506638,
    0.4187150223750112,
    0.40872166177818586,
    0.3982752982467058,
    0.3874338190608722,
    0.37627603389469244,
    0.3649031374924064,
    0.3534382848611309,
    0.3420231347920204,
    -3.1192750455631204,
    -3.1950073523206286,
    -3.2769868101515103,
    -3.365451628351135,
    -3.460598340545412,
    -3.5625784762955055,
    -3.671502094936588,
    -3.7874518153446575,
    -3.9105111715932477,
    -4.040810540166637,
    -4.17859214075455,
    -4.32429241256566,
    -4.478635391551483,
    -4.64272490969785,
    -4.818117263204962,
    -5.006850307950055,
    -5.211400404865437,
    -4.855332860654399,
    -5.108918205475462,
    -5.395238274464048,
    -5.722013552958029,
    -6.097205217852651,
    -6.528926522593496,
    -7.025704526955286,
    -7.597113328181607,
    -8.254940047156058,
    -9.015464552949924,
    -9.904526415384277,
    -10.969489857582214,
    -12.294946503430927,
    -13.92106932366895,
    -15.721230524308744,
    -17.62789522871946,
    -19.659820519464922,
    -21.84981126099919,
    -24.230115092393866
  ],
  "params": {
    "alpha": -27.0,
    "dT": 0.3333333333333333,
    "dR": 1.0
  },
  "metadata": {
    "shear_max": 3.167619552225934,
    "vel_net": 1.306116722829294,
    "resolution": {
      "H": 25,
      "M": 65,
      "Nz": 129,
      "Nth": 128
    },
    "timestamp": "2026-04-13T13:40:13.062536"
  }
}