{
  "k": [
    0.1,
    0.10985411419875583,
    0.12067926406393285,
    0.13257113655901093,
    0.14563484775012436,
    0.15998587196060582,
    0.1757510624854792,
    0.193069772888325,
    0.21209508879201905,
    0.2329951810515372,
    0.2559547922699536,
    0.281176869797423,
    0.3088843596477481,
    0.3393221771895328,
    0.372759372031494,
    0.4094915062380424,
    0.44984326689694454,
    0.49417133613238345,
    0.5428675439323859,
    0.5963623316594643,
    0.6551285568595507,
    0.7196856730011519,
    0.7906043210907697,
    0.8685113737513525,
    0.9540954763499939,
    1.0481131341546859,
    1.151395399326447,
    1.2648552168552958,
    1.3894954943731375,
    1.5264179671752334,
    1.6768329368110073,
    1.8420699693267153,
    2.0235896477251565,
    2.2229964825261943,
    2.442053094548651,
    2.6826957952797246,
    2.9470517025518097,
    3.2374575428176433,
    3.5564803062231283,
    3.9069399370546147,
    4.291934260128776,
    4.714866363457392,
    5.17947467923121,
    5.689866029018296,
    6.250551925273969,
    6.866488450042998,
    7.543120063354615,
    8.286427728546842,
    9.102981779915218,
    10.0
  ],
  "gamma_max": [
    0.17344974190454057,
    0.16087014882331793,
    0.14567128263004164,
    0.12730307814116043,
    0.10509738534339232,
    0.07824073234180084,
    0.045738757703163296,
    0.0063668148539699175,
    -0.04140683299886602,
    -0.09956500651766104,
    -0.1708946809218314,
    -0.2602326247445469,
    -0.38326928395110194,
    -0.5164222129333225,
    -0.5760732201277828,
    -0.6450656634002027,
    -0.7244501595950212,
    -0.7012586339757971,
    -0.6525757634090882,
    -0.49020224838427623,
    -0.32887876035097463,
    -0.17095310565698724,
    -0.018475522371299274,
    0.12659255791325422,
    0.2621195879358737,
    0.38552977472609595,
    0.49350811253528665,
    0.5816608112824905,
    0.6441100903564484,
    0.6730266491468704,
    0.6581628351159915,
    0.5865904689945101,
    0.44320572257732954,
    0.21343946945011144,
    -0.10920283622686636,
    -0.061530355127426536,
    -0.07455064658081342,
    -0.3113712491350405,
    -0.8683094948904843,
    -1.8063709158414147,
    -2.350998728860257,
    -2.6480181532352445,
    -3.132241947598743,
    -3.8447686680327773,
    -4.820848931664659,
    -6.09961330996706,
    -7.728905910625223,
    -9.768069534614806,
    -12.290096101268695,
    -15.383115720043966
  ],
  "omega_max": [
    8.259296312550033e-12,
    4.547733882356014e-13,
    3.0519633621890687e-12,
    2.046395338457747e-11,
    5.23546771255635e-12,
    -3.171716127943288e-12,
    8.814351496839784e-14,
    -7.083014373687121e-12,
    9.51881538381113e-12,
    8.591362962264143e-12,
    6.262099647487864e-12,
    1.1282594022134966e-11,
    8.546705763140252e-12,
    0.10190740259940671,
    0.15003953057626154,
    0.16137562362815072,
    0.12766575866400665,
    6.425573012222735e-13,
    3.863505978087409,
    3.9556805482072894,
    4.057506684263123,
    4.165920568218822,
    -4.2773164679228515,
    4.387672741016497,
    -4.492578876224391,
    4.587215613812957,
    4.666347710597177,
    -4.7243857924303425,
    4.755576347125589,
    4.754392705719473,
    -4.716231248176739,
    -4.638593353542966,
    4.523138798941934,
    -4.379470720050509,
    -4.231862722209046,
    2.7183395652930354e-13,
    5.316597859245437e-13,
    -1.6677054921399204e-13,
    2.727079250604472e-13,
    2.178995427255315e-12,
    -6.117431810399242,
    -6.857093670910762,
    -7.682082769106568,
    -8.593493624864326,
    -9.592482721571903,
    -10.685065029904093,
    -11.882065904891068,
    -13.198857764391699,
    14.655968816590077,
    -16.28091429043949
  ],
  "params": {
    "alpha": -37.0,
    "dT": 0.16666666666666666,
    "dR": 1.0
  },
  "metadata": {
    "shear_max": 4.391814165168044,
    "vel_net": 3.708144902248023e-14,
    "resolution": {
      "H": 25,
      "M": 65,
      "Nz": 129,
      "Nth": 128
    },
    "timestamp": "2026-04-15T15:29:54.375741"
  }
}