{
  "k": [
    0.1,
    0.10985411419875583,
    0.12067926406393285,
    0.13257113655901093,
    0.14563484775012436,
    0.15998587196060582,
    0.1757510624854792,
    0.193069772888325,
    0.21209508879201905,
    0.2329951810515372,
    0.2559547922699536,
    0.281176869797423,
    0.3088843596477481,
    0.3393221771895328,
    0.372759372031494,
    0.4094915062380424,
    0.44984326689694454,
    0.49417133613238345,
    0.5428675439323859,
    0.5963623316594643,
    0.6551285568595507,
    0.7196856730011519,
    0.7906043210907697,
    0.8685113737513525,
    0.9540954763499939,
    1.0481131341546859,
    1.151395399326447,
    1.2648552168552958,
    1.3894954943731375,
    1.5264179671752334,
    1.6768329368110073,
    1.8420699693267153,
    2.0235896477251565,
    2.2229964825261943,
    2.442053094548651,
    2.6826957952797246,
    2.9470517025518097,
    3.2374575428176433,
    3.5564803062231283,
    3.9069399370546147,
    4.291934260128776,
    4.714866363457392,
    5.17947467923121,
    5.689866029018296,
    6.250551925273969,
    6.866488450042998,
    7.543120063354615,
    8.286427728546842,
    9.102981779915218,
    10.0
  ],
  "gamma_max": [
    -0.3120571368206931,
    -0.31354009536378674,
    -0.3153324813902364,
    -0.3174995974364346,
    -0.3201208932618018,
    -0.3232932193591716,
    -0.32713493142491984,
    -0.3317911275658547,
    -0.33744042900602966,
    -0.34430392519523395,
    -0.3526572618250373,
    -0.362847489320493,
    -0.37531749703354456,
    -0.39064329639254136,
    -0.4095947496504534,
    -0.43324325802280894,
    -0.4631757318411241,
    -0.5019943616018184,
    -0.5548273409840686,
    -0.6371629938473901,
    -0.7663321994120453,
    -0.7832811879245569,
    -0.8032477108557315,
    -0.8267131412396368,
    -0.8542343792829974,
    -0.8864648540750263,
    -0.9241849722854742,
    -0.9683437466780422,
    -1.0201117453518718,
    -1.0809436497956584,
    -1.152647914651556,
    -1.2374623400815623,
    -1.3381373948610857,
    -1.4580320987364022,
    -1.6012286525663035,
    -1.7726717670526366,
    -1.9366202210774581,
    -2.14808196244411,
    -2.4158212141476607,
    -2.749746107218874,
    -3.1617887118185752,
    -3.6663964914609055,
    -4.28108193257479,
    -5.027043968054827,
    -5.929883164223279,
    -7.0204417781217945,
    -8.335808712122311,
    -9.920538931681838,
    -11.828147063991736,
    -14.122943494397534
  ],
  "omega_max": [
    1.9036808130798625e-15,
    4.739111949865867e-16,
    1.1076303972424741e-15,
    7.778974392622162e-16,
    8.329584668639421e-16,
    3.864005679331737e-16,
    5.594645620070613e-16,
    -8.171064008760656e-16,
    1.0168855839978341e-15,
    8.30498326378281e-16,
    1.6389332155075866e-15,
    -1.846288343393027e-15,
    -8.813459068208098e-16,
    7.14533298688592e-16,
    3.05371177525483e-16,
    -1.4339682877489063e-15,
    7.582920278297007e-16,
    -1.092889094663373e-15,
    1.7881526505347444e-16,
    9.514564662426781e-15,
    -0.1095077526025472,
    0.20509014755939314,
    -0.2791744736232505,
    0.34741107477087574,
    -0.4142386721126788,
    -0.48179279214978243,
    -0.5514004507632332,
    0.6240422921625768,
    0.7005464094882401,
    0.78169098375158,
    0.868269581410151,
    0.9611366101545268,
    -1.0612384498459249,
    1.1696332208237685,
    -1.2875031401917336,
    1.416164544245007,
    -1.5084780908513995,
    1.657737102245899,
    1.8247934297369286,
    2.011669754795109,
    -2.220451478189955,
    -2.453464895888291,
    -2.71341316879308,
    -3.003479980498311,
    3.3274096761445247,
    3.689569688298019,
    -4.094997517754265,
    4.5494327660568805,
    -5.059337067947792,
    5.631912121344921
  ],
  "params": {
    "alpha": -17.0,
    "dT": 0.125,
    "dR": 1.0
  },
  "metadata": {
    "shear_max": 4.254655641232025e-09,
    "vel_net": 1.550963648536927e-25,
    "resolution": {
      "H": 25,
      "M": 65,
      "Nz": 129,
      "Nth": 128
    },
    "timestamp": "2026-04-13T11:26:31.331216"
  }
}