{
  "k": [
    0.1,
    0.10985411419875583,
    0.12067926406393285,
    0.13257113655901093,
    0.14563484775012436,
    0.15998587196060582,
    0.1757510624854792,
    0.193069772888325,
    0.21209508879201905,
    0.2329951810515372,
    0.2559547922699536,
    0.281176869797423,
    0.3088843596477481,
    0.3393221771895328,
    0.372759372031494,
    0.4094915062380424,
    0.44984326689694454,
    0.49417133613238345,
    0.5428675439323859,
    0.5963623316594643,
    0.6551285568595507,
    0.7196856730011519,
    0.7906043210907697,
    0.8685113737513525,
    0.9540954763499939,
    1.0481131341546859,
    1.151395399326447,
    1.2648552168552958,
    1.3894954943731375,
    1.5264179671752334,
    1.6768329368110073,
    1.8420699693267153,
    2.0235896477251565,
    2.2229964825261943,
    2.442053094548651,
    2.6826957952797246,
    2.9470517025518097,
    3.2374575428176433,
    3.5564803062231283,
    3.9069399370546147,
    4.291934260128776,
    4.714866363457392,
    5.17947467923121,
    5.689866029018296,
    6.250551925273969,
    6.866488450042998,
    7.543120063354615,
    8.286427728546842,
    9.102981779915218,
    10.0
  ],
  "gamma_max": [
    -0.8146039205450551,
    -0.8182868497007021,
    -0.8228500493602865,
    -0.8285506780252696,
    -0.8357584579908105,
    -0.8450443343722531,
    -0.8574008593192591,
    -0.874988680430059,
    -0.906736040012389,
    -0.9346357256584157,
    -0.9383957865507552,
    -0.9429208418276481,
    -0.9483637166288954,
    -0.9549066434309113,
    -0.9627665149224159,
    -0.9722009574758412,
    -0.9835153399202751,
    -0.9970708651403482,
    -1.013293947018727,
    -1.0326871657137144,
    -1.0558422332735322,
    -1.0834556030895204,
    -1.1163476271380375,
    -1.1554865021445708,
    -1.2020186318446997,
    -1.2573074373214994,
    -1.3229830324482692,
    -1.4010055005133641,
    -1.4937446989542762,
    -1.6040794997167973,
    -1.7355190941442218,
    -1.8923485843030865,
    -2.0798009869776064,
    -2.3042586044015336,
    -2.5734887734740717,
    -2.8532122207625106,
    -3.201900269007452,
    -3.637124333090816,
    -4.175523158120598,
    -4.836722173133333,
    -5.644208056946342,
    -6.626309322318059,
    -7.81729731583959,
    -9.258637497348435,
    -11.000437140719125,
    -13.103151369839148,
    -15.63962499356875,
    -18.697563867483982,
    -22.382546603458493,
    -26.821703338780665
  ],
  "omega_max": [
    2.3237230937972e-14,
    1.5493365277901433e-14,
    -6.270961391666605e-16,
    1.3548664867960626e-14,
    -2.8276129384813825e-15,
    -2.4932607114303776e-14,
    1.1801372545052845e-14,
    -4.875868158675908e-14,
    4.430227546760349e-14,
    -0.04639335689951337,
    -0.07406986787922058,
    0.09748701817380308,
    0.1197632214107956,
    0.14202580504498047,
    0.16488641033868812,
    -0.18876116264233397,
    0.21397912797833574,
    -0.24082881270140385,
    0.2695816471263105,
    -0.3005056338690452,
    0.3338744891532851,
    -0.36997473710384327,
    -0.4091119961576833,
    0.45161707204477014,
    -0.49785206486701566,
    -0.5482163799035706,
    0.6031523034097583,
    -0.6631497540715259,
    0.7287500701535023,
    -0.8005492896472046,
    0.8792021604182244,
    0.9654286629644647,
    -1.0600246983979236,
    -1.1638777421744604,
    -1.2779872266705654,
    1.344054204847369,
    1.4826598878771442,
    1.635642792669514,
    1.8053601361056293,
    1.9940622673471629,
    -2.2040445134459055,
    2.4378050594815504,
    -2.698185741950463,
    -2.988489679159122,
    3.3125765133574796,
    3.6749362726727637,
    -4.080741072936136,
    -4.535873950303725,
    -5.0469387686711755,
    5.621265034632067
  ],
  "params": {
    "alpha": -16.0,
    "dT": 0.25,
    "dR": 1.0
  },
  "metadata": {
    "shear_max": 2.494907172034938e-09,
    "vel_net": 1.0339757656912846e-25,
    "resolution": {
      "H": 25,
      "M": 65,
      "Nz": 129,
      "Nth": 128
    },
    "timestamp": "2026-04-13T11:08:10.825422"
  }
}