{
  "k": [
    0.1,
    0.10985411419875583,
    0.12067926406393285,
    0.13257113655901093,
    0.14563484775012436,
    0.15998587196060582,
    0.1757510624854792,
    0.193069772888325,
    0.21209508879201905,
    0.2329951810515372,
    0.2559547922699536,
    0.281176869797423,
    0.3088843596477481,
    0.3393221771895328,
    0.372759372031494,
    0.4094915062380424,
    0.44984326689694454,
    0.49417133613238345,
    0.5428675439323859,
    0.5963623316594643,
    0.6551285568595507,
    0.7196856730011519,
    0.7906043210907697,
    0.8685113737513525,
    0.9540954763499939,
    1.0481131341546859,
    1.151395399326447,
    1.2648552168552958,
    1.3894954943731375,
    1.5264179671752334,
    1.6768329368110073,
    1.8420699693267153,
    2.0235896477251565,
    2.2229964825261943,
    2.442053094548651,
    2.6826957952797246,
    2.9470517025518097,
    3.2374575428176433,
    3.5564803062231283,
    3.9069399370546147,
    4.291934260128776,
    4.714866363457392,
    5.17947467923121,
    5.689866029018296,
    6.250551925273969,
    6.866488450042998,
    7.543120063354615,
    8.286427728546842,
    9.102981779915218,
    10.0
  ],
  "gamma_max": [
    -2.397809734519144,
    -2.4003735653702716,
    -2.4034639052442217,
    -2.407187984822111,
    -2.411674478783358,
    -2.4170776229890514,
    -2.42358205084751,
    -2.431408446480293,
    -2.4408201152280036,
    -2.4521305772532154,
    -2.451051717761885,
    -2.45033178187656,
    -2.4121641102037326,
    -2.326951366548423,
    -2.236813729684624,
    -2.1420879393167094,
    -2.043320620511805,
    -1.941317841557778,
    -1.8372007600081646,
    -1.7324668748008152,
    -1.6290561635715741,
    -1.5294212280473563,
    -1.4366005102807975,
    -1.354293686115365,
    -1.2869386011500947,
    -1.239789935631381,
    -1.2190020889104953,
    -1.2317242100082126,
    -1.2862261654848355,
    -1.3920922777583058,
    -1.0911201249156222,
    -0.7175058393614099,
    -0.40611966051680615,
    -0.20105566440501546,
    -0.1540272369185051,
    -0.322602817653931,
    -0.7689131351514974,
    -1.5590163681852356,
    -2.7634670302290383,
    -4.4594199699155785,
    -6.734135640420983,
    -9.689349594210503,
    -13.44560406554625,
    -18.144920517938264,
    -23.948719461984535,
    -31.028293587142425,
    -39.56102866077408,
    -49.7721906155006,
    -62.005240655143574,
    -76.72737740750549
  ],
  "omega_max": [
    0.19501424808657758,
    0.2143118027920381,
    0.23553728539281715,
    0.2588892848381376,
    0.28458877871134175,
    0.3128822654761505,
    0.3440455060296134,
    0.3783880329420775,
    0.4162586247722665,
    0.4580520017752075,
    2.114818193610293,
    2.183989866801959,
    7.383934725299461,
    7.490875932187103,
    7.608903932955303,
    7.739049060450235,
    7.882384207198756,
    8.040011030670414,
    8.213044157107019,
    8.402595601133926,
    8.609762927588054,
    8.835625912126135,
    9.081257079097634,
    9.347750709113303,
    9.63627172080969,
    9.948119293653793,
    10.284789742966465,
    10.648009800207646,
    11.039698046122634,
    11.461804740988665,
    9.902132989190484,
    10.324495966195439,
    10.822407728687914,
    11.407023934603375,
    12.087498716479184,
    12.872018485232934,
    13.768633360545472,
    14.785952254942046,
    15.933920584736432,
    17.224811824375767,
    18.67457406318208,
    20.30479418610849,
    22.145689670866304,
    24.24042367272513,
    26.649405070457085,
    29.446745956867698,
    32.693448300737145,
    36.40396060343791,
    40.577481556016636,
    45.29073722187657
  ],
  "params": {
    "alpha": -52.0,
    "dT": 0.8,
    "dR": 1.0
  },
  "metadata": {
    "shear_max": 7.24200250631194,
    "vel_net": 3.056854677065849,
    "resolution": {
      "H": 25,
      "M": 65,
      "Nz": 129,
      "Nth": 128
    },
    "timestamp": "2026-04-16T08:07:38.695813"
  }
}