{
  "k": [
    0.1,
    0.10985411419875583,
    0.12067926406393285,
    0.13257113655901093,
    0.14563484775012436,
    0.15998587196060582,
    0.1757510624854792,
    0.193069772888325,
    0.21209508879201905,
    0.2329951810515372,
    0.2559547922699536,
    0.281176869797423,
    0.3088843596477481,
    0.3393221771895328,
    0.372759372031494,
    0.4094915062380424,
    0.44984326689694454,
    0.49417133613238345,
    0.5428675439323859,
    0.5963623316594643,
    0.6551285568595507,
    0.7196856730011519,
    0.7906043210907697,
    0.8685113737513525,
    0.9540954763499939,
    1.0481131341546859,
    1.151395399326447,
    1.2648552168552958,
    1.3894954943731375,
    1.5264179671752334,
    1.6768329368110073,
    1.8420699693267153,
    2.0235896477251565,
    2.2229964825261943,
    2.442053094548651,
    2.6826957952797246,
    2.9470517025518097,
    3.2374575428176433,
    3.5564803062231283,
    3.9069399370546147,
    4.291934260128776,
    4.714866363457392,
    5.17947467923121,
    5.689866029018296,
    6.250551925273969,
    6.866488450042998,
    7.543120063354615,
    8.286427728546842,
    9.102981779915218,
    10.0
  ],
  "gamma_max": [
    2.0558793276743064,
    2.0534670170935865,
    2.05055724099032,
    2.047047749668209,
    2.042815426807915,
    2.0377120964221804,
    2.0315595151676082,
    2.0241434027513616,
    2.015206340885556,
    2.004439346871917,
    1.9914719004524977,
    1.975860173571381,
    1.9570731788569027,
    1.9344765123048226,
    1.9073133142081848,
    1.8746819991958061,
    1.8355101949000754,
    1.7885241566862327,
    1.7322126554356276,
    1.6647839198642345,
    1.5841136062634105,
    1.4876809090200336,
    1.3724887947713107,
    1.2349629266896265,
    1.0708221804474711,
    0.8749117304560258,
    0.6409873424228677,
    0.3614361400719701,
    0.026913102556889435,
    -0.37413997363227774,
    -0.8561550205953783,
    -1.4374120812396447,
    -2.1416720356050982,
    -3.001575276247733,
    -4.068954924667712,
    -5.054416437339723,
    -6.253321682510748,
    -7.8439512156717415,
    -10.171613357758615,
    -12.36379323171673,
    -15.036994500270088,
    -18.28575813359687,
    -22.22465389385092,
    -26.992528277263787,
    -32.75751941558149,
    -39.72303755539147,
    -48.134947289124334,
    -58.29022691377688,
    -70.54742691677485,
    -85.33930795027199
  ],
  "omega_max": [
    -1.8792731646591773e-13,
    2.644834633475065e-13,
    3.142895653701216e-13,
    6.936894806657438e-13,
    8.059425731112707e-14,
    -4.338789031888728e-13,
    -6.904881128053333e-14,
    5.6667006256563254e-14,
    2.1722981737824585e-13,
    3.9148231412573765e-13,
    -4.2664545482774196e-13,
    -5.874350029373674e-13,
    -4.61498995391845e-15,
    2.989641355520634e-14,
    4.313572475544214e-14,
    5.414730455353307e-15,
    1.09709070736932e-12,
    -5.829714420205332e-13,
    -6.867756787640875e-14,
    -4.013274107296896e-14,
    6.784174808791084e-13,
    -1.2144219903573686e-13,
    4.754909190121881e-14,
    2.230933719171021e-13,
    -1.4539543061631077e-13,
    4.770291627477338e-15,
    -1.9849286223456704e-14,
    -1.969379748945624e-14,
    1.201598184520181e-14,
    -7.143183647170477e-15,
    4.404219799247494e-14,
    5.3584956543347936e-14,
    5.03481768247723e-13,
    -4.51441715331522e-13,
    -6.67018418936315e-13,
    -2.2643599732750213e-12,
    -5.3290926515777975e-12,
    -1.840936325225794e-12,
    -0.1838139550530443,
    -0.7344496535972193,
    -1.1211265691803245,
    -1.4904015084556341,
    1.8643842866678582,
    2.2530022682873225,
    -2.6631049491183396,
    3.10066719863696,
    -3.571542368897157,
    -4.08179170166225,
    4.63786960052557,
    5.2467575512709566
  ],
  "params": {
    "alpha": -33.0,
    "dT": 0.8571428571428571,
    "dR": 1.0
  },
  "metadata": {
    "shear_max": 9.571555833202575e-09,
    "vel_net": 4.464905290504627e-14,
    "resolution": {
      "H": 25,
      "M": 65,
      "Nz": 129,
      "Nth": 128
    },
    "timestamp": "2026-04-13T13:37:53.413343"
  }
}