{
  "k": [
    0.1,
    0.10985411419875583,
    0.12067926406393285,
    0.13257113655901093,
    0.14563484775012436,
    0.15998587196060582,
    0.1757510624854792,
    0.193069772888325,
    0.21209508879201905,
    0.2329951810515372,
    0.2559547922699536,
    0.281176869797423,
    0.3088843596477481,
    0.3393221771895328,
    0.372759372031494,
    0.4094915062380424,
    0.44984326689694454,
    0.49417133613238345,
    0.5428675439323859,
    0.5963623316594643,
    0.6551285568595507,
    0.7196856730011519,
    0.7906043210907697,
    0.8685113737513525,
    0.9540954763499939,
    1.0481131341546859,
    1.151395399326447,
    1.2648552168552958,
    1.3894954943731375,
    1.5264179671752334,
    1.6768329368110073,
    1.8420699693267153,
    2.0235896477251565,
    2.2229964825261943,
    2.442053094548651,
    2.6826957952797246,
    2.9470517025518097,
    3.2374575428176433,
    3.5564803062231283,
    3.9069399370546147,
    4.291934260128776,
    4.714866363457392,
    5.17947467923121,
    5.689866029018296,
    6.250551925273969,
    6.866488450042998,
    7.543120063354615,
    8.286427728546842,
    9.102981779915218,
    10.0
  ],
  "gamma_max": [
    -0.03175256771867466,
    -0.0402947506821777,
    -0.050579790914218103,
    -0.06295765175725404,
    -0.07784629388100207,
    -0.09574425159873287,
    -0.11724585340029169,
    -0.143060816933035,
    -0.17404313894725634,
    -0.21124535993018778,
    -0.2560619042442087,
    -0.31081981139552156,
    -0.3853981962477258,
    -0.4420730819269828,
    -0.48088701347568863,
    -0.4564164806113026,
    -0.44247247979243937,
    -0.4310982041492359,
    -0.419678661774168,
    -0.407515258940061,
    -0.39430686091710637,
    -0.3798829494359288,
    -0.25156307316960025,
    -0.09308128584482965,
    0.06094439648095708,
    0.20716720782443318,
    0.3414903604635782,
    0.458624867207352,
    0.5514964795229924,
    0.6105146042244632,
    0.6228189504340331,
    0.5719732926029899,
    0.4396017272633899,
    0.2585430220998177,
    0.5511770621725132,
    0.8917903676224934,
    1.1115417370396752,
    1.0405989810181626,
    0.5493851338956858,
    -0.5928003402010318,
    -0.9082553794284857,
    -0.8785781450968521,
    -0.9877344899253684,
    -1.281109563251756,
    -1.7845788825640283,
    -2.5207496442255395,
    -3.515983339048249,
    -4.80077058360514,
    -6.405897004608888,
    -8.357251844812776
  ],
  "omega_max": [
    -5.636095165499337e-14,
    5.897175840344336e-14,
    8.28908887764225e-14,
    7.700405036843199e-14,
    -7.192603982179109e-14,
    -8.533968766774499e-14,
    2.1663727132906467e-13,
    7.659869141019072e-13,
    1.1594478729910221e-12,
    -3.405097326601199e-13,
    1.2809551587785918e-12,
    -1.3196735017778307e-13,
    -3.937109180681792e-12,
    -0.04366311042045956,
    -0.033247680467897445,
    1.4168708796630284e-13,
    -1.293311337041543e-13,
    -1.4315293073161812e-13,
    1.2064830947038616e-13,
    -9.639781287171367e-14,
    -1.6291204428605583e-13,
    -5.682745854791263e-14,
    4.960919689507913,
    5.047948143152856,
    -5.130864830817569,
    -5.2045396383058025,
    -5.262982439284246,
    5.2994335250528115,
    5.30654366697386,
    5.276733534284007,
    -5.202919909313514,
    5.080172226622061,
    4.910413587719801,
    -6.99100224442351e-12,
    -1.1059377757342929e-11,
    9.28972602343853e-12,
    1.4565954184771713e-11,
    7.113016885055906e-12,
    -1.9866458977976726e-11,
    -4.322670178625613e-11,
    6.987124388801075,
    7.731282346983296,
    -8.61693664277626,
    -9.629702846770737,
    -10.760088765699141,
    -12.011779005740728,
    13.400082662030611,
    -14.950402236961551,
    -16.696288265133756,
    -18.67159694230982
  ],
  "params": {
    "alpha": -38.0,
    "dT": 0.1,
    "dR": 1.0
  },
  "metadata": {
    "shear_max": 5.1071581004325655,
    "vel_net": 3.5227376571356217e-13,
    "resolution": {
      "H": 25,
      "M": 65,
      "Nz": 129,
      "Nth": 128
    },
    "timestamp": "2026-04-15T18:17:18.615447"
  }
}