{
  "k": [
    0.1,
    0.10985411419875583,
    0.12067926406393285,
    0.13257113655901093,
    0.14563484775012436,
    0.15998587196060582,
    0.1757510624854792,
    0.193069772888325,
    0.21209508879201905,
    0.2329951810515372,
    0.2559547922699536,
    0.281176869797423,
    0.3088843596477481,
    0.3393221771895328,
    0.372759372031494,
    0.4094915062380424,
    0.44984326689694454,
    0.49417133613238345,
    0.5428675439323859,
    0.5963623316594643,
    0.6551285568595507,
    0.7196856730011519,
    0.7906043210907697,
    0.8685113737513525,
    0.9540954763499939,
    1.0481131341546859,
    1.151395399326447,
    1.2648552168552958,
    1.3894954943731375,
    1.5264179671752334,
    1.6768329368110073,
    1.8420699693267153,
    2.0235896477251565,
    2.2229964825261943,
    2.442053094548651,
    2.6826957952797246,
    2.9470517025518097,
    3.2374575428176433,
    3.5564803062231283,
    3.9069399370546147,
    4.291934260128776,
    4.714866363457392,
    5.17947467923121,
    5.689866029018296,
    6.250551925273969,
    6.866488450042998,
    7.543120063354615,
    8.286427728546842,
    9.102981779915218,
    10.0
  ],
  "gamma_max": [
    0.5064865822494361,
    0.4910838009748823,
    0.47244590673948406,
    0.44988167975223314,
    0.4225472610169996,
    0.38941048039840825,
    0.34920609633959293,
    0.30037917546031634,
    0.24101215579914864,
    0.16872636188769904,
    0.08053206241205779,
    -0.02746697133968023,
    -0.16094725371547605,
    -0.3317884366619217,
    -0.6057241581687544,
    -0.7011765233724194,
    -0.8108185398337974,
    -0.754434727482897,
    -0.5608658814458538,
    -0.36926786586864424,
    -0.18303925642172447,
    -0.0044989573667202605,
    0.16464072524042764,
    0.3227669211708277,
    0.4679532748723406,
    0.5976235648901237,
    0.7082283908543484,
    0.7948732443296986,
    0.8508524930501045,
    0.8670679502187524,
    0.8313508396258018,
    0.727791074237913,
    0.5364250497267682,
    0.23450897462669937,
    -0.19657747781440832,
    -0.5324894512771634,
    -0.544546591704275,
    -0.8432345528340859,
    -1.5631397348757425,
    -2.772311034191683,
    -3.576948557331593,
    -4.1165068792367245,
    -4.918315776416496,
    -6.045334234357873,
    -7.545140205806817,
    -9.472261658308973,
    -11.89497405381374,
    -14.898832568856978,
    -18.59008204519032,
    -23.09963588800355
  ],
  "omega_max": [
    5.598383583095472e-13,
    8.549098822910724e-13,
    1.2282640744528442e-12,
    1.4512187789921825e-12,
    1.4505901585779388e-12,
    1.827390271428147e-12,
    -1.605081125103579e-12,
    5.917180791102161e-12,
    -6.107221356851364e-13,
    -7.239019200600536e-13,
    3.0741956140814436e-12,
    2.7311085641298484e-12,
    3.564731238939653e-12,
    5.1702678536847684e-12,
    0.083483672632862,
    0.19694182983722325,
    0.22458341951406285,
    -3.9639272207329963,
    4.060352907681863,
    4.173064915843738,
    4.297854244527265,
    4.429979944374204,
    4.564574391386321,
    -4.696701495532422,
    4.821243796738643,
    4.9327618205359665,
    -5.025408809728043,
    -5.092953431450605,
    -5.128960942121385,
    -5.127198906257601,
    -5.082365648941126,
    4.991312311736661,
    -4.855126125698047,
    -4.68290373866781,
    -4.498326447342031,
    9.360926534837782e-13,
    6.141394688156543e-13,
    2.4615482057160437e-12,
    -7.442762974508324e-13,
    1.2407993381739661e-12,
    5.876692536534754,
    6.6873477477819945,
    7.578131931977601,
    8.547002285006547,
    9.595908957023148,
    -10.732764134521881,
    11.969593235620826,
    -13.321476668137866,
    14.806523151755203,
    16.446876948853326
  ],
  "params": {
    "alpha": -41.0,
    "dT": 0.25,
    "dR": 1.0
  },
  "metadata": {
    "shear_max": 4.6744599655733685,
    "vel_net": 2.615130334504556e-13,
    "resolution": {
      "H": 25,
      "M": 65,
      "Nz": 129,
      "Nth": 128
    },
    "timestamp": "2026-04-15T17:56:02.020367"
  }
}