{
  "k": [
    0.1,
    0.10985411419875583,
    0.12067926406393285,
    0.13257113655901093,
    0.14563484775012436,
    0.15998587196060582,
    0.1757510624854792,
    0.193069772888325,
    0.21209508879201905,
    0.2329951810515372,
    0.2559547922699536,
    0.281176869797423,
    0.3088843596477481,
    0.3393221771895328,
    0.372759372031494,
    0.4094915062380424,
    0.44984326689694454,
    0.49417133613238345,
    0.5428675439323859,
    0.5963623316594643,
    0.6551285568595507,
    0.7196856730011519,
    0.7906043210907697,
    0.8685113737513525,
    0.9540954763499939,
    1.0481131341546859,
    1.151395399326447,
    1.2648552168552958,
    1.3894954943731375,
    1.5264179671752334,
    1.6768329368110073,
    1.8420699693267153,
    2.0235896477251565,
    2.2229964825261943,
    2.442053094548651,
    2.6826957952797246,
    2.9470517025518097,
    3.2374575428176433,
    3.5564803062231283,
    3.9069399370546147,
    4.291934260128776,
    4.714866363457392,
    5.17947467923121,
    5.689866029018296,
    6.250551925273969,
    6.866488450042998,
    7.543120063354615,
    8.286427728546842,
    9.102981779915218,
    10.0
  ],
  "gamma_max": [
    0.0007197604668710974,
    -0.006545595882872452,
    -0.015280346230425087,
    -0.025773373366020105,
    -0.03836641015630966,
    -0.05346178689097167,
    -0.071530106465252,
    -0.09311676583447047,
    -0.11884478808282624,
    -0.14940752664279985,
    -0.18553219240947386,
    -0.2278453094824324,
    -0.27631774266459463,
    -0.3273243299447208,
    -0.3628879463002255,
    -0.3729204073300864,
    -0.3736621058284028,
    -0.3716160577912871,
    -0.3684303090130122,
    -0.3647614017193138,
    -0.36105924905868353,
    -0.35778350392838876,
    -0.3554968484761095,
    -0.35492587414141014,
    -0.19937961833179257,
    0.026429788087646403,
    0.24362203938035218,
    0.44253755779678916,
    0.6079967280944256,
    0.7153477083836143,
    0.7232297757831294,
    0.5606153133288537,
    0.2505611438970003,
    1.9577400917112806,
    3.7085523617484375,
    5.098317086301785,
    6.059868576897688,
    6.579624895172497,
    6.618415642327631,
    6.097660579998263,
    4.895253182746549,
    2.9137200924086097,
    1.1312693502371485,
    1.5609732042714477,
    1.5827273675974811,
    1.2035872457654864,
    0.41668710733689646,
    -0.812037292770318,
    -2.5304659462885746,
    -4.748511232197631
  ],
  "omega_max": [
    -2.6785775094813722e-12,
    3.3268836411941515e-13,
    1.4957581630909176e-12,
    2.25015725716479e-12,
    7.374867622490395e-13,
    3.573145036150583e-12,
    5.29015040701255e-12,
    -1.278433535010348e-12,
    -5.148809494261236e-14,
    -2.1885680018643475e-12,
    -2.289507938678117e-12,
    5.154988553230031e-12,
    -1.581254025675971e-12,
    1.0191029642843335e-13,
    9.35198121247147e-13,
    3.2969852325534897e-13,
    1.0412730372609433e-13,
    3.4641787677700735e-13,
    -7.075118450051936e-14,
    -3.6365846679426595e-13,
    -3.588794692882053e-14,
    9.645194752579735e-16,
    -2.868265905447401e-13,
    -1.2366353703294406e-13,
    -8.023409181659495,
    -8.116165135189345,
    8.183397333777032,
    -8.212781322038028,
    8.189783362743666,
    8.098109043810753,
    -7.9213618308661875,
    -7.648655420531924,
    1.2442527471660847e-11,
    2.096491263717868e-11,
    2.2459132712691567e-11,
    4.117402213344071e-12,
    -8.011989858371523e-12,
    1.3926306357881031e-12,
    -7.47019325312128e-12,
    -1.3647314009907591e-11,
    -2.6099244597977677e-12,
    -1.682189510555167e-12,
    -11.460347085416238,
    -12.867094893956637,
    14.501366257567579,
    -16.291582317694328,
    -18.238279358211788,
    20.383109130686965,
    22.81155589967103,
    25.66487673754194
  ],
  "params": {
    "alpha": -53.0,
    "dT": 0.1,
    "dR": 1.0
  },
  "metadata": {
    "shear_max": 7.886039873916766,
    "vel_net": 1.7341683644644945e-13,
    "resolution": {
      "H": 25,
      "M": 65,
      "Nz": 129,
      "Nth": 128
    },
    "timestamp": "2026-04-16T06:23:13.665110"
  }
}