{
  "k": [
    0.1,
    0.10985411419875583,
    0.12067926406393285,
    0.13257113655901093,
    0.14563484775012436,
    0.15998587196060582,
    0.1757510624854792,
    0.193069772888325,
    0.21209508879201905,
    0.2329951810515372,
    0.2559547922699536,
    0.281176869797423,
    0.3088843596477481,
    0.3393221771895328,
    0.372759372031494,
    0.4094915062380424,
    0.44984326689694454,
    0.49417133613238345,
    0.5428675439323859,
    0.5963623316594643,
    0.6551285568595507,
    0.7196856730011519,
    0.7906043210907697,
    0.8685113737513525,
    0.9540954763499939,
    1.0481131341546859,
    1.151395399326447,
    1.2648552168552958,
    1.3894954943731375,
    1.5264179671752334,
    1.6768329368110073,
    1.8420699693267153,
    2.0235896477251565,
    2.2229964825261943,
    2.442053094548651,
    2.6826957952797246,
    2.9470517025518097,
    3.2374575428176433,
    3.5564803062231283,
    3.9069399370546147,
    4.291934260128776,
    4.714866363457392,
    5.17947467923121,
    5.689866029018296,
    6.250551925273969,
    6.866488450042998,
    7.543120063354615,
    8.286427728546842,
    9.102981779915218,
    10.0
  ],
  "gamma_max": [
    0.027792902922654288,
    0.01626934999472836,
    0.002368585759196089,
    -0.014399861292094739,
    -0.03462907772742136,
    -0.05903863219528745,
    -0.08850753679931078,
    -0.12412495856120985,
    -0.16728230812072248,
    -0.21988292279404795,
    -0.28498516390390893,
    -0.3700234886379684,
    -0.5006802984022989,
    -0.5446458761628563,
    -0.595854286680149,
    -0.6551190702501564,
    -0.7234726860137307,
    -0.6474458000024083,
    -0.620404332684357,
    -0.6025392054115835,
    -0.4671183536959081,
    -0.2951464700896348,
    -0.125487522735217,
    0.03933255540244363,
    0.19661314217754275,
    0.3432182812180292,
    0.47522761711188594,
    0.5874851381891644,
    0.6730228709578012,
    0.7223474525817616,
    0.7226266045863231,
    0.6569665913675428,
    0.5044971405618258,
    0.24376576483748053,
    0.08393120473550926,
    0.32856230331353964,
    0.4526917427803337,
    0.2735442073490802,
    -0.35807944011825205,
    -1.5959882473538578,
    -2.1362414035212725,
    -2.276647668684185,
    -2.6369386791625704,
    -3.2639136289232398,
    -4.1867673340087075,
    -5.439603103097814,
    -7.067590188080117,
    -9.128744908437627,
    -11.694634207578599,
    -14.848943243315068
  ],
  "omega_max": [
    -2.0574045857175784e-12,
    1.6562138179606092e-12,
    -5.264803819178331e-12,
    -6.084908270501062e-14,
    -2.8451839599192547e-12,
    -1.3578636056008243e-12,
    4.356980172805582e-12,
    1.2642957558738856e-12,
    -7.491728592255926e-13,
    -2.13284712481122e-13,
    -1.321755469064517e-13,
    -6.0822629332038635e-12,
    0.0566851368991349,
    -0.11322961306775141,
    0.1346614261640097,
    -0.1281528422443421,
    0.06359609325115362,
    -2.0452906141847561e-13,
    -3.182660654904592e-15,
    9.359297140913395e-14,
    -4.782473336460907,
    4.8856359958199125,
    -4.9925783244208155,
    5.099221666989579,
    -5.200739840627019,
    -5.291587703841055,
    5.36552897878973,
    -5.415713159359791,
    5.434867832548344,
    5.415694848308643,
    5.351605260536614,
    5.238064125244916,
    -5.0752676370570455,
    -4.874216207567674,
    -4.872748012077003e-12,
    -9.953632081564e-12,
    -2.771739259818917e-12,
    1.714884047139063e-12,
    1.5406100830930415e-11,
    4.925090422345589e-11,
    -6.521145933933213,
    -7.3106186242381055,
    8.224780022977873,
    9.24275619603088,
    -10.356569333563304,
    11.571621561629366,
    -12.902085970525112,
    14.369199278298412,
    -16.002118707477262,
    17.840637925277747
  ],
  "params": {
    "alpha": -40.0,
    "dT": 0.16666666666666666,
    "dR": 1.0
  },
  "metadata": {
    "shear_max": 5.0379042619083725,
    "vel_net": 2.179975682411601e-13,
    "resolution": {
      "H": 20,
      "M": 49,
      "Nz": 97,
      "Nth": 96
    },
    "timestamp": "2026-02-13T15:24:05.018873"
  }
}