{
  "k": [
    0.1,
    0.10985411419875583,
    0.12067926406393285,
    0.13257113655901093,
    0.14563484775012436,
    0.15998587196060582,
    0.1757510624854792,
    0.193069772888325,
    0.21209508879201905,
    0.2329951810515372,
    0.2559547922699536,
    0.281176869797423,
    0.3088843596477481,
    0.3393221771895328,
    0.372759372031494,
    0.4094915062380424,
    0.44984326689694454,
    0.49417133613238345,
    0.5428675439323859,
    0.5963623316594643,
    0.6551285568595507,
    0.7196856730011519,
    0.7906043210907697,
    0.8685113737513525,
    0.9540954763499939,
    1.0481131341546859,
    1.151395399326447,
    1.2648552168552958,
    1.3894954943731375,
    1.5264179671752334,
    1.6768329368110073,
    1.8420699693267153,
    2.0235896477251565,
    2.2229964825261943,
    2.442053094548651,
    2.6826957952797246,
    2.9470517025518097,
    3.2374575428176433,
    3.5564803062231283,
    3.9069399370546147,
    4.291934260128776,
    4.714866363457392,
    5.17947467923121,
    5.689866029018296,
    6.250551925273969,
    6.866488450042998,
    7.543120063354615,
    8.286427728546842,
    9.102981779915218,
    10.0
  ],
  "gamma_max": [
    -1.2761869031699289,
    -1.277692486714139,
    -1.2795095331399056,
    -1.281702546962321,
    -1.2843494463236482,
    -1.2875443928681443,
    -1.2914012477819783,
    -1.2960578123651885,
    -1.3016810637689245,
    -1.3084736715432297,
    -1.316682189692271,
    -1.3266074776619654,
    -1.3386181328926756,
    -1.3531680425244363,
    -1.3708196076344905,
    -1.392274776977184,
    -1.4184167396129121,
    -1.4503659076253845,
    -1.4895545112107498,
    -1.5378243549683441,
    -1.4926402040321058,
    -1.3695441524483598,
    -1.2432856523918099,
    -1.1154526502695714,
    -0.9881060975914209,
    -0.8638593411422693,
    -0.7459625578579755,
    -0.6383910857396639,
    -0.545939343325112,
    -0.47432658970352,
    -0.4303226645649392,
    -0.3933781832333659,
    -0.07185385321603925,
    0.2001830342730478,
    0.3909450513031468,
    0.4671676330445116,
    0.3940094833885859,
    0.13488692701016647,
    -0.3491914781775908,
    -1.1011847547668379,
    -2.170351517843836,
    -3.6143894447371547,
    -5.498381549968875,
    -7.883349649156697,
    -10.792954358467426,
    -13.916855852069776,
    -17.75843101274654,
    -21.958058571444464,
    -26.947631614721274,
    -32.92230179136629
  ],
  "omega_max": [
    0.11352879905993643,
    0.12476079523812278,
    0.13711450169145284,
    0.15070549316387327,
    0.16566248157046595,
    0.18212923996443844,
    0.2002669485350351,
    0.22025710064805815,
    0.2423051454345584,
    0.26664511342036495,
    0.2935455549560055,
    0.32331722923921424,
    0.3563231216964228,
    0.3929915215408968,
    0.43383308352170624,
    0.4794629992964191,
    0.5306296552516488,
    0.5882514862638114,
    0.6534642962333341,
    0.7276821692954162,
    6.801548592911112,
    6.975677261412722,
    7.165338627253993,
    7.3711850758176745,
    7.593780163242688,
    7.833612993399732,
    8.091119770510678,
    8.366698609207962,
    8.660694947376104,
    8.973329324996373,
    9.304540872874961,
    7.83700152749084,
    8.267713257460974,
    8.777026920961001,
    9.370177026685154,
    10.051708174645878,
    10.82687555372562,
    11.702449555490759,
    12.687703690850102,
    13.796003425388449,
    15.04755131259065,
    16.47438332552954,
    18.12915003981954,
    20.09688320889001,
    22.50248840585166,
    17.701191913308154,
    28.766651586757295,
    32.29814591856293,
    36.09219534697448,
    40.20722522316812
  ],
  "params": {
    "alpha": -39.0,
    "dT": 0.3333333333333333,
    "dR": 1.0
  },
  "metadata": {
    "shear_max": 5.510271209847393,
    "vel_net": 2.388953187717984,
    "resolution": {
      "H": 25,
      "M": 65,
      "Nz": 129,
      "Nth": 128
    },
    "timestamp": "2026-04-14T17:24:14.304413"
  }
}