{
  "k": [
    0.1,
    0.10985411419875583,
    0.12067926406393285,
    0.13257113655901093,
    0.14563484775012436,
    0.15998587196060582,
    0.1757510624854792,
    0.193069772888325,
    0.21209508879201905,
    0.2329951810515372,
    0.2559547922699536,
    0.281176869797423,
    0.3088843596477481,
    0.3393221771895328,
    0.372759372031494,
    0.4094915062380424,
    0.44984326689694454,
    0.49417133613238345,
    0.5428675439323859,
    0.5963623316594643,
    0.6551285568595507,
    0.7196856730011519,
    0.7906043210907697,
    0.8685113737513525,
    0.9540954763499939,
    1.0481131341546859,
    1.151395399326447,
    1.2648552168552958,
    1.3894954943731375,
    1.5264179671752334,
    1.6768329368110073,
    1.8420699693267153,
    2.0235896477251565,
    2.2229964825261943,
    2.442053094548651,
    2.6826957952797246,
    2.9470517025518097,
    3.2374575428176433,
    3.5564803062231283,
    3.9069399370546147,
    4.291934260128776,
    4.714866363457392,
    5.17947467923121,
    5.689866029018296,
    6.250551925273969,
    6.866488450042998,
    7.543120063354615,
    8.286427728546842,
    9.102981779915218,
    10.0
  ],
  "gamma_max": [
    -0.4590358211766194,
    -0.4609023416387559,
    -0.46316096360829034,
    -0.4658957301415851,
    -0.4692095494482908,
    -0.47322888717721584,
    -0.4781098889051711,
    -0.48404653179476725,
    -0.49128176158751424,
    -0.5001232218773781,
    -0.510966438854979,
    -0.5243309346775741,
    -0.540920672067203,
    -0.561735345247892,
    -0.5883040454590208,
    -0.6232813343485399,
    -0.6725764970265816,
    -0.7658563848367929,
    -0.8225427074260727,
    -0.8396366639893533,
    -0.8599763307366753,
    -0.8841362465064565,
    -0.9127850312813435,
    -0.9467024791220623,
    -0.9868020109073569,
    -1.0341606104205805,
    -1.0900587841051523,
    -1.156033298512963,
    -1.2339453006973318,
    -1.3260658127474543,
    -1.4351796323161812,
    -1.5647078659183127,
    -1.7188494390309763,
    -1.9027434843002446,
    -2.1226572285804504,
    -2.3568415004616146,
    -2.630589051008758,
    -2.975397681521331,
    -3.404580996795785,
    -3.9338684743172294,
    -4.5821112510398665,
    -5.372070001177292,
    -6.3312975991828715,
    -7.493139858035385,
    -8.897891363035036,
    -10.594156691931008,
    -12.640479820828594,
    -15.107317358403243,
    -18.07944492848373,
    -21.65889894412691
  ],
  "omega_max": [
    1.929244839188501e-15,
    -4.669495506864282e-16,
    -1.0973675732358027e-14,
    6.708398103179864e-15,
    -2.037552735958938e-14,
    1.6133111168306735e-14,
    9.461995486867927e-17,
    -8.431285691878403e-15,
    1.5254625624955263e-14,
    -1.0401301989367711e-14,
    -6.90747459501215e-16,
    1.5699926251356687e-14,
    -1.1865278669662224e-14,
    1.603651749225287e-15,
    -3.157450990605407e-15,
    -1.0141433805738317e-14,
    2.0178374196581372e-14,
    8.619865411016112e-14,
    -0.11988220087189673,
    0.18365847126448662,
    -0.23852594409472003,
    0.2908442924733608,
    -0.3430468628420485,
    0.396479444364302,
    -0.4520674346921877,
    0.5105519755658127,
    -0.5725949381807557,
    -0.6388334433848382,
    0.7099118459924041,
    -0.7865030544456966,
    -0.8693253710052641,
    -0.9591584423675453,
    -1.0568600924446223,
    1.1633844024366666,
    -1.2798008015020157,
    -1.3485262169614551,
    1.4843228911990283,
    -1.635626358286277,
    -1.804590787902476,
    -1.9932411471815992,
    -2.203663806638933,
    -2.4381779822912217,
    -2.6994763119261713,
    -2.9907354151592975,
    -3.3157016783457194,
    -3.6787566428972402,
    -4.0849638345451,
    4.540097814992596,
    -5.050659152972967,
    -5.623886790734136
  ],
  "params": {
    "alpha": -17.0,
    "dT": 0.2,
    "dR": 1.0
  },
  "metadata": {
    "shear_max": 3.8885094466709555e-09,
    "vel_net": 0.0,
    "resolution": {
      "H": 25,
      "M": 65,
      "Nz": 129,
      "Nth": 128
    },
    "timestamp": "2026-04-13T11:22:33.949573"
  }
}