{
  "k": [
    0.1,
    0.10985411419875583,
    0.12067926406393285,
    0.13257113655901093,
    0.14563484775012436,
    0.15998587196060582,
    0.1757510624854792,
    0.193069772888325,
    0.21209508879201905,
    0.2329951810515372,
    0.2559547922699536,
    0.281176869797423,
    0.3088843596477481,
    0.3393221771895328,
    0.372759372031494,
    0.4094915062380424,
    0.44984326689694454,
    0.49417133613238345,
    0.5428675439323859,
    0.5963623316594643,
    0.6551285568595507,
    0.7196856730011519,
    0.7906043210907697,
    0.8685113737513525,
    0.9540954763499939,
    1.0481131341546859,
    1.151395399326447,
    1.2648552168552958,
    1.3894954943731375,
    1.5264179671752334,
    1.6768329368110073,
    1.8420699693267153,
    2.0235896477251565,
    2.2229964825261943,
    2.442053094548651,
    2.6826957952797246,
    2.9470517025518097,
    3.2374575428176433,
    3.5564803062231283,
    3.9069399370546147,
    4.291934260128776,
    4.714866363457392,
    5.17947467923121,
    5.689866029018296,
    6.250551925273969,
    6.866488450042998,
    7.543120063354615,
    8.286427728546842,
    9.102981779915218,
    10.0
  ],
  "gamma_max": [
    -1.608946999868547,
    -1.61090806282734,
    -1.6132736715812455,
    -1.6161270543147603,
    -1.6195684706580977,
    -1.623718663708011,
    -1.6287230026750745,
    -1.634756454600691,
    -1.642029554463327,
    -1.6507955840866433,
    -1.6613592270278565,
    -1.6740870476105867,
    -1.6894202618969403,
    -1.7078904470526555,
    -1.7301391045290717,
    -1.7569423940303575,
    -1.789242941370463,
    -1.8281914548879947,
    -1.8752020239047764,
    -1.785882241792006,
    -1.6600560498195271,
    -1.53012796812876,
    -1.3974871570028438,
    -1.263978270480554,
    -1.1319898900805982,
    -1.0045571639527144,
    -0.8854807696061948,
    -0.7794652699674779,
    -0.6922823092699356,
    -0.6309672474565319,
    -0.5932176940735719,
    -0.13813149508525535,
    0.2901343813962451,
    0.6545356179952119,
    0.9138007073488668,
    1.0230625343875852,
    0.9344640951686319,
    0.5978069979232459,
    -0.03952190698711353,
    -1.0337747938095088,
    -2.446946824520001,
    -4.348647449208885,
    -6.815399654823528,
    -9.923920621213972,
    -13.740863733650958,
    -18.335012599405122,
    -23.829262706154434,
    -30.431487737902245,
    -38.39734530339948,
    -47.870227826976354
  ],
  "omega_max": [
    0.16704973000549653,
    0.18355652798168906,
    0.20170495691098458,
    0.22166179989006327,
    0.24361197761845396,
    0.26776092882889,
    0.2943374399905876,
    0.32359704886924184,
    0.3558261899737846,
    0.39134730889123814,
    0.4305252503827022,
    0.4737753328856608,
    0.5215736487611721,
    0.5744702940151103,
    0.6331064033696066,
    0.6982360091086666,
    0.7707537830962814,
    0.8517294782109255,
    0.9424490623097955,
    8.118808905720035,
    8.316926423640783,
    8.533831453163012,
    8.770645575356927,
    9.028403748023468,
    9.30803714432379,
    9.610362095528888,
    9.936070292074177,
    10.285708595729869,
    10.659629845859227,
    11.057892232210193,
    9.214671424035664,
    9.645932127526246,
    10.163668441258581,
    10.776644855622795,
    11.491031444723406,
    12.312597895923178,
    13.247733992691744,
    14.30424061693756,
    15.492382267708331,
    16.82638620499745,
    18.32662180171656,
    20.022801641630647,
    21.958007596851466,
    24.19002188300414,
    26.778564465024456,
    29.754182998939747,
    33.11445970119626,
    36.8795720719455,
    41.16121678712392,
    46.15982567677005
  ],
  "params": {
    "alpha": -48.0,
    "dT": 0.5,
    "dR": 1.0
  },
  "metadata": {
    "shear_max": 6.832278878059547,
    "vel_net": 2.957648829748868,
    "resolution": {
      "H": 25,
      "M": 65,
      "Nz": 129,
      "Nth": 128
    },
    "timestamp": "2026-04-15T19:47:34.482155"
  }
}