{
  "k": [
    0.1,
    0.10985411419875583,
    0.12067926406393285,
    0.13257113655901093,
    0.14563484775012436,
    0.15998587196060582,
    0.1757510624854792,
    0.193069772888325,
    0.21209508879201905,
    0.2329951810515372,
    0.2559547922699536,
    0.281176869797423,
    0.3088843596477481,
    0.3393221771895328,
    0.372759372031494,
    0.4094915062380424,
    0.44984326689694454,
    0.49417133613238345,
    0.5428675439323859,
    0.5963623316594643,
    0.6551285568595507,
    0.7196856730011519,
    0.7906043210907697,
    0.8685113737513525,
    0.9540954763499939,
    1.0481131341546859,
    1.151395399326447,
    1.2648552168552958,
    1.3894954943731375,
    1.5264179671752334,
    1.6768329368110073,
    1.8420699693267153,
    2.0235896477251565,
    2.2229964825261943,
    2.442053094548651,
    2.6826957952797246,
    2.9470517025518097,
    3.2374575428176433,
    3.5564803062231283,
    3.9069399370546147,
    4.291934260128776,
    4.714866363457392,
    5.17947467923121,
    5.689866029018296,
    6.250551925273969,
    6.866488450042998,
    7.543120063354615,
    8.286427728546842,
    9.102981779915218,
    10.0
  ],
  "gamma_max": [
    -1.6618651245510758,
    -1.6604756280449666,
    -1.6588890691898723,
    -1.6570764852947375,
    -1.6550071006745914,
    -1.6526504186578148,
    -1.6499800638094078,
    -1.6469801822104269,
    -1.6436552370496302,
    -1.6400437110599857,
    -1.636235298755675,
    -1.6323895550399916,
    -1.628752174723455,
    -1.6256643707894307,
    -1.5987456913980698,
    -1.5280991398146522,
    -1.4550804010441307,
    -1.3803101617879494,
    -1.3045961481222275,
    -1.2289643669507304,
    -1.1546934633602821,
    -1.083351933214444,
    -1.016837750566582,
    -0.9574198020755266,
    -0.9077804222626751,
    -0.87105844311501,
    -0.8508927972002598,
    -0.8514683300900457,
    -0.8775687750707956,
    -0.9346476805967497,
    -1.0289373544086553,
    -1.1531677044807365,
    -1.0993625590774807,
    -1.1049350551407724,
    -1.191316646425329,
    -1.3832292643796789,
    -1.7079927829319748,
    -2.1955356368118175,
    -2.8794580500558373,
    -3.7994205877297036,
    -5.00530775842391,
    -6.563431472307757,
    -8.551822819548311,
    -10.910681175479535,
    -13.416438532134336,
    -16.243153125705323,
    -19.598249455669418,
    -23.635207135472353,
    -28.50752138819649,
    -34.389606939054836
  ],
  "omega_max": [
    -0.5721472278060941,
    -0.5607650198744142,
    -0.5484754213589681,
    -0.5352457650751631,
    -0.521055707750918,
    -0.5059023330933722,
    -0.4898061769749465,
    -0.4728177556515922,
    -0.4550236303548304,
    -0.4365503129832353,
    -0.41756364989060246,
    -0.3982612880238155,
    -0.3788571399026753,
    -0.3595596203742723,
    3.7245195349179996,
    3.7997866701054384,
    3.882190324320011,
    3.9721002579130635,
    4.0698427784734985,
    4.175695867355088,
    4.289890982705286,
    4.41262503255979,
    4.544086237935468,
    4.6844969953237765,
    4.834174920992473,
    4.993609595150039,
    5.163547012129375,
    5.345066740603736,
    5.539629278636824,
    5.749064503237622,
    5.97546819552788,
    5.438704152853545,
    5.720664224976816,
    6.0407877510711945,
    6.407202354875318,
    6.827707386407601,
    7.309839804266631,
    7.8613607250195265,
    8.491127610062616,
    9.210680539874462,
    10.037896884534753,
    11.008036250953987,
    12.213836398490855,
    13.84459559384472,
    15.777208622718074,
    17.796069850196396,
    19.91643395718868,
    22.18281932327974,
    24.634175221043794,
    27.305812203073156
  ],
  "params": {
    "alpha": -29.0,
    "dT": 0.3333333333333333,
    "dR": 1.0
  },
  "metadata": {
    "shear_max": 3.6349272962437182,
    "vel_net": 1.5120864350954037,
    "resolution": {
      "H": 25,
      "M": 65,
      "Nz": 129,
      "Nth": 128
    },
    "timestamp": "2026-04-13T16:38:24.409169"
  }
}