{
  "k": [
    0.1,
    0.10985411419875583,
    0.12067926406393285,
    0.13257113655901093,
    0.14563484775012436,
    0.15998587196060582,
    0.1757510624854792,
    0.193069772888325,
    0.21209508879201905,
    0.2329951810515372,
    0.2559547922699536,
    0.281176869797423,
    0.3088843596477481,
    0.3393221771895328,
    0.372759372031494,
    0.4094915062380424,
    0.44984326689694454,
    0.49417133613238345,
    0.5428675439323859,
    0.5963623316594643,
    0.6551285568595507,
    0.7196856730011519,
    0.7906043210907697,
    0.8685113737513525,
    0.9540954763499939,
    1.0481131341546859,
    1.151395399326447,
    1.2648552168552958,
    1.3894954943731375,
    1.5264179671752334,
    1.6768329368110073,
    1.8420699693267153,
    2.0235896477251565,
    2.2229964825261943,
    2.442053094548651,
    2.6826957952797246,
    2.9470517025518097,
    3.2374575428176433,
    3.5564803062231283,
    3.9069399370546147,
    4.291934260128776,
    4.714866363457392,
    5.17947467923121,
    5.689866029018296,
    6.250551925273969,
    6.866488450042998,
    7.543120063354615,
    8.286427728546842,
    9.102981779915218,
    10.0
  ],
  "gamma_max": [
    2.7309565736432098,
    2.7284027370605246,
    2.725322490456384,
    2.7216077440851865,
    2.7171283990692787,
    2.7117279470348996,
    2.7052182247946828,
    2.697373175697379,
    2.687921449208519,
    2.676537648275418,
    2.6628320120640834,
    2.6463382976260026,
    2.6264996007961874,
    2.6026518271706505,
    2.5740044881564614,
    2.539618441022944,
    2.498380102684063,
    2.4489715121067523,
    2.3898353626195497,
    2.3191337176027207,
    2.234698506563329,
    2.133971022765727,
    2.0139264917883835,
    1.8709783861622844,
    1.7008556337030567,
    1.498444362168201,
    1.2575844609234617,
    0.9708099468387696,
    0.6290204055396333,
    0.22106745383480747,
    -0.26676706842390635,
    -0.8514401604599213,
    -1.554037506894386,
    -2.4010401293125194,
    -3.4263531534727045,
    -4.438456664653448,
    -5.623684839579466,
    -7.158623678716419,
    -9.11715787436752,
    -11.606566650510244,
    -14.893119803492068,
    -18.64541495517017,
    -22.72596261503001,
    -27.6657414122134,
    -33.6389937241208,
    -40.856539285180695,
    -49.5732269294777,
    -60.096918893580145,
    -72.79934102770264,
    -88.12919215119058
  ],
  "omega_max": [
    -5.560170195219783e-12,
    1.7598596339183422e-13,
    1.347812368125313e-12,
    4.541454303877208e-14,
    -6.279985587011259e-13,
    -9.293131186889916e-14,
    2.5448530476215146e-13,
    8.782537751763742e-15,
    5.371060491024377e-13,
    4.4492581790609313e-13,
    4.887172322183839e-13,
    1.0322462791982846e-12,
    -4.048440553355852e-13,
    -2.677083960954887e-13,
    -8.261013399583931e-13,
    -2.8746792445278165e-13,
    -9.023534188418609e-14,
    9.44829334759741e-13,
    -1.4989803199944994e-13,
    -6.429737047153644e-13,
    2.0739001231034307e-13,
    3.617284361675598e-13,
    6.120508602710914e-13,
    7.156020678736416e-13,
    3.751232538761023e-13,
    -4.332838285113846e-14,
    1.561166034955911e-13,
    -1.4409597992538386e-13,
    6.693220317613194e-14,
    9.482377561735719e-15,
    2.720785508757834e-14,
    -2.8641676174876143e-13,
    2.1977449266254605e-13,
    2.555027612164647e-13,
    -2.0582558090868404e-13,
    -9.006546192285825e-14,
    8.993186309453665e-13,
    -1.0866250870784971e-12,
    4.550783772049439e-13,
    -4.3017424072687e-12,
    -2.3270912032880387e-12,
    -0.8813111798578339,
    -1.4149845466580544,
    -1.8921275696732605,
    -2.3621221107041626,
    -2.84411021092804,
    3.349689252623732,
    -3.887884848208513,
    4.466837408855859,
    5.094544266646125
  ],
  "params": {
    "alpha": -36.0,
    "dT": 0.8888888888888888,
    "dR": 1.0
  },
  "metadata": {
    "shear_max": 1.1887927171142283e-08,
    "vel_net": 8.449050808713406e-12,
    "resolution": {
      "H": 25,
      "M": 65,
      "Nz": 129,
      "Nth": 128
    },
    "timestamp": "2026-04-13T14:14:28.435928"
  }
}