{
  "k": [
    0.1,
    0.10985411419875583,
    0.12067926406393285,
    0.13257113655901093,
    0.14563484775012436,
    0.15998587196060582,
    0.1757510624854792,
    0.193069772888325,
    0.21209508879201905,
    0.2329951810515372,
    0.2559547922699536,
    0.281176869797423,
    0.3088843596477481,
    0.3393221771895328,
    0.372759372031494,
    0.4094915062380424,
    0.44984326689694454,
    0.49417133613238345,
    0.5428675439323859,
    0.5963623316594643,
    0.6551285568595507,
    0.7196856730011519,
    0.7906043210907697,
    0.8685113737513525,
    0.9540954763499939,
    1.0481131341546859,
    1.151395399326447,
    1.2648552168552958,
    1.3894954943731375,
    1.5264179671752334,
    1.6768329368110073,
    1.8420699693267153,
    2.0235896477251565,
    2.2229964825261943,
    2.442053094548651,
    2.6826957952797246,
    2.9470517025518097,
    3.2374575428176433,
    3.5564803062231283,
    3.9069399370546147,
    4.291934260128776,
    4.714866363457392,
    5.17947467923121,
    5.689866029018296,
    6.250551925273969,
    6.866488450042998,
    7.543120063354615,
    8.286427728546842,
    9.102981779915218,
    10.0
  ],
  "gamma_max": [
    -1.0015519121581493,
    -1.0045221093459018,
    -1.005964269643931,
    -1.0072222731312237,
    -1.0087503148958055,
    -1.0106079078982457,
    -1.0128680660279166,
    -1.0156204029135918,
    -1.0189749204822947,
    -1.0230666346563484,
    -1.0280612254611454,
    -1.0341619587013047,
    -1.04161821775775,
    -1.05073612419791,
    -1.0618919417799895,
    -1.0755492952118682,
    -1.0922817737777495,
    -1.1128033858334816,
    -1.1380108981106654,
    -1.1690450145724118,
    -1.2073832087108212,
    -1.2549898703016449,
    -1.3145809017658256,
    -1.3901491052092316,
    -1.4678516044384018,
    -1.5354535606577582,
    -1.6165317542275301,
    -1.7137769984712359,
    -1.8304345795676045,
    -1.9704253876523155,
    -2.13849421998417,
    -2.340390559113414,
    -2.583087506169727,
    -2.8750449876057496,
    -3.220614153504215,
    -3.598445246660217,
    -4.069991705128908,
    -4.654170562967972,
    -5.3730018875468595,
    -6.252534296535379,
    -7.323952462896243,
    -8.624849620852608,
    -10.20067711581229,
    -12.106407916647555,
    -14.408472579512189,
    -17.18704615212713,
    -20.538785045136155,
    -24.580135228080827,
    -29.451356625998272,
    -35.32143031154405
  ],
  "omega_max": [
    -3.4420373581446235e-15,
    1.3427634054874803e-15,
    -7.91284699076969e-15,
    1.3712719625304452e-15,
    1.153660955043113e-15,
    9.759935987476942e-16,
    2.671805129184792e-15,
    -6.875699253481112e-16,
    -2.2958125023387774e-15,
    3.2205815501366564e-15,
    -4.170623887308211e-15,
    1.0597308352691573e-14,
    -6.022785112662807e-17,
    -3.6772132095778536e-16,
    -2.503807152758945e-15,
    3.3392137329889993e-15,
    -3.576377614037484e-15,
    1.16860040443766e-14,
    1.1502521639338452e-14,
    -1.21384346671559e-15,
    3.0750635416754077e-15,
    -1.9234608705961538e-15,
    -9.40114923876191e-15,
    -1.9309699186760562e-15,
    0.4775378286462841,
    0.5277642284297022,
    0.5824882659093645,
    -0.6422228950208666,
    -0.7075338150828837,
    0.7790428141139988,
    0.8574305237586834,
    -0.9434401420443524,
    1.0378843072266095,
    1.1416573121317426,
    1.1899049068781882,
    1.3228236730526326,
    1.4659828633984389,
    -1.6221141899683906,
    1.7938247319718532,
    1.9836358117462767,
    2.194097647164081,
    -2.4279305122174644,
    2.6881625260007294,
    -2.9782520677867836,
    -3.302191594507533,
    -3.664590677807965,
    4.070734401346938,
    4.526613975833324,
    -5.038932979374997,
    -5.615105298114105
  ],
  "params": {
    "alpha": -15.0,
    "dT": 0.3333333333333333,
    "dR": 1.0
  },
  "metadata": {
    "shear_max": 1.916870910740652e-09,
    "vel_net": 5.169878828456423e-26,
    "resolution": {
      "H": 25,
      "M": 65,
      "Nz": 129,
      "Nth": 128
    },
    "timestamp": "2026-04-13T10:54:33.405021"
  }
}