{
  "k": [
    0.1,
    0.10985411419875583,
    0.12067926406393285,
    0.13257113655901093,
    0.14563484775012436,
    0.15998587196060582,
    0.1757510624854792,
    0.193069772888325,
    0.21209508879201905,
    0.2329951810515372,
    0.2559547922699536,
    0.281176869797423,
    0.3088843596477481,
    0.3393221771895328,
    0.372759372031494,
    0.4094915062380424,
    0.44984326689694454,
    0.49417133613238345,
    0.5428675439323859,
    0.5963623316594643,
    0.6551285568595507,
    0.7196856730011519,
    0.7906043210907697,
    0.8685113737513525,
    0.9540954763499939,
    1.0481131341546859,
    1.151395399326447,
    1.2648552168552958,
    1.3894954943731375,
    1.5264179671752334,
    1.6768329368110073,
    1.8420699693267153,
    2.0235896477251565,
    2.2229964825261943,
    2.442053094548651,
    2.6826957952797246,
    2.9470517025518097,
    3.2374575428176433,
    3.5564803062231283,
    3.9069399370546147,
    4.291934260128776,
    4.714866363457392,
    5.17947467923121,
    5.689866029018296,
    6.250551925273969,
    6.866488450042998,
    7.543120063354615,
    8.286427728546842,
    9.102981779915218,
    10.0
  ],
  "gamma_max": [
    -0.12651332079237926,
    -0.13594217444567233,
    -0.14729948965134215,
    -0.16097688412184566,
    -0.17744623294741266,
    -0.19727879062342327,
    -0.2211732285052106,
    -0.25000310380464863,
    -0.2849150454222373,
    -0.3275925114414867,
    -0.3812934942859332,
    -0.46234211398073993,
    -0.5175770810143661,
    -0.5531559567827055,
    -0.5947483760970845,
    -0.6431756589504849,
    -0.5882478149983053,
    -0.5721697440766159,
    -0.5613670142719757,
    -0.5524139122491787,
    -0.5443935668632992,
    -0.5370656307113818,
    -0.4085657826348734,
    -0.19715230565569994,
    0.012386888235036937,
    0.21586954139371514,
    0.4077620131667391,
    0.5803177189843302,
    0.7222369551769091,
    0.8166003835151648,
    0.8376268962563636,
    0.7455771995114928,
    0.48085697469748007,
    0.5699588114004877,
    1.6732370124286666,
    2.7347258406007007,
    3.4026594922420665,
    3.573168624545663,
    3.1530868053332295,
    1.932213192591353,
    -0.5622746653620202,
    -1.0899920422140077,
    -0.7766457751786731,
    -0.9683271467774996,
    -1.5965599628552314,
    -2.6530358701119714,
    -4.172218435042457,
    -6.218085539503065,
    -8.879678994983388,
    -12.260817208495318
  ],
  "omega_max": [
    1.9150478768473308e-11,
    -1.7570937157530788e-11,
    9.341709433620418e-12,
    1.4338215994714938e-11,
    3.831284181609844e-12,
    6.848629248457951e-12,
    -1.2458259334836278e-11,
    -1.2049099226435401e-11,
    1.585758099690658e-12,
    8.724879085598366e-12,
    2.606698822313067e-11,
    1.938638007544398e-11,
    0.06491248484710031,
    0.08426292627366974,
    -0.08168925285982954,
    -0.03233086471694082,
    -8.628369225542164e-13,
    9.947798288592664e-14,
    3.3291593634579127e-13,
    1.001119226949726e-12,
    4.4906600131713305e-13,
    -4.846769694163927e-13,
    -6.98639517540784,
    -7.098998423978775,
    7.2049801628328645,
    7.296969373692594,
    7.365972195757291,
    -7.4013664093195155,
    -7.391017286537058,
    -7.32164476571887,
    -7.17975890259227,
    6.954225740024734,
    6.644703353915562,
    8.846255622702342e-11,
    -3.287261686240564e-11,
    1.7047102230428313e-11,
    -1.5826062607641298e-11,
    -1.585384877806312e-12,
    -9.771638764393624e-12,
    -2.080034204626712e-11,
    1.8609097876762075e-10,
    8.665591682181011,
    -9.875721115497662,
    -11.268981906072812,
    12.750692685836777,
    -14.320044938734968,
    15.999333630548362,
    17.82479636019851,
    -19.853264952475943,
    -22.183577063386227
  ],
  "params": {
    "alpha": -50.0,
    "dT": 0.16666666666666666,
    "dR": 1.0
  },
  "metadata": {
    "shear_max": 6.973378608310297,
    "vel_net": 1.7985612998927536e-14,
    "resolution": {
      "H": 25,
      "M": 65,
      "Nz": 129,
      "Nth": 128
    },
    "timestamp": "2026-04-16T05:26:45.251035"
  }
}