{
  "k": [
    0.1,
    0.10985411419875583,
    0.12067926406393285,
    0.13257113655901093,
    0.14563484775012436,
    0.15998587196060582,
    0.1757510624854792,
    0.193069772888325,
    0.21209508879201905,
    0.2329951810515372,
    0.2559547922699536,
    0.281176869797423,
    0.3088843596477481,
    0.3393221771895328,
    0.372759372031494,
    0.4094915062380424,
    0.44984326689694454,
    0.49417133613238345,
    0.5428675439323859,
    0.5963623316594643,
    0.6551285568595507,
    0.7196856730011519,
    0.7906043210907697,
    0.8685113737513525,
    0.9540954763499939,
    1.0481131341546859,
    1.151395399326447,
    1.2648552168552958,
    1.3894954943731375,
    1.5264179671752334,
    1.6768329368110073,
    1.8420699693267153,
    2.0235896477251565,
    2.2229964825261943,
    2.442053094548651,
    2.6826957952797246,
    2.9470517025518097,
    3.2374575428176433,
    3.5564803062231283,
    3.9069399370546147,
    4.291934260128776,
    4.714866363457392,
    5.17947467923121,
    5.689866029018296,
    6.250551925273969,
    6.866488450042998,
    7.543120063354615,
    8.286427728546842,
    9.102981779915218,
    10.0
  ],
  "gamma_max": [
    0.1742097400127382,
    0.17298999817891944,
    0.1715180227067351,
    0.16974164463386393,
    0.1675978960118857,
    0.16501076665960052,
    0.16188848848365311,
    0.15812024274257402,
    0.15357215847982666,
    0.14808243321254122,
    0.14145535426523928,
    0.13345392119256064,
    0.1237906495176043,
    0.11211594224245686,
    0.09800308990742267,
    0.08092838870638035,
    0.06024381888219165,
    0.0351377076941654,
    0.0045746731367813,
    -0.032802969543370794,
    -0.07885241508664043,
    -0.13628867877886908,
    -0.20954005114552482,
    -0.3074214245692381,
    -0.4582569172779612,
    -0.6621959671424528,
    -0.7059367853806573,
    -0.7571614640430522,
    -0.817179860976731,
    -0.8875988935378852,
    -0.970402637969154,
    -1.0680446174340776,
    -1.1835518517940808,
    -1.3206422940259466,
    -1.4838598263031644,
    -1.6731756343617925,
    -1.8616342115311004,
    -2.1031656061335373,
    -2.4072938032260858,
    -2.7853401872775474,
    -3.2508995343014226,
    -3.820395289476002,
    -4.513711150541395,
    -5.354909304576346,
    -6.373059082958824,
    -7.603211046361208,
    -9.087561130356582,
    -10.876859000002247,
    -13.03212496703179,
    -15.6267496473361
  ],
  "omega_max": [
    -4.205082495002705e-16,
    1.1499676886888083e-15,
    5.444603959905713e-16,
    8.451941277021721e-16,
    -4.679655283652513e-16,
    1.591724825456508e-15,
    9.817590369709092e-16,
    6.358021037984139e-16,
    1.3659995302794703e-15,
    -9.977405021104311e-17,
    1.1082576991900142e-15,
    5.024054616712856e-16,
    -1.7371007615327782e-16,
    -1.094152268005479e-16,
    8.139491916977407e-16,
    5.420149684703742e-16,
    5.697136813975992e-16,
    5.887346873720987e-16,
    5.001674762751724e-16,
    3.8258023079602623e-16,
    1.0042434893775019e-15,
    7.587189573318145e-16,
    7.319639136794475e-16,
    2.0277221815640494e-15,
    -6.0515059942648956e-15,
    -0.18950069351480173,
    -0.33345500756136554,
    0.44742733876257135,
    0.5526602483516633,
    -0.6557228735656404,
    0.759949897602867,
    0.8675440925747744,
    -0.9802472891778015,
    1.0996194076499717,
    -1.227175537169447,
    1.3112595492337584,
    -1.4450926768659624,
    1.596657779999193,
    1.7675114227761697,
    1.9591715604194613,
    2.173314609371827,
    2.4119352103961047,
    2.677466508396382,
    -2.9728679447131783,
    -3.3016903120038124,
    -3.668125813632473,
    4.077047190507748,
    -4.534037474572051,
    -5.045412842675783,
    5.618246330031781
  ],
  "params": {
    "alpha": -19.0,
    "dT": 0.14285714285714285,
    "dR": 1.0
  },
  "metadata": {
    "shear_max": 6.4087610681247775e-09,
    "vel_net": 2.0679515313825692e-25,
    "resolution": {
      "H": 25,
      "M": 65,
      "Nz": 129,
      "Nth": 128
    },
    "timestamp": "2026-04-13T11:47:49.663825"
  }
}