{
  "k": [
    0.1,
    0.10985411419875583,
    0.12067926406393285,
    0.13257113655901093,
    0.14563484775012436,
    0.15998587196060582,
    0.1757510624854792,
    0.193069772888325,
    0.21209508879201905,
    0.2329951810515372,
    0.2559547922699536,
    0.281176869797423,
    0.3088843596477481,
    0.3393221771895328,
    0.372759372031494,
    0.4094915062380424,
    0.44984326689694454,
    0.49417133613238345,
    0.5428675439323859,
    0.5963623316594643,
    0.6551285568595507,
    0.7196856730011519,
    0.7906043210907697,
    0.8685113737513525,
    0.9540954763499939,
    1.0481131341546859,
    1.151395399326447,
    1.2648552168552958,
    1.3894954943731375,
    1.5264179671752334,
    1.6768329368110073,
    1.8420699693267153,
    2.0235896477251565,
    2.2229964825261943,
    2.442053094548651,
    2.6826957952797246,
    2.9470517025518097,
    3.2374575428176433,
    3.5564803062231283,
    3.9069399370546147,
    4.291934260128776,
    4.714866363457392,
    5.17947467923121,
    5.689866029018296,
    6.250551925273969,
    6.866488450042998,
    7.543120063354615,
    8.286427728546842,
    9.102981779915218,
    10.0
  ],
  "gamma_max": [
    1.5492168555845116,
    1.5476866285645088,
    1.545841309086839,
    1.5436163457214658,
    1.5409341098904625,
    1.5377013114147464,
    1.5338059312337222,
    1.5291135927945259,
    1.5234632854177843,
    1.5166623459693263,
    1.508480599377188,
    1.498643555091148,
    1.4868245554407342,
    1.4726357712874427,
    1.4556179378045395,
    1.435228709983719,
    1.4108294790484353,
    1.3816704011881353,
    1.3468732070679528,
    1.3054110219762538,
    1.256083842532163,
    1.197487367202205,
    1.1279713974150367,
    1.0455817673101,
    0.9479762672957774,
    0.8322992794364183,
    0.6949892291064254,
    0.5314702312452232,
    0.33562242790952296,
    0.09875699653749644,
    -0.19280198695810605,
    -0.5657732582449463,
    -1.1261500700840439,
    -1.6381336518172251,
    -1.998552891084873,
    -2.3782752362580677,
    -2.827836713004293,
    -3.3915371970078856,
    -4.0909040598358,
    -4.951502504463342,
    -6.00402801592989,
    -7.285584158225021,
    -8.841151758014401,
    -10.725280073311223,
    -13.004053894416499,
    -15.75741212365235,
    -19.08191447304884,
    -23.094073815992868,
    -27.934392256739315,
    -33.772259899691825
  ],
  "omega_max": [
    5.001872635998351e-15,
    -4.77042411148606e-13,
    -2.809667194365829e-13,
    1.3741788186493319e-14,
    -2.0465612787610257e-13,
    -6.580256214335414e-14,
    -1.0125860351816169e-13,
    3.284827356454487e-13,
    6.336116626032326e-14,
    -1.7340931028991577e-13,
    -7.758324928741766e-14,
    -1.8629080990022894e-13,
    3.385082348663271e-14,
    -6.87611363028573e-14,
    1.6578846265456606e-13,
    -2.4996315668109164e-13,
    3.539434497635592e-14,
    -7.606221704457357e-14,
    1.0866727176137571e-13,
    2.934053310160817e-14,
    -6.257771854098897e-14,
    8.790013117636849e-14,
    7.54129601936638e-14,
    1.2258790032555758e-14,
    2.6813507764337714e-14,
    -9.240448315365002e-14,
    8.687231448531877e-15,
    -1.549544960788283e-15,
    -8.752053851867827e-15,
    -2.289213659704565e-14,
    1.7968414223397415e-14,
    -1.1669027446000072e-13,
    4.392961126745616e-14,
    -0.46741578518389865,
    0.7277641383875144,
    0.7481379805187496,
    0.9071498592947669,
    1.0922773995421278,
    1.3013938174495943,
    1.5333401038688574,
    -1.78793959417178,
    2.065939369348423,
    -2.368934253462209,
    2.6993010947569642,
    3.0601567064937876,
    -3.4553408748241186,
    -3.8894176792263817,
    4.367686462381774,
    4.896197609043744,
    -5.481775199498671
  ],
  "params": {
    "alpha": -26.0,
    "dT": 0.3333333333333333,
    "dR": 1.0
  },
  "metadata": {
    "shear_max": 1.6152442685230106e-08,
    "vel_net": 6.446289629460774e-10,
    "resolution": {
      "H": 25,
      "M": 65,
      "Nz": 129,
      "Nth": 128
    },
    "timestamp": "2026-04-13T13:00:25.535730"
  }
}