{
  "k": [
    0.1,
    0.10985411419875583,
    0.12067926406393285,
    0.13257113655901093,
    0.14563484775012436,
    0.15998587196060582,
    0.1757510624854792,
    0.193069772888325,
    0.21209508879201905,
    0.2329951810515372,
    0.2559547922699536,
    0.281176869797423,
    0.3088843596477481,
    0.3393221771895328,
    0.372759372031494,
    0.4094915062380424,
    0.44984326689694454,
    0.49417133613238345,
    0.5428675439323859,
    0.5963623316594643,
    0.6551285568595507,
    0.7196856730011519,
    0.7906043210907697,
    0.8685113737513525,
    0.9540954763499939,
    1.0481131341546859,
    1.151395399326447,
    1.2648552168552958,
    1.3894954943731375,
    1.5264179671752334,
    1.6768329368110073,
    1.8420699693267153,
    2.0235896477251565,
    2.2229964825261943,
    2.442053094548651,
    2.6826957952797246,
    2.9470517025518097,
    3.2374575428176433,
    3.5564803062231283,
    3.9069399370546147,
    4.291934260128776,
    4.714866363457392,
    5.17947467923121,
    5.689866029018296,
    6.250551925273969,
    6.866488450042998,
    7.543120063354615,
    8.286427728546842,
    9.102981779915218,
    10.0
  ],
  "gamma_max": [
    -2.071439106064102,
    -2.0697824506548725,
    -2.068221026242331,
    -2.066818439757732,
    -2.0656560055274036,
    -2.0648369104691113,
    -2.064491296160884,
    -2.0647824473947685,
    -2.011669988374025,
    -1.9504663902394466,
    -1.8855639170935456,
    -1.817138836817709,
    -1.7454999849958912,
    -1.6711213480156704,
    -1.5946792984174187,
    -1.5170944890119922,
    -1.4395782980048333,
    -1.3636836368589702,
    -1.2913599119741785,
    -1.2250119944755207,
    -1.1675632254765627,
    -1.1225227995589229,
    -1.094058368781825,
    -1.0870754542380854,
    -1.1073063128557175,
    -1.1614123553644413,
    -1.2571060945688581,
    -1.403300925923983,
    -1.6102998012147431,
    -1.890037196742089,
    -2.2563933468242565,
    -2.435197409519552,
    -2.50887454487267,
    -2.7224697827845326,
    -3.1203252567840307,
    -3.752754404349263,
    -4.675140114516044,
    -5.94814773576076,
    -7.639223040376471,
    -9.82532617448038,
    -12.59674081274394,
    -16.061814228161147,
    -20.352676597014028,
    -25.632421678126594,
    -32.10520066111175,
    -40.033513583625385,
    -49.77763808185046,
    -61.834494245928624,
    -75.55216818026858,
    -91.3332167778795
  ],
  "omega_max": [
    0.8730889735194096,
    0.8886136579945574,
    0.9057681218536202,
    0.9247312476552452,
    0.9457024188475868,
    0.9689037880266036,
    0.9945826922530916,
    1.0230141667814374,
    4.719095800721067,
    4.7742852652955206,
    4.835351304313548,
    4.90285363156389,
    4.977371517216787,
    5.059492237850078,
    5.149796021485401,
    5.248837700763357,
    5.357125891258434,
    5.475101336359435,
    5.60311710251945,
    5.7414244964572205,
    5.890169762383177,
    6.049407550629249,
    6.219137421503737,
    6.399368764835867,
    6.590216924732725,
    6.792028650673195,
    7.005528293982923,
    7.231968131926958,
    7.473258210445205,
    7.732044800671414,
    8.011703160303519,
    7.298255627724422,
    7.602272039611423,
    7.9517087623340315,
    8.355635578112729,
    8.822378518951206,
    9.359680952565935,
    9.975087971504127,
    10.676355801960716,
    11.471876067832069,
    12.37116106856857,
    13.385449174731768,
    14.52853080639779,
    15.818050882418795,
    17.278114744766775,
    18.946555879721572,
    20.90677341063217,
    23.552705537405963,
    19.07241022814475,
    31.29117600328105
  ],
  "params": {
    "alpha": -39.0,
    "dT": 0.9,
    "dR": 1.0
  },
  "metadata": {
    "shear_max": 4.820486142755025,
    "vel_net": 1.9862764553458259,
    "resolution": {
      "H": 25,
      "M": 65,
      "Nz": 129,
      "Nth": 128
    },
    "timestamp": "2026-04-13T14:58:04.961168"
  }
}