{
  "k": [
    0.1,
    0.10985411419875583,
    0.12067926406393285,
    0.13257113655901093,
    0.14563484775012436,
    0.15998587196060582,
    0.1757510624854792,
    0.193069772888325,
    0.21209508879201905,
    0.2329951810515372,
    0.2559547922699536,
    0.281176869797423,
    0.3088843596477481,
    0.3393221771895328,
    0.372759372031494,
    0.4094915062380424,
    0.44984326689694454,
    0.49417133613238345,
    0.5428675439323859,
    0.5963623316594643,
    0.6551285568595507,
    0.7196856730011519,
    0.7906043210907697,
    0.8685113737513525,
    0.9540954763499939,
    1.0481131341546859,
    1.151395399326447,
    1.2648552168552958,
    1.3894954943731375,
    1.5264179671752334,
    1.6768329368110073,
    1.8420699693267153,
    2.0235896477251565,
    2.2229964825261943,
    2.442053094548651,
    2.6826957952797246,
    2.9470517025518097,
    3.2374575428176433,
    3.5564803062231283,
    3.9069399370546147,
    4.291934260128776,
    4.714866363457392,
    5.17947467923121,
    5.689866029018296,
    6.250551925273969,
    6.866488450042998,
    7.543120063354615,
    8.286427728546842,
    9.102981779915218,
    10.0
  ],
  "gamma_max": [
    0.9713750750566255,
    0.9571782046389906,
    0.9399403966666079,
    0.9189824664375392,
    0.8934599721034802,
    0.8623162943796967,
    0.8242190896981488,
    0.7774726871454398,
    0.7198950768203914,
    0.6486421017975674,
    0.5599525397491792,
    0.4487754172985822,
    0.30822136075186246,
    0.12868570864117146,
    -0.10460963630330307,
    -0.44407071095974376,
    -0.6710458814218575,
    -0.46726699410324246,
    -0.27334633000425573,
    -0.09452100496719297,
    0.06883248605658934,
    0.21784615147315867,
    0.3533861871005468,
    0.47550059455512417,
    0.5833008410275399,
    0.6749195789193593,
    0.7474240975404862,
    0.7966469221576059,
    0.816922274181317,
    0.8007360822135985,
    0.7383293921927584,
    0.6173642705650145,
    0.4229351034206903,
    0.13869770103021234,
    -0.24891329414471025,
    -0.7406430778787476,
    -1.0260959563720464,
    -1.3356463560030112,
    -1.9303615956625026,
    -2.8498403674589423,
    -4.04080790684219,
    -4.753448148580057,
    -5.686130011003528,
    -6.903852735223829,
    -8.461171141858795,
    -10.417849581122637,
    -12.84518150094988,
    -15.830110376310595,
    -19.479005626706716,
    -23.92182688925423
  ],
  "omega_max": [
    -1.2588605729156504e-11,
    4.562115960123188e-12,
    -1.5406491107415085e-11,
    -1.1798673144481303e-11,
    -2.107666627031022e-12,
    3.592578801246396e-12,
    2.0636944221704886e-11,
    8.395275387485233e-12,
    2.6974795731725865e-12,
    -1.498947721526069e-11,
    1.0930257994987746e-11,
    -5.78820084099399e-12,
    -1.394608587248993e-11,
    3.6786539900814136e-12,
    -2.6049430829430628e-11,
    -1.7635424858148847e-11,
    -2.712250104595853,
    2.8111973345111125,
    2.935605879971153,
    -3.07583363920563,
    3.2235372925060224,
    -3.3728298418969667,
    3.5193832854321054,
    -3.659502890561137,
    3.7895625598884686,
    3.9057194323060327,
    4.003815281517733,
    4.079426980723506,
    4.128072284638464,
    4.1456096910381195,
    -4.128901931092752,
    4.07685970667072,
    3.9920827051722116,
    3.883485374094379,
    3.770140125953279,
    -3.6840861890541383,
    8.542247115565307e-12,
    -1.3973824110816529e-12,
    1.3352352429368096e-11,
    8.537244123124929e-12,
    -5.21016903128863,
    5.939099861421816,
    -6.709472526771125,
    7.540782258433356,
    -8.44153910041598,
    -9.419522258619796,
    10.483959908142786,
    11.645868495686225,
    12.918201209901074,
    -14.316222023697561
  ],
  "params": {
    "alpha": -37.0,
    "dT": 0.25,
    "dR": 1.0
  },
  "metadata": {
    "shear_max": 3.73389183390851,
    "vel_net": 7.078893027312461e-12,
    "resolution": {
      "H": 25,
      "M": 65,
      "Nz": 129,
      "Nth": 128
    },
    "timestamp": "2026-04-14T14:49:23.420038"
  }
}