{
  "k": [
    0.1,
    0.10985411419875583,
    0.12067926406393285,
    0.13257113655901093,
    0.14563484775012436,
    0.15998587196060582,
    0.1757510624854792,
    0.193069772888325,
    0.21209508879201905,
    0.2329951810515372,
    0.2559547922699536,
    0.281176869797423,
    0.3088843596477481,
    0.3393221771895328,
    0.372759372031494,
    0.4094915062380424,
    0.44984326689694454,
    0.49417133613238345,
    0.5428675439323859,
    0.5963623316594643,
    0.6551285568595507,
    0.7196856730011519,
    0.7906043210907697,
    0.8685113737513525,
    0.9540954763499939,
    1.0481131341546859,
    1.151395399326447,
    1.2648552168552958,
    1.3894954943731375,
    1.5264179671752334,
    1.6768329368110073,
    1.8420699693267153,
    2.0235896477251565,
    2.2229964825261943,
    2.442053094548651,
    2.6826957952797246,
    2.9470517025518097,
    3.2374575428176433,
    3.5564803062231283,
    3.9069399370546147,
    4.291934260128776,
    4.714866363457392,
    5.17947467923121,
    5.689866029018296,
    6.250551925273969,
    6.866488450042998,
    7.543120063354615,
    8.286427728546842,
    9.102981779915218,
    10.0
  ],
  "gamma_max": [
    0.8375351289110343,
    0.8227432195167957,
    0.8047967480706916,
    0.7829982702852857,
    0.756484486126635,
    0.7241813319372659,
    0.684744461591601,
    0.6364794142804177,
    0.5772333305800725,
    0.5042466920646334,
    0.41394870421609664,
    0.30167009795666017,
    0.1612041681724721,
    -0.016158787505080995,
    -0.24653615593875353,
    -0.6021550731112683,
    -0.7378953551647414,
    -0.5542966578127352,
    -0.3596905680016502,
    -0.17590138453662885,
    -0.004707949659430859,
    0.15372732432836264,
    0.2994690413011821,
    0.4321313287894317,
    0.5505943400341752,
    0.6528502433748951,
    0.7358463520322774,
    0.795265434785058,
    0.825217545265346,
    0.8178433180711929,
    0.7628664941417929,
    0.6472108161476012,
    0.4549923646784182,
    0.16876642037551218,
    -0.2256469287099898,
    -0.7273518671272936,
    -0.9200346042858215,
    -1.2308091374428705,
    -1.853043026408771,
    -2.8294727222431235,
    -3.9242629937873663,
    -4.600601665963133,
    -5.504298003357535,
    -6.701198536438351,
    -8.244942610777104,
    -10.194331203121527,
    -12.620034177432435,
    -15.608719637639265,
    -19.26679661373975,
    -23.724563205220473
  ],
  "omega_max": [
    -1.6456810055083355e-14,
    -1.4218703089969328e-13,
    4.190423831348973e-13,
    6.733929877951426e-13,
    2.104732445876261e-14,
    1.0406623016082728e-13,
    1.1221815336796411e-12,
    -1.021249931060169e-12,
    6.346890743643499e-14,
    -1.252690925156402e-12,
    -4.590328006329747e-13,
    4.658943343546536e-13,
    -6.481713108719321e-13,
    -1.0826753793794827e-12,
    -2.482378452467378e-12,
    0.11101202014464215,
    0.23524421018972502,
    3.1236959894621634,
    -3.2383593737249052,
    -3.3694442468884214,
    -3.5099748909679227,
    -3.6541914411930896,
    -3.7973923049669835,
    -3.9353954685981285,
    4.064093753387059,
    4.179184514168419,
    4.276056787314671,
    -4.349824913034418,
    -4.395524258422811,
    4.408512715606158,
    4.385152943735686,
    4.323901872410451,
    4.227048663469021,
    -4.103550693068945,
    -3.9733059038421596,
    -3.870497263644541,
    -4.468612890189383e-12,
    -1.0673081385404548e-12,
    -9.041062520918728e-13,
    5.840646477011657e-14,
    -5.399162430081156,
    6.150983777556387,
    6.9519449289255535,
    -7.8183739307755715,
    -8.75758645459526,
    9.777274478754922,
    10.887133724169487,
    -12.098959444245377,
    13.426756869370584,
    -14.887229624249692
  ],
  "params": {
    "alpha": -38.0,
    "dT": 0.25,
    "dR": 1.0
  },
  "metadata": {
    "shear_max": 3.9814423761249356,
    "vel_net": 1.9608759060929515e-12,
    "resolution": {
      "H": 25,
      "M": 65,
      "Nz": 129,
      "Nth": 128
    },
    "timestamp": "2026-04-15T16:02:11.417634"
  }
}