{
  "k": [
    0.1,
    0.10985411419875583,
    0.12067926406393285,
    0.13257113655901093,
    0.14563484775012436,
    0.15998587196060582,
    0.1757510624854792,
    0.193069772888325,
    0.21209508879201905,
    0.2329951810515372,
    0.2559547922699536,
    0.281176869797423,
    0.3088843596477481,
    0.3393221771895328,
    0.372759372031494,
    0.4094915062380424,
    0.44984326689694454,
    0.49417133613238345,
    0.5428675439323859,
    0.5963623316594643,
    0.6551285568595507,
    0.7196856730011519,
    0.7906043210907697,
    0.8685113737513525,
    0.9540954763499939,
    1.0481131341546859,
    1.151395399326447,
    1.2648552168552958,
    1.3894954943731375,
    1.5264179671752334,
    1.6768329368110073,
    1.8420699693267153,
    2.0235896477251565,
    2.2229964825261943,
    2.442053094548651,
    2.6826957952797246,
    2.9470517025518097,
    3.2374575428176433,
    3.5564803062231283,
    3.9069399370546147,
    4.291934260128776,
    4.714866363457392,
    5.17947467923121,
    5.689866029018296,
    6.250551925273969,
    6.866488450042998,
    7.543120063354615,
    8.286427728546842,
    9.102981779915218,
    10.0
  ],
  "gamma_max": [
    -0.9203696711809369,
    -0.9123027989713232,
    -0.9041713613621665,
    -0.8960227069725626,
    -0.8879149169819185,
    -0.8799194025835027,
    -0.8721241100593572,
    -0.8646375274521134,
    -0.8575937475819565,
    -0.8511589583545943,
    -0.8455399118654354,
    -0.8409951851567611,
    -0.8378504986346829,
    -0.8365201151877106,
    -0.8375377021197574,
    -0.8416026206155298,
    -0.8496528985007121,
    -0.8629880458431403,
    -0.8834950476935362,
    -0.9141204195613011,
    -0.9600624482139692,
    -0.9323789392018067,
    -0.8505601209554026,
    -0.7688937415989214,
    -0.6888994981613771,
    -0.6123833307043814,
    -0.5414604364190833,
    -0.4785782244654898,
    -0.4265448770154379,
    -0.388575986880426,
    -0.3683779258871299,
    -0.3702860728003917,
    -0.3994562896710389,
    -0.37537524513814674,
    -0.33864822875047174,
    -0.3563840872213205,
    -0.4448175745081786,
    -0.6178767820364149,
    -0.8801735235777565,
    -1.215850984275945,
    -1.597915003992681,
    -2.0261878221502183,
    -2.528135521051408,
    -3.1350226499047116,
    -3.8747379051432067,
    -4.773723640773894,
    -5.859851150789997,
    -7.165355907806816,
    -8.730032483968774,
    -10.604120638950901
  ],
  "omega_max": [
    0.11817583375155674,
    0.11620662839229559,
    0.11387007987895742,
    0.11110491252783224,
    0.10784433082614907,
    0.10401561003495273,
    0.09953963113689047,
    0.09433034730502972,
    0.08829419149459387,
    0.08132943869416649,
    0.07332553820662956,
    0.06416248251471408,
    0.05371033104295448,
    0.041829130769579344,
    0.02836969814533541,
    0.013176138827782808,
    -0.00390826688859768,
    -0.02302888134608391,
    -0.04429653276891759,
    -0.06775037088622861,
    -0.09335216803083547,
    -3.823866943163193,
    -3.9525534817098067,
    -4.08957556955193,
    -4.235242485139596,
    -4.389960667394894,
    -4.554279038148569,
    -4.728919646100344,
    -4.914774555705938,
    -5.112846265130802,
    -5.324107644174946,
    -5.54925595277244,
    -5.788324646487356,
    -5.620653773766581,
    -6.037228563332392,
    -6.5179962362111965,
    -7.076836128656578,
    -7.732958906432959,
    -8.512891130948132,
    -9.441193713739498,
    -10.514794970767225,
    -11.708121174452852,
    -13.00964223640728,
    -14.427267794545251,
    -15.977757781309867,
    -17.680700273649013,
    -19.556121311038833,
    -21.62344970073043,
    -23.90158684095801,
    -26.410167818311862
  ],
  "params": {
    "alpha": -26.0,
    "dT": 0.1,
    "dR": 1.0
  },
  "metadata": {
    "shear_max": 3.3307234273035604,
    "vel_net": 1.3816349338938756,
    "resolution": {
      "H": 25,
      "M": 65,
      "Nz": 129,
      "Nth": 128
    },
    "timestamp": "2026-04-13T17:07:37.075542"
  }
}