{
  "k": [
    0.1,
    0.10985411419875583,
    0.12067926406393285,
    0.13257113655901093,
    0.14563484775012436,
    0.15998587196060582,
    0.1757510624854792,
    0.193069772888325,
    0.21209508879201905,
    0.2329951810515372,
    0.2559547922699536,
    0.281176869797423,
    0.3088843596477481,
    0.3393221771895328,
    0.372759372031494,
    0.4094915062380424,
    0.44984326689694454,
    0.49417133613238345,
    0.5428675439323859,
    0.5963623316594643,
    0.6551285568595507,
    0.7196856730011519,
    0.7906043210907697,
    0.8685113737513525,
    0.9540954763499939,
    1.0481131341546859,
    1.151395399326447,
    1.2648552168552958,
    1.3894954943731375,
    1.5264179671752334,
    1.6768329368110073,
    1.8420699693267153,
    2.0235896477251565,
    2.2229964825261943,
    2.442053094548651,
    2.6826957952797246,
    2.9470517025518097,
    3.2374575428176433,
    3.5564803062231283,
    3.9069399370546147,
    4.291934260128776,
    4.714866363457392,
    5.17947467923121,
    5.689866029018296,
    6.250551925273969,
    6.866488450042998,
    7.543120063354615,
    8.286427728546842,
    9.102981779915218,
    10.0
  ],
  "gamma_max": [
    -0.02133025805710796,
    -0.03076478399632764,
    -0.042135225270651756,
    -0.055835961799049025,
    -0.07234127945339613,
    -0.09222249481395917,
    -0.11617083354719403,
    -0.1450315350460287,
    -0.17986470504581126,
    -0.22208507529951346,
    -0.2739078902374016,
    -0.34078269451554144,
    -0.43386993716908573,
    -0.46987055138459216,
    -0.511972697988108,
    -0.5461733209637585,
    -0.4968498383358794,
    -0.4795154517476251,
    -0.46536415268152814,
    -0.4516737938554431,
    -0.4375456798811374,
    -0.34625861811666936,
    -0.191062522957226,
    -0.03895114113445101,
    0.10736798279167858,
    0.24480892183620762,
    0.3696131253918319,
    0.47695462449901194,
    0.5604418230239779,
    0.6115376527165974,
    0.6190102893488424,
    0.5687886228546339,
    0.4452684911949633,
    0.23610866827368301,
    0.3590595929743465,
    0.5807977357827135,
    0.6926994550585996,
    0.5493745537941332,
    0.02647268209318203,
    -1.0471650448449974,
    -1.1927106378111516,
    -1.2511919215509468,
    -1.4545063433553944,
    -1.8417271441545675,
    -2.4396647941502034,
    -3.2747759189943615,
    -4.37859525532869,
    -5.7890074342262245,
    -7.548549484396433,
    -9.699516558194452
  ],
  "omega_max": [
    -3.2903521888559905e-14,
    4.0507998538196613e-14,
    4.932882934970569e-15,
    -1.500798138750532e-14,
    -7.440904104695362e-15,
    -5.1238666170544235e-14,
    5.555859081397943e-14,
    -9.423938669871228e-15,
    -4.864907824469204e-14,
    -3.87650237669905e-14,
    -5.133421462556762e-14,
    -2.038201991702648e-14,
    0.04313277459788166,
    -0.07427246929301463,
    -0.07438577093034447,
    -5.5475108368435464e-14,
    -4.058736193798222e-15,
    7.474846760355914e-15,
    4.727220363489576e-16,
    -1.7275697437333e-14,
    -9.535513307189078e-15,
    4.575463413622164,
    4.666349456357879,
    4.757378711550463,
    4.844348385927793,
    -4.922313814634782,
    -4.985644204003858,
    -5.028117477060838,
    -5.043113196529212,
    -5.023993300136642,
    -4.96483182162163,
    -4.861892472663829,
    -4.717098616230836,
    4.5470281333793325,
    4.0793157061353266e-13,
    -9.916183972065911e-13,
    -6.881270030371916e-13,
    -2.397782132906307e-13,
    -5.144889798071436e-13,
    -3.6417817220604276e-13,
    6.67116403135469,
    -7.413312767023968,
    8.273327367359373,
    -9.24308328032687,
    -10.31844379050407,
    -11.504522426047648,
    12.815047457917794,
    14.271922655311664,
    -15.905405009799905,
    -17.75172216500914
  ],
  "params": {
    "alpha": -37.0,
    "dT": 0.1111111111111111,
    "dR": 1.0
  },
  "metadata": {
    "shear_max": 4.803794282796966,
    "vel_net": 1.216249323476859e-13,
    "resolution": {
      "H": 25,
      "M": 65,
      "Nz": 129,
      "Nth": 128
    },
    "timestamp": "2026-04-15T16:41:16.120952"
  }
}