{
  "k": [
    0.1,
    0.10985411419875583,
    0.12067926406393285,
    0.13257113655901093,
    0.14563484775012436,
    0.15998587196060582,
    0.1757510624854792,
    0.193069772888325,
    0.21209508879201905,
    0.2329951810515372,
    0.2559547922699536,
    0.281176869797423,
    0.3088843596477481,
    0.3393221771895328,
    0.372759372031494,
    0.4094915062380424,
    0.44984326689694454,
    0.49417133613238345,
    0.5428675439323859,
    0.5963623316594643,
    0.6551285568595507,
    0.7196856730011519,
    0.7906043210907697,
    0.8685113737513525,
    0.9540954763499939,
    1.0481131341546859,
    1.151395399326447,
    1.2648552168552958,
    1.3894954943731375,
    1.5264179671752334,
    1.6768329368110073,
    1.8420699693267153,
    2.0235896477251565,
    2.2229964825261943,
    2.442053094548651,
    2.6826957952797246,
    2.9470517025518097,
    3.2374575428176433,
    3.5564803062231283,
    3.9069399370546147,
    4.291934260128776,
    4.714866363457392,
    5.17947467923121,
    5.689866029018296,
    6.250551925273969,
    6.866488450042998,
    7.543120063354615,
    8.286427728546842,
    9.102981779915218,
    10.0
  ],
  "gamma_max": [
    0.206042795337644,
    0.20458303651788362,
    0.20282165119569043,
    0.20069636587145165,
    0.1981320682428233,
    0.1950381646542208,
    0.19130539270995284,
    0.18680197405102741,
    0.18136896509844,
    0.1748146273684614,
    0.16690758894718857,
    0.15736849647430146,
    0.1458597477674858,
    0.13197272186000272,
    0.11521163582716454,
    0.09497265965093336,
    0.07051601967390607,
    0.040927114186333234,
    0.005059246593415985,
    -0.03855676054106033,
    -0.09186811215604572,
    -0.1575990781329329,
    -0.23991995186655998,
    -0.34633609866556725,
    -0.49604989195195326,
    -0.7669666169854885,
    -0.8362428323243126,
    -0.9180981668599597,
    -1.0148526313501722,
    -1.129319591597916,
    -1.2649259904199857,
    -1.4258574507166772,
    -1.6172314203554334,
    -1.845302100708788,
    -2.1177018955237665,
    -2.409559090658955,
    -2.7491276278560375,
    -3.175955703781031,
    -3.7063686738253363,
    -4.359760866153251,
    -5.159425293640795,
    -6.133514519767102,
    -7.316136838115036,
    -8.748611206477648,
    -10.480923835499178,
    -12.57344679650616,
    -15.098994607342359,
    -18.145309589752813,
    -21.818082036418062,
    -26.244627054718627
  ],
  "omega_max": [
    5.325843393063632e-16,
    5.27916405815574e-16,
    1.8511509306583162e-15,
    6.222051870577698e-16,
    7.487003335098476e-16,
    7.852979875703692e-16,
    5.511773607491344e-16,
    2.319562491785931e-15,
    -2.402957080138557e-16,
    9.768321201870144e-16,
    1.480673733048121e-15,
    4.487794434837271e-16,
    4.0818345408151956e-16,
    3.095552036808862e-16,
    -1.91823510044078e-16,
    1.1900443681127336e-15,
    1.1872142213553583e-15,
    3.460997290008604e-16,
    4.982875553632911e-16,
    5.022093829236486e-16,
    7.845334823630973e-17,
    4.1483585583560073e-16,
    -6.026503658862432e-16,
    3.196506121886974e-16,
    -1.786771018101435e-15,
    -0.1302174125243559,
    0.3002892933202418,
    -0.42030481999086866,
    -0.5281438343926786,
    0.6325482150562848,
    -0.7375717058221357,
    -0.8457528778644563,
    -0.9590126225795883,
    1.0790006507120267,
    -1.2072603381567644,
    1.2568107744008132,
    1.3899908517095898,
    1.5421810022972748,
    -1.7148288680615376,
    -1.9092386950907443,
    -2.1268251404055105,
    -2.3693173911062493,
    -2.6389054672232977,
    -2.9383400767726697,
    3.2710015287968637,
    -3.640948958931292,
    -4.052955501563799,
    -4.512532014629244,
    -5.025943020624469,
    -5.600223675786177
  ],
  "params": {
    "alpha": -20.0,
    "dT": 0.25,
    "dR": 1.0
  },
  "metadata": {
    "shear_max": 5.6741914656297066e-09,
    "vel_net": 4.49977918187015e-26,
    "resolution": {
      "H": 20,
      "M": 49,
      "Nz": 97,
      "Nth": 96
    },
    "timestamp": "2026-02-13T16:40:42.316745"
  }
}