{
  "k": [
    0.1,
    0.10985411419875583,
    0.12067926406393285,
    0.13257113655901093,
    0.14563484775012436,
    0.15998587196060582,
    0.1757510624854792,
    0.193069772888325,
    0.21209508879201905,
    0.2329951810515372,
    0.2559547922699536,
    0.281176869797423,
    0.3088843596477481,
    0.3393221771895328,
    0.372759372031494,
    0.4094915062380424,
    0.44984326689694454,
    0.49417133613238345,
    0.5428675439323859,
    0.5963623316594643,
    0.6551285568595507,
    0.7196856730011519,
    0.7906043210907697,
    0.8685113737513525,
    0.9540954763499939,
    1.0481131341546859,
    1.151395399326447,
    1.2648552168552958,
    1.3894954943731375,
    1.5264179671752334,
    1.6768329368110073,
    1.8420699693267153,
    2.0235896477251565,
    2.2229964825261943,
    2.442053094548651,
    2.6826957952797246,
    2.9470517025518097,
    3.2374575428176433,
    3.5564803062231283,
    3.9069399370546147,
    4.291934260128776,
    4.714866363457392,
    5.17947467923121,
    5.689866029018296,
    6.250551925273969,
    6.866488450042998,
    7.543120063354615,
    8.286427728546842,
    9.102981779915218,
    10.0
  ],
  "gamma_max": [
    -0.03450621416604421,
    -0.043588137173765015,
    -0.05452924094570296,
    -0.06770620844414209,
    -0.08357100060496624,
    -0.1026663751557992,
    -0.1256461879875469,
    -0.15330481502250615,
    -0.1866279302558265,
    -0.22690528728212844,
    -0.2760782796242068,
    -0.33851599554489176,
    -0.43097077197836364,
    -0.46575054728661713,
    -0.5065059337554836,
    -0.509014908792013,
    -0.4819849740675277,
    -0.4672891288169088,
    -0.45440011689893894,
    -0.44152884211112436,
    -0.4280359239080447,
    -0.390929482171735,
    -0.2306253642886264,
    -0.0726284165333665,
    0.08022786181809069,
    0.22468791809894745,
    0.35676828371081937,
    0.4713266002120596,
    0.5614965184995219,
    0.6180012261725103,
    0.6284490764611541,
    0.5770108883143638,
    0.4457476743474428,
    0.220449006776846,
    0.44731859503056454,
    0.7400808537342634,
    0.9151862294154129,
    0.8071576217082329,
    0.2820346560903049,
    -0.8741203628041481,
    -1.1440444397686158,
    -1.155109982247431,
    -1.3166869319644037,
    -1.6732798994930962,
    -2.251531586708739,
    -3.0765700764004262,
    -4.178750789868198,
    -5.594593895387648,
    -7.363976521763854,
    -9.523995197732017
  ],
  "omega_max": [
    -1.2534123791918595e-13,
    -1.4675682293170448e-13,
    5.858279195575002e-15,
    3.6472930396587524e-14,
    3.7998226316228544e-14,
    -1.0833563237616394e-13,
    -1.0853726639253924e-13,
    1.0448472307248689e-13,
    -4.262625406496599e-14,
    -8.413070084080067e-14,
    -8.678260135875425e-14,
    1.07889344102489e-13,
    0.0339518318038717,
    -0.06515410795092076,
    -0.062159081504380466,
    6.524175278575824e-13,
    4.559990920453375e-13,
    1.2719798152554174e-13,
    -1.6193697356994112e-13,
    6.772843962235028e-14,
    2.430108392750762e-13,
    4.812951518389596,
    -4.903357121946069,
    4.993874919937593,
    5.080210789563408,
    -5.157223186448279,
    5.218975905282762,
    -5.25883091563363,
    -5.26963714760549,
    -5.24410553173504,
    -5.175540872946551,
    5.059384393717914,
    4.897113996261389,
    4.707320200712643,
    -9.318755826705885e-13,
    -3.482391013428078e-13,
    -6.155896525151097e-13,
    1.898719450263178e-12,
    -1.433014134685251e-13,
    4.2661420604688675e-12,
    -6.852319980938794,
    7.6021854722979425,
    -8.485824302717397,
    9.489187143920667,
    10.604011153425462,
    11.834430710347048,
    13.195198244666082,
    -14.710572850517272,
    -16.413935755870536,
    -18.343499822004343
  ],
  "params": {
    "alpha": -38.0,
    "dT": 0.1111111111111111,
    "dR": 1.0
  },
  "metadata": {
    "shear_max": 5.0257287301672475,
    "vel_net": 2.0700108294136044e-13,
    "resolution": {
      "H": 25,
      "M": 65,
      "Nz": 129,
      "Nth": 128
    },
    "timestamp": "2026-04-15T17:27:14.032014"
  }
}