{
  "k": [
    0.1,
    0.10985411419875583,
    0.12067926406393285,
    0.13257113655901093,
    0.14563484775012436,
    0.15998587196060582,
    0.1757510624854792,
    0.193069772888325,
    0.21209508879201905,
    0.2329951810515372,
    0.2559547922699536,
    0.281176869797423,
    0.3088843596477481,
    0.3393221771895328,
    0.372759372031494,
    0.4094915062380424,
    0.44984326689694454,
    0.49417133613238345,
    0.5428675439323859,
    0.5963623316594643,
    0.6551285568595507,
    0.7196856730011519,
    0.7906043210907697,
    0.8685113737513525,
    0.9540954763499939,
    1.0481131341546859,
    1.151395399326447,
    1.2648552168552958,
    1.3894954943731375,
    1.5264179671752334,
    1.6768329368110073,
    1.8420699693267153,
    2.0235896477251565,
    2.2229964825261943,
    2.442053094548651,
    2.6826957952797246,
    2.9470517025518097,
    3.2374575428176433,
    3.5564803062231283,
    3.9069399370546147,
    4.291934260128776,
    4.714866363457392,
    5.17947467923121,
    5.689866029018296,
    6.250551925273969,
    6.866488450042998,
    7.543120063354615,
    8.286427728546842,
    9.102981779915218,
    10.0
  ],
  "gamma_max": [
    0.07864562447159595,
    0.0678029181903578,
    0.05470596693803105,
    0.03888279543025613,
    0.019760496008963166,
    -0.0033583732283167214,
    -0.03132766289718133,
    -0.0652051839192817,
    -0.10633694357499729,
    -0.1565494632582494,
    -0.21876352130548457,
    -0.3003399088027499,
    -0.41657328836559826,
    -0.4581538981570855,
    -0.5060883244119301,
    -0.5607913889655874,
    -0.5631328503290883,
    -0.5177414011868344,
    -0.49553601482542364,
    -0.4262789223514885,
    -0.2897339345232412,
    -0.15518927785371497,
    -0.02463045800812409,
    0.10007966697909618,
    0.21698917358675074,
    0.32382721498694106,
    0.41776715090723227,
    0.4951740289900243,
    0.5513333802055947,
    0.5801920907809159,
    0.5742200143783028,
    0.5246537563344201,
    0.42260595686035524,
    0.26145484732974383,
    0.16376562711098958,
    0.23293959161269207,
    0.20974899134905986,
    0.02272789594336961,
    -0.3880552071649806,
    -1.07189331161044,
    -1.2076925057852068,
    -1.3751467052714643,
    -1.6567460465191746,
    -2.079293921759062,
    -2.667382621949911,
    -3.4475500619414974,
    -4.450900647426489,
    -5.714579187076602,
    -7.282159075788794,
    -9.202305494346252
  ],
  "omega_max": [
    1.6492659627681643e-13,
    6.720286987259241e-13,
    7.989143546226162e-14,
    -4.577281479222603e-13,
    -5.420237848622136e-13,
    3.2942700919066825e-13,
    8.327952360596436e-13,
    -2.395911057571405e-12,
    1.9539407701339494e-12,
    -5.886302478901248e-13,
    -4.971313053992967e-13,
    -1.5677844094864277e-12,
    0.057652274971633825,
    0.10329593797847407,
    0.11692491295141381,
    0.09969011553352779,
    5.8840197230373e-14,
    -1.7382832985745118e-13,
    -1.2090297247151636e-13,
    -3.4127014987133,
    -3.49782635748525,
    -3.588873271303595,
    -3.682902715669207,
    -3.7765740587326975,
    -3.8662131613547053,
    3.947825538439299,
    -4.017110926322958,
    -4.069534466635611,
    -4.100512874807751,
    -4.105792139935967,
    -4.082142056483099,
    -4.028620170866976,
    -3.948974129214159,
    3.8562264458048086,
    -7.547640836016058e-13,
    -2.2025312094961487e-12,
    1.270081827076044e-12,
    1.7239000964883772e-12,
    8.003346726866301e-13,
    -2.2854170130458068e-12,
    5.9614478700290485,
    6.634814474367057,
    -7.387436729700252,
    -8.222424942481554,
    -9.143349989221328,
    10.15694049251066,
    -11.273969790775649,
    -12.509864435743848,
    13.885582604709414,
    15.428237510723056
  ],
  "params": {
    "alpha": -33.0,
    "dT": 0.1,
    "dR": 1.0
  },
  "metadata": {
    "shear_max": 3.9154417570025406,
    "vel_net": 8.254508188088039e-13,
    "resolution": {
      "H": 25,
      "M": 65,
      "Nz": 129,
      "Nth": 128
    },
    "timestamp": "2026-04-14T01:27:57.597851"
  }
}