{
  "k": [
    0.1,
    0.10985411419875583,
    0.12067926406393285,
    0.13257113655901093,
    0.14563484775012436,
    0.15998587196060582,
    0.1757510624854792,
    0.193069772888325,
    0.21209508879201905,
    0.2329951810515372,
    0.2559547922699536,
    0.281176869797423,
    0.3088843596477481,
    0.3393221771895328,
    0.372759372031494,
    0.4094915062380424,
    0.44984326689694454,
    0.49417133613238345,
    0.5428675439323859,
    0.5963623316594643,
    0.6551285568595507,
    0.7196856730011519,
    0.7906043210907697,
    0.8685113737513525,
    0.9540954763499939,
    1.0481131341546859,
    1.151395399326447,
    1.2648552168552958,
    1.3894954943731375,
    1.5264179671752334,
    1.6768329368110073,
    1.8420699693267153,
    2.0235896477251565,
    2.2229964825261943,
    2.442053094548651,
    2.6826957952797246,
    2.9470517025518097,
    3.2374575428176433,
    3.5564803062231283,
    3.9069399370546147,
    4.291934260128776,
    4.714866363457392,
    5.17947467923121,
    5.689866029018296,
    6.250551925273969,
    6.866488450042998,
    7.543120063354615,
    8.286427728546842,
    9.102981779915218,
    10.0
  ],
  "gamma_max": [
    -2.499988200427253,
    -2.501384365765306,
    -2.497723106255402,
    -2.49397291868254,
    -2.490184294961123,
    -2.486425903598614,
    -2.4827893851987666,
    -2.4793953078549307,
    -2.4764005454476687,
    -2.4740073933927853,
    -2.4724747892496235,
    -2.4644488142602112,
    -2.3841146021179935,
    -2.2988373868261442,
    -2.2088392614528987,
    -2.1145208536704034,
    -2.016506511999265,
    -1.9156958763616074,
    -1.8133215758406735,
    -1.711012517003805,
    -1.6108619979560406,
    -1.5154997446606,
    -1.4281669319718169,
    -1.3527933230337195,
    -1.2940759195108607,
    -1.2575592750499767,
    -1.2497197273708822,
    -1.2780608395343345,
    -1.3512376583122803,
    -1.4792452660867643,
    -1.1858185106620058,
    -0.8305924244167673,
    -0.5425466157805674,
    -0.36643211752987376,
    -0.35483002338881187,
    -0.5663432525992057,
    -1.0642945675056694,
    -1.9161435207006867,
    -3.1941447170210564,
    -4.977560124542934,
    -7.3562949912954645,
    -10.43545836048203,
    -14.340051514182093,
    -19.218404135863135,
    -25.241602021802215,
    -32.59546238400254,
    -41.47312204352805,
    -52.106740819211474,
    -64.84167840152104,
    -80.15611175298825
  ],
  "omega_max": [
    0.196323726225332,
    1.6741408759672356,
    1.7026870544365396,
    1.734144295966298,
    1.7688166548509054,
    1.807040715824154,
    1.8491890107266105,
    1.8956737088027016,
    1.9469505565295318,
    2.0035230179581975,
    2.0659465247085462,
    7.246778017932759,
    7.3436224207277,
    7.450559394527536,
    7.568554907512784,
    7.698624066143188,
    7.841819529398691,
    7.999216895216947,
    8.171898329840948,
    8.360936898064997,
    8.567385432931191,
    8.792275071422829,
    9.036629236348542,
    9.30149805556365,
    9.588014975474254,
    9.897470688841642,
    10.231388951115731,
    10.591575088903085,
    10.980093662040128,
    11.399122349221082,
    9.883599565793844,
    10.300717917497062,
    10.79146604642911,
    11.367079479297953,
    12.03688261235255,
    12.809221207783395,
    13.692257886523256,
    14.69464126481865,
    15.826244775391006,
    17.099101316569225,
    18.528665397457733,
    20.13564530522313,
    21.948801660681514,
    24.009101887880473,
    26.3744913956524,
    29.11922648276348,
    32.31227633094716,
    35.97992104798161,
    40.123043099204956,
    44.812994075590275
  ],
  "params": {
    "alpha": -52.0,
    "dT": 0.8333333333333334,
    "dR": 1.0
  },
  "metadata": {
    "shear_max": 7.210105638739806,
    "vel_net": 3.035870757359149,
    "resolution": {
      "H": 25,
      "M": 65,
      "Nz": 129,
      "Nth": 128
    },
    "timestamp": "2026-04-16T10:11:32.852106"
  }
}