{
  "k": [
    0.1,
    0.10985411419875583,
    0.12067926406393285,
    0.13257113655901093,
    0.14563484775012436,
    0.15998587196060582,
    0.1757510624854792,
    0.193069772888325,
    0.21209508879201905,
    0.2329951810515372,
    0.2559547922699536,
    0.281176869797423,
    0.3088843596477481,
    0.3393221771895328,
    0.372759372031494,
    0.4094915062380424,
    0.44984326689694454,
    0.49417133613238345,
    0.5428675439323859,
    0.5963623316594643,
    0.6551285568595507,
    0.7196856730011519,
    0.7906043210907697,
    0.8685113737513525,
    0.9540954763499939,
    1.0481131341546859,
    1.151395399326447,
    1.2648552168552958,
    1.3894954943731375,
    1.5264179671752334,
    1.6768329368110073,
    1.8420699693267153,
    2.0235896477251565,
    2.2229964825261943,
    2.442053094548651,
    2.6826957952797246,
    2.9470517025518097,
    3.2374575428176433,
    3.5564803062231283,
    3.9069399370546147,
    4.291934260128776,
    4.714866363457392,
    5.17947467923121,
    5.689866029018296,
    6.250551925273969,
    6.866488450042998,
    7.543120063354615,
    8.286427728546842,
    9.102981779915218,
    10.0
  ],
  "gamma_max": [
    -1.009168012326496,
    -1.0110644253664232,
    -1.013353248456873,
    -1.0161157423280764,
    -1.0194500243009852,
    -1.023474578660948,
    -1.028332504624695,
    -1.0341966601137327,
    -1.0412758951388572,
    -1.0498226130775865,
    -1.0601419541960668,
    -1.0726029672420327,
    -1.087652227292652,
    -1.1058304794673146,
    -1.1277930511148648,
    -1.1543349995438756,
    -1.1864222808961975,
    -1.2252306939691129,
    -1.272195069318267,
    -1.3290723218062208,
    -1.3980239214845163,
    -1.4817268055690689,
    -1.5835284118350592,
    -1.7076754151511482,
    -1.844769976334386,
    -1.9900540945232916,
    -2.1677405601092823,
    -2.3847515516943716,
    -2.6494012297495346,
    -2.9716752509308786,
    -3.363572356568892,
    -3.839521417001154,
    -4.4168894924438185,
    -5.116599285003697,
    -5.9638780348374665,
    -6.989164538479433,
    -8.22920636629944,
    -9.673173588212627,
    -11.438674399426386,
    -13.593691405194038,
    -16.21504201429962,
    -19.39549747342253,
    -23.24727128704369,
    -27.906111225685603,
    -33.536145166912895,
    -40.33566941578589,
    -48.544106361985534,
    -58.45040091686952,
    -70.40317509189073,
    -84.82301798533373
  ],
  "omega_max": [
    1.8541672644663192e-16,
    -1.115288960778988e-15,
    2.609371740672395e-16,
    -6.991596472057417e-17,
    1.1022812143105502e-15,
    -1.3909302061526702e-16,
    -1.0397263401625966e-15,
    2.1485424969296366e-15,
    -1.4051578763244025e-15,
    2.8985252855146748e-15,
    2.044098160319084e-15,
    9.762246490880106e-16,
    -6.238554113069026e-16,
    -2.715296985742268e-16,
    -8.472670339607476e-16,
    -1.4793602911255637e-15,
    -1.5627475187317949e-16,
    -9.999935902298645e-16,
    -5.390622263227319e-16,
    0.0,
    3.4718377240546958e-15,
    -9.750042223996745e-16,
    2.7839533246352854e-16,
    4.5326158969641925e-15,
    -0.5230538690654942,
    0.5731435906049832,
    0.627001483673982,
    -0.6851883570790727,
    -0.7483353972155771,
    -0.817147179655737,
    -0.8924050559488101,
    0.9749722802445187,
    -1.0658017980848862,
    -1.1659469691712148,
    1.2765748837110182,
    -1.3989816805444395,
    -1.5346096821624275,
    -1.6058262742933667,
    1.7730527447632205,
    -1.9598653547596727,
    2.1689508391002863,
    -2.4028808927472265,
    2.664399730914792,
    -2.956625293773258,
    -3.2831806472710805,
    3.648278208737951,
    -4.056774308751623,
    -4.514204887689803,
    5.026810666868105,
    -5.601563590432479
  ],
  "params": {
    "alpha": -19.0,
    "dT": 0.8333333333333334,
    "dR": 1.0
  },
  "metadata": {
    "shear_max": 2.3744172761327185e-09,
    "vel_net": 5.169878828456423e-26,
    "resolution": {
      "H": 25,
      "M": 65,
      "Nz": 129,
      "Nth": 128
    },
    "timestamp": "2026-04-13T11:23:45.954309"
  }
}