{
  "k": [
    0.1,
    0.10985411419875583,
    0.12067926406393285,
    0.13257113655901093,
    0.14563484775012436,
    0.15998587196060582,
    0.1757510624854792,
    0.193069772888325,
    0.21209508879201905,
    0.2329951810515372,
    0.2559547922699536,
    0.281176869797423,
    0.3088843596477481,
    0.3393221771895328,
    0.372759372031494,
    0.4094915062380424,
    0.44984326689694454,
    0.49417133613238345,
    0.5428675439323859,
    0.5963623316594643,
    0.6551285568595507,
    0.7196856730011519,
    0.7906043210907697,
    0.8685113737513525,
    0.9540954763499939,
    1.0481131341546859,
    1.151395399326447,
    1.2648552168552958,
    1.3894954943731375,
    1.5264179671752334,
    1.6768329368110073,
    1.8420699693267153,
    2.0235896477251565,
    2.2229964825261943,
    2.442053094548651,
    2.6826957952797246,
    2.9470517025518097,
    3.2374575428176433,
    3.5564803062231283,
    3.9069399370546147,
    4.291934260128776,
    4.714866363457392,
    5.17947467923121,
    5.689866029018296,
    6.250551925273969,
    6.866488450042998,
    7.543120063354615,
    8.286427728546842,
    9.102981779915218,
    10.0
  ],
  "gamma_max": [
    -0.0039267954413895,
    -0.017576096032783275,
    -0.034030863735822744,
    -0.053865739112422005,
    -0.07777411851194703,
    -0.10659554703920156,
    -0.14135392383082596,
    -0.1833172576376363,
    -0.23410822636912426,
    -0.2959590781655406,
    -0.37249344473680596,
    -0.47258532092003575,
    -0.629208348533609,
    -0.6803230181354358,
    -0.7396456452190818,
    -0.8080558598410512,
    -0.886655820652037,
    -0.869261644459594,
    -0.8204963843649716,
    -0.7349297153250905,
    -0.5252265416680021,
    -0.31337537063138243,
    -0.10235641669336339,
    0.1047530815991948,
    0.304591907537159,
    0.49317567524593814,
    0.6653874447787057,
    0.8142505908093209,
    0.9298997557262216,
    0.9981155321426544,
    0.9981927502127218,
    0.8997170842375958,
    0.6577224438099978,
    0.20897700097776079,
    0.35324378741190565,
    1.128429365683882,
    1.610207700522732,
    1.5458765301511563,
    0.7693751350965741,
    -1.1071987570536885,
    -2.7921436704966096,
    -2.5747435354808994,
    -2.913004702616459,
    -3.735260416660451,
    -5.024267937029732,
    -6.813393199054419,
    -9.167161193381059,
    -12.175421004935515,
    -15.95312193757482,
    -20.6422085488283
  ],
  "omega_max": [
    -3.5258079021124007e-12,
    2.955270993570924e-11,
    4.836543401185883e-12,
    3.7213817092044545e-12,
    -3.6491287987838065e-12,
    3.944823711445642e-12,
    1.0507029361042087e-12,
    1.231154773502984e-12,
    4.723075238673337e-12,
    -2.6171477703376925e-12,
    7.475654182038505e-13,
    5.5704897200749956e-12,
    -0.06721321691094918,
    0.13833455943372663,
    -0.16931024594777272,
    0.17271403295379487,
    -0.135408436906558,
    7.274925828684335e-15,
    -4.651018451390999e-16,
    -6.087584143719774,
    -6.2033382037076485,
    -6.327518216026177,
    6.456186114422684,
    6.584224036519144,
    6.705351251723817,
    -6.812114541845429,
    -6.895873105396685,
    6.946828525117565,
    6.9541767434784925,
    6.906494741754499,
    -6.792561188031854,
    -6.603128593423589,
    -6.3355060187570444,
    6.00800396700024,
    6.9341246274684735e-12,
    -2.1839472268849865e-12,
    1.414180187957649e-12,
    1.0559183406505622e-12,
    -7.558014835641302e-12,
    3.712997478725021e-12,
    -6.9069049985256585,
    -7.904128243159355,
    9.126757997397611,
    10.419602866585615,
    11.773119712947658,
    13.2024577304526,
    14.73041257008416,
    16.386044230632262,
    18.206773381376493,
    20.243764391595406
  ],
  "params": {
    "alpha": -50.0,
    "dT": 0.25,
    "dR": 1.0
  },
  "metadata": {
    "shear_max": 6.476082504153768,
    "vel_net": 3.530509218307998e-14,
    "resolution": {
      "H": 25,
      "M": 65,
      "Nz": 129,
      "Nth": 128
    },
    "timestamp": "2026-04-16T02:29:35.191336"
  }
}