{
  "k": [
    0.1,
    0.10985411419875583,
    0.12067926406393285,
    0.13257113655901093,
    0.14563484775012436,
    0.15998587196060582,
    0.1757510624854792,
    0.193069772888325,
    0.21209508879201905,
    0.2329951810515372,
    0.2559547922699536,
    0.281176869797423,
    0.3088843596477481,
    0.3393221771895328,
    0.372759372031494,
    0.4094915062380424,
    0.44984326689694454,
    0.49417133613238345,
    0.5428675439323859,
    0.5963623316594643,
    0.6551285568595507,
    0.7196856730011519,
    0.7906043210907697,
    0.8685113737513525,
    0.9540954763499939,
    1.0481131341546859,
    1.151395399326447,
    1.2648552168552958,
    1.3894954943731375,
    1.5264179671752334,
    1.6768329368110073,
    1.8420699693267153,
    2.0235896477251565,
    2.2229964825261943,
    2.442053094548651,
    2.6826957952797246,
    2.9470517025518097,
    3.2374575428176433,
    3.5564803062231283,
    3.9069399370546147,
    4.291934260128776,
    4.714866363457392,
    5.17947467923121,
    5.689866029018296,
    6.250551925273969,
    6.866488450042998,
    7.543120063354615,
    8.286427728546842,
    9.102981779915218,
    10.0
  ],
  "gamma_max": [
    -2.379532717529058,
    -2.377133874266146,
    -2.3747159845680885,
    -2.372323951419805,
    -2.3700174115167236,
    -2.367874527797232,
    -2.3659967004690414,
    -2.364514411825762,
    -2.3635944656783865,
    -2.3634489339262155,
    -2.311918372982571,
    -2.2389948423836943,
    -2.1616226409834214,
    -2.080013413940519,
    -1.9945432392212112,
    -1.9057944561062592,
    -1.8146036408769826,
    -1.7221156148101915,
    -1.6298431321149645,
    -1.5397317050116865,
    -1.4542289301322482,
    -1.3763577100108366,
    -1.3097929189329047,
    -1.2589413266734668,
    -1.2290249836349816,
    -1.226168938922399,
    -1.2574955505065357,
    -1.331230637695151,
    -1.4568328269476347,
    -1.6451687797954602,
    -1.654712783115094,
    -1.424261945470248,
    -1.2747650963362551,
    -1.2481051746559695,
    -1.3938875901239052,
    -1.7675429878582214,
    -2.429161667372525,
    -3.443300662980261,
    -4.880055391664623,
    -6.817551873949724,
    -9.345739390822361,
    -12.571176957102228,
    -16.622467132040484,
    -21.655933412554937,
    -27.860665812330762,
    -35.46059701019672,
    -44.710418157624446,
    -55.89519921103892,
    -69.32830973088272,
    -84.9891124189537
  ],
  "omega_max": [
    1.3526076693462377,
    1.3751920359012895,
    1.400096769138782,
    1.427566968633867,
    1.4578742706345311,
    1.4913196333315724,
    1.5282363312036984,
    1.5689931345313957,
    1.6139976293795324,
    1.6636996036679306,
    6.363560267931922,
    6.443106852500643,
    6.530948257017354,
    6.627870928217643,
    6.734696334949384,
    6.85226893763994,
    6.981440760376268,
    7.123053408348871,
    7.277919416567706,
    7.4468061479568455,
    7.6304269545992485,
    7.829445651460233,
    8.044501016519643,
    8.276257295133725,
    8.52548369116913,
    8.793159810126644,
    9.080594605573769,
    9.38953403103538,
    9.72221888295589,
    10.081342203991147,
    8.879344615646628,
    9.238316273538212,
    9.656032805395593,
    10.14338147970976,
    10.709750903568878,
    11.363475210161404,
    12.112493011588313,
    12.96492670719252,
    13.929652497979747,
    15.016973247642731,
    16.239500926104316,
    17.61341192643449,
    19.1603728293174,
    20.91066066657602,
    22.90825150001061,
    25.218156827549222,
    27.932229919707954,
    31.16777783063252,
    35.12778049302139,
    39.992640051669675
  ],
  "params": {
    "alpha": -47.0,
    "dT": 0.8571428571428571,
    "dR": 1.0
  },
  "metadata": {
    "shear_max": 6.358195384789969,
    "vel_net": 2.6546955321449386,
    "resolution": {
      "H": 25,
      "M": 65,
      "Nz": 129,
      "Nth": 128
    },
    "timestamp": "2026-04-13T20:25:52.051827"
  }
}