{
  "k": [
    0.1,
    0.10985411419875583,
    0.12067926406393285,
    0.13257113655901093,
    0.14563484775012436,
    0.15998587196060582,
    0.1757510624854792,
    0.193069772888325,
    0.21209508879201905,
    0.2329951810515372,
    0.2559547922699536,
    0.281176869797423,
    0.3088843596477481,
    0.3393221771895328,
    0.372759372031494,
    0.4094915062380424,
    0.44984326689694454,
    0.49417133613238345,
    0.5428675439323859,
    0.5963623316594643,
    0.6551285568595507,
    0.7196856730011519,
    0.7906043210907697,
    0.8685113737513525,
    0.9540954763499939,
    1.0481131341546859,
    1.151395399326447,
    1.2648552168552958,
    1.3894954943731375,
    1.5264179671752334,
    1.6768329368110073,
    1.8420699693267153,
    2.0235896477251565,
    2.2229964825261943,
    2.442053094548651,
    2.6826957952797246,
    2.9470517025518097,
    3.2374575428176433,
    3.5564803062231283,
    3.9069399370546147,
    4.291934260128776,
    4.714866363457392,
    5.17947467923121,
    5.689866029018296,
    6.250551925273969,
    6.866488450042998,
    7.543120063354615,
    8.286427728546842,
    9.102981779915218,
    10.0
  ],
  "gamma_max": [
    -0.45793228679163556,
    -0.4606036137682264,
    -0.46383327401280133,
    -0.4677395443137174,
    -0.47246653862022653,
    -0.4781902574037996,
    -0.485126276747251,
    -0.4935396574559977,
    -0.5037579437031734,
    -0.5161886252264725,
    -0.5313433518672412,
    -0.5498729883217276,
    -0.5726214337482418,
    -0.6007152436761622,
    -0.6357308767617847,
    -0.6800628741932817,
    -0.7379749158835026,
    -0.8206170663094906,
    -0.9516782677354539,
    -0.9999940820093398,
    -1.0586497115688809,
    -1.1298790977390236,
    -1.2163939974166125,
    -1.3214812523599884,
    -1.4491185746405955,
    -1.6041127417514587,
    -1.792265223802581,
    -2.0205716181902926,
    -2.297462794812237,
    -2.633097310001634,
    -3.039716435248556,
    -3.532075150671877,
    -4.12796485184289,
    -4.8488465607462565,
    -5.72061737676529,
    -6.774537920484217,
    -8.032016834595654,
    -9.50237873957201,
    -11.30869217827475,
    -13.5162812076328,
    -16.203804763983477,
    -19.466346048555543,
    -23.4190119761808,
    -28.201151820031576,
    -33.98135002899088,
    -40.96338836909668,
    -49.39341104572212,
    -59.56856851003206,
    -71.847465288652,
    -86.66279658520311
  ],
  "omega_max": [
    6.1564538975238754e-15,
    3.744998719294972e-15,
    -7.117536442685406e-15,
    3.733421511292554e-15,
    -5.614358282134013e-16,
    -8.581443403977543e-15,
    -1.380864286607038e-15,
    -7.791427893314762e-16,
    1.3124169665928674e-15,
    -3.963855885709091e-14,
    2.2755821081548244e-14,
    1.3506969648824539e-14,
    6.903773767347835e-15,
    -5.075765696633753e-16,
    -6.267801704770072e-14,
    1.8049913956335945e-14,
    6.687309789638522e-14,
    -2.63529820889583e-13,
    0.07446324667404226,
    0.14886829884969446,
    0.20509358034014366,
    -0.2567039891130208,
    -0.3073158054465224,
    0.35867176428868697,
    -0.41188395164523633,
    -0.46780497763105294,
    -0.5271762543882612,
    0.5906993573308109,
    -0.659076034512742,
    -0.7330344921310663,
    -0.8133499630488069,
    0.9008635567455985,
    0.9965012948042574,
    -1.1012938533305323,
    -1.2163965229981768,
    -1.3431083231850167,
    1.3728875801819413,
    1.510595898517341,
    1.6715469810960204,
    1.857537267070143,
    2.0697953516662944,
    2.309562991936553,
    -2.5784829344490996,
    2.8788081083611856,
    3.2134923535859734,
    3.586220300693339,
    -4.001414248236603,
    -4.464237458833676,
    4.980602917502669,
    -5.557194563395193
  ],
  "params": {
    "alpha": -23.0,
    "dT": 0.8571428571428571,
    "dR": 1.0
  },
  "metadata": {
    "shear_max": 3.151778719908653e-09,
    "vel_net": 2.0679515313825692e-25,
    "resolution": {
      "H": 25,
      "M": 65,
      "Nz": 129,
      "Nth": 128
    },
    "timestamp": "2026-04-13T12:02:33.860885"
  }
}