{
  "k": [
    0.1,
    0.10985411419875583,
    0.12067926406393285,
    0.13257113655901093,
    0.14563484775012436,
    0.15998587196060582,
    0.1757510624854792,
    0.193069772888325,
    0.21209508879201905,
    0.2329951810515372,
    0.2559547922699536,
    0.281176869797423,
    0.3088843596477481,
    0.3393221771895328,
    0.372759372031494,
    0.4094915062380424,
    0.44984326689694454,
    0.49417133613238345,
    0.5428675439323859,
    0.5963623316594643,
    0.6551285568595507,
    0.7196856730011519,
    0.7906043210907697,
    0.8685113737513525,
    0.9540954763499939,
    1.0481131341546859,
    1.151395399326447,
    1.2648552168552958,
    1.3894954943731375,
    1.5264179671752334,
    1.6768329368110073,
    1.8420699693267153,
    2.0235896477251565,
    2.2229964825261943,
    2.442053094548651,
    2.6826957952797246,
    2.9470517025518097,
    3.2374575428176433,
    3.5564803062231283,
    3.9069399370546147,
    4.291934260128776,
    4.714866363457392,
    5.17947467923121,
    5.689866029018296,
    6.250551925273969,
    6.866488450042998,
    7.543120063354615,
    8.286427728546842,
    9.102981779915218,
    10.0
  ],
  "gamma_max": [
    0.27149004296881335,
    0.2564881337064636,
    0.23837275696163315,
    0.21649533606888638,
    0.19007107288024086,
    0.158149536140442,
    0.11957785167990707,
    0.07295283345106263,
    0.0165535127808602,
    -0.05176960899100471,
    -0.13482576672352214,
    -0.2367446061559555,
    -0.3658615818948889,
    -0.6021567307861199,
    -0.6734470231360458,
    -0.7557646412717532,
    -0.850216279716373,
    -0.9028762915478107,
    -0.7101367143808244,
    -0.5143958051853932,
    -0.3190953846179715,
    -0.12721693178954985,
    0.05865509218678277,
    0.23608679634952967,
    0.4024663747847214,
    0.5546379316651043,
    0.6884874351327114,
    0.798440362592043,
    0.8768214334735958,
    0.9130325777104233,
    0.8925251123745788,
    0.7955972869533097,
    0.5962939612797097,
    0.2629844737748907,
    -0.23192967702603443,
    -0.13918015036678194,
    -0.012426182972230523,
    -0.260843026922584,
    -1.0726139873547902,
    -2.614458980696897,
    -3.2536533959632634,
    -3.5997515529699906,
    -4.271633497137757,
    -5.313347917689755,
    -6.759081992202655,
    -8.657546915125296,
    -11.074872741537456,
    -14.095957211938344,
    -17.82699015870183,
    -22.399056190637825
  ],
  "omega_max": [
    -3.0988617027965927e-13,
    2.889784094325935e-13,
    1.986325630355666e-12,
    -9.911118267410783e-13,
    8.870442920647001e-13,
    -8.108057983134713e-13,
    -3.389574739868491e-13,
    -1.7932870544283873e-11,
    8.182356768458336e-13,
    -6.037614132403077e-14,
    1.2292979566260031e-12,
    1.1913002651091243e-12,
    3.9777489773384635e-13,
    0.013009565142780007,
    0.15919368692017855,
    -0.2002642469517992,
    -0.19608786959823152,
    4.684114211533584,
    4.7742766964896175,
    -4.8792909098778665,
    -4.996491302041356,
    5.122152325625294,
    5.25178177235288,
    -5.3802871257002,
    -5.502011931134662,
    5.610701198807449,
    5.699467924681312,
    5.7608300325916435,
    -5.786889471985982,
    5.76974075803948,
    5.702235871105255,
    -5.57934620743912,
    -5.400731987531407,
    5.176208696563105,
    -4.9372625801887144,
    1.806678393888744e-11,
    3.011513027108972e-11,
    -5.295703049649814e-12,
    -7.064174293482585e-11,
    1.911099739360123e-11,
    -6.263647670759165,
    7.1320266904347145,
    8.11823908121478,
    9.188279536953791,
    -10.338392774842031,
    -11.578409996330688,
    12.924514094678122,
    -14.396999387779026,
    -16.02015245477939,
    -17.823932838610684
  ],
  "params": {
    "alpha": -44.0,
    "dT": 0.25,
    "dR": 1.0
  },
  "metadata": {
    "shear_max": 5.312279805549663,
    "vel_net": 9.059419880941277e-14,
    "resolution": {
      "H": 25,
      "M": 65,
      "Nz": 129,
      "Nth": 128
    },
    "timestamp": "2026-04-15T19:45:35.695965"
  }
}