{
  "k": [
    0.1,
    0.10985411419875583,
    0.12067926406393285,
    0.13257113655901093,
    0.14563484775012436,
    0.15998587196060582,
    0.1757510624854792,
    0.193069772888325,
    0.21209508879201905,
    0.2329951810515372,
    0.2559547922699536,
    0.281176869797423,
    0.3088843596477481,
    0.3393221771895328,
    0.372759372031494,
    0.4094915062380424,
    0.44984326689694454,
    0.49417133613238345,
    0.5428675439323859,
    0.5963623316594643,
    0.6551285568595507,
    0.7196856730011519,
    0.7906043210907697,
    0.8685113737513525,
    0.9540954763499939,
    1.0481131341546859,
    1.151395399326447,
    1.2648552168552958,
    1.3894954943731375,
    1.5264179671752334,
    1.6768329368110073,
    1.8420699693267153,
    2.0235896477251565,
    2.2229964825261943,
    2.442053094548651,
    2.6826957952797246,
    2.9470517025518097,
    3.2374575428176433,
    3.5564803062231283,
    3.9069399370546147,
    4.291934260128776,
    4.714866363457392,
    5.17947467923121,
    5.689866029018296,
    6.250551925273969,
    6.866488450042998,
    7.543120063354615,
    8.286427728546842,
    9.102981779915218,
    10.0
  ],
  "gamma_max": [
    -1.3075147552740434,
    -1.309073782288931,
    -1.3109555693500938,
    -1.313227070268847,
    -1.315969211337527,
    -1.3192798611086547,
    -1.3232774665521214,
    -1.328105527479813,
    -1.3339381383259792,
    -1.3409869082021997,
    -1.3495096880492834,
    -1.3598217033029025,
    -1.3723099311864098,
    -1.3874518936347233,
    -1.405840471248954,
    -1.428216860146093,
    -1.4555142891987431,
    -1.4889152901783207,
    -1.5299244090237265,
    -1.5505448468258873,
    -1.4392715888202896,
    -1.3249628128427153,
    -1.2089922125438841,
    -1.0931345704847337,
    -0.9796269866583418,
    -0.8712333187961988,
    -0.7713109777159005,
    -0.6838810588691294,
    -0.6137072612101659,
    -0.5663954937087243,
    -0.5485302569345939,
    -0.5451568895589493,
    -0.2786764202277576,
    -0.06291514759691516,
    0.07188466419455078,
    0.09364139366417591,
    -0.031267485035710585,
    -0.33825123581639743,
    -0.8654378947842445,
    -1.6556404764896697,
    -2.7595343082293824,
    -4.240048638380473,
    -6.177345177238206,
    -8.66620605147631,
    -11.324785527202266,
    -14.412394168517373,
    -18.223520950968386,
    -22.341246765751436,
    -27.286862997357314,
    -33.23551826447105
  ],
  "omega_max": [
    0.1033510637452973,
    0.11358239618459397,
    0.12483762008948843,
    0.13722295805073928,
    0.15085696167311002,
    0.1658724007954463,
    0.1824185999518686,
    0.20066436387614078,
    0.22080169628433846,
    0.2430505915675514,
    0.2676652860478044,
    0.2949425010621214,
    0.3252324077076201,
    0.35895331207157233,
    0.3966114314549687,
    0.43882767793171706,
    0.4863741969235031,
    0.5402247853659736,
    0.6016255503799642,
    6.204678620095375,
    6.353091014663474,
    6.515052778373699,
    6.691229230548626,
    6.8822287463018395,
    7.088619228369465,
    7.310956622018233,
    7.5498173998987355,
    7.805818604606425,
    8.079600954006848,
    8.371746209383746,
    8.682603122161046,
    7.404816932348938,
    7.803735858233337,
    8.272631617893786,
    8.817978031115443,
    9.44499088827769,
    10.15909168303692,
    10.966811202395792,
    11.876721487379585,
    12.900847766878762,
    14.057208886061964,
    15.375100064332377,
    16.90797442745528,
    18.772943493307977,
    15.625920290678883,
    16.61526817087249,
    27.289344014203063,
    30.54319422108952,
    34.051894902477656,
    37.87031914056573
  ],
  "params": {
    "alpha": -37.0,
    "dT": 0.3333333333333333,
    "dR": 1.0
  },
  "metadata": {
    "shear_max": 5.176378810845627,
    "vel_net": 2.227245306575652,
    "resolution": {
      "H": 25,
      "M": 65,
      "Nz": 129,
      "Nth": 128
    },
    "timestamp": "2026-04-14T15:07:09.199998"
  }
}