{
  "k": [
    0.1,
    0.10985411419875583,
    0.12067926406393285,
    0.13257113655901093,
    0.14563484775012436,
    0.15998587196060582,
    0.1757510624854792,
    0.193069772888325,
    0.21209508879201905,
    0.2329951810515372,
    0.2559547922699536,
    0.281176869797423,
    0.3088843596477481,
    0.3393221771895328,
    0.372759372031494,
    0.4094915062380424,
    0.44984326689694454,
    0.49417133613238345,
    0.5428675439323859,
    0.5963623316594643,
    0.6551285568595507,
    0.7196856730011519,
    0.7906043210907697,
    0.8685113737513525,
    0.9540954763499939,
    1.0481131341546859,
    1.151395399326447,
    1.2648552168552958,
    1.3894954943731375,
    1.5264179671752334,
    1.6768329368110073,
    1.8420699693267153,
    2.0235896477251565,
    2.2229964825261943,
    2.442053094548651,
    2.6826957952797246,
    2.9470517025518097,
    3.2374575428176433,
    3.5564803062231283,
    3.9069399370546147,
    4.291934260128776,
    4.714866363457392,
    5.17947467923121,
    5.689866029018296,
    6.250551925273969,
    6.866488450042998,
    7.543120063354615,
    8.286427728546842,
    9.102981779915218,
    10.0
  ],
  "gamma_max": [
    -0.08372732182717864,
    -0.09682992251397739,
    -0.11262347819344738,
    -0.1316596051713863,
    -0.15460547391494284,
    -0.18227263088774312,
    -0.21565973496106128,
    -0.25602516161105204,
    -0.30503536935707193,
    -0.36514929670038426,
    -0.4410161567294622,
    -0.5505974996308052,
    -0.6523609800962927,
    -0.7006496581582944,
    -0.7566843501840921,
    -0.8213327699701084,
    -0.8956482635179399,
    -0.8429611837965515,
    -0.8088605724231733,
    -0.7919420938064353,
    -0.6087211558439831,
    -0.38812621944211234,
    -0.16645035205342149,
    0.053151701396821474,
    0.26714645802994524,
    0.471279228342088,
    0.6600149712691692,
    0.8256921370490081,
    0.9572678872478172,
    1.0384410549400211,
    1.0447365862071523,
    0.9386754787031301,
    0.6616475525719373,
    0.12748709732627397,
    0.9251829866037106,
    1.9569532415383508,
    2.5719528014792394,
    2.6010409256303544,
    1.9142294895731775,
    0.15423668493723144,
    -2.696828902836449,
    -2.1147255901424002,
    -2.2532884861341778,
    -2.9481261001363936,
    -4.141511455659629,
    -5.854667759208387,
    -8.14881051425833,
    -11.114794408747306,
    -14.872321412734554,
    -19.5733159865503
  ],
  "omega_max": [
    3.098784169340799e-13,
    1.1704422894079673e-12,
    -1.0618322557990356e-13,
    3.6762146760996514e-12,
    1.334819452299735e-12,
    4.577806676918793e-12,
    -1.0898577783806503e-10,
    1.4111669872963448e-12,
    4.473952147803187e-12,
    3.3991091250490742e-12,
    3.4293902043383498e-12,
    2.6505654013184846e-12,
    0.09891819363146749,
    -0.1434139811526244,
    0.162816978804278,
    0.15708591966705202,
    0.10586011606392419,
    -9.748111732118482e-13,
    7.42212624848578e-13,
    1.3226796100982396e-13,
    6.7384082118341295,
    6.865097621228919,
    -6.996149733603438,
    7.126374261160873,
    -7.249202341927655,
    -7.356642359823107,
    7.439237383915317,
    7.486065590798049,
    7.484858307062178,
    -7.42235894052307,
    7.285175815282103,
    7.061909199052034,
    -6.7497685575503885,
    6.378785217109693,
    -4.666681869689166e-12,
    -1.1295226029175364e-11,
    -5.5202315805725376e-12,
    -1.8544480166504645e-12,
    -4.467574137065371e-12,
    -1.8699070038707504e-12,
    -7.232011727608477,
    8.249835953438504,
    9.607931675333225,
    11.02616819031954,
    12.492834015742003,
    14.026140598768594,
    -15.65055812554134,
    -17.395880126419,
    19.30012642305999,
    -21.416580209167176
  ],
  "params": {
    "alpha": -53.0,
    "dT": 0.25,
    "dR": 1.0
  },
  "metadata": {
    "shear_max": 7.016896545784324,
    "vel_net": 2.886579864025407e-14,
    "resolution": {
      "H": 25,
      "M": 65,
      "Nz": 129,
      "Nth": 128
    },
    "timestamp": "2026-04-16T06:57:26.003442"
  }
}