{
  "k": [
    0.1,
    0.10985411419875583,
    0.12067926406393285,
    0.13257113655901093,
    0.14563484775012436,
    0.15998587196060582,
    0.1757510624854792,
    0.193069772888325,
    0.21209508879201905,
    0.2329951810515372,
    0.2559547922699536,
    0.281176869797423,
    0.3088843596477481,
    0.3393221771895328,
    0.372759372031494,
    0.4094915062380424,
    0.44984326689694454,
    0.49417133613238345,
    0.5428675439323859,
    0.5963623316594643,
    0.6551285568595507,
    0.7196856730011519,
    0.7906043210907697,
    0.8685113737513525,
    0.9540954763499939,
    1.0481131341546859,
    1.151395399326447,
    1.2648552168552958,
    1.3894954943731375,
    1.5264179671752334,
    1.6768329368110073,
    1.8420699693267153,
    2.0235896477251565,
    2.2229964825261943,
    2.442053094548651,
    2.6826957952797246,
    2.9470517025518097,
    3.2374575428176433,
    3.5564803062231283,
    3.9069399370546147,
    4.291934260128776,
    4.714866363457392,
    5.17947467923121,
    5.689866029018296,
    6.250551925273969,
    6.866488450042998,
    7.543120063354615,
    8.286427728546842,
    9.102981779915218,
    10.0
  ],
  "gamma_max": [
    -1.0094062042743086,
    -1.0113518925020657,
    -1.0137001892716122,
    -1.0165344683877926,
    -1.0199553991705423,
    -1.0240845485521313,
    -1.029068740224986,
    -1.0350853333333183,
    -1.0423486198396679,
    -1.0511175855119486,
    -1.0617053373351115,
    -1.0744905740367838,
    -1.089931572174883,
    -1.1085832865663614,
    -1.1311183342640903,
    -1.1583528674224477,
    -1.1912786781757598,
    -1.2311033799960929,
    -1.2793012863699211,
    -1.337678868884396,
    -1.4037299684814302,
    -1.470641685826675,
    -1.552602075513117,
    -1.6529657651482628,
    -1.7757926488648619,
    -1.925982873128496,
    -2.1094381801340147,
    -2.333256440281974,
    -2.605967842371905,
    -2.9378228844303096,
    -3.3411440241633117,
    -3.830754717294557,
    -4.424501805722642,
    -5.143890091934831,
    -6.014851705366528,
    -7.068677648030231,
    -8.343144573636865,
    -9.826163868527397,
    -11.639511515572144,
    -13.853434161712393,
    -16.54684952268915,
    -19.815088798059186,
    -23.773485251638014,
    -28.561584237665468,
    -34.34812924242281,
    -41.33701806399172,
    -49.774462288727015,
    -59.957626513111855,
    -72.2450745954107,
    -87.06940975472621
  ],
  "omega_max": [
    9.471253213346694e-16,
    6.465353498997844e-16,
    2.867102429758113e-16,
    -5.079713790245645e-16,
    8.744358451274215e-16,
    -5.892746101615943e-16,
    -5.878533616045178e-17,
    1.0705452996901643e-15,
    -9.649975443452346e-16,
    2.453255773132642e-16,
    -1.8771954379701523e-15,
    -6.408928908096507e-16,
    -2.637780731670452e-16,
    3.615703063202058e-15,
    -1.4204511856834247e-15,
    -1.0427735961671843e-15,
    -1.260453864905196e-15,
    -3.365342520739843e-16,
    0.0,
    1.2959566332197724e-14,
    -0.37285853160461846,
    -0.40809778284440484,
    0.4459812412806945,
    -0.48679562474816396,
    0.5308794579258934,
    0.578630333010459,
    0.6305103306812346,
    -0.6870496188972075,
    0.7488488274782332,
    0.8165812952685197,
    -0.8909965268976716,
    -0.9729260715588269,
    1.0632925576908336,
    1.1631219218099857,
    -1.2735582014613944,
    1.395879942899679,
    -1.5315176280225784,
    1.5951883355691647,
    1.7602421232567464,
    -1.9460345300159063,
    -2.154993383337514,
    -2.389434898548774,
    -2.6518768119534823,
    -2.945247639971922,
    -3.273014865100754,
    3.639261201446035,
    4.048731098081097,
    4.506860812746715,
    -5.019801115165551,
    5.594443599157505
  ],
  "params": {
    "alpha": -20.0,
    "dT": 0.8571428571428571,
    "dR": 1.0
  },
  "metadata": {
    "shear_max": 2.5152748587247537e-09,
    "vel_net": 0.0,
    "resolution": {
      "H": 25,
      "M": 65,
      "Nz": 129,
      "Nth": 128
    },
    "timestamp": "2026-04-13T11:34:11.304019"
  }
}