{
  "k": [
    0.1,
    0.10985411419875583,
    0.12067926406393285,
    0.13257113655901093,
    0.14563484775012436,
    0.15998587196060582,
    0.1757510624854792,
    0.193069772888325,
    0.21209508879201905,
    0.2329951810515372,
    0.2559547922699536,
    0.281176869797423,
    0.3088843596477481,
    0.3393221771895328,
    0.372759372031494,
    0.4094915062380424,
    0.44984326689694454,
    0.49417133613238345,
    0.5428675439323859,
    0.5963623316594643,
    0.6551285568595507,
    0.7196856730011519,
    0.7906043210907697,
    0.8685113737513525,
    0.9540954763499939,
    1.0481131341546859,
    1.151395399326447,
    1.2648552168552958,
    1.3894954943731375,
    1.5264179671752334,
    1.6768329368110073,
    1.8420699693267153,
    2.0235896477251565,
    2.2229964825261943,
    2.442053094548651,
    2.6826957952797246,
    2.9470517025518097,
    3.2374575428176433,
    3.5564803062231283,
    3.9069399370546147,
    4.291934260128776,
    4.714866363457392,
    5.17947467923121,
    5.689866029018296,
    6.250551925273969,
    6.866488450042998,
    7.543120063354615,
    8.286427728546842,
    9.102981779915218,
    10.0
  ],
  "gamma_max": [
    -2.2335152040117245,
    -2.23193843999779,
    -2.2304397050773015,
    -2.2290756255760606,
    -2.227918803432357,
    -2.227061647137619,
    -2.226621084583602,
    -2.2267443582503135,
    -2.2276161475398664,
    -2.1788434600588107,
    -2.1121826784569593,
    -2.0414327518669935,
    -1.9667755079014804,
    -1.8885389933189431,
    -1.807234724889536,
    -1.7236004985844153,
    -1.6386487266987295,
    -1.5537200803000457,
    -1.4705420629948047,
    -1.391292074683438,
    -1.3186645788050886,
    -1.2559421884573827,
    -1.2070708433787998,
    -1.1767397632896188,
    -1.1704675624295238,
    -1.1946968845654709,
    -1.2569013808886025,
    -1.3657111918235931,
    -1.5310669521827311,
    -1.76441881205763,
    -2.0402306874611074,
    -1.9086197348765515,
    -1.8685654030801693,
    -1.9594271391711142,
    -2.228172749186553,
    -2.7276040033041102,
    -3.515290985731098,
    -4.653606885808811,
    -6.211047745569205,
    -8.264876965463246,
    -10.904962754005442,
    -14.238608792098516,
    -18.396290100236275,
    -23.538492199034238,
    -29.864362367742526,
    -37.62407639633977,
    -47.14142289856885,
    -58.86503415237892,
    -72.58512287883597,
    -87.97237947568777
  ],
  "omega_max": [
    1.1103150603669922,
    1.1295449615738664,
    1.1507769211130772,
    1.1742273184383418,
    1.2001367331050092,
    1.2287725499715278,
    1.2604317398470584,
    1.295443773338381,
    1.334173599482949,
    5.587311056117445,
    5.653621980166401,
    5.726896923931149,
    5.807798901984629,
    5.897018602538126,
    5.995262782786431,
    6.10323906437609,
    6.221637546040432,
    6.351110457375473,
    6.492252179439091,
    6.645583295184161,
    6.811543751763422,
    6.990501415454193,
    7.182782810602338,
    7.388732022988126,
    7.608800936450115,
    7.843668587447919,
    8.094379329447769,
    8.362479239488335,
    8.650119133474702,
    8.960082590618665,
    8.004961915253773,
    8.318531149321842,
    8.679389438728824,
    9.097813172153714,
    9.583119085381226,
    10.14363294816998,
    10.787144090082798,
    11.521403592871234,
    12.354597061320408,
    13.29585749697572,
    14.35589691643497,
    15.547854924604305,
    16.888537325990544,
    18.400409179209813,
    20.11522136111604,
    22.081800876572405,
    24.38829788834475,
    27.286668776961847,
    31.56191382682986,
    36.0564316200154
  ],
  "params": {
    "alpha": -43.0,
    "dT": 0.875,
    "dR": 1.0
  },
  "metadata": {
    "shear_max": 5.6262811833005095,
    "vel_net": 2.333784187304289,
    "resolution": {
      "H": 25,
      "M": 65,
      "Nz": 129,
      "Nth": 128
    },
    "timestamp": "2026-04-13T17:46:20.635897"
  }
}