{
  "k": [
    0.1,
    0.10985411419875583,
    0.12067926406393285,
    0.13257113655901093,
    0.14563484775012436,
    0.15998587196060582,
    0.1757510624854792,
    0.193069772888325,
    0.21209508879201905,
    0.2329951810515372,
    0.2559547922699536,
    0.281176869797423,
    0.3088843596477481,
    0.3393221771895328,
    0.372759372031494,
    0.4094915062380424,
    0.44984326689694454,
    0.49417133613238345,
    0.5428675439323859,
    0.5963623316594643,
    0.6551285568595507,
    0.7196856730011519,
    0.7906043210907697,
    0.8685113737513525,
    0.9540954763499939,
    1.0481131341546859,
    1.151395399326447,
    1.2648552168552958,
    1.3894954943731375,
    1.5264179671752334,
    1.6768329368110073,
    1.8420699693267153,
    2.0235896477251565,
    2.2229964825261943,
    2.442053094548651,
    2.6826957952797246,
    2.9470517025518097,
    3.2374575428176433,
    3.5564803062231283,
    3.9069399370546147,
    4.291934260128776,
    4.714866363457392,
    5.17947467923121,
    5.689866029018296,
    6.250551925273969,
    6.866488450042998,
    7.543120063354615,
    8.286427728546842,
    9.102981779915218,
    10.0
  ],
  "gamma_max": [
    0.10438475286128164,
    0.10215403030858669,
    0.09946142822829014,
    0.0962111639182304,
    0.09228752172853567,
    0.08755067176113566,
    0.0818315945999849,
    0.0749259138215798,
    0.06658638725442671,
    0.05651374645775946,
    0.04434548865423821,
    0.029642114829838903,
    0.011870150095278472,
    -0.009618938820276788,
    -0.035615144342912804,
    -0.06708336672736978,
    -0.1052064791944989,
    -0.15144204136039463,
    -0.20759942583530733,
    -0.2759496665020566,
    -0.3593927730462855,
    -0.46173883058757026,
    -0.5882537735314034,
    -0.7469805258981816,
    -0.9534070830908871,
    -1.2857720682854856,
    -1.5270490024146812,
    -1.7530043839872484,
    -2.026061347587358,
    -2.3560169168144336,
    -2.754700574982063,
    -3.236396346920472,
    -3.8183524449838964,
    -4.521396585330596,
    -5.3706792035192885,
    -6.396572001528336,
    -7.5973644853940385,
    -9.021856244664884,
    -10.773808027774242,
    -12.916594056410442,
    -15.526542987269686,
    -18.695953592681793,
    -22.536604830707443,
    -27.183865230725218,
    -32.80155258108504,
    -39.58773452159328,
    -47.781697828098665,
    -57.67235435684696,
    -69.6083992211955,
    -84.01059446101392
  ],
  "omega_max": [
    8.454901627491336e-15,
    -4.765584947485721e-15,
    7.490003270402421e-15,
    7.180971761717804e-15,
    -1.349199174107346e-15,
    1.7339188799119517e-15,
    2.6026706877800196e-15,
    -2.690802630192253e-15,
    1.5598840892763884e-15,
    4.177542435251759e-15,
    3.18818817274584e-16,
    2.3115083233712144e-16,
    -5.530676435549937e-16,
    2.4601036937987214e-15,
    1.1398820054563414e-15,
    1.0844206907799319e-14,
    -1.2551856083469525e-14,
    4.8886195612424285e-15,
    6.928394643343721e-15,
    7.743466194880229e-15,
    3.4288826854721914e-15,
    6.830009790077483e-15,
    7.167339570491009e-14,
    9.928740491947292e-14,
    2.8361895993826732e-14,
    4.801816174177455e-13,
    0.24061309062590752,
    -0.36156923966040716,
    0.4669192836525732,
    0.5680949543545578,
    0.6697428683491814,
    0.7745933508154746,
    0.8846544971907089,
    1.0016465435930624,
    1.1272005899133017,
    1.262964822974087,
    1.2660513402682223,
    -1.4002542433431144,
    -1.5624010371988204,
    1.7529613721630977,
    1.9719200400590855,
    -2.2195248639266474,
    2.496700553678741,
    2.8052105996604797,
    -3.1476813141754563,
    3.5275726623920813,
    3.949142399681328,
    4.417422851026905,
    4.9382158955868745,
    5.518108467170948
  ],
  "params": {
    "alpha": -25.0,
    "dT": 0.8333333333333334,
    "dR": 1.0
  },
  "metadata": {
    "shear_max": 4.8286916457005186e-09,
    "vel_net": 2.0679515313825692e-25,
    "resolution": {
      "H": 25,
      "M": 65,
      "Nz": 129,
      "Nth": 128
    },
    "timestamp": "2026-04-13T12:21:27.916195"
  }
}