{
  "k": [
    0.1,
    0.10985411419875583,
    0.12067926406393285,
    0.13257113655901093,
    0.14563484775012436,
    0.15998587196060582,
    0.1757510624854792,
    0.193069772888325,
    0.21209508879201905,
    0.2329951810515372,
    0.2559547922699536,
    0.281176869797423,
    0.3088843596477481,
    0.3393221771895328,
    0.372759372031494,
    0.4094915062380424,
    0.44984326689694454,
    0.49417133613238345,
    0.5428675439323859,
    0.5963623316594643,
    0.6551285568595507,
    0.7196856730011519,
    0.7906043210907697,
    0.8685113737513525,
    0.9540954763499939,
    1.0481131341546859,
    1.151395399326447,
    1.2648552168552958,
    1.3894954943731375,
    1.5264179671752334,
    1.6768329368110073,
    1.8420699693267153,
    2.0235896477251565,
    2.2229964825261943,
    2.442053094548651,
    2.6826957952797246,
    2.9470517025518097,
    3.2374575428176433,
    3.5564803062231283,
    3.9069399370546147,
    4.291934260128776,
    4.714866363457392,
    5.17947467923121,
    5.689866029018296,
    6.250551925273969,
    6.866488450042998,
    7.543120063354615,
    8.286427728546842,
    9.102981779915218,
    10.0
  ],
  "gamma_max": [
    0.24933079900910585,
    0.24826566826993535,
    0.24698029963148263,
    0.24542915319543013,
    0.24355726814909495,
    0.24129830894129412,
    0.2385722017896388,
    0.23528227190725498,
    0.23131176927421418,
    0.22651964031789096,
    0.2207353602921008,
    0.21375257923808166,
    0.20532124060443807,
    0.19513768330641598,
    0.18283199387985336,
    0.16795145694866526,
    0.1499382057127802,
    0.12809778268764263,
    0.10155259161013468,
    0.06916851580401086,
    0.029430018664568125,
    -0.01979386339863257,
    -0.08174773927302094,
    -0.16207040983779483,
    -0.273364360850935,
    -0.4775747090674329,
    -0.6094021927620595,
    -0.6467044535453482,
    -0.6902562889294054,
    -0.7412281431027823,
    -0.8010787255989079,
    -0.8716163991621242,
    -0.9550664635530849,
    -1.0541486825923734,
    -1.1721704485288997,
    -1.313140468660629,
    -1.4544330224668656,
    -1.6202313103768171,
    -1.8324459557420318,
    -2.0991106973420948,
    -2.4298957855960954,
    -2.8364923931832395,
    -3.3330559716539927,
    -3.936710867317725,
    -4.6681301220336655,
    -5.552213830813449,
    -6.618897516240939,
    -7.904130012624294,
    -9.451068696843516,
    -11.311547179359197
  ],
  "omega_max": [
    1.7594303505699234e-15,
    2.7037473843388147e-16,
    1.1112006023579485e-16,
    9.89648283596708e-16,
    6.800657064515453e-16,
    4.201010452290258e-16,
    1.0290700087905437e-15,
    4.288823110201734e-16,
    2.734650563146326e-15,
    4.621589092401969e-15,
    1.1358855060367495e-16,
    1.343151903125843e-15,
    6.430528447618653e-16,
    3.0410510830253834e-16,
    7.046184227814147e-16,
    4.180797706660143e-16,
    1.1570517203763293e-15,
    6.92086950713875e-16,
    1.2084294490455096e-15,
    6.666350754186426e-16,
    1.011888874121316e-15,
    1.0216496615331537e-15,
    9.131020446092247e-16,
    1.1126379108101008e-15,
    2.0743266278844156e-15,
    6.44589152288543e-15,
    0.26196541015391805,
    -0.4016878420521236,
    -0.5202786663471777,
    0.6321501015100903,
    -0.7428015381229813,
    0.8553264640167896,
    0.9719301566251476,
    -1.0944592968590738,
    1.2246290999199307,
    1.3641357961143612,
    1.4551675867320963,
    -1.6059896547350994,
    -1.7761398354317006,
    -1.9671322690179973,
    -2.1806580416757715,
    -2.4187318580707675,
    2.683803317994787,
    2.9788398038156045,
    3.3073897883963594,
    3.673633347439157,
    4.082423170074381,
    -4.539317055508196,
    -5.050603940421011,
    -5.623330783818786
  ],
  "params": {
    "alpha": -19.0,
    "dT": 0.1,
    "dR": 1.0
  },
  "metadata": {
    "shear_max": 8.088101316350426e-09,
    "vel_net": 8.180699977234834e-16,
    "resolution": {
      "H": 25,
      "M": 65,
      "Nz": 129,
      "Nth": 128
    },
    "timestamp": "2026-04-13T11:57:10.156052"
  }
}