{
  "k": [
    0.1,
    0.10985411419875583,
    0.12067926406393285,
    0.13257113655901093,
    0.14563484775012436,
    0.15998587196060582,
    0.1757510624854792,
    0.193069772888325,
    0.21209508879201905,
    0.2329951810515372,
    0.2559547922699536,
    0.281176869797423,
    0.3088843596477481,
    0.3393221771895328,
    0.372759372031494,
    0.4094915062380424,
    0.44984326689694454,
    0.49417133613238345,
    0.5428675439323859,
    0.5963623316594643,
    0.6551285568595507,
    0.7196856730011519,
    0.7906043210907697,
    0.8685113737513525,
    0.9540954763499939,
    1.0481131341546859,
    1.151395399326447,
    1.2648552168552958,
    1.3894954943731375,
    1.5264179671752334,
    1.6768329368110073,
    1.8420699693267153,
    2.0235896477251565,
    2.2229964825261943,
    2.442053094548651,
    2.6826957952797246,
    2.9470517025518097,
    3.2374575428176433,
    3.5564803062231283,
    3.9069399370546147,
    4.291934260128776,
    4.714866363457392,
    5.17947467923121,
    5.689866029018296,
    6.250551925273969,
    6.866488450042998,
    7.543120063354615,
    8.286427728546842,
    9.102981779915218,
    10.0
  ],
  "gamma_max": [
    1.8628070904538299,
    1.8604485034804383,
    1.857603490998235,
    1.8541720548373521,
    1.8500337816759147,
    1.8450437371501642,
    1.8390275605647237,
    1.8317756149556526,
    1.8230360251843614,
    1.8125064114890095,
    1.7998240988858558,
    1.7845545525709752,
    1.7661777541286983,
    1.7440721919876805,
    1.7174960851475813,
    1.685565383188203,
    1.6472279701814077,
    1.6012333240717171,
    1.5460966068717497,
    1.4800557401888454,
    1.4010194012833082,
    1.3065030004197558,
    1.1935485302013291,
    1.0586226840109076,
    0.8974858028798506,
    0.7050219263035538,
    0.47501712988272676,
    0.19986836972116243,
    -0.1298045169432788,
    -0.525692131781462,
    -1.002574652459278,
    -1.5795931352833166,
    -2.28275650973844,
    -3.1517644622512404,
    -4.276074110269118,
    -5.210092941007952,
    -6.432966288003196,
    -8.233689960757278,
    -9.974305043619548,
    -12.106780856876806,
    -14.707122768109922,
    -17.867276838855393,
    -21.698666392055696,
    -26.336322058462144,
    -31.943757315257887,
    -38.718782470342035,
    -46.90048654632716,
    -56.777654740697834,
    -68.69893470976544,
    -83.08512194905165
  ],
  "omega_max": [
    1.4122324235466988e-14,
    5.080949729922916e-15,
    -3.717717107542772e-13,
    1.0344340731459751e-13,
    -1.7429653217189655e-13,
    2.929239579834209e-13,
    2.8573708115258003e-13,
    1.5963610273688956e-13,
    1.1724749987885379e-13,
    -8.109010644579395e-15,
    2.453964901269456e-13,
    1.8653029028123556e-14,
    -2.2726074499960147e-13,
    -1.3673539441474756e-13,
    -8.034095471452712e-14,
    3.0940004861174966e-13,
    -2.5771022315897394e-13,
    2.627302377311496e-13,
    -3.362789689902284e-13,
    5.318236552091179e-14,
    1.4591090483444166e-13,
    4.02499247410924e-13,
    -7.124809336791855e-14,
    -9.188301566700537e-15,
    -1.8257314106369577e-13,
    -3.2719796932018602e-15,
    -1.4227306730928846e-14,
    -1.3918360854910751e-14,
    1.5773868958141273e-15,
    -2.3602601335806305e-14,
    6.468574910628366e-15,
    2.3369779048026287e-13,
    1.1626021712005704e-13,
    -4.639478252927302e-13,
    -1.2123044266392178e-12,
    1.1113048250955497e-12,
    1.8061900419867848e-12,
    -0.2149822681923109,
    -0.6274715061992354,
    -0.9587142288016538,
    1.285547510440504,
    -1.621628107727212,
    1.9733743278227294,
    2.345625744468638,
    -2.7429954351894024,
    3.170299088410356,
    -3.632725364589646,
    -4.135930190084446,
    4.686112794398819,
    5.290092924042164
  ],
  "params": {
    "alpha": -32.0,
    "dT": 0.8333333333333334,
    "dR": 1.0
  },
  "metadata": {
    "shear_max": 7.928823178596688e-09,
    "vel_net": 1.5092394045580206e-14,
    "resolution": {
      "H": 25,
      "M": 65,
      "Nz": 129,
      "Nth": 128
    },
    "timestamp": "2026-04-13T13:29:15.051334"
  }
}