{
  "k": [
    0.1,
    0.10985411419875583,
    0.12067926406393285,
    0.13257113655901093,
    0.14563484775012436,
    0.15998587196060582,
    0.1757510624854792,
    0.193069772888325,
    0.21209508879201905,
    0.2329951810515372,
    0.2559547922699536,
    0.281176869797423,
    0.3088843596477481,
    0.3393221771895328,
    0.372759372031494,
    0.4094915062380424,
    0.44984326689694454,
    0.49417133613238345,
    0.5428675439323859,
    0.5963623316594643,
    0.6551285568595507,
    0.7196856730011519,
    0.7906043210907697,
    0.8685113737513525,
    0.9540954763499939,
    1.0481131341546859,
    1.151395399326447,
    1.2648552168552958,
    1.3894954943731375,
    1.5264179671752334,
    1.6768329368110073,
    1.8420699693267153,
    2.0235896477251565,
    2.2229964825261943,
    2.442053094548651,
    2.6826957952797246,
    2.9470517025518097,
    3.2374575428176433,
    3.5564803062231283,
    3.9069399370546147,
    4.291934260128776,
    4.714866363457392,
    5.17947467923121,
    5.689866029018296,
    6.250551925273969,
    6.866488450042998,
    7.543120063354615,
    8.286427728546842,
    9.102981779915218,
    10.0
  ],
  "gamma_max": [
    -2.190623090665256,
    -2.189240174542369,
    -2.187950998976418,
    -2.1868129008685253,
    -2.1858990435014043,
    -2.1853021731939917,
    -2.185139234267455,
    -2.1855570367292576,
    -2.186739214716954,
    -2.1458616837732296,
    -2.079910023931636,
    -2.009937150808799,
    -1.9361299431677348,
    -1.8588208864189368,
    -1.7785247637174062,
    -1.695980718272841,
    -1.6121996405061427,
    -1.5285166562818153,
    -1.4466483596756292,
    -1.3687543837021634,
    -1.2975029727133482,
    -1.2361404293484282,
    -1.1885646693590797,
    -1.1594036349080532,
    -1.1541000244740498,
    -1.179004788857767,
    -1.241483310184696,
    -1.350040471491132,
    -1.5144744920346895,
    -1.7460754134923475,
    -2.057894133593647,
    -1.9455813587267268,
    -1.9175282107008507,
    -2.018648183800507,
    -2.294644163771999,
    -2.7969657180885195,
    -3.581755700792925,
    -4.709899012679085,
    -6.2483449734640875,
    -8.272726011764586,
    -10.871141958824822,
    -14.148932418571345,
    -18.234398015278146,
    -23.285780708642314,
    -29.500531002149142,
    -37.12987124900596,
    -46.509883485777785,
    -58.12609381085081,
    -71.27911677869116,
    -86.3419262672428
  ],
  "omega_max": [
    1.081397916577232,
    1.099952039750602,
    1.1204397284000371,
    1.1430703546036152,
    1.1680767861748633,
    1.1957179302213177,
    1.2262814490886096,
    1.2600866067629548,
    1.2974871783178443,
    5.432070588844571,
    5.496918551771778,
    5.568583588996203,
    5.647711710348897,
    5.734974151943598,
    5.831055488643523,
    5.936638202166809,
    6.052384164207635,
    6.178914297473396,
    6.3167887674849075,
    6.466491363969714,
    6.628423114316132,
    6.80291132158344,
    6.990240695061309,
    7.190712424831454,
    7.404734287609401,
    7.632939626281282,
    7.87632519829479,
    8.136388003161658,
    8.415230617303711,
    8.715595121669757,
    9.040779331241934,
    8.107208001151509,
    8.457892746334602,
    8.864055203407569,
    9.334954085314703,
    9.878874612787031,
    10.503544017944614,
    11.21662027468708,
    12.026158734909963,
    12.941111179706528,
    13.971932423313376,
    15.131388041112645,
    16.4357288043447,
    17.906595471883453,
    19.574601442623987,
    21.48767855330121,
    23.73931877165517,
    26.681795822537453,
    21.254700958318296,
    35.316369217605256
  ],
  "params": {
    "alpha": -42.0,
    "dT": 0.8571428571428571,
    "dR": 1.0
  },
  "metadata": {
    "shear_max": 5.467010585781403,
    "vel_net": 2.2664305559426783,
    "resolution": {
      "H": 25,
      "M": 65,
      "Nz": 129,
      "Nth": 128
    },
    "timestamp": "2026-04-13T16:58:30.904163"
  }
}