{
  "k": [
    0.1,
    0.10985411419875583,
    0.12067926406393285,
    0.13257113655901093,
    0.14563484775012436,
    0.15998587196060582,
    0.1757510624854792,
    0.193069772888325,
    0.21209508879201905,
    0.2329951810515372,
    0.2559547922699536,
    0.281176869797423,
    0.3088843596477481,
    0.3393221771895328,
    0.372759372031494,
    0.4094915062380424,
    0.44984326689694454,
    0.49417133613238345,
    0.5428675439323859,
    0.5963623316594643,
    0.6551285568595507,
    0.7196856730011519,
    0.7906043210907697,
    0.8685113737513525,
    0.9540954763499939,
    1.0481131341546859,
    1.151395399326447,
    1.2648552168552958,
    1.3894954943731375,
    1.5264179671752334,
    1.6768329368110073,
    1.8420699693267153,
    2.0235896477251565,
    2.2229964825261943,
    2.442053094548651,
    2.6826957952797246,
    2.9470517025518097,
    3.2374575428176433,
    3.5564803062231283,
    3.9069399370546147,
    4.291934260128776,
    4.714866363457392,
    5.17947467923121,
    5.689866029018296,
    6.250551925273969,
    6.866488450042998,
    7.543120063354615,
    8.286427728546842,
    9.102981779915218,
    10.0
  ],
  "gamma_max": [
    -2.0801904524811783,
    -2.0825571189946204,
    -2.085410394432283,
    -2.0888496429559913,
    -2.092994211500525,
    -2.097987312726306,
    -2.1040006037367345,
    -2.111239560375798,
    -2.1199497511067382,
    -2.130424115872969,
    -2.1430113507183304,
    -2.158125494251172,
    -2.1762568082260856,
    -2.1979840625940366,
    -2.1610190757374546,
    -2.069703675561562,
    -1.973943084441922,
    -1.8743561819303267,
    -1.7718343325048849,
    -1.6675967047512985,
    -1.5632505762228712,
    -1.4608559776616459,
    -1.3629939144012935,
    -1.2728373231519223,
    -1.194223958968963,
    -1.1317309151306625,
    -1.0907522905787905,
    -1.077586125665253,
    -1.0995459760467412,
    -1.1651274917255798,
    -1.090114665336532,
    -0.7553045865653997,
    -0.47336198594261286,
    -0.28259692450646673,
    -0.2278506095144894,
    -0.3587070409306983,
    -0.72840515320181,
    -1.3934204991303552,
    -2.4140950561873225,
    -3.8565824422401733,
    -5.795994018661145,
    -8.32026886447655,
    -11.53389010679924,
    -15.559659508958541,
    -20.534922861329306,
    -26.600280415181825,
    -33.901752347224246,
    -42.641985351074844,
    -53.07669956551503,
    -65.3050557657428
  ],
  "omega_max": [
    0.17103313674556664,
    0.1879593552561354,
    0.20657728070620548,
    0.22706147036513852,
    0.24960630365766384,
    0.27442882096637755,
    0.3017721502576344,
    0.33190968224759787,
    0.3651502121488975,
    0.4018443312049059,
    0.4423924399463094,
    0.48725485103495497,
    0.5369645663964614,
    0.592143405996119,
    6.984726669829572,
    7.102274431438109,
    7.231729779299564,
    7.374079764774214,
    7.530319016671781,
    7.701434331226368,
    7.888392445813607,
    8.09213536557123,
    8.31358823443062,
    8.553684112665985,
    8.813407235354997,
    9.093850533594512,
    9.396274026902601,
    9.722138931659629,
    10.073080711813637,
    10.450778030556599,
    9.006977497858768,
    9.395446415741848,
    9.85301762369337,
    10.390409340531134,
    11.016143446888929,
    11.7376677176495,
    12.56229306375465,
    13.497922358204548,
    14.553817825101545,
    15.741579085089123,
    17.076509480050195,
    18.579684604081052,
    20.28122912375609,
    22.225213187948125,
    24.474514970596875,
    27.105901287189976,
    30.18213233430116,
    33.745554706367976,
    37.91213348237537,
    42.76720395288131
  ],
  "params": {
    "alpha": -47.0,
    "dT": 0.6666666666666666,
    "dR": 1.0
  },
  "metadata": {
    "shear_max": 6.561789147990514,
    "vel_net": 2.778839464056369,
    "resolution": {
      "H": 25,
      "M": 65,
      "Nz": 129,
      "Nth": 128
    },
    "timestamp": "2026-04-15T16:20:12.629632"
  }
}