{
  "k": [
    0.1,
    0.10985411419875583,
    0.12067926406393285,
    0.13257113655901093,
    0.14563484775012436,
    0.15998587196060582,
    0.1757510624854792,
    0.193069772888325,
    0.21209508879201905,
    0.2329951810515372,
    0.2559547922699536,
    0.281176869797423,
    0.3088843596477481,
    0.3393221771895328,
    0.372759372031494,
    0.4094915062380424,
    0.44984326689694454,
    0.49417133613238345,
    0.5428675439323859,
    0.5963623316594643,
    0.6551285568595507,
    0.7196856730011519,
    0.7906043210907697,
    0.8685113737513525,
    0.9540954763499939,
    1.0481131341546859,
    1.151395399326447,
    1.2648552168552958,
    1.3894954943731375,
    1.5264179671752334,
    1.6768329368110073,
    1.8420699693267153,
    2.0235896477251565,
    2.2229964825261943,
    2.442053094548651,
    2.6826957952797246,
    2.9470517025518097,
    3.2374575428176433,
    3.5564803062231283,
    3.9069399370546147,
    4.291934260128776,
    4.714866363457392,
    5.17947467923121,
    5.689866029018296,
    6.250551925273969,
    6.866488450042998,
    7.543120063354615,
    8.286427728546842,
    9.102981779915218,
    10.0
  ],
  "gamma_max": [
    -2.451658728853567,
    -2.4488505574267423,
    -2.445993479422491,
    -2.44313184730049,
    -2.4403252454353592,
    -2.4376524579679013,
    -2.435216398625163,
    -2.433150226806472,
    -2.431624920252341,
    -2.430858626860126,
    -2.370147173322184,
    -2.2958280283891246,
    -2.216953732058698,
    -2.133732867215449,
    -2.046540361545976,
    -1.9559601952236252,
    -1.8628344946175583,
    -1.7683189100446866,
    -1.673943915501625,
    -1.5816814497839822,
    -1.494016195853145,
    -1.4140207997780416,
    -1.345434469149469,
    -1.2927446449885331,
    -1.261271829277291,
    -1.2572583390945002,
    -1.2879632334299065,
    -1.3617689472220535,
    -1.4883119849592348,
    -1.678662809430265,
    -1.5901115018181433,
    -1.3323349074290163,
    -1.1561389172746848,
    -1.1054539302369726,
    -1.2321772500654582,
    -1.594281512378198,
    -2.2546095315969668,
    -3.280602323672473,
    -4.745319206263176,
    -6.729948021732783,
    -9.32768090610097,
    -12.648602269730238,
    -16.825148830805478,
    -22.017551711647247,
    -28.417991147063578,
    -36.25046954086989,
    -45.76340798752357,
    -57.230220714429905,
    -70.99614200838326,
    -87.4117968013153
  ],
  "omega_max": [
    1.4115308177423775,
    1.435258320495841,
    1.46142067381298,
    1.4902746640093725,
    1.5221048554371743,
    1.557226517810101,
    1.5959887793699106,
    1.6387779843673596,
    1.6860212118298663,
    1.738189882797733,
    6.639401404891042,
    6.722264985564626,
    6.813770605978923,
    6.914744267945901,
    7.026051967713633,
    7.148588158601092,
    7.283260737614983,
    7.43097333717376,
    7.592606746916911,
    7.769002636890919,
    7.960954278517447,
    8.169210337088753,
    8.394498505982442,
    8.637575007638524,
    8.89930289082891,
    9.180755773896266,
    9.483333809226725,
    9.808865590703734,
    10.15965520848372,
    10.538420982540758,
    9.257540457777315,
    9.63363405980304,
    10.072361357919593,
    10.584799933173953,
    11.180448528104197,
    11.867781953238325,
    12.654930004101535,
    13.550261729278857,
    14.562978774723398,
    15.703832477417409,
    16.98607216446783,
    18.42679733643559,
    20.04902407277684,
    21.88496926353235,
    23.98110582355363,
    26.404204058415253,
    29.241052719453617,
    32.578204842564325,
    36.50279593456189,
    41.22477587921466
  ],
  "params": {
    "alpha": -49.0,
    "dT": 0.8888888888888888,
    "dR": 1.0
  },
  "metadata": {
    "shear_max": 6.659045164070802,
    "vel_net": 2.782669410739157,
    "resolution": {
      "H": 25,
      "M": 65,
      "Nz": 129,
      "Nth": 128
    },
    "timestamp": "2026-04-16T15:12:37.493536"
  }
}