{
  "k": [
    0.1,
    0.10985411419875583,
    0.12067926406393285,
    0.13257113655901093,
    0.14563484775012436,
    0.15998587196060582,
    0.1757510624854792,
    0.193069772888325,
    0.21209508879201905,
    0.2329951810515372,
    0.2559547922699536,
    0.281176869797423,
    0.3088843596477481,
    0.3393221771895328,
    0.372759372031494,
    0.4094915062380424,
    0.44984326689694454,
    0.49417133613238345,
    0.5428675439323859,
    0.5963623316594643,
    0.6551285568595507,
    0.7196856730011519,
    0.7906043210907697,
    0.8685113737513525,
    0.9540954763499939,
    1.0481131341546859,
    1.151395399326447,
    1.2648552168552958,
    1.3894954943731375,
    1.5264179671752334,
    1.6768329368110073,
    1.8420699693267153,
    2.0235896477251565,
    2.2229964825261943,
    2.442053094548651,
    2.6826957952797246,
    2.9470517025518097,
    3.2374575428176433,
    3.5564803062231283,
    3.9069399370546147,
    4.291934260128776,
    4.714866363457392,
    5.17947467923121,
    5.689866029018296,
    6.250551925273969,
    6.866488450042998,
    7.543120063354615,
    8.286427728546842,
    9.102981779915218,
    10.0
  ],
  "gamma_max": [
    -0.12310143297736671,
    -0.13254604071941478,
    -0.14392176099897488,
    -0.15762043084468594,
    -0.17411398294586458,
    -0.19397336638192808,
    -0.21789614572650653,
    -0.24675290999392777,
    -0.28168242968196844,
    -0.32434425634480685,
    -0.37789163144495286,
    -0.4565948801991161,
    -0.5165993130533992,
    -0.5521941794073046,
    -0.5937834570741102,
    -0.6421751120711264,
    -0.5910015771496864,
    -0.5742460319514948,
    -0.5632279746627373,
    -0.5541691205152339,
    -0.5460738249076973,
    -0.5386684949576273,
    -0.3998539696693357,
    -0.18795280881353849,
    0.02209215023918713,
    0.22611396216672017,
    0.4186001394568683,
    0.5918330432328759,
    0.734553735690349,
    0.8299025289535352,
    0.8521868429324966,
    0.7617848731910055,
    0.49913015159030316,
    0.5710367691596276,
    1.673416992043409,
    2.739247346816499,
    3.411486160628082,
    3.585327526553531,
    3.1677112459163963,
    1.946930319991072,
    -0.5598968006131679,
    -1.0820388502994929,
    -0.7660896433237606,
    -0.9596178210144736,
    -1.5905556290712504,
    -2.6503311771145395,
    -4.173643274724231,
    -6.224896519314733,
    -8.893746728650248,
    -12.28428343854122
  ],
  "omega_max": [
    6.3862786111815574e-12,
    3.4401192291130732e-12,
    1.624096977477098e-11,
    -9.409556050776132e-12,
    -6.2870880348081795e-12,
    4.809109849549828e-12,
    5.339209201064736e-12,
    2.1112308015406022e-12,
    -5.16891721735013e-12,
    1.1901419610341016e-12,
    -1.263299130804869e-11,
    4.3895619576710004e-12,
    -0.06404707657149912,
    -0.08462495645946279,
    0.08330598262378204,
    -0.03954258866989793,
    -5.360471550024701e-13,
    2.5989568302856384e-13,
    -5.735044068655547e-14,
    -3.3433961412211006e-13,
    -3.9926044531043706e-13,
    -1.7589139484007712e-13,
    -6.984102155277247,
    -7.096789738504764,
    -7.202824674873269,
    7.294819347498401,
    7.363762066483169,
    7.399008964347467,
    7.3883940478337395,
    7.318583335143076,
    7.175978825321978,
    -6.949202655029191,
    -6.637332893472842,
    9.753969482387775e-12,
    6.136280743685357e-12,
    -8.714751598610706e-12,
    2.6830235889300075e-12,
    -3.6201348478771094e-12,
    -1.7124482512019936e-12,
    4.17654516634347e-12,
    -5.837223997152539e-12,
    8.606715187442905,
    9.8263398324746,
    11.223030608904127,
    -12.70509879104196,
    14.27324576984406,
    15.950481457104601,
    -17.773617354977194,
    19.800443197862258,
    -22.132186248013692
  ],
  "params": {
    "alpha": -50.0,
    "dT": 0.16666666666666666,
    "dR": 1.0
  },
  "metadata": {
    "shear_max": 6.951907477391072,
    "vel_net": 7.350525100289755e-14,
    "resolution": {
      "H": 20,
      "M": 49,
      "Nz": 97,
      "Nth": 96
    },
    "timestamp": "2026-02-13T16:25:16.822519"
  }
}