{
  "k": [
    0.1,
    0.10985411419875583,
    0.12067926406393285,
    0.13257113655901093,
    0.14563484775012436,
    0.15998587196060582,
    0.1757510624854792,
    0.193069772888325,
    0.21209508879201905,
    0.2329951810515372,
    0.2559547922699536,
    0.281176869797423,
    0.3088843596477481,
    0.3393221771895328,
    0.372759372031494,
    0.4094915062380424,
    0.44984326689694454,
    0.49417133613238345,
    0.5428675439323859,
    0.5963623316594643,
    0.6551285568595507,
    0.7196856730011519,
    0.7906043210907697,
    0.8685113737513525,
    0.9540954763499939,
    1.0481131341546859,
    1.151395399326447,
    1.2648552168552958,
    1.3894954943731375,
    1.5264179671752334,
    1.6768329368110073,
    1.8420699693267153,
    2.0235896477251565,
    2.2229964825261943,
    2.442053094548651,
    2.6826957952797246,
    2.9470517025518097,
    3.2374575428176433,
    3.5564803062231283,
    3.9069399370546147,
    4.291934260128776,
    4.714866363457392,
    5.17947467923121,
    5.689866029018296,
    6.250551925273969,
    6.866488450042998,
    7.543120063354615,
    8.286427728546842,
    9.102981779915218,
    10.0
  ],
  "gamma_max": [
    -1.0287254495778535,
    -1.026912091830024,
    -1.0251744153603846,
    -1.0235820208644602,
    -1.0222267361341586,
    -1.0212287787595336,
    -1.0207447977558401,
    -1.0209786315822582,
    -1.022196218193777,
    -1.0247471683107787,
    -1.0290976750797916,
    -1.0358839780934346,
    -1.0460058519535629,
    -1.0608048381349677,
    -1.082436204949578,
    -1.079209290790319,
    -1.0436718315596143,
    -1.0054561999400031,
    -0.9651672097947709,
    -0.9235760258945339,
    -0.8816217218629336,
    -0.8404212363946925,
    -0.801284287468002,
    -0.7657295403870976,
    -0.7354986480097488,
    -0.7125652188951184,
    -0.6991364457156212,
    -0.6976466545025881,
    -0.7107455584721367,
    -0.7412912222608454,
    -0.7923703669846034,
    -0.7927335330753675,
    -0.7774689655948828,
    -0.7940830642483423,
    -0.852951715068449,
    -0.9655068006565742,
    -1.1439399901907565,
    -1.4011478449326442,
    -1.750977405597289,
    -2.2082834828798035,
    -2.786453579591174,
    -3.485870714006239,
    -4.28162387071952,
    -5.1692893662927535,
    -6.19731210699501,
    -7.424451264623744,
    -8.905383705584745,
    -10.69636824542155,
    -12.860500142209727,
    -15.471372765183139
  ],
  "omega_max": [
    0.22841486990641544,
    0.22405108482046,
    0.21944130394950123,
    0.21459434636874433,
    0.20952550745209897,
    0.20425846610050352,
    0.19882808062900006,
    0.19328473491006995,
    0.18770144368578406,
    0.1821860516324717,
    0.17690326881918175,
    0.17211699600236172,
    0.16827870456091,
    0.16623545653194524,
    0.16781694300804845,
    -2.1600878263062095,
    -2.238948282290166,
    -2.323200839511091,
    -2.4128318014958503,
    -2.507870699934123,
    -2.608389462375952,
    -2.7145079540458124,
    -2.8264117149573282,
    -2.9443850854260085,
    -3.068860215817761,
    -3.2004790561064977,
    -3.3401608160721237,
    -3.4891615204037167,
    -3.6491057290527777,
    -3.8219647797759726,
    -4.009954152174824,
    -3.8363100870132625,
    -4.081920210997537,
    -4.359616949359995,
    -4.676176303601641,
    -5.038996645426426,
    -5.456039928786668,
    -5.936082257422297,
    -6.489567552429569,
    -7.130622224246383,
    -7.880784270296925,
    -8.769784959745778,
    -9.809198221292055,
    -10.9642163334111,
    -12.208981873964943,
    -13.549901234730779,
    -15.005139976778585,
    -16.595236471134484,
    -18.341461322589243,
    -20.265825203500697
  ],
  "params": {
    "alpha": -23.0,
    "dT": 0.14285714285714285,
    "dR": 1.0
  },
  "metadata": {
    "shear_max": 2.470298259513445,
    "vel_net": 1.000162025990497,
    "resolution": {
      "H": 25,
      "M": 65,
      "Nz": 129,
      "Nth": 128
    },
    "timestamp": "2026-04-13T13:08:39.748286"
  }
}