{
  "k": [
    0.1,
    0.10985411419875583,
    0.12067926406393285,
    0.13257113655901093,
    0.14563484775012436,
    0.15998587196060582,
    0.1757510624854792,
    0.193069772888325,
    0.21209508879201905,
    0.2329951810515372,
    0.2559547922699536,
    0.281176869797423,
    0.3088843596477481,
    0.3393221771895328,
    0.372759372031494,
    0.4094915062380424,
    0.44984326689694454,
    0.49417133613238345,
    0.5428675439323859,
    0.5963623316594643,
    0.6551285568595507,
    0.7196856730011519,
    0.7906043210907697,
    0.8685113737513525,
    0.9540954763499939,
    1.0481131341546859,
    1.151395399326447,
    1.2648552168552958,
    1.3894954943731375,
    1.5264179671752334,
    1.6768329368110073,
    1.8420699693267153,
    2.0235896477251565,
    2.2229964825261943,
    2.442053094548651,
    2.6826957952797246,
    2.9470517025518097,
    3.2374575428176433,
    3.5564803062231283,
    3.9069399370546147,
    4.291934260128776,
    4.714866363457392,
    5.17947467923121,
    5.689866029018296,
    6.250551925273969,
    6.866488450042998,
    7.543120063354615,
    8.286427728546842,
    9.102981779915218,
    10.0
  ],
  "gamma_max": [
    2.22947708033955,
    2.227004716010165,
    2.2240225057149448,
    2.2204256569394936,
    2.216087992223948,
    2.210857652784838,
    2.204551966816909,
    2.196951332865901,
    2.18779194417295,
    2.176757155411104,
    2.163467266193823,
    2.147467464502773,
    2.128213640792234,
    2.105055741556477,
    2.0772182795125107,
    2.0437775448255238,
    2.003634949301898,
    1.955485763671945,
    1.897782236831344,
    1.8286896717222296,
    1.7460334253256093,
    1.64723395118135,
    1.5292258920064423,
    1.3883558654632098,
    1.2202520281609448,
    1.0196567972119845,
    0.7802122059473191,
    0.49418489621694384,
    0.15211364532245714,
    -0.25764585045473626,
    -0.7495220328677917,
    -1.3415590643324093,
    -2.0566713984960723,
    -2.924844659885493,
    -3.988129991970482,
    -5.020971240794264,
    -6.2368167643678065,
    -7.824625294868524,
    -9.896601972343854,
    -12.745451171271336,
    -15.516212472397898,
    -18.88352013512728,
    -22.966153805039422,
    -27.908062567212554,
    -33.88356491109474,
    -41.10355049556072,
    -49.82292873959678,
    -60.34960989542029,
    -73.05535243100896,
    -88.38887076595904
  ],
  "omega_max": [
    1.9111123107138665e-13,
    2.6897851182270955e-13,
    8.264676764016862e-13,
    -3.3919558513512464e-13,
    -1.0524364118568788e-12,
    -1.545849813845053e-13,
    -2.3226676881274904e-14,
    4.941193269168581e-13,
    -1.5616859933291878e-13,
    2.1594641126783716e-13,
    -2.6474124906362327e-13,
    -4.4852902163595566e-13,
    5.595275087130114e-14,
    9.116851837700845e-13,
    3.687068366576492e-13,
    3.601780825896373e-13,
    4.1640874204991697e-13,
    1.1249162470835494e-13,
    -3.5449603328734906e-13,
    2.319729570204162e-13,
    2.0266974736663652e-15,
    1.276080694621759e-13,
    1.7318889522915853e-13,
    -1.1432267994226236e-13,
    -2.7968270031377178e-14,
    1.9871842339890116e-13,
    -3.6714894507629066e-13,
    -8.052913771173215e-14,
    3.309448742959925e-14,
    8.113976986658743e-14,
    -4.199664283000552e-14,
    -2.911413156293234e-13,
    1.8628675805892735e-14,
    -3.7206415513011767e-13,
    2.6390155700470427e-13,
    4.645582628906923e-13,
    -5.495332696203823e-13,
    2.2252706493079328e-12,
    -2.093211786159127e-13,
    -0.38931225134264397,
    -0.9227505610350029,
    1.3422754344563868,
    -1.7450167090510036,
    -2.15318844026997,
    2.5778124641223776,
    3.026734582250901,
    -3.5067879102303703,
    -4.024597608528156,
    -4.586960936844608,
    5.201072810458221
  ],
  "params": {
    "alpha": -34.0,
    "dT": 0.8888888888888888,
    "dR": 1.0
  },
  "metadata": {
    "shear_max": 9.703281329292655e-09,
    "vel_net": 1.1438065920006487e-13,
    "resolution": {
      "H": 25,
      "M": 65,
      "Nz": 129,
      "Nth": 128
    },
    "timestamp": "2026-04-13T13:54:31.084997"
  }
}