{
  "k": [
    0.1,
    0.10985411419875583,
    0.12067926406393285,
    0.13257113655901093,
    0.14563484775012436,
    0.15998587196060582,
    0.1757510624854792,
    0.193069772888325,
    0.21209508879201905,
    0.2329951810515372,
    0.2559547922699536,
    0.281176869797423,
    0.3088843596477481,
    0.3393221771895328,
    0.372759372031494,
    0.4094915062380424,
    0.44984326689694454,
    0.49417133613238345,
    0.5428675439323859,
    0.5963623316594643,
    0.6551285568595507,
    0.7196856730011519,
    0.7906043210907697,
    0.8685113737513525,
    0.9540954763499939,
    1.0481131341546859,
    1.151395399326447,
    1.2648552168552958,
    1.3894954943731375,
    1.5264179671752334,
    1.6768329368110073,
    1.8420699693267153,
    2.0235896477251565,
    2.2229964825261943,
    2.442053094548651,
    2.6826957952797246,
    2.9470517025518097,
    3.2374575428176433,
    3.5564803062231283,
    3.9069399370546147,
    4.291934260128776,
    4.714866363457392,
    5.17947467923121,
    5.689866029018296,
    6.250551925273969,
    6.866488450042998,
    7.543120063354615,
    8.286427728546842,
    9.102981779915218,
    10.0
  ],
  "gamma_max": [
    -1.0095844718941545,
    -1.011566892307872,
    -1.013959456339228,
    -1.0168470678176762,
    -1.020332229325522,
    -1.0245387007667386,
    -1.029615923633172,
    -1.0357443737403107,
    -1.0431420410746302,
    -1.0520722798591309,
    -1.062853327425502,
    -1.0758698602702488,
    -1.0915870444905376,
    -1.110567652269397,
    -1.133492966249643,
    -1.161188394645021,
    -1.1946549959718264,
    -1.2351085026563144,
    -1.2840280044507413,
    -1.3432173236358838,
    -1.4148835026542248,
    -1.50173915596397,
    -1.6071395934052086,
    -1.7352735787975246,
    -1.8914432181479797,
    -2.0825073003915713,
    -2.317667110366354,
    -2.610117545923262,
    -2.9444629136598333,
    -3.2795118228463713,
    -3.6881158296083196,
    -4.185455848245551,
    -4.789787775313904,
    -5.523092274550195,
    -6.4118630994887065,
    -7.488061544098007,
    -8.79027005862803,
    -10.334750566329463,
    -12.19457291013071,
    -14.462196106787502,
    -17.218514828657977,
    -20.5611544612876,
    -24.608119899970426,
    -29.502082784398468,
    -35.41546365576372,
    -42.556505654387365,
    -51.17657725549392,
    -61.57898756527116,
    -74.12965118190759,
    -89.27000019902648
  ],
  "omega_max": [
    -2.3758004366192866e-16,
    -1.3908292582358139e-15,
    -3.897423449851489e-16,
    -1.162803158029768e-15,
    -1.8096517088753836e-17,
    -1.8469259764560647e-16,
    -1.9591318108945177e-16,
    -6.204859828903401e-16,
    9.027239740950805e-17,
    3.908885798118356e-16,
    -8.152138815285848e-16,
    6.861891185878085e-16,
    -1.1663110168970178e-16,
    -2.1836247179184744e-16,
    -8.608098708130945e-16,
    -1.9387083377895047e-15,
    -9.940361723466547e-16,
    -1.1464313065407362e-15,
    -4.107364062474158e-16,
    -4.307949638400702e-18,
    -2.3674840161166476e-15,
    -1.2518988582207327e-16,
    -2.867592466471901e-16,
    -3.0087676283158023e-15,
    7.943773300218528e-16,
    1.2759368160795264e-14,
    -1.7294592891097674e-14,
    4.008724696496302e-14,
    -0.7047477888497315,
    -0.7811082158836529,
    -0.8624045075723152,
    -0.9497799227352833,
    -1.0444141024420184,
    -1.1475450821928015,
    1.2604896411249025,
    1.384663964624035,
    -1.5216059101055317,
    1.6106113983270112,
    -1.7834021463503062,
    -1.973175536394007,
    -2.183249617235489,
    -2.4167682034519427,
    -2.6769674016935596,
    -2.967377543280322,
    -3.291968428608237,
    -3.6552508074287013,
    -4.062344533523878,
    -4.519020635105042,
    -5.031725696993372,
    5.607603848855515
  ],
  "params": {
    "alpha": -17.0,
    "dT": 0.875,
    "dR": 1.0
  },
  "metadata": {
    "shear_max": 1.6394765585781446e-09,
    "vel_net": 1.550963648536927e-25,
    "resolution": {
      "H": 25,
      "M": 65,
      "Nz": 129,
      "Nth": 128
    },
    "timestamp": "2026-04-13T11:06:43.277755"
  }
}