{
  "k": [
    0.1,
    0.10985411419875583,
    0.12067926406393285,
    0.13257113655901093,
    0.14563484775012436,
    0.15998587196060582,
    0.1757510624854792,
    0.193069772888325,
    0.21209508879201905,
    0.2329951810515372,
    0.2559547922699536,
    0.281176869797423,
    0.3088843596477481,
    0.3393221771895328,
    0.372759372031494,
    0.4094915062380424,
    0.44984326689694454,
    0.49417133613238345,
    0.5428675439323859,
    0.5963623316594643,
    0.6551285568595507,
    0.7196856730011519,
    0.7906043210907697,
    0.8685113737513525,
    0.9540954763499939,
    1.0481131341546859,
    1.151395399326447,
    1.2648552168552958,
    1.3894954943731375,
    1.5264179671752334,
    1.6768329368110073,
    1.8420699693267153,
    2.0235896477251565,
    2.2229964825261943,
    2.442053094548651,
    2.6826957952797246,
    2.9470517025518097,
    3.2374575428176433,
    3.5564803062231283,
    3.9069399370546147,
    4.291934260128776,
    4.714866363457392,
    5.17947467923121,
    5.689866029018296,
    6.250551925273969,
    6.866488450042998,
    7.543120063354615,
    8.286427728546842,
    9.102981779915218,
    10.0
  ],
  "gamma_max": [
    -1.1461304649170752,
    -1.1420175428445902,
    -1.137900660029972,
    -1.1338659434923766,
    -1.1300238330364876,
    -1.1265141898583362,
    -1.1235128757311195,
    -1.1212405817137778,
    -1.1199751878354658,
    -1.1200698290038378,
    -1.1219805047202114,
    -1.1263105499565105,
    -1.1338872083636975,
    -1.145905768451905,
    -1.1642371133041767,
    -1.1922191217362448,
    -1.2374085839830222,
    -1.2284682892131433,
    -1.1628465518227034,
    -1.0965025859379214,
    -1.0302354449520525,
    -0.9650512153709595,
    -0.9021895381071112,
    -0.8431497379057394,
    -0.7897150752325818,
    -0.7439735091074168,
    -0.7083338654070777,
    -0.6855380845803543,
    -0.678674162787855,
    -0.6912014750137941,
    -0.7270107763475746,
    -0.7851787139440677,
    -0.7368391351294654,
    -0.7250385450798651,
    -0.7635048918663571,
    -0.8678886974524922,
    -1.0553272271705672,
    -1.3442304124199191,
    -1.7541439717734033,
    -2.3042077438004682,
    -3.00429075165597,
    -3.8300324607161342,
    -4.735309514529245,
    -5.744002107218022,
    -6.926427858907534,
    -8.347057401755198,
    -10.065450975159631,
    -12.144657240646069,
    -14.656523786644676,
    -17.685526221478526
  ],
  "omega_max": [
    0.19191247639766518,
    0.18640110695779566,
    0.18059970391982968,
    0.17450492574645327,
    0.16811345219072968,
    0.16142234184447304,
    0.15443008507495076,
    0.1471388128419203,
    0.13955839303038126,
    0.1317136695316685,
    0.12365723651878496,
    0.11549268876760507,
    0.10741958703093352,
    0.09982905391567953,
    0.0935379901375466,
    0.09050982554613145,
    0.0973001034474973,
    -3.0023888055403543,
    -3.0954412288200177,
    -3.1948178462126595,
    -3.300734905557468,
    -3.4134058883727265,
    -3.533064831057902,
    -3.66000282467096,
    -3.7946180758559023,
    -3.937476769948879,
    -4.089377237281675,
    -4.251403882156822,
    -4.424950925163282,
    -4.611690900916258,
    -4.81346148995433,
    -4.474042243811349,
    -4.748698395213003,
    -5.058618576416112,
    -5.411668824896815,
    -5.816354092668788,
    -6.282132857890054,
    -6.820414455987491,
    -7.446704589461865,
    -8.184766933986147,
    -9.072169828295959,
    -10.148506232757363,
    -11.394794321246113,
    -12.75152799849355,
    -14.204438602086851,
    -15.769804076482256,
    -17.470448814010485,
    -19.330072946265396,
    -21.372757863391783,
    -23.623163201176908
  ],
  "params": {
    "alpha": -25.0,
    "dT": 0.16666666666666666,
    "dR": 1.0
  },
  "metadata": {
    "shear_max": 2.9790982796651266,
    "vel_net": 1.2247984917002293,
    "resolution": {
      "H": 25,
      "M": 65,
      "Nz": 129,
      "Nth": 128
    },
    "timestamp": "2026-04-13T14:47:49.840845"
  }
}