{
  "k": [
    0.1,
    0.10985411419875583,
    0.12067926406393285,
    0.13257113655901093,
    0.14563484775012436,
    0.15998587196060582,
    0.1757510624854792,
    0.193069772888325,
    0.21209508879201905,
    0.2329951810515372,
    0.2559547922699536,
    0.281176869797423,
    0.3088843596477481,
    0.3393221771895328,
    0.372759372031494,
    0.4094915062380424,
    0.44984326689694454,
    0.49417133613238345,
    0.5428675439323859,
    0.5963623316594643,
    0.6551285568595507,
    0.7196856730011519,
    0.7906043210907697,
    0.8685113737513525,
    0.9540954763499939,
    1.0481131341546859,
    1.151395399326447,
    1.2648552168552958,
    1.3894954943731375,
    1.5264179671752334,
    1.6768329368110073,
    1.8420699693267153,
    2.0235896477251565,
    2.2229964825261943,
    2.442053094548651,
    2.6826957952797246,
    2.9470517025518097,
    3.2374575428176433,
    3.5564803062231283,
    3.9069399370546147,
    4.291934260128776,
    4.714866363457392,
    5.17947467923121,
    5.689866029018296,
    6.250551925273969,
    6.866488450042998,
    7.543120063354615,
    8.286427728546842,
    9.102981779915218,
    10.0
  ],
  "gamma_max": [
    -0.12204464649512053,
    -0.1330205722154947,
    -0.1462506737092546,
    -0.16219776013898773,
    -0.18142263676673356,
    -0.20460980171590779,
    -0.2326069389363124,
    -0.2664953264799675,
    -0.30774289789543774,
    -0.35863631586518574,
    -0.42412100576098644,
    -0.5443755186290539,
    -0.5790569778816991,
    -0.6196622683987826,
    -0.6669585904766585,
    -0.7217807550565298,
    -0.7253588382961105,
    -0.6821710497828147,
    -0.664303182791647,
    -0.6521041714739457,
    -0.6424608486753145,
    -0.5028700184858398,
    -0.2925311920139937,
    -0.08264751283129615,
    0.12337223693005596,
    0.32139298915842673,
    0.5060430860552436,
    0.6699174835393,
    0.8023820923807552,
    0.8877899765849412,
    0.9027668787470359,
    0.8119740532459211,
    0.5622328825985399,
    0.21048491945498085,
    1.1069432296054635,
    2.0628766327653136,
    2.6553433875592494,
    2.7260004321073485,
    2.155075755974061,
    0.6618166644534269,
    -2.2194444386012315,
    -1.6470973579892605,
    -1.5947947063728982,
    -2.0437889750552247,
    -2.937963046874545,
    -4.286665627593703,
    -6.137090005438925,
    -8.563899508295487,
    -11.667161751612467,
    -15.570560535600922
  ],
  "omega_max": [
    1.440008775194421e-12,
    7.060294069678297e-12,
    -2.153009136758453e-11,
    2.2563705349808374e-11,
    -2.960493512772249e-11,
    2.2776963220218216e-12,
    -2.4911685668221742e-11,
    4.1357408956545834e-11,
    3.5033972098863244e-13,
    2.542144560273649e-11,
    -3.294845343998297e-11,
    0.02258561992073791,
    0.0905406309205544,
    0.11675358010538686,
    -0.12302561103162803,
    -0.10209690463835408,
    -3.181979099705783e-12,
    1.0081250915500977e-12,
    3.8649206052026584e-14,
    -1.783654218870955e-12,
    8.583207143796408e-13,
    -6.667807845546651,
    -6.786436201579066,
    6.90441597428891,
    -7.015774687020828,
    -7.113115889787122,
    7.187587055169826,
    -7.228899135854104,
    7.225466159413944,
    -7.1647879041228775,
    7.034339242987993,
    -6.8237691538249985,
    -6.531520400695628,
    -2.1704068893274807e-12,
    5.461367911138546e-13,
    -1.335087377671588e-12,
    -6.837281287622069e-13,
    -1.0313715794929896e-12,
    -6.629407650941459e-13,
    -1.951856783702668e-12,
    -7.483471327412428,
    8.31652406147457,
    -9.562749884532973,
    10.92354095943629,
    -12.354389648695511,
    -13.864895921112813,
    -15.478187787834285,
    17.226820807842067,
    -19.157162722080844,
    21.342483126897616
  ],
  "params": {
    "alpha": -50.0,
    "dT": 0.2,
    "dR": 1.0
  },
  "metadata": {
    "shear_max": 6.780628266404571,
    "vel_net": 1.765254609153999e-14,
    "resolution": {
      "H": 25,
      "M": 65,
      "Nz": 129,
      "Nth": 128
    },
    "timestamp": "2026-04-16T05:35:14.054427"
  }
}