{
  "k": [
    0.1,
    0.10985411419875583,
    0.12067926406393285,
    0.13257113655901093,
    0.14563484775012436,
    0.15998587196060582,
    0.1757510624854792,
    0.193069772888325,
    0.21209508879201905,
    0.2329951810515372,
    0.2559547922699536,
    0.281176869797423,
    0.3088843596477481,
    0.3393221771895328,
    0.372759372031494,
    0.4094915062380424,
    0.44984326689694454,
    0.49417133613238345,
    0.5428675439323859,
    0.5963623316594643,
    0.6551285568595507,
    0.7196856730011519,
    0.7906043210907697,
    0.8685113737513525,
    0.9540954763499939,
    1.0481131341546859,
    1.151395399326447,
    1.2648552168552958,
    1.3894954943731375,
    1.5264179671752334,
    1.6768329368110073,
    1.8420699693267153,
    2.0235896477251565,
    2.2229964825261943,
    2.442053094548651,
    2.6826957952797246,
    2.9470517025518097,
    3.2374575428176433,
    3.5564803062231283,
    3.9069399370546147,
    4.291934260128776,
    4.714866363457392,
    5.17947467923121,
    5.689866029018296,
    6.250551925273969,
    6.866488450042998,
    7.543120063354615,
    8.286427728546842,
    9.102981779915218,
    10.0
  ],
  "gamma_max": [
    1.2958068004000864,
    1.294273732263335,
    1.2924248962975826,
    1.290195561457617,
    1.2875078643329763,
    1.284268205001576,
    1.280364152482887,
    1.2756607777734208,
    1.269996323357158,
    1.2631771088062655,
    1.2549715636013874,
    1.2451032708760936,
    1.2332428987170723,
    1.2189988870131534,
    1.20190674342203,
    1.181416771617124,
    1.1568799918806871,
    1.1275318869420399,
    1.0924733660468928,
    1.0506479111473945,
    1.0008131331221386,
    0.9415037496533315,
    0.870981014483423,
    0.7871603709132454,
    0.6875034899557749,
    0.5688502596850333,
    0.4271435526612749,
    0.25694274738379763,
    0.05045222863485977,
    -0.2048513193032756,
    -0.53452050170003,
    -1.0625875138633938,
    -1.4521036907681448,
    -1.753220767299542,
    -2.112740632915789,
    -2.4948194572293056,
    -2.945295301435708,
    -3.5099627050974487,
    -4.210335101707825,
    -5.071977885001081,
    -6.125599041656044,
    -7.408323694743455,
    -8.965159228847254,
    -10.850682242908821,
    -13.13100189972989,
    -15.886075650284724,
    -19.212474051198473,
    -23.226712007262318,
    -28.069284309244093,
    -33.909564465292725
  ],
  "omega_max": [
    2.9380930745658105e-14,
    -1.0505553938619436e-13,
    3.0656648404986935e-14,
    -1.3170144481770426e-14,
    3.783016147539413e-14,
    1.9442840864575156e-13,
    -2.5205085171872923e-14,
    -7.159756495186801e-14,
    4.477071804044603e-14,
    -5.684952394193811e-14,
    6.395831648251077e-14,
    -5.0295442700674565e-14,
    -9.477474304881895e-14,
    -1.5747915817823603e-13,
    -8.563638317402961e-14,
    -1.2386838216493025e-13,
    -7.641657008928156e-14,
    5.5397838093897054e-14,
    -2.761904193915592e-13,
    -3.700504065787465e-14,
    3.6787688509757525e-14,
    -8.98535917671557e-14,
    -4.42792414758048e-14,
    1.9330495795132814e-14,
    1.7831856624966572e-14,
    3.068823089660019e-14,
    1.5121770432013363e-14,
    -1.5865386322566512e-14,
    2.572293317018814e-15,
    2.9380941584327925e-14,
    1.0218558552498375e-13,
    -1.0917917211522032e-13,
    -0.4470519503414341,
    0.676867871490802,
    -0.8746656455986703,
    -0.8975934402548593,
    1.041211593709972,
    -1.2112678571871192,
    -1.4064702739281674,
    1.6259213937290926,
    1.8694326241260293,
    -2.1376340623378254,
    -2.431980127660046,
    -2.754719014436202,
    -3.108863135493137,
    -3.4981742410643317,
    -3.927162515035832,
    4.401093820571748,
    -4.92600143135147,
    -5.508704839348704
  ],
  "params": {
    "alpha": -25.0,
    "dT": 0.3333333333333333,
    "dR": 1.0
  },
  "metadata": {
    "shear_max": 1.1589336307630577e-08,
    "vel_net": 2.875507925593513e-12,
    "resolution": {
      "H": 25,
      "M": 65,
      "Nz": 129,
      "Nth": 128
    },
    "timestamp": "2026-04-13T12:48:15.252408"
  }
}