{
  "k": [
    0.1,
    0.10985411419875583,
    0.12067926406393285,
    0.13257113655901093,
    0.14563484775012436,
    0.15998587196060582,
    0.1757510624854792,
    0.193069772888325,
    0.21209508879201905,
    0.2329951810515372,
    0.2559547922699536,
    0.281176869797423,
    0.3088843596477481,
    0.3393221771895328,
    0.372759372031494,
    0.4094915062380424,
    0.44984326689694454,
    0.49417133613238345,
    0.5428675439323859,
    0.5963623316594643,
    0.6551285568595507,
    0.7196856730011519,
    0.7906043210907697,
    0.8685113737513525,
    0.9540954763499939,
    1.0481131341546859,
    1.151395399326447,
    1.2648552168552958,
    1.3894954943731375,
    1.5264179671752334,
    1.6768329368110073,
    1.8420699693267153,
    2.0235896477251565,
    2.2229964825261943,
    2.442053094548651,
    2.6826957952797246,
    2.9470517025518097,
    3.2374575428176433,
    3.5564803062231283,
    3.9069399370546147,
    4.291934260128776,
    4.714866363457392,
    5.17947467923121,
    5.689866029018296,
    6.250551925273969,
    6.866488450042998,
    7.543120063354615,
    8.286427728546842,
    9.102981779915218,
    10.0
  ],
  "gamma_max": [
    0.29838181126824853,
    0.2961644206055832,
    0.29348822153941057,
    0.2902582112257957,
    0.28635968251143396,
    0.281654120811052,
    0.27597423967056206,
    0.269117968249386,
    0.2608411641619232,
    0.2508487712517615,
    0.23878407464392937,
    0.22421561829511957,
    0.2066212361381918,
    0.18536849406843942,
    0.15969062647031443,
    0.12865674696014084,
    0.09113465845518434,
    0.04574388017683527,
    -0.009204656682441522,
    -0.07578783738000994,
    -0.15657796995500092,
    -0.2547961861184712,
    -0.37454732596482426,
    -0.5212199868204584,
    -0.7022864467807542,
    -0.9293593397439168,
    -1.226556752592694,
    -1.698746878564968,
    -1.979929351774547,
    -2.3195696773140995,
    -2.7298172031476096,
    -3.225346280769883,
    -3.8238807882946175,
    -4.546827067348635,
    -5.420038021635702,
    -6.474736453377717,
    -7.708032469081312,
    -9.17170662720774,
    -10.972092498663498,
    -13.174327748262924,
    -15.85687104318829,
    -19.114604042919456,
    -23.06244229849977,
    -27.839562825039902,
    -33.61440371000988,
    -40.590631940731676,
    -49.014313784012195,
    -59.182563126849615,
    -71.45399182696471,
    -86.26134527754702
  ],
  "omega_max": [
    -2.3693557337297895e-15,
    8.029478355225751e-14,
    -3.533347105741201e-14,
    1.3307519225499786e-14,
    1.5142991999798588e-14,
    -6.05676789191222e-15,
    6.835222152783411e-15,
    -4.7588262696934174e-14,
    -1.288505029111505e-14,
    -6.97874652012874e-15,
    3.6391609228301776e-16,
    1.6355104640805026e-14,
    9.800631000803425e-15,
    1.7565842177098532e-15,
    8.016422922827915e-15,
    -2.3517171561159932e-15,
    3.5637260000542554e-15,
    5.9387885136448575e-15,
    8.965453247853245e-16,
    -3.916704128169259e-15,
    -5.625290055762338e-15,
    9.325546933265796e-15,
    -5.7964905653714245e-15,
    -1.735227485376459e-13,
    -2.4888343238788237e-14,
    2.6026828128141517e-13,
    2.2146884462767796e-14,
    -0.12472364548827454,
    0.32059089052705936,
    -0.45532062053820765,
    -0.576895273318893,
    0.6955066873448776,
    0.8158499074887392,
    -0.9409065535668856,
    -1.072998361475828,
    1.214194333465404,
    -1.2056503555831015,
    1.3381097472530659,
    1.5011017044904045,
    -1.694336326451037,
    1.9170752389666963,
    -2.1690032417325824,
    2.450656817288971,
    2.7635512998162177,
    3.110160726254332,
    3.4938515498281557,
    -3.9188204149034798,
    4.390054178955298,
    -4.91331542274502,
    5.495153384313913
  ],
  "params": {
    "alpha": -26.0,
    "dT": 0.8571428571428571,
    "dR": 1.0
  },
  "metadata": {
    "shear_max": 4.0714213829461125e-09,
    "vel_net": 1.0339757656912846e-25,
    "resolution": {
      "H": 25,
      "M": 65,
      "Nz": 129,
      "Nth": 128
    },
    "timestamp": "2026-04-13T12:31:07.409547"
  }
}