{
  "k": [
    0.1,
    0.10985411419875583,
    0.12067926406393285,
    0.13257113655901093,
    0.14563484775012436,
    0.15998587196060582,
    0.1757510624854792,
    0.193069772888325,
    0.21209508879201905,
    0.2329951810515372,
    0.2559547922699536,
    0.281176869797423,
    0.3088843596477481,
    0.3393221771895328,
    0.372759372031494,
    0.4094915062380424,
    0.44984326689694454,
    0.49417133613238345,
    0.5428675439323859,
    0.5963623316594643,
    0.6551285568595507,
    0.7196856730011519,
    0.7906043210907697,
    0.8685113737513525,
    0.9540954763499939,
    1.0481131341546859,
    1.151395399326447,
    1.2648552168552958,
    1.3894954943731375,
    1.5264179671752334,
    1.6768329368110073,
    1.8420699693267153,
    2.0235896477251565,
    2.2229964825261943,
    2.442053094548651,
    2.6826957952797246,
    2.9470517025518097,
    3.2374575428176433,
    3.5564803062231283,
    3.9069399370546147,
    4.291934260128776,
    4.714866363457392,
    5.17947467923121,
    5.689866029018296,
    6.250551925273969,
    6.866488450042998,
    7.543120063354615,
    8.286427728546842,
    9.102981779915218,
    10.0
  ],
  "gamma_max": [
    -1.0098346435390502,
    -1.011868850807922,
    -1.0143239353720086,
    -1.0172870321006118,
    -1.0208633413296289,
    -1.0251798864992345,
    -1.0303900592352935,
    -1.0366791197786827,
    -1.04427085795967,
    -1.0534356662779873,
    -1.0645003347552802,
    -1.077859950755442,
    -1.0939923811863148,
    -1.1134759371148164,
    -1.1370109835661097,
    -1.1654464784314067,
    -1.1998127337560733,
    -1.241362140201961,
    -1.2916202688165634,
    -1.3524508234515207,
    -1.4261396697415547,
    -1.5155062379906128,
    -1.6240563522779785,
    -1.7562022177644883,
    -1.9176014598410092,
    -2.103121461821413,
    -2.2926413682718945,
    -2.5246881001976162,
    -2.8082626882184014,
    -3.1541653514436865,
    -3.575363629552279,
    -4.087442464329381,
    -4.709152987253738,
    -5.463079691243216,
    -6.376449497491002,
    -7.482111101580824,
    -8.819718803877384,
    -10.398118264399836,
    -12.30509325729475,
    -14.631786607076217,
    -17.46118142025067,
    -20.89348317431574,
    -25.049878362917237,
    -30.076948982031464,
    -36.15190456565145,
    -43.48883466838077,
    -52.34622593478407,
    -63.03603391051437,
    -75.93465359877176,
    -91.49619522712672
  ],
  "omega_max": [
    -6.819657086596089e-16,
    1.0769076415267007e-15,
    6.949262329089372e-16,
    -1.1771464333992052e-16,
    -1.0459703211585516e-15,
    5.579141038731165e-16,
    -5.111091551527449e-16,
    -7.521265228816777e-16,
    2.4052200924049734e-16,
    9.03258101472446e-16,
    2.0066919224603928e-15,
    -1.3075995694169187e-16,
    1.4622107289028468e-16,
    -2.227522140506769e-16,
    -5.139879427484696e-16,
    -7.916882531725375e-16,
    1.598222216884462e-16,
    -1.2831235766620427e-15,
    1.852166108060351e-16,
    2.0307347246614165e-16,
    4.516108282027866e-16,
    -2.0399319188410734e-15,
    5.856557539761672e-16,
    3.424201177805072e-16,
    -9.798016688081208e-15,
    -0.5694993872270099,
    0.6249480676722533,
    -0.6842882843410324,
    0.7482272059482629,
    -0.8175382863629959,
    0.893064284962099,
    0.9757217909352233,
    -1.066508757235733,
    1.1665156314413332,
    -1.2769398018305471,
    1.3991025790222016,
    1.5344681172310484,
    1.6101011450951161,
    -1.7774560636789771,
    -1.964047100005168,
    -2.172706736404753,
    -2.4061036079550933,
    -2.6670455493664678,
    -2.9586933533454562,
    -3.284700869267525,
    3.6493042309835357,
    4.057378434520058,
    4.514472993864045,
    -5.026836057098832,
    -5.601439847878202
  ],
  "params": {
    "alpha": -19.0,
    "dT": 0.9,
    "dR": 1.0
  },
  "metadata": {
    "shear_max": 2.0398024604686935e-09,
    "vel_net": 2.5849394142282115e-26,
    "resolution": {
      "H": 25,
      "M": 65,
      "Nz": 129,
      "Nth": 128
    },
    "timestamp": "2026-04-13T11:24:36.389202"
  }
}