{
  "k": [
    0.1,
    0.10985411419875583,
    0.12067926406393285,
    0.13257113655901093,
    0.14563484775012436,
    0.15998587196060582,
    0.1757510624854792,
    0.193069772888325,
    0.21209508879201905,
    0.2329951810515372,
    0.2559547922699536,
    0.281176869797423,
    0.3088843596477481,
    0.3393221771895328,
    0.372759372031494,
    0.4094915062380424,
    0.44984326689694454,
    0.49417133613238345,
    0.5428675439323859,
    0.5963623316594643,
    0.6551285568595507,
    0.7196856730011519,
    0.7906043210907697,
    0.8685113737513525,
    0.9540954763499939,
    1.0481131341546859,
    1.151395399326447,
    1.2648552168552958,
    1.3894954943731375,
    1.5264179671752334,
    1.6768329368110073,
    1.8420699693267153,
    2.0235896477251565,
    2.2229964825261943,
    2.442053094548651,
    2.6826957952797246,
    2.9470517025518097,
    3.2374575428176433,
    3.5564803062231283,
    3.9069399370546147,
    4.291934260128776,
    4.714866363457392,
    5.17947467923121,
    5.689866029018296,
    6.250551925273969,
    6.866488450042998,
    7.543120063354615,
    8.286427728546842,
    9.102981779915218,
    10.0
  ],
  "gamma_max": [
    -0.09202962143312601,
    -0.10333383727125113,
    -0.11696071319935772,
    -0.1333870614405126,
    -0.1531900964647601,
    -0.17707292718736461,
    -0.20590277899819864,
    -0.24077693806356243,
    -0.28316044624686804,
    -0.33525478241296736,
    -0.4014250001761905,
    -0.5032891600301913,
    -0.5735053990686436,
    -0.6154390047390298,
    -0.6642680133231752,
    -0.7208379006505965,
    -0.7638263896117773,
    -0.6930874153898189,
    -0.6720660921340289,
    -0.6581408305188937,
    -0.6471436289723383,
    -0.4504421968456423,
    -0.2473794956249634,
    -0.045921202063222616,
    0.15060483344931844,
    0.3382237850377148,
    0.511841052900376,
    0.6645288376633399,
    0.7864887136240717,
    0.8635580119647407,
    0.875043872995134,
    0.7905652274642578,
    0.5660563783597145,
    0.14557943641757726,
    0.7216732998246752,
    1.511545299915873,
    2.011110518269087,
    2.014559299637709,
    1.3810544387785157,
    -0.1897082956212905,
    -2.265705886080369,
    -1.9097350208886879,
    -2.0037815408332937,
    -2.544144846922452,
    -3.504057867540415,
    -4.9025469990472015,
    -6.789225911715802,
    -9.237419330196632,
    -12.342249009102733,
    -16.21730594778433
  ],
  "omega_max": [
    -3.521121223299761e-14,
    2.400071959788797e-13,
    -7.06026379663596e-14,
    -1.1832135937777462e-13,
    -9.23672843012705e-15,
    -1.994756735195764e-13,
    1.641196183399268e-13,
    -1.7117992469841925e-13,
    -2.876991442347253e-14,
    -1.2417569348459235e-13,
    2.2067298597408413e-13,
    -7.878894709696048e-13,
    -0.08832510757321181,
    -0.12036871689353193,
    -0.13074375249842776,
    -0.11482817523079719,
    -9.445794928476145e-14,
    6.228995169272068e-15,
    -9.842349113219875e-15,
    -7.693701394161753e-15,
    2.9041540553909867e-12,
    -6.303180471865656,
    -6.419727138395894,
    6.535812024035094,
    6.645661466335465,
    6.742234340031747,
    -6.8172152532888335,
    6.861057713077229,
    -6.86314633036245,
    6.812192557958093,
    6.697085483376904,
    6.5088045426115055,
    -6.245574380772772,
    5.928973750170658,
    -2.3810987369980356e-11,
    6.651691631771644e-11,
    2.3320801540683493e-11,
    1.551021826503149e-11,
    1.654823606788585e-11,
    9.381348803568962e-12,
    -7.219422399239528,
    -8.079969424548974,
    9.249145329298818,
    10.52812458473997,
    -11.883793269498709,
    13.325247873817295,
    14.874699721304449,
    16.563981632328186,
    -18.438065497965276,
    20.564888573643152
  ],
  "params": {
    "alpha": -48.0,
    "dT": 0.2,
    "dR": 1.0
  },
  "metadata": {
    "shear_max": 6.417803618242035,
    "vel_net": 1.099120794378905e-14,
    "resolution": {
      "H": 25,
      "M": 65,
      "Nz": 129,
      "Nth": 128
    },
    "timestamp": "2026-04-16T01:59:19.069219"
  }
}