{
  "k": [
    0.1,
    0.10985411419875583,
    0.12067926406393285,
    0.13257113655901093,
    0.14563484775012436,
    0.15998587196060582,
    0.1757510624854792,
    0.193069772888325,
    0.21209508879201905,
    0.2329951810515372,
    0.2559547922699536,
    0.281176869797423,
    0.3088843596477481,
    0.3393221771895328,
    0.372759372031494,
    0.4094915062380424,
    0.44984326689694454,
    0.49417133613238345,
    0.5428675439323859,
    0.5963623316594643,
    0.6551285568595507,
    0.7196856730011519,
    0.7906043210907697,
    0.8685113737513525,
    0.9540954763499939,
    1.0481131341546859,
    1.151395399326447,
    1.2648552168552958,
    1.3894954943731375,
    1.5264179671752334,
    1.6768329368110073,
    1.8420699693267153,
    2.0235896477251565,
    2.2229964825261943,
    2.442053094548651,
    2.6826957952797246,
    2.9470517025518097,
    3.2374575428176433,
    3.5564803062231283,
    3.9069399370546147,
    4.291934260128776,
    4.714866363457392,
    5.17947467923121,
    5.689866029018296,
    6.250551925273969,
    6.866488450042998,
    7.543120063354615,
    8.286427728546842,
    9.102981779915218,
    10.0
  ],
  "gamma_max": [
    -1.0097235383686765,
    -1.0117347787253468,
    -1.0141621510315415,
    -1.0170918107128175,
    -1.0206277769778944,
    -1.0248956491502905,
    -1.0300471020894153,
    -1.0362653269706115,
    -1.0437716206908556,
    -1.0528333732010347,
    -1.063773759812398,
    -1.0769835186723271,
    -1.0929352874678164,
    -1.112201095747108,
    -1.135473771909748,
    -1.1635932454210627,
    -1.19757903533135,
    -1.2386706665872402,
    -1.2883784350861007,
    -1.3485480144297943,
    -1.4214441764997763,
    -1.5098620266737028,
    -1.6172800388825759,
    -1.7480811707009902,
    -1.9078953492947108,
    -2.084436750703162,
    -2.2719814059470766,
    -2.501517531180054,
    -2.7819319730464738,
    -3.1238894977994507,
    -3.540196477146888,
    -4.046245449058395,
    -4.660557110478561,
    -5.4054392004125775,
    -6.307785537296843,
    -7.40004330694424,
    -8.721382450196902,
    -10.277367539077419,
    -12.160750439837981,
    -14.458820872071811,
    -17.253533879345156,
    -20.64385550430022,
    -24.74947640088958,
    -29.71517256434512,
    -35.71597298136827,
    -42.96333473215303,
    -51.712566813410064,
    -62.271789393222654,
    -75.01276839328324,
    -90.38402698850277
  ],
  "omega_max": [
    1.789271322401891e-15,
    -2.0505634917000963e-15,
    1.4926157676350563e-15,
    -3.0271947678609726e-16,
    -1.1639501584441157e-15,
    1.1205671243663651e-15,
    -2.767420823100876e-16,
    3.280034303224685e-16,
    1.292004585289585e-15,
    -5.084423126338345e-16,
    6.839753024604616e-16,
    -8.367070452992482e-17,
    6.636467656273655e-16,
    -1.1680215194718376e-15,
    -4.091924548002229e-16,
    5.261149674543968e-16,
    3.184553833668706e-16,
    1.0220524561768216e-15,
    1.290016198747731e-15,
    -1.4133219295506578e-15,
    -1.570246691377607e-15,
    -2.2778612392216894e-15,
    1.742336091515657e-15,
    -4.071127141215506e-15,
    7.274310481696018e-15,
    -0.5702987012375809,
    -0.6254421091950522,
    0.684558647788226,
    -0.74834073481988,
    -0.8175487952978494,
    -0.8930141729576293,
    0.9756436534730507,
    -1.0664269811252096,
    1.1664478872564292,
    1.276898327652955,
    1.3990951711381232,
    1.5344988033531366,
    -1.6094096833181923,
    -1.7767362117787109,
    1.9633581363362695,
    2.1720835471352453,
    -2.405564836474129,
    2.6665992047389953,
    -2.958340333288348,
    3.284437013706848,
    -3.649121505451745,
    -4.057265734958474,
    4.514416921766961,
    -5.026821853160405,
    5.601452502512335
  ],
  "params": {
    "alpha": -19.0,
    "dT": 0.8888888888888888,
    "dR": 1.0
  },
  "metadata": {
    "shear_max": 2.219347936304532e-09,
    "vel_net": 7.754818242684634e-26,
    "resolution": {
      "H": 25,
      "M": 65,
      "Nz": 129,
      "Nth": 128
    },
    "timestamp": "2026-04-13T11:27:04.847496"
  }
}