{
  "k": [
    0.1,
    0.10985411419875583,
    0.12067926406393285,
    0.13257113655901093,
    0.14563484775012436,
    0.15998587196060582,
    0.1757510624854792,
    0.193069772888325,
    0.21209508879201905,
    0.2329951810515372,
    0.2559547922699536,
    0.281176869797423,
    0.3088843596477481,
    0.3393221771895328,
    0.372759372031494,
    0.4094915062380424,
    0.44984326689694454,
    0.49417133613238345,
    0.5428675439323859,
    0.5963623316594643,
    0.6551285568595507,
    0.7196856730011519,
    0.7906043210907697,
    0.8685113737513525,
    0.9540954763499939,
    1.0481131341546859,
    1.151395399326447,
    1.2648552168552958,
    1.3894954943731375,
    1.5264179671752334,
    1.6768329368110073,
    1.8420699693267153,
    2.0235896477251565,
    2.2229964825261943,
    2.442053094548651,
    2.6826957952797246,
    2.9470517025518097,
    3.2374575428176433,
    3.5564803062231283,
    3.9069399370546147,
    4.291934260128776,
    4.714866363457392,
    5.17947467923121,
    5.689866029018296,
    6.250551925273969,
    6.866488450042998,
    7.543120063354615,
    8.286427728546842,
    9.102981779915218,
    10.0
  ],
  "gamma_max": [
    1.2410301555686043,
    1.2245300305875062,
    1.2044991825679339,
    1.1801507848250867,
    1.1505074461471114,
    1.1143475691581082,
    1.0701329611294597,
    1.0159094923356937,
    0.9491684489782365,
    0.8666501187398734,
    0.7640631136116677,
    0.6356858197731661,
    0.4738218719182251,
    0.26811866009662466,
    0.004599712379390321,
    -0.3412810388236315,
    -0.738667743910398,
    -0.4882687211331715,
    -0.24872832692360827,
    -0.0282360599858177,
    0.17229876678361505,
    0.3544513912565651,
    0.5196250503089348,
    0.66821934637729,
    0.7994584242207019,
    0.9113414391103747,
    1.000536724475559,
    1.0621619025468798,
    1.0894279004820187,
    1.0731417916057338,
    1.001085334098004,
    0.8573287070961408,
    0.6216600592963971,
    0.2698060269567917,
    -0.2228007402284259,
    -0.865110630833866,
    -1.3213785921133057,
    -1.6696587570104255,
    -2.4571429756735768,
    -3.7400934014869427,
    -4.81767938186755,
    -5.820351503073836,
    -7.09617812773432,
    -8.74140475663949,
    -10.833228513677353,
    -13.451253930862022,
    -16.68907488519985,
    -20.66071760421759,
    -25.505950285970815,
    -31.395893900235112
  ],
  "omega_max": [
    -4.814302433446472e-12,
    -6.282547221423071e-11,
    -1.6707774133868623e-11,
    -1.30213071359163e-11,
    2.911344545508055e-11,
    1.850723710933477e-11,
    3.48482338162647e-11,
    -6.615346123166296e-11,
    2.762743952364908e-11,
    -1.8588764827400763e-11,
    5.4460662726799414e-11,
    -2.364388029517558e-11,
    -3.61576325219343e-11,
    -1.4143421263915834e-11,
    4.4840318455608557e-13,
    -3.2884437321178434e-11,
    -3.276502134385367,
    -3.3717327333302505,
    -3.5028060814996502,
    3.6566850740952095,
    3.821782834833615,
    -3.990011164405469,
    -4.155594775513674,
    -4.313754060166424,
    4.459894163920419,
    -4.589185316529296,
    4.696393122494107,
    4.775894555662693,
    -4.821875544345083,
    4.828747369517183,
    -4.791856406768571,
    4.708625027050484,
    -4.58043541667546,
    4.416041839076598,
    -4.238016528710614,
    4.090852633316542,
    -3.8762346443643876e-12,
    1.4611521798871403e-14,
    5.734652498828675e-13,
    1.3006484912338098e-13,
    5.22860673766557,
    -5.994686327477327,
    6.8645099162187435,
    -7.808111343720168,
    -8.823394768840224,
    9.91799301002956,
    -11.103177521790775,
    -12.392025789592441,
    13.799094700378658,
    -15.340802140238765
  ],
  "params": {
    "alpha": -42.5,
    "dT": 0.3333333333333333,
    "dR": 1.0
  },
  "metadata": {
    "shear_max": 4.362714423956861,
    "vel_net": 9.254644541479048e-11,
    "resolution": {
      "H": 20,
      "M": 49,
      "Nz": 97,
      "Nth": 96
    },
    "timestamp": "2026-02-14T04:02:51.680026"
  }
}