{
  "k": [
    0.1,
    0.10985411419875583,
    0.12067926406393285,
    0.13257113655901093,
    0.14563484775012436,
    0.15998587196060582,
    0.1757510624854792,
    0.193069772888325,
    0.21209508879201905,
    0.2329951810515372,
    0.2559547922699536,
    0.281176869797423,
    0.3088843596477481,
    0.3393221771895328,
    0.372759372031494,
    0.4094915062380424,
    0.44984326689694454,
    0.49417133613238345,
    0.5428675439323859,
    0.5963623316594643,
    0.6551285568595507,
    0.7196856730011519,
    0.7906043210907697,
    0.8685113737513525,
    0.9540954763499939,
    1.0481131341546859,
    1.151395399326447,
    1.2648552168552958,
    1.3894954943731375,
    1.5264179671752334,
    1.6768329368110073,
    1.8420699693267153,
    2.0235896477251565,
    2.2229964825261943,
    2.442053094548651,
    2.6826957952797246,
    2.9470517025518097,
    3.2374575428176433,
    3.5564803062231283,
    3.9069399370546147,
    4.291934260128776,
    4.714866363457392,
    5.17947467923121,
    5.689866029018296,
    6.250551925273969,
    6.866488450042998,
    7.543120063354615,
    8.286427728546842,
    9.102981779915218,
    10.0
  ],
  "gamma_max": [
    0.3385155234338059,
    0.3246482218209487,
    0.30787592538565023,
    0.2875811766731851,
    0.2630113354008277,
    0.23324712897988056,
    0.19716272433591492,
    0.15337372753264916,
    0.10016577322166915,
    0.035385062686040566,
    -0.043767672103337284,
    -0.1412693422799887,
    -0.2643923203858429,
    -0.4458340168154532,
    -0.5823757127213132,
    -0.6641479160262476,
    -0.7581871250287944,
    -0.7625043582400916,
    -0.5892618172616823,
    -0.41677067690486436,
    -0.24793879608044428,
    -0.08495831491011537,
    0.07041664118139018,
    0.21651200330731027,
    0.35140327487055434,
    0.472622291962125,
    0.5768663451586585,
    0.6596674768430492,
    0.7149908477352972,
    0.7347567965178354,
    0.7083326518034919,
    0.6221547113435645,
    0.4599388057949957,
    0.204765352729754,
    -0.1539295616636865,
    -0.3147791309111344,
    -0.34896690042576,
    -0.6164512656370508,
    -1.2174158447738694,
    -2.2062459429617585,
    -2.9394853758211297,
    -3.3505430619298004,
    -3.9769524550408324,
    -4.86563945254324,
    -6.057138058413172,
    -7.597254538555453,
    -9.542347508274425,
    -11.96249424451164,
    -14.944325498670667,
    -18.59395317876468
  ],
  "omega_max": [
    6.578489987338445e-13,
    -6.056441475440132e-12,
    -1.2180749879448918e-11,
    3.857894841264391e-12,
    1.3518501926135848e-12,
    1.4440832993166916e-11,
    8.495567351816621e-12,
    1.531561496967324e-11,
    -1.017719478056049e-11,
    1.0795847825924688e-11,
    1.870613184375715e-12,
    -2.6725791145445225e-12,
    5.737613623142764e-14,
    1.3336567908923562e-11,
    -0.1453237468830171,
    -0.1906833870512602,
    0.1874459388699797,
    3.709673003167526,
    3.798731863292695,
    3.901452153486813,
    4.014580148780734,
    -4.134268755588449,
    4.256387720655747,
    -4.376610021310351,
    -4.490363929366421,
    4.592750307965518,
    -4.678496994773247,
    -4.742003431079975,
    4.777527893476763,
    -4.779583392064961,
    4.743637062433039,
    4.667270834599597,
    -4.552118203294107,
    4.407217562701468,
    4.254524883720904,
    2.9939064966739436e-12,
    -1.558103251586878e-11,
    1.3629308134747922e-12,
    1.2154551088473455e-11,
    6.156611628952607e-12,
    5.94892825168206,
    -6.703519270550123,
    7.53496945939645,
    -8.447508937197568,
    9.443425021643769,
    -10.529120653016994,
    11.715092106720418,
    -13.015501479892627,
    -14.448441313739044,
    -16.037246151328493
  ],
  "params": {
    "alpha": -38.0,
    "dT": 0.2,
    "dR": 1.0
  },
  "metadata": {
    "shear_max": 4.372472388313377,
    "vel_net": 1.7486012637846216e-14,
    "resolution": {
      "H": 25,
      "M": 65,
      "Nz": 129,
      "Nth": 128
    },
    "timestamp": "2026-04-15T16:43:39.546809"
  }
}