{
  "k": [
    0.1,
    0.10985411419875583,
    0.12067926406393285,
    0.13257113655901093,
    0.14563484775012436,
    0.15998587196060582,
    0.1757510624854792,
    0.193069772888325,
    0.21209508879201905,
    0.2329951810515372,
    0.2559547922699536,
    0.281176869797423,
    0.3088843596477481,
    0.3393221771895328,
    0.372759372031494,
    0.4094915062380424,
    0.44984326689694454,
    0.49417133613238345,
    0.5428675439323859,
    0.5963623316594643,
    0.6551285568595507,
    0.7196856730011519,
    0.7906043210907697,
    0.8685113737513525,
    0.9540954763499939,
    1.0481131341546859,
    1.151395399326447,
    1.2648552168552958,
    1.3894954943731375,
    1.5264179671752334,
    1.6768329368110073,
    1.8420699693267153,
    2.0235896477251565,
    2.2229964825261943,
    2.442053094548651,
    2.6826957952797246,
    2.9470517025518097,
    3.2374575428176433,
    3.5564803062231283,
    3.9069399370546147,
    4.291934260128776,
    4.714866363457392,
    5.17947467923121,
    5.689866029018296,
    6.250551925273969,
    6.866488450042998,
    7.543120063354615,
    8.286427728546842,
    9.102981779915218,
    10.0
  ],
  "gamma_max": [
    -0.10816769071885417,
    -0.119299218164675,
    -0.13271735499844398,
    -0.14889153739149835,
    -0.16839034005995737,
    -0.1919070832363967,
    -0.22029873811832015,
    -0.25465423903279943,
    -0.29644022409437,
    -0.34790228151506186,
    -0.4136963192053726,
    -0.5264874400288083,
    -0.5765856252377703,
    -0.6178066698364665,
    -0.6658131982530757,
    -0.721445244641177,
    -0.7395644724406646,
    -0.6872930618645128,
    -0.6679570965538519,
    -0.6549224736268636,
    -0.6446074806861318,
    -0.47722608311739906,
    -0.27048021387854,
    -0.06475036788661281,
    0.13659089813755557,
    0.3294847597298781,
    0.5086952488481088,
    0.6670549402202983,
    0.7943500187701378,
    0.8756854959914558,
    0.8890550420039717,
    0.8016691379699226,
    0.5650692497220374,
    0.12046898687021503,
    0.9072755624632036,
    1.7831976165387167,
    2.3310659179467237,
    2.368412838771607,
    1.765574146371288,
    0.231282499691083,
    -2.238874255233101,
    -1.7755429082487744,
    -1.7980727344173966,
    -2.2935344137587315,
    -3.2212095060006423,
    -4.595544803378364,
    -6.465113541186043,
    -8.904084616911634,
    -12.010210052539179,
    -15.901986004496779
  ],
  "omega_max": [
    -4.44135385258399e-12,
    -1.4589068242583997e-12,
    -1.0049868771871677e-12,
    8.945941111842195e-13,
    2.310733671893139e-13,
    2.581091801847693e-12,
    -1.905604715643796e-12,
    1.2276870383743278e-12,
    2.0303194077087585e-12,
    2.9555721004177295e-12,
    1.0891134749199488e-12,
    4.9324863266815185e-12,
    0.0897985857698627,
    0.11863408820713486,
    -0.12681577335227137,
    0.10832539629320029,
    3.414954062634853e-13,
    -1.9315717619441202e-13,
    9.493312782483737e-15,
    -5.424765302530397e-14,
    2.1742622978973754e-14,
    6.4875977006917696,
    6.605105447478712,
    6.722062505812493,
    6.832597183479879,
    -6.9294907712140335,
    -7.004158788113416,
    7.046683075681351,
    -7.04596335579258,
    -6.990106799204421,
    6.8672969253047365,
    -6.667839942053904,
    -6.38999921621001,
    4.557379880339875e-11,
    1.1930917339146972e-10,
    -4.0316559293144247e-11,
    -1.7575749939214233e-11,
    -9.747218327509323e-12,
    1.6260632321994096e-11,
    -6.159130271162227e-12,
    -7.3477330401938055,
    -8.19853627712499,
    -9.406378233436508,
    10.72590536039808,
    12.118764028385307,
    13.59432876272459,
    -15.17531828890656,
    16.89407641512297,
    18.796645451175035,
    -20.954436179303944
  ],
  "params": {
    "alpha": -49.0,
    "dT": 0.2,
    "dR": 1.0
  },
  "metadata": {
    "shear_max": 6.600676193062307,
    "vel_net": 1.0769163338864018e-14,
    "resolution": {
      "H": 25,
      "M": 65,
      "Nz": 129,
      "Nth": 128
    },
    "timestamp": "2026-04-16T03:45:37.715641"
  }
}