{
  "k": [
    0.1,
    0.10985411419875583,
    0.12067926406393285,
    0.13257113655901093,
    0.14563484775012436,
    0.15998587196060582,
    0.1757510624854792,
    0.193069772888325,
    0.21209508879201905,
    0.2329951810515372,
    0.2559547922699536,
    0.281176869797423,
    0.3088843596477481,
    0.3393221771895328,
    0.372759372031494,
    0.4094915062380424,
    0.44984326689694454,
    0.49417133613238345,
    0.5428675439323859,
    0.5963623316594643,
    0.6551285568595507,
    0.7196856730011519,
    0.7906043210907697,
    0.8685113737513525,
    0.9540954763499939,
    1.0481131341546859,
    1.151395399326447,
    1.2648552168552958,
    1.3894954943731375,
    1.5264179671752334,
    1.6768329368110073,
    1.8420699693267153,
    2.0235896477251565,
    2.2229964825261943,
    2.442053094548651,
    2.6826957952797246,
    2.9470517025518097,
    3.2374575428176433,
    3.5564803062231283,
    3.9069399370546147,
    4.291934260128776,
    4.714866363457392,
    5.17947467923121,
    5.689866029018296,
    6.250551925273969,
    6.866488450042998,
    7.543120063354615,
    8.286427728546842,
    9.102981779915218,
    10.0
  ],
  "gamma_max": [
    -0.20512060224445522,
    -0.2074852440537942,
    -0.21034079283837323,
    -0.2137896527017975,
    -0.21795582008279119,
    -0.22298954720276376,
    -0.22907306720719098,
    -0.2364276509047644,
    -0.2453223485390611,
    -0.25608488907748206,
    -0.2691153825027526,
    -0.28490373491985815,
    -0.30405210440555336,
    -0.3273044290799849,
    -0.3555863121246028,
    -0.3900609573871373,
    -0.43221189187572934,
    -0.48397494677685593,
    -0.5479731774461333,
    -0.6280078988592805,
    -0.7303759617242096,
    -0.8694938649563317,
    -1.1024219935577864,
    -1.20898081918947,
    -1.3381434477083949,
    -1.4946886134668598,
    -1.6843859558269525,
    -1.914197057632257,
    -2.1925184131151814,
    -2.5294756418568776,
    -2.937280049648336,
    -3.4306606804790887,
    -4.027387471940172,
    -4.748904247490733,
    -5.621094306883162,
    -6.675206487439631,
    -7.924815977705506,
    -9.392823718200178,
    -11.197055796981767,
    -13.402766985590278,
    -16.088543613959743,
    -19.349397035258864,
    -23.300366832908047,
    -28.080742414607247,
    -33.8590580917694,
    -40.83905713736916,
    -49.26685868960621,
    -59.43960306988629,
    -71.71590037024548,
    -86.52846649953943
  ],
  "omega_max": [
    8.482516987599493e-15,
    8.928387723028247e-15,
    1.3308119955355649e-14,
    -3.603584245377585e-14,
    7.987561038126457e-15,
    -1.3371820910212653e-14,
    -6.685997547578713e-15,
    2.192955379911844e-14,
    -3.9226564778980955e-15,
    2.1425438120817598e-15,
    -2.856748648802039e-14,
    1.1582758746225637e-14,
    -2.1470685420960456e-14,
    5.557791707738329e-15,
    2.6055962738485383e-16,
    4.8620295874347505e-15,
    -3.2674031440448784e-15,
    1.7989296771184582e-14,
    -2.8008790351794545e-14,
    2.2380108049046998e-15,
    -4.374253097953269e-14,
    7.93408742769327e-14,
    -0.08629794054934055,
    0.2039696355513296,
    0.2873751402209525,
    -0.363012684131387,
    -0.43688614814358884,
    0.5117673609949628,
    0.5893890704377638,
    0.6710661855745782,
    0.7579393678980966,
    -0.8510937265010453,
    -0.9516281625145011,
    -1.0607026609130994,
    -1.1795742235658153,
    1.3096254901218884,
    1.3289475724469126,
    1.464257872032036,
    1.62497414709065,
    -1.8123553471833556,
    2.0270934228952613,
    -2.2699779690383837,
    2.5423090211228554,
    2.846095233185754,
    3.184120147796126,
    3.5599475024995955,
    3.977908932529404,
    -4.44309463025644,
    -4.961355112696463,
    5.539319289758983
  ],
  "params": {
    "alpha": -24.0,
    "dT": 0.8571428571428571,
    "dR": 1.0
  },
  "metadata": {
    "shear_max": 3.2888247502512736e-09,
    "vel_net": 5.169878828456423e-25,
    "resolution": {
      "H": 25,
      "M": 65,
      "Nz": 129,
      "Nth": 128
    },
    "timestamp": "2026-04-13T12:12:01.559967"
  }
}