{
  "k": [
    0.1,
    0.10985411419875583,
    0.12067926406393285,
    0.13257113655901093,
    0.14563484775012436,
    0.15998587196060582,
    0.1757510624854792,
    0.193069772888325,
    0.21209508879201905,
    0.2329951810515372,
    0.2559547922699536,
    0.281176869797423,
    0.3088843596477481,
    0.3393221771895328,
    0.372759372031494,
    0.4094915062380424,
    0.44984326689694454,
    0.49417133613238345,
    0.5428675439323859,
    0.5963623316594643,
    0.6551285568595507,
    0.7196856730011519,
    0.7906043210907697,
    0.8685113737513525,
    0.9540954763499939,
    1.0481131341546859,
    1.151395399326447,
    1.2648552168552958,
    1.3894954943731375,
    1.5264179671752334,
    1.6768329368110073,
    1.8420699693267153,
    2.0235896477251565,
    2.2229964825261943,
    2.442053094548651,
    2.6826957952797246,
    2.9470517025518097,
    3.2374575428176433,
    3.5564803062231283,
    3.9069399370546147,
    4.291934260128776,
    4.714866363457392,
    5.17947467923121,
    5.689866029018296,
    6.250551925273969,
    6.866488450042998,
    7.543120063354615,
    8.286427728546842,
    9.102981779915218,
    10.0
  ],
  "gamma_max": [
    -1.262641874050117,
    -1.2633704677728295,
    -1.2642814337168402,
    -1.2654250503795508,
    -1.266866573242095,
    -1.2686907962021188,
    -1.2710079430962702,
    -1.273961259471361,
    -1.2777367977481737,
    -1.2825760903106151,
    -1.2887927269029964,
    -1.2967943882622401,
    -1.3071127575224195,
    -1.3204451047454993,
    -1.337713316443773,
    -1.3601480889640178,
    -1.389403248240045,
    -1.4276736075443799,
    -1.430191949248935,
    -1.3403374668233847,
    -1.248840852752438,
    -1.156886280348875,
    -1.0659479484694485,
    -0.9778276117253165,
    -0.8946935031096503,
    -0.8191191678510578,
    -0.7541211345640593,
    -0.703196581036482,
    -0.6703671035269787,
    -0.6602424616047157,
    -0.6781266228839683,
    -0.7301909491531907,
    -0.6504105922952272,
    -0.5637120813515997,
    -0.5432842140873768,
    -0.6134324833730609,
    -0.800551359791689,
    -1.1334878640484505,
    -1.6454040515589048,
    -2.3780259082625888,
    -3.390748903457322,
    -4.772674038061846,
    -6.307594490582143,
    -7.843397515905691,
    -9.7585847472125,
    -11.858058574547686,
    -14.396447983432125,
    -17.467883528537012,
    -21.178861145874794,
    -25.655080394612092
  ],
  "omega_max": [
    -0.03797405887323124,
    -0.04199602406116262,
    -0.0464970880599393,
    -0.051547146135952036,
    -0.057228390322447927,
    -0.06363751354408283,
    -0.0708882425678453,
    -0.07911428514693598,
    -0.08847283843910814,
    -0.09914897188386333,
    -0.11136145692770755,
    -0.12537114461259383,
    -0.14149399177477479,
    -0.16012288644753145,
    -0.18176687331448074,
    -0.20712660668225932,
    -0.23724920110964626,
    -0.2738616448262614,
    -4.500048763468973,
    -4.608739120085772,
    -4.727029363659582,
    -4.855302795024274,
    -4.993910212617653,
    -5.14319860736322,
    -5.303554810412052,
    -5.4754604250263,
    -5.659548459567422,
    -5.856644710395444,
    -6.067769587249995,
    -6.294071194383854,
    -6.5366608672944295,
    -6.7963294330315165,
    -6.112789052808574,
    -6.479271738948455,
    -6.900489060142763,
    -7.383619641224023,
    -7.935410660626387,
    -8.56320124875279,
    -9.276405076341337,
    -10.089608221711563,
    -11.032488161303391,
    -12.199181672558575,
    -10.701473970802406,
    -11.33645286671043,
    -17.79394826193207,
    -19.88401807075428,
    -22.128255798862448,
    -24.56522671987814,
    -27.229169826041304,
    -30.152971842696576
  ],
  "params": {
    "alpha": -30.0,
    "dT": 0.25,
    "dR": 1.0
  },
  "metadata": {
    "shear_max": 3.9727619532684515,
    "vel_net": 1.6756279075849094,
    "resolution": {
      "H": 25,
      "M": 65,
      "Nz": 129,
      "Nth": 128
    },
    "timestamp": "2026-04-14T00:29:56.970800"
  }
}