{
  "k": [
    0.1,
    0.10985411419875583,
    0.12067926406393285,
    0.13257113655901093,
    0.14563484775012436,
    0.15998587196060582,
    0.1757510624854792,
    0.193069772888325,
    0.21209508879201905,
    0.2329951810515372,
    0.2559547922699536,
    0.281176869797423,
    0.3088843596477481,
    0.3393221771895328,
    0.372759372031494,
    0.4094915062380424,
    0.44984326689694454,
    0.49417133613238345,
    0.5428675439323859,
    0.5963623316594643,
    0.6551285568595507,
    0.7196856730011519,
    0.7906043210907697,
    0.8685113737513525,
    0.9540954763499939,
    1.0481131341546859,
    1.151395399326447,
    1.2648552168552958,
    1.3894954943731375,
    1.5264179671752334,
    1.6768329368110073,
    1.8420699693267153,
    2.0235896477251565,
    2.2229964825261943,
    2.442053094548651,
    2.6826957952797246,
    2.9470517025518097,
    3.2374575428176433,
    3.5564803062231283,
    3.9069399370546147,
    4.291934260128776,
    4.714866363457392,
    5.17947467923121,
    5.689866029018296,
    6.250551925273969,
    6.866488450042998,
    7.543120063354615,
    8.286427728546842,
    9.102981779915218,
    10.0
  ],
  "gamma_max": [
    2.364597399397404,
    2.362164045089657,
    2.3592290937267513,
    2.355689540703355,
    2.3514214032679157,
    2.346275524497752,
    2.3400725698328446,
    2.3325970760519064,
    2.323590388828917,
    2.31274230799007,
    2.2996812345338267,
    2.2839625925892086,
    2.2650552736582257,
    2.2423258227791227,
    2.2150200484646905,
    2.1822416834279736,
    2.1429276313135723,
    2.0958191841274627,
    2.0394283424328163,
    1.971997970584817,
    1.8914539114721296,
    1.7953463203028415,
    1.6807763268962703,
    1.5443027218258678,
    1.3818217521593972,
    1.1884114111686994,
    0.9581298195208088,
    0.6837551453649388,
    0.3564510741946224,
    -0.03466508592582111,
    -0.5030899037889828,
    -1.0657109139351466,
    -1.7439580258261682,
    -2.565762037154355,
    -3.5697605593868675,
    -4.510829062887545,
    -5.651455713898685,
    -7.140854486449318,
    -9.077638394171718,
    -11.872980511352038,
    -14.471013666160797,
    -17.62895771561626,
    -21.45815512181901,
    -26.09355503292622,
    -31.698593051178943,
    -38.471008901104106,
    -46.64983196300188,
    -56.52380230851029,
    -68.44153986271223,
    -82.82383111532498
  ],
  "omega_max": [
    -2.285318494414069e-13,
    -6.896577581896286e-13,
    -1.1266721966120685e-12,
    -3.7563207296577857e-13,
    4.369067557627381e-14,
    -6.57167480345703e-13,
    -3.33175926405056e-13,
    -4.854056954456353e-13,
    -1.072048266708531e-12,
    -1.589150618066019e-13,
    6.682062667921583e-14,
    -1.2868262293789065e-13,
    -2.0312846814649913e-12,
    -7.33357736234485e-13,
    5.72791816050946e-13,
    -1.1221821386388534e-12,
    -2.484864602355275e-13,
    -3.4698560403797183e-13,
    2.615601406841157e-13,
    -2.1963245253106061e-13,
    3.0976331516981825e-13,
    -2.4720721614196695e-13,
    1.128642453417245e-13,
    4.599540794336817e-13,
    -1.0533675995650288e-13,
    1.4267695482039796e-13,
    -3.43546726491459e-13,
    1.946857988686811e-14,
    -4.493949230536461e-14,
    -1.6180902099750893e-15,
    1.7994788319382096e-15,
    -2.0017106056831178e-13,
    6.354724598482203e-14,
    8.150341070187924e-14,
    -4.3359683178421184e-13,
    1.3443000214470392e-12,
    -1.3274074113597721e-12,
    9.624086500436415e-14,
    -6.095273664765765e-13,
    0.2180561441464909,
    -0.8679110814144424,
    1.307294855717355,
    1.7198137953120114,
    -2.134071846460941,
    -2.5629398801442522,
    3.01502303373946,
    -3.497523394652476,
    4.017264278668971,
    4.581158849432956,
    -5.196477457708696
  ],
  "params": {
    "alpha": -34.0,
    "dT": 0.8333333333333334,
    "dR": 1.0
  },
  "metadata": {
    "shear_max": 1.1358834246909574e-08,
    "vel_net": 8.319946958808246e-13,
    "resolution": {
      "H": 25,
      "M": 65,
      "Nz": 129,
      "Nth": 128
    },
    "timestamp": "2026-04-13T13:48:50.303177"
  }
}