{
  "k": [
    0.1,
    0.10985411419875583,
    0.12067926406393285,
    0.13257113655901093,
    0.14563484775012436,
    0.15998587196060582,
    0.1757510624854792,
    0.193069772888325,
    0.21209508879201905,
    0.2329951810515372,
    0.2559547922699536,
    0.281176869797423,
    0.3088843596477481,
    0.3393221771895328,
    0.372759372031494,
    0.4094915062380424,
    0.44984326689694454,
    0.49417133613238345,
    0.5428675439323859,
    0.5963623316594643,
    0.6551285568595507,
    0.7196856730011519,
    0.7906043210907697,
    0.8685113737513525,
    0.9540954763499939,
    1.0481131341546859,
    1.151395399326447,
    1.2648552168552958,
    1.3894954943731375,
    1.5264179671752334,
    1.6768329368110073,
    1.8420699693267153,
    2.0235896477251565,
    2.2229964825261943,
    2.442053094548651,
    2.6826957952797246,
    2.9470517025518097,
    3.2374575428176433,
    3.5564803062231283,
    3.9069399370546147,
    4.291934260128776,
    4.714866363457392,
    5.17947467923121,
    5.689866029018296,
    6.250551925273969,
    6.866488450042998,
    7.543120063354615,
    8.286427728546842,
    9.102981779915218,
    10.0
  ],
  "gamma_max": [
    -0.8269681365541371,
    -0.8287420733438183,
    -0.8308895396489412,
    -0.8334910282222028,
    -0.8366453232602994,
    -0.8404741770128747,
    -0.8451284955858503,
    -0.8507967324068633,
    -0.8577166735524873,
    -0.8661927747021728,
    -0.8766233659442416,
    -0.8895474280575146,
    -0.9057365044200388,
    -0.9264165868450764,
    -0.9540368722405026,
    -1.0004113518010902,
    -1.0339781792801803,
    -1.061812172403727,
    -1.0859238202742376,
    -1.1020188006568474,
    -1.1212077897937103,
    -1.1440525179031706,
    -1.1712110240587428,
    -1.2034558524675136,
    -1.2416977471270851,
    -1.2870170434169692,
    -1.3407054395355726,
    -1.4043209915654038,
    -1.479758700445713,
    -1.5693378528608255,
    -1.6759058535834246,
    -1.802957781290127,
    -1.9547722808844368,
    -2.136567430188255,
    -2.3546834552825153,
    -2.5810987940007304,
    -2.8594630255473525,
    -3.208505562031321,
    -3.6417247109269875,
    -4.174980155405569,
    -4.827226845352504,
    -5.621318117475161,
    -6.584893400235992,
    -7.751377268936353,
    -9.161129123470948,
    -10.862795244262871,
    -12.914927626434487,
    -15.387947779710784,
    -18.366548367180563,
    -21.95263808407333
  ],
  "omega_max": [
    2.6353224786326094e-15,
    -7.880027301995097e-16,
    1.1517062060804316e-15,
    1.1433411626672625e-15,
    4.40190340118095e-16,
    6.755149689597301e-16,
    2.3313818062742984e-15,
    7.637546507045337e-16,
    -3.267066138023829e-16,
    -9.579375197390344e-16,
    1.1944400313348163e-15,
    -2.2841351361277096e-15,
    -2.73234306993008e-15,
    1.8104080629357468e-15,
    -6.063059078760976e-16,
    3.809664048920995e-14,
    0.0401121371648096,
    0.06120785003160158,
    0.2727361745977503,
    -0.3030691069485235,
    0.33593945460156405,
    0.3716311167885874,
    0.41044976408259154,
    -0.45272691700272305,
    0.4988235928511948,
    0.5491333251757995,
    0.6040845339479236,
    -0.6641427535068717,
    0.7298140001770349,
    0.8016511096421939,
    0.8802645420859521,
    -0.9663377516438998,
    1.060645548857632,
    1.1640732638711844,
    1.2776355064857738,
    1.3603902015847202,
    1.4992476334456322,
    1.651828842177352,
    1.8205582186931952,
    -2.007797236282527,
    2.215974532241243,
    2.4477283321445276,
    -2.7060378205764617,
    2.9943363580997118,
    3.3166054116036405,
    -3.6774483310544954,
    4.082141734627921,
    4.536662805867699,
    -5.047696251319652,
    -5.622635867718604
  ],
  "params": {
    "alpha": -15.0,
    "dT": 0.2,
    "dR": 1.0
  },
  "metadata": {
    "shear_max": 2.6767807938684606e-09,
    "vel_net": 5.169878828456423e-26,
    "resolution": {
      "H": 25,
      "M": 65,
      "Nz": 129,
      "Nth": 128
    },
    "timestamp": "2026-04-13T10:58:07.978804"
  }
}