{
  "k": [
    0.1,
    0.10985411419875583,
    0.12067926406393285,
    0.13257113655901093,
    0.14563484775012436,
    0.15998587196060582,
    0.1757510624854792,
    0.193069772888325,
    0.21209508879201905,
    0.2329951810515372,
    0.2559547922699536,
    0.281176869797423,
    0.3088843596477481,
    0.3393221771895328,
    0.372759372031494,
    0.4094915062380424,
    0.44984326689694454,
    0.49417133613238345,
    0.5428675439323859,
    0.5963623316594643,
    0.6551285568595507,
    0.7196856730011519,
    0.7906043210907697,
    0.8685113737513525,
    0.9540954763499939,
    1.0481131341546859,
    1.151395399326447,
    1.2648552168552958,
    1.3894954943731375,
    1.5264179671752334,
    1.6768329368110073,
    1.8420699693267153,
    2.0235896477251565,
    2.2229964825261943,
    2.442053094548651,
    2.6826957952797246,
    2.9470517025518097,
    3.2374575428176433,
    3.5564803062231283,
    3.9069399370546147,
    4.291934260128776,
    4.714866363457392,
    5.17947467923121,
    5.689866029018296,
    6.250551925273969,
    6.866488450042998,
    7.543120063354615,
    8.286427728546842,
    9.102981779915218,
    10.0
  ],
  "gamma_max": [
    0.026860666709037345,
    0.016522577970020602,
    0.004049182369204619,
    -0.011000761147480744,
    -0.02916068650350565,
    -0.05107725566748206,
    -0.07753901554829384,
    -0.10951996609455861,
    -0.14825869884795476,
    -0.19544295762068975,
    -0.25380772056901124,
    -0.330511631712945,
    -0.43448547382056607,
    -0.4740006581042869,
    -0.5199600322621701,
    -0.5730806273375015,
    -0.5397786982716504,
    -0.5115109235415433,
    -0.49339993922750797,
    -0.4775122535227059,
    -0.39340617469368483,
    -0.2470600899309561,
    -0.10329230541437563,
    0.035662249580607784,
    0.16746068038870976,
    0.2894323663193832,
    0.3983073418615856,
    0.4898932878503682,
    0.5587006174216775,
    0.5975437910546895,
    0.5972304915149138,
    0.5466476900562375,
    0.43395167205244123,
    0.24992682202830127,
    0.20637001229891677,
    0.3247431432273726,
    0.3421271129782091,
    0.15626093649626158,
    -0.32061845026482133,
    -1.1663612153820944,
    -1.3126706845295646,
    -1.4546997629319094,
    -1.7297607227965919,
    -2.170091472334244,
    -2.802570629771332,
    -3.65544616279684,
    -4.762056863183031,
    -6.162484358318776,
    -7.903512067062919,
    -10.036150101748893
  ],
  "omega_max": [
    1.7792317002169284e-14,
    -2.282308808339986e-15,
    6.913185992220241e-15,
    -7.253182280292476e-14,
    -2.2224971491583463e-14,
    1.4508326635337589e-15,
    1.4087181736694587e-14,
    3.0623044495976944e-15,
    -1.5938425435444024e-14,
    4.0139947227814286e-14,
    2.0073644162329964e-14,
    -9.294997935986528e-15,
    -0.055471714532449166,
    0.09363495665902298,
    0.10186865464961388,
    0.07441544049622542,
    -4.4731231245386574e-15,
    5.7293630634565865e-15,
    -7.336886978559839e-15,
    4.041461723680434e-15,
    -3.978845626328315,
    4.069098765939406,
    -4.162746277805852,
    4.256343859126932,
    -4.345893410075946,
    -4.426888702194922,
    4.494356359763313,
    -4.542941231631391,
    -4.567098273422609,
    -4.561474766542538,
    4.521620240072191,
    4.445318516179646,
    -4.335305187000824,
    -4.205149629026008,
    -1.8176131929342339e-13,
    -1.9853794841942184e-13,
    -9.994191480745464e-13,
    2.15904129186444e-12,
    3.908463705216192e-12,
    1.3344410636461246e-13,
    -6.287923360443203,
    7.001507624933191,
    -7.80797240379551,
    -8.707187861868048,
    9.700402544172443,
    -10.793921571496266,
    11.99965460738991,
    -13.33545364861386,
    14.825942797442528,
    -16.502717432486296
  ],
  "params": {
    "alpha": -35.0,
    "dT": 0.1111111111111111,
    "dR": 1.0
  },
  "metadata": {
    "shear_max": 4.336242056297396,
    "vel_net": 3.9390712913700554e-13,
    "resolution": {
      "H": 25,
      "M": 65,
      "Nz": 129,
      "Nth": 128
    },
    "timestamp": "2026-04-15T15:11:07.665966"
  }
}