{
  "k": [
    0.1,
    0.10985411419875583,
    0.12067926406393285,
    0.13257113655901093,
    0.14563484775012436,
    0.15998587196060582,
    0.1757510624854792,
    0.193069772888325,
    0.21209508879201905,
    0.2329951810515372,
    0.2559547922699536,
    0.281176869797423,
    0.3088843596477481,
    0.3393221771895328,
    0.372759372031494,
    0.4094915062380424,
    0.44984326689694454,
    0.49417133613238345,
    0.5428675439323859,
    0.5963623316594643,
    0.6551285568595507,
    0.7196856730011519,
    0.7906043210907697,
    0.8685113737513525,
    0.9540954763499939,
    1.0481131341546859,
    1.151395399326447,
    1.2648552168552958,
    1.3894954943731375,
    1.5264179671752334,
    1.6768329368110073,
    1.8420699693267153,
    2.0235896477251565,
    2.2229964825261943,
    2.442053094548651,
    2.6826957952797246,
    2.9470517025518097,
    3.2374575428176433,
    3.5564803062231283,
    3.9069399370546147,
    4.291934260128776,
    4.714866363457392,
    5.17947467923121,
    5.689866029018296,
    6.250551925273969,
    6.866488450042998,
    7.543120063354615,
    8.286427728546842,
    9.102981779915218,
    10.0
  ],
  "gamma_max": [
    -0.7692628913665438,
    -0.7709446137802758,
    -0.7729790443261674,
    -0.7754414641187033,
    -0.7784238631435851,
    -0.7820389758562963,
    -0.7864254676950362,
    -0.7917547024937858,
    -0.7982397454168161,
    -0.8061476439932028,
    -0.8158167416897026,
    -0.8276821851580162,
    -0.842315836942941,
    -0.86049426800618,
    -0.8833299970694035,
    -0.9125796950490753,
    -0.9516722785876633,
    -1.0155620976649244,
    -1.0597440607214508,
    -1.0736820313759918,
    -1.0902680960938211,
    -1.1099706128716968,
    -1.1333344472747293,
    -1.1609954476301791,
    -1.1937003542459579,
    -1.2323346954136862,
    -1.2779615134835085,
    -1.331873223370421,
    -1.3956572674257512,
    -1.471274075947046,
    -1.5611447546713444,
    -1.668247358668535,
    -1.7962242453226174,
    -1.9495066761402668,
    -2.133464630364749,
    -2.3324937015512455,
    -2.560356719505264,
    -2.848769636425454,
    -3.209061069240347,
    -3.6544969269943177,
    -4.200934185851881,
    -4.8675064800389345,
    -5.677368430782734,
    -6.658526899341761,
    -7.844794253789317,
    -9.276907984296765,
    -11.003871414746474,
    -13.084582230783836,
    -15.589828463030777,
    -18.604742079321994
  ],
  "omega_max": [
    5.255689734128644e-16,
    7.983474633204673e-16,
    -6.188037119402615e-17,
    1.4808241471425753e-15,
    2.1200126703377604e-16,
    1.1145136449491837e-15,
    1.433486913345259e-15,
    1.2988326752573652e-15,
    8.252193745326311e-16,
    -1.201699982131328e-15,
    8.466101295386236e-16,
    4.4056609165112556e-16,
    1.398188131121878e-15,
    9.864780795851733e-16,
    3.465103243106038e-16,
    5.547573732495237e-16,
    2.5137673216108914e-15,
    9.765679900856012e-15,
    -0.24403583215272,
    0.27886140210812926,
    -0.3156731352003286,
    0.35488499445646277,
    0.3968900779853247,
    -0.442078167148457,
    -0.49084615786739094,
    -0.5436045418947484,
    0.6007822535448801,
    0.6628324245878539,
    0.7302417825022577,
    -0.8035454875922006,
    0.883346822132859,
    -0.9703385716716428,
    1.0653222132554032,
    -1.169222903741433,
    -1.2831013512724223,
    -1.3666083429665927,
    1.5051565177016513,
    1.6572548775270635,
    -1.8254593881073533,
    -2.012197084041657,
    -2.2199262145300622,
    2.451297338452904,
    -2.7092938350766795,
    2.997348640945654,
    -3.3194389198505756,
    3.6801596537634484,
    -4.084775073065702,
    4.539246793791768,
    5.0502424577710965,
    -5.6251394470382
  ],
  "params": {
    "alpha": -15.0,
    "dT": 0.16666666666666666,
    "dR": 1.0
  },
  "metadata": {
    "shear_max": 2.6899386738544226e-09,
    "vel_net": 1.7432406954619804e-25,
    "resolution": {
      "H": 20,
      "M": 49,
      "Nz": 97,
      "Nth": 96
    },
    "timestamp": "2026-02-13T13:10:21.676716"
  }
}