{
  "k": [
    0.1,
    0.10985411419875583,
    0.12067926406393285,
    0.13257113655901093,
    0.14563484775012436,
    0.15998587196060582,
    0.1757510624854792,
    0.193069772888325,
    0.21209508879201905,
    0.2329951810515372,
    0.2559547922699536,
    0.281176869797423,
    0.3088843596477481,
    0.3393221771895328,
    0.372759372031494,
    0.4094915062380424,
    0.44984326689694454,
    0.49417133613238345,
    0.5428675439323859,
    0.5963623316594643,
    0.6551285568595507,
    0.7196856730011519,
    0.7906043210907697,
    0.8685113737513525,
    0.9540954763499939,
    1.0481131341546859,
    1.151395399326447,
    1.2648552168552958,
    1.3894954943731375,
    1.5264179671752334,
    1.6768329368110073,
    1.8420699693267153,
    2.0235896477251565,
    2.2229964825261943,
    2.442053094548651,
    2.6826957952797246,
    2.9470517025518097,
    3.2374575428176433,
    3.5564803062231283,
    3.9069399370546147,
    4.291934260128776,
    4.714866363457392,
    5.17947467923121,
    5.689866029018296,
    6.250551925273969,
    6.866488450042998,
    7.543120063354615,
    8.286427728546842,
    9.102981779915218,
    10.0
  ],
  "gamma_max": [
    -1.4560673708721275,
    -1.4498366096439206,
    -1.4439496009891548,
    -1.4385365415459384,
    -1.433759103195794,
    -1.4298197673453037,
    -1.4269748270329627,
    -1.4255531093974478,
    -1.425983920911485,
    -1.4288405342214743,
    -1.4349106364885518,
    -1.4453135333731142,
    -1.461686467296537,
    -1.4863611248293565,
    -1.5216008038008466,
    -1.5067639980662852,
    -1.4342942167455857,
    -1.3597242070763327,
    -1.2837008526924423,
    -1.2070504376506677,
    -1.1308091468887862,
    -1.0562563664161202,
    -0.9849501001086908,
    -0.9187635326150079,
    -0.8599215200132652,
    -0.8110357598729285,
    -0.7751379658733728,
    -0.7557121448564442,
    -0.7567308824210301,
    -0.7827072192033604,
    -0.8387835931038619,
    -0.9308908027602082,
    -0.8820981371354257,
    -0.8646115283838872,
    -0.9132830413937048,
    -1.0492712835328324,
    -1.2960633030962643,
    -1.6796247907675885,
    -2.2296050366571687,
    -2.981748800351926,
    -3.9802890002809024,
    -5.26534126969279,
    -6.774369298910333,
    -8.369008693338076,
    -10.147496394200985,
    -12.24975909342137,
    -14.780070411065411,
    -17.837660974284688,
    -21.532418998936105,
    -25.992739600258666
  ],
  "omega_max": [
    0.10174268434967097,
    0.09847209185055132,
    0.09472533936144913,
    0.09043854417269281,
    0.0855421238961355,
    0.07995957563016726,
    0.07360537796405713,
    0.06638113500087633,
    0.05816804981569279,
    0.04881112671112698,
    0.03808343431506119,
    0.025597964611755623,
    0.010569404640566904,
    -0.008871061555799134,
    -0.0373640950308045,
    -3.5004289672682414,
    -3.580167134498069,
    -3.6670724454753802,
    -3.7614432436187597,
    -3.863538541701412,
    -3.9735812890774054,
    -4.091770348967452,
    -4.218304402854406,
    -4.35342043507568,
    -4.497447607395402,
    -4.650873837353098,
    -4.814417064392417,
    -4.9890864441293425,
    -5.1762114952667115,
    -5.377411217137209,
    -5.5944724878599885,
    -5.829109789242452,
    -5.37016969697711,
    -5.691015775385094,
    -6.057405873334561,
    -6.477249284820131,
    -6.958522864293971,
    -7.510040543798782,
    -8.143054219440701,
    -8.874857812457572,
    -9.738561673640133,
    -10.810020036727732,
    -12.204157584312211,
    -13.837300976899025,
    -15.566902050014175,
    -17.394106194400795,
    -19.352162460460622,
    -21.47349167097227,
    -23.78849881378459,
    -26.327074811236923
  ],
  "params": {
    "alpha": -27.5,
    "dT": 0.25,
    "dR": 1.0
  },
  "metadata": {
    "shear_max": 3.4190711792266333,
    "vel_net": 1.424066409120864,
    "resolution": {
      "H": 20,
      "M": 49,
      "Nz": 97,
      "Nth": 96
    },
    "timestamp": "2026-02-13T17:16:51.496562"
  }
}