{
  "k": [
    0.1,
    0.10985411419875583,
    0.12067926406393285,
    0.13257113655901093,
    0.14563484775012436,
    0.15998587196060582,
    0.1757510624854792,
    0.193069772888325,
    0.21209508879201905,
    0.2329951810515372,
    0.2559547922699536,
    0.281176869797423,
    0.3088843596477481,
    0.3393221771895328,
    0.372759372031494,
    0.4094915062380424,
    0.44984326689694454,
    0.49417133613238345,
    0.5428675439323859,
    0.5963623316594643,
    0.6551285568595507,
    0.7196856730011519,
    0.7906043210907697,
    0.8685113737513525,
    0.9540954763499939,
    1.0481131341546859,
    1.151395399326447,
    1.2648552168552958,
    1.3894954943731375,
    1.5264179671752334,
    1.6768329368110073,
    1.8420699693267153,
    2.0235896477251565,
    2.2229964825261943,
    2.442053094548651,
    2.6826957952797246,
    2.9470517025518097,
    3.2374575428176433,
    3.5564803062231283,
    3.9069399370546147,
    4.291934260128776,
    4.714866363457392,
    5.17947467923121,
    5.689866029018296,
    6.250551925273969,
    6.866488450042998,
    7.543120063354615,
    8.286427728546842,
    9.102981779915218,
    10.0
  ],
  "gamma_max": [
    2.5178636247246815,
    2.515638402735795,
    2.512954854676488,
    2.509719028703351,
    2.505817914063802,
    2.5011156629966114,
    2.495449101483131,
    2.4886224111751365,
    2.480400850987523,
    2.470503374864984,
    2.4585939913389723,
    2.4442717021147464,
    2.427058851708446,
    2.4063877157440277,
    2.3815851492494886,
    2.3518550995290908,
    2.316258742731098,
    2.2736919056706175,
    2.222859238263511,
    2.1622442569446383,
    2.0900738113567785,
    2.0042746769082274,
    1.9024187956003964,
    1.7816521908441194,
    1.6386008482268966,
    1.469245014319479,
    1.2687515030548948,
    1.0312515138760865,
    0.7495482745182994,
    0.41473221777498315,
    0.015666023037155155,
    -0.46173556477686895,
    -1.03560411584935,
    -1.7300628312509654,
    -2.5796019376980484,
    -3.2765552955479884,
    -4.212537006222937,
    -5.446017296142319,
    -7.080637073084059,
    -9.369897008177565,
    -11.451183701527828,
    -13.98227371666852,
    -17.052262398630006,
    -20.769163008519833,
    -25.26382635513244,
    -30.694606585624374,
    -37.252955799502125,
    -45.17016001245873,
    -54.725466602553205,
    -66.25590180142483
  ],
  "omega_max": [
    -8.71674521549914e-13,
    5.892522963914477e-13,
    6.079595147018235e-14,
    3.251390112933438e-13,
    -1.3829404156647807e-13,
    -3.789467833612965e-13,
    1.8793728084013587e-12,
    3.1588433394666996e-14,
    1.551833985920662e-13,
    -2.8249238048708142e-14,
    6.993739777557834e-14,
    6.519521468832525e-13,
    -9.190880145533909e-14,
    -1.5379707834322686e-13,
    -5.076850305260708e-13,
    -1.5864531342752516e-13,
    4.598847644522504e-13,
    5.272153302972067e-13,
    -4.372949009774175e-13,
    -2.0655470930027102e-13,
    7.408799222953376e-13,
    -1.3556598769880858e-13,
    -9.58055650943038e-14,
    1.2145297350892165e-13,
    4.2404198179242125e-14,
    -6.401963832896256e-14,
    1.0999968122352107e-13,
    -6.516724033388378e-14,
    2.2895983984619837e-14,
    -1.7597134402755065e-13,
    -4.3690700934503604e-16,
    8.465297306289757e-14,
    -1.8618834682510157e-13,
    -8.136999597413437e-14,
    -1.6493018282492128e-13,
    2.4727985846119123e-12,
    -1.087303296435436e-12,
    2.6054454536621006e-13,
    1.1897645442023371e-12,
    -0.43127305594742055,
    0.9612156393689374,
    -1.381236242769475,
    1.7837088533895382,
    -2.191142914007384,
    -2.6148043362519213,
    3.0626499164646668,
    3.5415441090358764,
    -4.058113335624904,
    -4.619161655442389,
    -5.231916597405912
  ],
  "params": {
    "alpha": -33.0,
    "dT": 0.6666666666666666,
    "dR": 1.0
  },
  "metadata": {
    "shear_max": 1.4842392174234024e-08,
    "vel_net": 6.403169486701018e-10,
    "resolution": {
      "H": 25,
      "M": 65,
      "Nz": 129,
      "Nth": 128
    },
    "timestamp": "2026-04-13T13:56:13.309125"
  }
}