{
  "k": [
    0.1,
    0.10985411419875583,
    0.12067926406393285,
    0.13257113655901093,
    0.14563484775012436,
    0.15998587196060582,
    0.1757510624854792,
    0.193069772888325,
    0.21209508879201905,
    0.2329951810515372,
    0.2559547922699536,
    0.281176869797423,
    0.3088843596477481,
    0.3393221771895328,
    0.372759372031494,
    0.4094915062380424,
    0.44984326689694454,
    0.49417133613238345,
    0.5428675439323859,
    0.5963623316594643,
    0.6551285568595507,
    0.7196856730011519,
    0.7906043210907697,
    0.8685113737513525,
    0.9540954763499939,
    1.0481131341546859,
    1.151395399326447,
    1.2648552168552958,
    1.3894954943731375,
    1.5264179671752334,
    1.6768329368110073,
    1.8420699693267153,
    2.0235896477251565,
    2.2229964825261943,
    2.442053094548651,
    2.6826957952797246,
    2.9470517025518097,
    3.2374575428176433,
    3.5564803062231283,
    3.9069399370546147,
    4.291934260128776,
    4.714866363457392,
    5.17947467923121,
    5.689866029018296,
    6.250551925273969,
    6.866488450042998,
    7.543120063354615,
    8.286427728546842,
    9.102981779915218,
    10.0
  ],
  "gamma_max": [
    -2.193314741640498,
    -2.1917654431748943,
    -2.1903075778542247,
    -2.189001195714116,
    -2.1879230347423246,
    -2.1871704708498867,
    -2.186866358762179,
    -2.1871649608456867,
    -2.179196527272984,
    -2.1169202254613535,
    -2.050604460343075,
    -1.9803476676828975,
    -1.9063686195584955,
    -1.829038856358432,
    -1.7489203853173434,
    -1.6668087543712207,
    -1.5837814301520496,
    -1.5012512405519816,
    -1.4210245258350465,
    -1.34536361566944,
    -1.2770533505487534,
    -1.2194716163322223,
    -1.1766642772702405,
    -1.153425489882487,
    -1.155385194564713,
    -1.1891066980553242,
    -1.2621988301169165,
    -1.3834494511172237,
    -1.5629905113397717,
    -1.8125102223609164,
    -2.145536658356169,
    -2.0682713784126414,
    -2.061943508313693,
    -2.190076709458855,
    -2.4991934135330127,
    -3.041715428527762,
    -3.8749377301632646,
    -5.061123955992011,
    -6.668895654625486,
    -8.775926365859183,
    -11.4728007068719,
    -14.867857274438906,
    -19.0929747006069,
    -24.31060638385701,
    -30.723071936911857,
    -38.58700738305048,
    -48.24348281326793,
    -60.19786414397096,
    -73.96498758048514,
    -89.62574884161343
  ],
  "omega_max": [
    1.040318533399384,
    1.0585222131022216,
    1.0786269395667873,
    1.1008394273160829,
    1.125389759347843,
    1.152533943751063,
    1.1825566443090696,
    1.2157740422902457,
    5.3242840143735055,
    5.3830391970476095,
    5.4480123246531225,
    5.519813453754563,
    5.599084284436393,
    5.686489067370889,
    5.782701960765928,
    5.8883907985515735,
    6.004197793465227,
    6.130718525657814,
    6.268481675743547,
    6.417933275889649,
    6.579430632019967,
    6.75325220244946,
    6.939630167269343,
    7.13881158130835,
    7.351151235532787,
    7.577234153248474,
    7.818017933022029,
    8.074975521797732,
    8.350208810942881,
    8.646494468374328,
    8.967217344025164,
    8.06257408152172,
    8.40780134606142,
    8.807220961084413,
    9.270112224618918,
    9.804814763570903,
    10.419107101775769,
    11.12067449056151,
    11.917557785251484,
    12.818630163881446,
    13.83417091105376,
    14.976618099469453,
    16.26163956359242,
    17.70982621841557,
    19.349802762916024,
    21.22534069576369,
    23.418720625934167,
    26.214671363024458,
    21.07797325045775,
    34.81790132343043
  ],
  "params": {
    "alpha": -42.0,
    "dT": 0.8888888888888888,
    "dR": 1.0
  },
  "metadata": {
    "shear_max": 5.4204784872287854,
    "vel_net": 2.2438383616884696,
    "resolution": {
      "H": 25,
      "M": 65,
      "Nz": 129,
      "Nth": 128
    },
    "timestamp": "2026-04-13T16:55:24.013662"
  }
}