{
  "k": [
    0.1,
    0.10985411419875583,
    0.12067926406393285,
    0.13257113655901093,
    0.14563484775012436,
    0.15998587196060582,
    0.1757510624854792,
    0.193069772888325,
    0.21209508879201905,
    0.2329951810515372,
    0.2559547922699536,
    0.281176869797423,
    0.3088843596477481,
    0.3393221771895328,
    0.372759372031494,
    0.4094915062380424,
    0.44984326689694454,
    0.49417133613238345,
    0.5428675439323859,
    0.5963623316594643,
    0.6551285568595507,
    0.7196856730011519,
    0.7906043210907697,
    0.8685113737513525,
    0.9540954763499939,
    1.0481131341546859,
    1.151395399326447,
    1.2648552168552958,
    1.3894954943731375,
    1.5264179671752334,
    1.6768329368110073,
    1.8420699693267153,
    2.0235896477251565,
    2.2229964825261943,
    2.442053094548651,
    2.6826957952797246,
    2.9470517025518097,
    3.2374575428176433,
    3.5564803062231283,
    3.9069399370546147,
    4.291934260128776,
    4.714866363457392,
    5.17947467923121,
    5.689866029018296,
    6.250551925273969,
    6.866488450042998,
    7.543120063354615,
    8.286427728546842,
    9.102981779915218,
    10.0
  ],
  "gamma_max": [
    2.514069436738231,
    2.511565761559418,
    2.5085459573035025,
    2.504904018638716,
    2.500512343598092,
    2.495217410033865,
    2.4888346199183626,
    2.4811421632647135,
    2.4718737345820796,
    2.4607099113191944,
    2.4472679803683834,
    2.4310899745828762,
    2.411628653723444,
    2.388231134005381,
    2.3601198290317136,
    2.326370306034303,
    2.285885565697071,
    2.237366096357376,
    2.179274796305306,
    2.109795450601472,
    2.0267828378389274,
    1.9277016783284915,
    1.8095504959140274,
    1.6687650820340212,
    1.5010947082710373,
    1.3014426563800432,
    1.0636610855946715,
    0.7802885609428611,
    0.442216049441408,
    0.03826226610161245,
    -0.4453713749825255,
    -1.0258195633869374,
    -1.7245544876021521,
    -2.568925334122171,
    -3.5949611866593907,
    -4.594934438273081,
    -5.774716472343809,
    -7.306743275072308,
    -9.27287631171625,
    -11.82132650187743,
    -15.136950818675375,
    -18.45084269872696,
    -22.46905995659648,
    -27.33326150030573,
    -33.21500649451926,
    -40.3218617122275,
    -48.904735963736115,
    -59.2667228218137,
    -71.77377992035187,
    -86.86763228755947
  ],
  "omega_max": [
    6.26431358909503e-13,
    -1.048690229723045e-13,
    5.473155620084995e-14,
    2.0234611589886203e-13,
    -4.4629203804582316e-13,
    1.9707410422886347e-13,
    6.005133587875556e-13,
    3.140060934903839e-14,
    -2.9015802475648065e-13,
    1.6936380666049405e-14,
    -2.2265832832528845e-13,
    -7.05620351421677e-14,
    -4.994526684347091e-13,
    5.113760347005611e-13,
    -3.945503572588829e-13,
    3.0288396140088026e-13,
    -3.495002322738768e-14,
    7.772352741703495e-13,
    -1.923236498296148e-14,
    -2.3333697161895993e-14,
    4.856346718051435e-14,
    -2.3937658521877565e-13,
    2.324972087604602e-13,
    2.2391806954317726e-13,
    -3.3158655275265815e-14,
    -2.1548621711634804e-13,
    -4.1284920779430855e-14,
    -1.5092757914492996e-13,
    -2.2538960227602567e-14,
    4.3608451247285e-15,
    -1.8928520895150982e-14,
    3.148952778622725e-14,
    -1.628918171461291e-13,
    -2.552477257226062e-13,
    1.0925087945738639e-12,
    8.206984264701599e-13,
    -4.5211473264232186e-13,
    -5.845813327865706e-13,
    3.908053324391423e-12,
    -2.1332676776507163e-13,
    0.5824895736540835,
    -1.1310803324394938,
    1.5859847235564504,
    -2.025204357431225,
    -2.4712755920301506,
    -2.9362338820869818,
    -3.4288523428477284,
    -3.956785428742547,
    4.527424932294008,
    5.148329028961579
  ],
  "params": {
    "alpha": -35.0,
    "dT": 0.875,
    "dR": 1.0
  },
  "metadata": {
    "shear_max": 1.0824788457353861e-08,
    "vel_net": 1.5588527425297165e-12,
    "resolution": {
      "H": 25,
      "M": 65,
      "Nz": 129,
      "Nth": 128
    },
    "timestamp": "2026-04-13T13:56:37.225228"
  }
}