{
  "k": [
    0.1,
    0.10985411419875583,
    0.12067926406393285,
    0.13257113655901093,
    0.14563484775012436,
    0.15998587196060582,
    0.1757510624854792,
    0.193069772888325,
    0.21209508879201905,
    0.2329951810515372,
    0.2559547922699536,
    0.281176869797423,
    0.3088843596477481,
    0.3393221771895328,
    0.372759372031494,
    0.4094915062380424,
    0.44984326689694454,
    0.49417133613238345,
    0.5428675439323859,
    0.5963623316594643,
    0.6551285568595507,
    0.7196856730011519,
    0.7906043210907697,
    0.8685113737513525,
    0.9540954763499939,
    1.0481131341546859,
    1.151395399326447,
    1.2648552168552958,
    1.3894954943731375,
    1.5264179671752334,
    1.6768329368110073,
    1.8420699693267153,
    2.0235896477251565,
    2.2229964825261943,
    2.442053094548651,
    2.6826957952797246,
    2.9470517025518097,
    3.2374575428176433,
    3.5564803062231283,
    3.9069399370546147,
    4.291934260128776,
    4.714866363457392,
    5.17947467923121,
    5.689866029018296,
    6.250551925273969,
    6.866488450042998,
    7.543120063354615,
    8.286427728546842,
    9.102981779915218,
    10.0
  ],
  "gamma_max": [
    -1.7974656837582534,
    -1.7980584592947138,
    -1.7988125882103885,
    -1.7997662586250769,
    -1.800966493898884,
    -1.8024712659162712,
    -1.8043521459968024,
    -1.8066976348869968,
    -1.8096173489062484,
    -1.8132472816849456,
    -1.8177564050753763,
    -1.823354920646651,
    -1.8094442936371278,
    -1.7410461089399198,
    -1.6693881067810517,
    -1.5949081748913045,
    -1.5182256009148187,
    -1.4401754310377242,
    -1.361846103451985,
    -1.2846202751926197,
    -1.2102187475659796,
    -1.1407473909225312,
    -1.0787469766345799,
    -1.0272458638096544,
    -0.9898156228816066,
    -0.9706300563038965,
    -0.9745289631874658,
    -1.007089826833407,
    -1.0747140019165038,
    -1.1847398016207709,
    -1.3456042688828775,
    -1.458658625814231,
    -1.4110273551105401,
    -1.4447367204281198,
    -1.5888060259888,
    -1.87638207527186,
    -2.3437725991173717,
    -3.030357953714073,
    -3.9795944461835973,
    -5.241180444927274,
    -6.874521318346843,
    -8.954077463157102,
    -11.578716098137782,
    -14.8923623987643,
    -19.11095619342382,
    -23.78358197574811,
    -28.9828545938414,
    -35.029123073457434,
    -42.2755848104563,
    -51.01306820559925
  ],
  "omega_max": [
    0.9739533875943454,
    0.988900175038348,
    1.0054054441953042,
    1.0236364859549487,
    1.0437786955792168,
    1.0660373371081497,
    1.0906393824619394,
    1.1178353877343703,
    1.1479013506968008,
    1.181140468617908,
    1.2178846771070475,
    1.258495799014472,
    4.328841112712662,
    4.3977839705773345,
    4.473754818479917,
    4.5572799149780465,
    4.648864069701449,
    4.748975538404934,
    4.858032104551903,
    4.976391152376914,
    5.104347473223949,
    5.242143316019107,
    5.389995451805781,
    5.548143301120573,
    5.716919939015638,
    5.896843599904041,
    6.08872103001871,
    6.293746130876724,
    6.51356890094264,
    6.750302325481799,
    7.006430353245592,
    6.327664293738459,
    6.625287087990475,
    6.966345986055125,
    7.359380129472253,
    7.812187962755982,
    8.331978434568665,
    8.925823553366238,
    9.601208951230408,
    10.366687718834307,
    11.232821293004372,
    12.213965125551129,
    13.332967448436516,
    14.639793303355063,
    16.338814247754687,
    13.825675604604177,
    14.819432615777215,
    24.28392727296705,
    27.15799049852009,
    30.242792937292965
  ],
  "params": {
    "alpha": -33.0,
    "dT": 0.5,
    "dR": 1.0
  },
  "metadata": {
    "shear_max": 4.232414889815988,
    "vel_net": 1.7610395196738675,
    "resolution": {
      "H": 25,
      "M": 65,
      "Nz": 129,
      "Nth": 128
    },
    "timestamp": "2026-04-13T15:53:48.391259"
  }
}