{
  "k": [
    0.1,
    0.10985411419875583,
    0.12067926406393285,
    0.13257113655901093,
    0.14563484775012436,
    0.15998587196060582,
    0.1757510624854792,
    0.193069772888325,
    0.21209508879201905,
    0.2329951810515372,
    0.2559547922699536,
    0.281176869797423,
    0.3088843596477481,
    0.3393221771895328,
    0.372759372031494,
    0.4094915062380424,
    0.44984326689694454,
    0.49417133613238345,
    0.5428675439323859,
    0.5963623316594643,
    0.6551285568595507,
    0.7196856730011519,
    0.7906043210907697,
    0.8685113737513525,
    0.9540954763499939,
    1.0481131341546859,
    1.151395399326447,
    1.2648552168552958,
    1.3894954943731375,
    1.5264179671752334,
    1.6768329368110073,
    1.8420699693267153,
    2.0235896477251565,
    2.2229964825261943,
    2.442053094548651,
    2.6826957952797246,
    2.9470517025518097,
    3.2374575428176433,
    3.5564803062231283,
    3.9069399370546147,
    4.291934260128776,
    4.714866363457392,
    5.17947467923121,
    5.689866029018296,
    6.250551925273969,
    6.866488450042998,
    7.543120063354615,
    8.286427728546842,
    9.102981779915218,
    10.0
  ],
  "gamma_max": [
    0.9136280437261287,
    0.9025427842437568,
    0.8890617957941972,
    0.8726388737341845,
    0.8525887289376232,
    0.8280437878622959,
    0.7978932277500327,
    0.7606944029909438,
    0.7145397540772689,
    0.6568489574392906,
    0.5840298714645188,
    0.49089825353951466,
    0.36963148067906,
    0.20774731641581295,
    -0.016915390734201258,
    -0.4356085896543993,
    -0.3544051272913508,
    -0.20362696747013476,
    -0.06902006559641852,
    0.04976659965436971,
    0.15603885469363746,
    0.2521102817151092,
    0.3389660760374416,
    0.4165253164444867,
    0.483848025467085,
    0.5392251596132644,
    0.5801722641134514,
    0.6033462596627958,
    0.6044004555119349,
    0.5778008572455504,
    0.5166558965617948,
    0.41267868999676194,
    0.2565413288459896,
    0.03912571632808203,
    -0.24574580664152967,
    -0.5982428885155765,
    -0.7610353568573789,
    -1.0058110181848168,
    -1.423175636408046,
    -2.046028156715635,
    -2.9477383505553783,
    -3.4343847500210845,
    -4.076871960248904,
    -4.908472024950489,
    -5.964977130998758,
    -7.28763815826111,
    -8.925674627173779,
    -10.938632549840175,
    -13.398855621204525,
    -16.394296768871623
  ],
  "omega_max": [
    -3.5975058056322563e-12,
    2.0811983480696984e-12,
    5.997548545662112e-14,
    4.211677895339937e-14,
    -1.5066678553731035e-13,
    -9.329448032333621e-14,
    5.3553822307130915e-12,
    -4.874273764427951e-14,
    2.661569554231212e-13,
    -2.1040832394409857e-12,
    -4.1070191104156335e-13,
    -3.605418309294793e-13,
    4.986131193672901e-13,
    -2.1686065549500417e-13,
    1.4314417344695443e-12,
    -0.04374564242092914,
    -1.7459687589738233,
    -1.852143086872538,
    1.9789490229029636,
    2.11350130999531,
    2.2492703738932502,
    2.3829093281137825,
    -2.51216090846379,
    -2.6349795123148194,
    -2.7491855932219136,
    2.852345376663527,
    2.9417714428576773,
    -3.014621439047746,
    -3.068109473685232,
    3.0998682687420254,
    -3.108522220900328,
    3.0945600472739443,
    3.0616311501175377,
    -3.018365249931476,
    2.980399966422016,
    -2.9710052961960542,
    7.345110705770293e-12,
    1.562686017799757e-12,
    -5.202899868535707e-13,
    -1.2842254302036386e-12,
    -4.7705012253084,
    5.357864005149056,
    5.988466039860405,
    -6.673852142099406,
    -7.421090041542322,
    8.23693860262028,
    -9.129114189613324,
    -10.106719280907637,
    -11.180484570267115,
    -12.363086502729022
  ],
  "params": {
    "alpha": -31.0,
    "dT": 0.16666666666666666,
    "dR": 1.0
  },
  "metadata": {
    "shear_max": 2.804018926367426,
    "vel_net": 1.1206013894593525e-10,
    "resolution": {
      "H": 25,
      "M": 65,
      "Nz": 129,
      "Nth": 128
    },
    "timestamp": "2026-04-13T19:41:15.312359"
  }
}