{
  "k": [
    0.1,
    0.10985411419875583,
    0.12067926406393285,
    0.13257113655901093,
    0.14563484775012436,
    0.15998587196060582,
    0.1757510624854792,
    0.193069772888325,
    0.21209508879201905,
    0.2329951810515372,
    0.2559547922699536,
    0.281176869797423,
    0.3088843596477481,
    0.3393221771895328,
    0.372759372031494,
    0.4094915062380424,
    0.44984326689694454,
    0.49417133613238345,
    0.5428675439323859,
    0.5963623316594643,
    0.6551285568595507,
    0.7196856730011519,
    0.7906043210907697,
    0.8685113737513525,
    0.9540954763499939,
    1.0481131341546859,
    1.151395399326447,
    1.2648552168552958,
    1.3894954943731375,
    1.5264179671752334,
    1.6768329368110073,
    1.8420699693267153,
    2.0235896477251565,
    2.2229964825261943,
    2.442053094548651,
    2.6826957952797246,
    2.9470517025518097,
    3.2374575428176433,
    3.5564803062231283,
    3.9069399370546147,
    4.291934260128776,
    4.714866363457392,
    5.17947467923121,
    5.689866029018296,
    6.250551925273969,
    6.866488450042998,
    7.543120063354615,
    8.286427728546842,
    9.102981779915218,
    10.0
  ],
  "gamma_max": [
    -0.0017496084607531118,
    -0.011601811094622638,
    -0.023481485905931063,
    -0.037804325285969755,
    -0.05507149238136289,
    -0.07588857744649924,
    -0.10099128725845155,
    -0.1312843988454063,
    -0.16791255210015893,
    -0.21242574232904574,
    -0.2673173601036922,
    -0.3390805921606906,
    -0.4353377773955599,
    -0.4728800668176028,
    -0.51667621304027,
    -0.5675254274621947,
    -0.5153434113741188,
    -0.4940082751143357,
    -0.4782079886589612,
    -0.4635448274256774,
    -0.44872665044046633,
    -0.2984953034665702,
    -0.14876603865321145,
    -0.0029582875028494574,
    0.13638109399843557,
    0.2663603200762048,
    0.38345904127360686,
    0.4831689407177223,
    0.559558579786278,
    0.6047891870467546,
    0.6086958123750884,
    0.5587770449994716,
    0.44145428835244455,
    0.24606732147171226,
    0.2798480617387897,
    0.4439175536283666,
    0.5029023555977751,
    0.3334967414033582,
    -0.1714509472664507,
    -1.1296166932307756,
    -1.2486895611878925,
    -1.350864958020189,
    -1.5919290898527236,
    -2.007008295457502,
    -2.62299055078118,
    -3.4673634879609287,
    -4.572664875963939,
    -5.977982552670084,
    -7.728167519420355,
    -9.870159218680662
  ],
  "omega_max": [
    -2.875456839873431e-14,
    -8.443789102299898e-15,
    4.437243318264948e-14,
    -1.2455661575549179e-14,
    -2.3479619568117265e-14,
    -3.819982991589077e-14,
    -4.6502727176298376e-14,
    -6.333650975601162e-14,
    3.658058103557738e-14,
    2.4386818804478593e-14,
    -1.007060035700675e-14,
    2.401560020472356e-14,
    0.050519373454996276,
    -0.08383484629469366,
    -0.08756143050254894,
    -0.0472324479552198,
    -8.100814160303713e-15,
    -1.6674304113300598e-15,
    6.060489908498304e-15,
    -5.3766811379823e-15,
    2.7512812530702464e-15,
    4.32789675388139,
    -4.4198330348036965,
    -4.511871095937421,
    -4.599903321712322,
    -4.6791937688542395,
    -4.744430501725165,
    -4.789817993158187,
    4.809270992470117,
    4.7967976393983225,
    4.747221976027781,
    4.65759137420836,
    4.5302526208399705,
    -4.380131797528466,
    1.3440345556305613e-13,
    -9.432179193142996e-13,
    3.621506507072507e-13,
    6.542255911992672e-14,
    -1.0864526997154918e-13,
    -1.043764636951712e-12,
    6.483705596650762,
    7.213651359599122,
    -8.04793780388532,
    8.983011809057057,
    10.017841808011065,
    11.15825435024811,
    12.417037484656483,
    13.813975419750685,
    15.37643036758383,
    17.13845054797141
  ],
  "params": {
    "alpha": -36.0,
    "dT": 0.1111111111111111,
    "dR": 1.0
  },
  "metadata": {
    "shear_max": 4.574233776015181,
    "vel_net": 2.0700108294136044e-13,
    "resolution": {
      "H": 25,
      "M": 65,
      "Nz": 129,
      "Nth": 128
    },
    "timestamp": "2026-04-15T15:56:27.912577"
  }
}