{
  "k": [
    0.1,
    0.10985411419875583,
    0.12067926406393285,
    0.13257113655901093,
    0.14563484775012436,
    0.15998587196060582,
    0.1757510624854792,
    0.193069772888325,
    0.21209508879201905,
    0.2329951810515372,
    0.2559547922699536,
    0.281176869797423,
    0.3088843596477481,
    0.3393221771895328,
    0.372759372031494,
    0.4094915062380424,
    0.44984326689694454,
    0.49417133613238345,
    0.5428675439323859,
    0.5963623316594643,
    0.6551285568595507,
    0.7196856730011519,
    0.7906043210907697,
    0.8685113737513525,
    0.9540954763499939,
    1.0481131341546859,
    1.151395399326447,
    1.2648552168552958,
    1.3894954943731375,
    1.5264179671752334,
    1.6768329368110073,
    1.8420699693267153,
    2.0235896477251565,
    2.2229964825261943,
    2.442053094548651,
    2.6826957952797246,
    2.9470517025518097,
    3.2374575428176433,
    3.5564803062231283,
    3.9069399370546147,
    4.291934260128776,
    4.714866363457392,
    5.17947467923121,
    5.689866029018296,
    6.250551925273969,
    6.866488450042998,
    7.543120063354615,
    8.286427728546842,
    9.102981779915218,
    10.0
  ],
  "gamma_max": [
    1.6118429851905949,
    1.6095212996505766,
    1.6067206544711465,
    1.60334252071768,
    1.5992682247649233,
    1.594354883376391,
    1.5884305414494189,
    1.5812883650672482,
    1.5726797181132763,
    1.5623059243145214,
    1.5498084857114902,
    1.5347574933632955,
    1.5166379261505076,
    1.494833483055596,
    1.4686075297759713,
    1.4370806526962843,
    1.3992041824272867,
    1.3537288570307513,
    1.2991674999148282,
    1.233750148529848,
    1.155369428798866,
    1.061513061637751,
    0.9491791564926841,
    0.8147683079547683,
    0.6539443501763077,
    0.46145262043613,
    0.23087991090672802,
    -0.045668220407700355,
    -0.37801512550357264,
    -0.7785715198182395,
    -1.2634107910599246,
    -1.8543697688108502,
    -2.584608393199153,
    -3.5254872893867035,
    -4.753801924163741,
    -5.782614456884649,
    -6.934076451499901,
    -8.347521931778408,
    -10.089567510084503,
    -12.22334839677432,
    -14.824905036136345,
    -17.986224562065885,
    -21.818773724014555,
    -26.457626103633956,
    -32.066335475314524,
    -38.84274792472623,
    -47.02598192969808,
    -56.9048440976244,
    -68.82799410995845,
    -83.21622955305958
  ],
  "omega_max": [
    2.626578225090953e-13,
    -1.2876077344375562e-13,
    1.1803940231973894e-14,
    3.6698550812208746e-13,
    -3.1466828298143506e-13,
    4.21413676468008e-13,
    -1.8683427475549514e-13,
    1.109629061171482e-13,
    -1.4577329948143752e-14,
    5.752066437718512e-13,
    1.7800642969204888e-14,
    2.670285387654748e-13,
    -1.4971816797854906e-13,
    -1.0173733556793511e-14,
    -4.378171809590066e-14,
    1.4304699186207151e-13,
    2.962763764713718e-13,
    4.920443802916513e-14,
    2.5818240621338983e-13,
    -5.0951048446429873e-14,
    -1.3195622834788077e-14,
    -1.1001276121464988e-13,
    -1.842964660231123e-13,
    4.0388232625918916e-14,
    4.752693617181086e-14,
    1.3767229782918305e-13,
    1.7825166738251367e-15,
    -1.1512234492564897e-15,
    9.395345006819585e-14,
    5.77907636870227e-14,
    -2.72989499045708e-14,
    2.80329349110985e-13,
    -2.144884729658196e-13,
    -7.33073430672854e-14,
    -0.3633143170535629,
    -0.6774948672452599,
    0.42301056237154827,
    0.6335129059702238,
    0.877304308363083,
    1.1453884652722546,
    1.4347899577441456,
    -1.7451912739963389,
    2.0778703704005337,
    -2.4352422829188685,
    2.8206095216104288,
    -3.23801660707323,
    -3.692173487475933,
    4.18842948093378,
    4.732784517932021,
    5.331928557507307
  ],
  "params": {
    "alpha": -31.0,
    "dT": 0.8333333333333334,
    "dR": 1.0
  },
  "metadata": {
    "shear_max": 7.529901327786438e-09,
    "vel_net": 2.2185796290048432e-15,
    "resolution": {
      "H": 25,
      "M": 65,
      "Nz": 129,
      "Nth": 128
    },
    "timestamp": "2026-04-13T13:19:28.111458"
  }
}