{
  "k": [
    0.1,
    0.10985411419875583,
    0.12067926406393285,
    0.13257113655901093,
    0.14563484775012436,
    0.15998587196060582,
    0.1757510624854792,
    0.193069772888325,
    0.21209508879201905,
    0.2329951810515372,
    0.2559547922699536,
    0.281176869797423,
    0.3088843596477481,
    0.3393221771895328,
    0.372759372031494,
    0.4094915062380424,
    0.44984326689694454,
    0.49417133613238345,
    0.5428675439323859,
    0.5963623316594643,
    0.6551285568595507,
    0.7196856730011519,
    0.7906043210907697,
    0.8685113737513525,
    0.9540954763499939,
    1.0481131341546859,
    1.151395399326447,
    1.2648552168552958,
    1.3894954943731375,
    1.5264179671752334,
    1.6768329368110073,
    1.8420699693267153,
    2.0235896477251565,
    2.2229964825261943,
    2.442053094548651,
    2.6826957952797246,
    2.9470517025518097,
    3.2374575428176433,
    3.5564803062231283,
    3.9069399370546147,
    4.291934260128776,
    4.714866363457392,
    5.17947467923121,
    5.689866029018296,
    6.250551925273969,
    6.866488450042998,
    7.543120063354615,
    8.286427728546842,
    9.102981779915218,
    10.0
  ],
  "gamma_max": [
    -0.1434432067713609,
    -0.14464431847727538,
    -0.14609483507383833,
    -0.14784681631129526,
    -0.14996332214744398,
    -0.15252080507813923,
    -0.15561205914756862,
    -0.15934987573512077,
    -0.16387160885342353,
    -0.1693449309459337,
    -0.17597518079450084,
    -0.18401489814426092,
    -0.19377646158148595,
    -0.2056493075957082,
    -0.22012423790800326,
    -0.23782931999607726,
    -0.2595860393739137,
    -0.2865037665819084,
    -0.3201543881465695,
    -0.3629389151946783,
    -0.41901461483814206,
    -0.4975168832084806,
    -0.6389487455974854,
    -0.7483435047504917,
    -0.7701911252222194,
    -0.7957160137487584,
    -0.8255405770203562,
    -0.8604419055478183,
    -0.9013999721587689,
    -0.9496481589277154,
    -1.006723103863812,
    -1.0745152798056008,
    -1.155326184177041,
    -1.2519396632002753,
    -1.3677134882704964,
    -1.5066948479321334,
    -1.6501910059352696,
    -1.8139492890171043,
    -2.024991380621679,
    -2.2912022480755994,
    -2.622151049857236,
    -3.02946500991045,
    -3.5272612531074437,
    -4.13264120619657,
    -4.866261144194714,
    -5.753001737943628,
    -6.822768097425676,
    -8.111460622603621,
    -9.662165950255977,
    -11.526624455958562
  ],
  "omega_max": [
    -3.8312469797307164e-16,
    -1.9492922495834488e-16,
    -4.4135377641415483e-16,
    -3.777288280310885e-16,
    4.368890126127761e-16,
    -3.984645143336734e-16,
    -4.0815635636843344e-16,
    -2.6573966884836436e-16,
    -4.010217063987249e-17,
    -5.045422235709906e-16,
    8.604741787490378e-16,
    -2.056592952161137e-16,
    -4.062781053259411e-16,
    -3.5762331769544953e-16,
    8.463335363785822e-17,
    -8.502795344484607e-16,
    -5.708654386071764e-16,
    2.651893080184466e-16,
    1.0671312671409963e-15,
    2.31367318992338e-15,
    -1.4968919000762385e-15,
    -1.334460908220391e-14,
    -3.1885644112811644e-15,
    0.19399740517521036,
    -0.3035724673075257,
    -0.3960453131009441,
    0.48319887089125974,
    -0.5692945698625834,
    0.6565994926531658,
    -0.7466452308752564,
    -0.8406773484136841,
    -0.939857188473772,
    1.0453617173125136,
    -1.1584331777723778,
    -1.280403877219537,
    -1.4127114629829602,
    -1.490999701240802,
    1.6404760477725162,
    -1.808204329434004,
    1.99613248260969,
    -2.2062625330733314,
    2.440839790050723,
    -2.702491053984076,
    -2.9943272638897986,
    3.320021685584226,
    -3.683870681519027,
    4.0908401287208545,
    4.546598470558215,
    5.057539266226032,
    -5.630802679204593
  ],
  "params": {
    "alpha": -17.5,
    "dT": 0.1,
    "dR": 1.0
  },
  "metadata": {
    "shear_max": 4.884804621039575e-09,
    "vel_net": 4.425403613094764e-25,
    "resolution": {
      "H": 20,
      "M": 49,
      "Nz": 97,
      "Nth": 96
    },
    "timestamp": "2026-02-12T18:51:24.627495"
  }
}