{
  "k": [
    0.1,
    0.10985411419875583,
    0.12067926406393285,
    0.13257113655901093,
    0.14563484775012436,
    0.15998587196060582,
    0.1757510624854792,
    0.193069772888325,
    0.21209508879201905,
    0.2329951810515372,
    0.2559547922699536,
    0.281176869797423,
    0.3088843596477481,
    0.3393221771895328,
    0.372759372031494,
    0.4094915062380424,
    0.44984326689694454,
    0.49417133613238345,
    0.5428675439323859,
    0.5963623316594643,
    0.6551285568595507,
    0.7196856730011519,
    0.7906043210907697,
    0.8685113737513525,
    0.9540954763499939,
    1.0481131341546859,
    1.151395399326447,
    1.2648552168552958,
    1.3894954943731375,
    1.5264179671752334,
    1.6768329368110073,
    1.8420699693267153,
    2.0235896477251565,
    2.2229964825261943,
    2.442053094548651,
    2.6826957952797246,
    2.9470517025518097,
    3.2374575428176433,
    3.5564803062231283,
    3.9069399370546147,
    4.291934260128776,
    4.714866363457392,
    5.17947467923121,
    5.689866029018296,
    6.250551925273969,
    6.866488450042998,
    7.543120063354615,
    8.286427728546842,
    9.102981779915218,
    10.0
  ],
  "gamma_max": [
    -1.0013943554571922,
    -1.0024605323624194,
    -1.0037471327546057,
    -1.0052997141642752,
    -1.0071732441144365,
    -1.009434041176321,
    -1.0121621152875473,
    -1.0154539890295493,
    -1.019426098061332,
    -1.024218888763559,
    -1.0300017549450637,
    -1.0369789839733972,
    -1.0453969170049968,
    -1.0555525691672993,
    -1.0678040053322135,
    -1.0825828273282276,
    -1.100409201931387,
    -1.1219099490129092,
    -1.1478403205701735,
    -1.1791102394062545,
    -1.2168159380284433,
    -1.26227815086043,
    -1.3170882729215005,
    -1.3831642105258017,
    -1.4628180159522224,
    -1.5588378187087837,
    -1.6745870440280877,
    -1.814124460497686,
    -1.9823492635002424,
    -2.1851762524616545,
    -2.4297472990801463,
    -2.724686834869145,
    -3.0804110672342406,
    -3.5095030106984906,
    -4.027167986195607,
    -4.6342400975119595,
    -5.333025415954787,
    -6.198407144685086,
    -7.262752231527658,
    -8.564564813851993,
    -10.150090031431391,
    -12.075165179582644,
    -14.40735279275629,
    -17.228419236077446,
    -20.637249024102594,
    -24.753309202070508,
    -29.720802865400998,
    -35.71367935258578,
    -42.941701594278214,
    -51.657806595367
  ],
  "omega_max": [
    -0.018013693558690484,
    0.03088620897605553,
    -0.04139160546881834,
    -0.05127492842535555,
    0.06110383424170333,
    0.07117347538538753,
    -0.08168025181385415,
    0.0927777525841881,
    0.10459997504556925,
    -0.11727268507448674,
    0.13091970203910647,
    0.14566674622433542,
    0.16164401375024237,
    0.1789880485997998,
    0.1978432190601824,
    -0.2183629862728279,
    0.24071110152549405,
    0.2650628546578027,
    0.29160650293916085,
    0.3205450279717701,
    0.3520983882079851,
    0.3865064457133193,
    -0.4240327358035662,
    0.4649692063490456,
    0.5096419749429253,
    0.5584180427260692,
    0.6117127826596818,
    0.6699979163197184,
    -0.7338096356400253,
    -0.8037565324226957,
    0.8805270750155144,
    -0.9648965278144231,
    1.0577334832194356,
    1.160006637263876,
    -1.2727931369758174,
    1.311348797523838,
    1.4503629633318174,
    -1.6033806220220521,
    1.7733448397994134,
    -1.9628046646081514,
    2.174154178002553,
    2.409865723614209,
    -2.6726819741160206,
    2.965761674859025,
    -3.292788600194652,
    -3.658054319100214,
    -4.066520060524757,
    -4.523858584925303,
    -5.036478376081341,
    5.61154071955716
  ],
  "params": {
    "alpha": -17.5,
    "dT": 0.5,
    "dR": 1.0
  },
  "metadata": {
    "shear_max": 2.889872772024265e-09,
    "vel_net": 1.0117603383876075e-25,
    "resolution": {
      "H": 20,
      "M": 49,
      "Nz": 97,
      "Nth": 96
    },
    "timestamp": "2026-02-14T04:53:43.830343"
  }
}