{
  "k": [
    0.1,
    0.10985411419875583,
    0.12067926406393285,
    0.13257113655901093,
    0.14563484775012436,
    0.15998587196060582,
    0.1757510624854792,
    0.193069772888325,
    0.21209508879201905,
    0.2329951810515372,
    0.2559547922699536,
    0.281176869797423,
    0.3088843596477481,
    0.3393221771895328,
    0.372759372031494,
    0.4094915062380424,
    0.44984326689694454,
    0.49417133613238345,
    0.5428675439323859,
    0.5963623316594643,
    0.6551285568595507,
    0.7196856730011519,
    0.7906043210907697,
    0.8685113737513525,
    0.9540954763499939,
    1.0481131341546859,
    1.151395399326447,
    1.2648552168552958,
    1.3894954943731375,
    1.5264179671752334,
    1.6768329368110073,
    1.8420699693267153,
    2.0235896477251565,
    2.2229964825261943,
    2.442053094548651,
    2.6826957952797246,
    2.9470517025518097,
    3.2374575428176433,
    3.5564803062231283,
    3.9069399370546147,
    4.291934260128776,
    4.714866363457392,
    5.17947467923121,
    5.689866029018296,
    6.250551925273969,
    6.866488450042998,
    7.543120063354615,
    8.286427728546842,
    9.102981779915218,
    10.0
  ],
  "gamma_max": [
    -0.06695419017402121,
    -0.07654809547003269,
    -0.08810835693770297,
    -0.10203540889096123,
    -0.11881154802017986,
    -0.13901959908488007,
    -0.16336914764468405,
    -0.19273840414968063,
    -0.22825480437181123,
    -0.2714940893001033,
    -0.32517037958269057,
    -0.39779224417906345,
    -0.47896289838734996,
    -0.5152857010788372,
    -0.5577824804421834,
    -0.607307352296904,
    -0.5562333011082217,
    -0.5366270041177866,
    -0.5227243072545579,
    -0.5103239270013155,
    -0.4982473766820743,
    -0.4611681113545364,
    -0.2822780360096176,
    -0.10500603558908195,
    0.06759234305566222,
    0.23192701482069553,
    0.38350251997767654,
    0.5163688409424702,
    0.622354660530132,
    0.6900410505649055,
    0.7034694109607423,
    0.6407900609180611,
    0.47413894552747526,
    0.1766623478613169,
    0.5570957926366286,
    1.054364665744509,
    1.3807728101632288,
    1.333062466106961,
    0.7679834878245253,
    -0.5488093051353446,
    -1.6000175073085765,
    -1.4971180112554896,
    -1.6141256899200245,
    -2.0161765981496895,
    -2.721705594580073,
    -3.75351034985076,
    -5.147653354256818,
    -6.952587837997707,
    -9.225103386603452,
    -12.019605631976184
  ],
  "omega_max": [
    -2.2333417829522147e-13,
    -7.440916741546804e-13,
    -4.466242154370117e-13,
    3.3151224571696603e-13,
    -8.271199949514391e-13,
    1.8687024350922645e-13,
    -7.326458221700116e-14,
    -5.646667986685134e-13,
    -2.3099784163488287e-12,
    2.281293177201417e-12,
    6.415943201382061e-13,
    -2.710763541629519e-13,
    0.05754887540428983,
    0.0843489204469285,
    -0.08592639592991043,
    0.0450893491720023,
    3.688127935544203e-13,
    2.5937757021280764e-14,
    -4.121479350646845e-14,
    9.536975305874257e-14,
    2.315786145210578e-13,
    5.497745645545394,
    -5.5975548110742865,
    5.697237940309184,
    -5.791931256776838,
    -5.8757220192263695,
    5.94167711258198,
    5.981919834219467,
    -5.987813880120297,
    5.950351457632569,
    5.860925328868765,
    5.712950224255523,
    5.505944204762945,
    5.2578122961616796,
    -7.673842138587737e-12,
    -1.6046850171166694e-11,
    8.304471850734544e-12,
    -1.06031822487409e-15,
    8.038292646772183e-12,
    -2.1608496138993434e-12,
    7.115506390236942,
    -7.88923238414035,
    -8.861478057931752,
    9.971411935498029,
    -11.191357115565264,
    -12.5232003134053,
    13.98489060861388,
    15.606618610667832,
    17.432049406200328,
    -19.518409161129245
  ],
  "params": {
    "alpha": -42.0,
    "dT": 0.14285714285714285,
    "dR": 1.0
  },
  "metadata": {
    "shear_max": 5.6357878144184,
    "vel_net": 1.1191048088221578e-13,
    "resolution": {
      "H": 25,
      "M": 65,
      "Nz": 129,
      "Nth": 128
    },
    "timestamp": "2026-04-15T22:03:44.820090"
  }
}