{
  "k": [
    0.1,
    0.10985411419875583,
    0.12067926406393285,
    0.13257113655901093,
    0.14563484775012436,
    0.15998587196060582,
    0.1757510624854792,
    0.193069772888325,
    0.21209508879201905,
    0.2329951810515372,
    0.2559547922699536,
    0.281176869797423,
    0.3088843596477481,
    0.3393221771895328,
    0.372759372031494,
    0.4094915062380424,
    0.44984326689694454,
    0.49417133613238345,
    0.5428675439323859,
    0.5963623316594643,
    0.6551285568595507,
    0.7196856730011519,
    0.7906043210907697,
    0.8685113737513525,
    0.9540954763499939,
    1.0481131341546859,
    1.151395399326447,
    1.2648552168552958,
    1.3894954943731375,
    1.5264179671752334,
    1.6768329368110073,
    1.8420699693267153,
    2.0235896477251565,
    2.2229964825261943,
    2.442053094548651,
    2.6826957952797246,
    2.9470517025518097,
    3.2374575428176433,
    3.5564803062231283,
    3.9069399370546147,
    4.291934260128776,
    4.714866363457392,
    5.17947467923121,
    5.689866029018296,
    6.250551925273969,
    6.866488450042998,
    7.543120063354615,
    8.286427728546842,
    9.102981779915218,
    10.0
  ],
  "gamma_max": [
    0.8009436209661587,
    0.7987081870613109,
    0.7960108728000752,
    0.7927563391913699,
    0.7888296087590257,
    0.7840920370824427,
    0.7783764651719207,
    0.7714813874901105,
    0.763163939157232,
    0.7531314656126965,
    0.7410313915910516,
    0.7264390471029353,
    0.7088430368904471,
    0.6876276466057079,
    0.6620516605799764,
    0.6312228045582685,
    0.5940668062855669,
    0.5492897524717876,
    0.49533196579617494,
    0.4303109464871351,
    0.35194988900830454,
    0.257486649919439,
    0.14355533495646008,
    0.006027854303062535,
    -0.16020662568223568,
    -0.36156710198049785,
    -0.6063060699935251,
    -0.9054870755141725,
    -1.2752718221705912,
    -1.7449197716516394,
    -2.4756968119424636,
    -3.0170020703996743,
    -3.61747864957701,
    -4.342025714769014,
    -5.216462824535507,
    -6.271983873246217,
    -7.488556963332535,
    -8.94831529795886,
    -10.74520766500211,
    -12.94427885786737,
    -15.623880006271063,
    -18.87877937017675,
    -22.823781013271077,
    -27.597958365245695,
    -33.36965832652457,
    -40.34247279384994,
    -48.76241244428693,
    -58.92655812307613,
    -71.19351322656043,
    -85.99603942030004
  ],
  "omega_max": [
    -1.0602436324727942e-13,
    1.4066701985265628e-14,
    -1.628932608000225e-13,
    -1.2705177291669639e-14,
    1.7023492225977053e-14,
    2.0007085176727536e-14,
    -3.138350637886815e-14,
    6.719330741441016e-14,
    3.6641171234228195e-14,
    1.3461246170241925e-14,
    -2.912727122295662e-14,
    -1.5690854991090032e-14,
    2.945834845737629e-14,
    1.4026943548484716e-13,
    1.3258712184111207e-15,
    1.031504976267325e-13,
    1.4499358336905805e-13,
    -1.254757384373415e-13,
    5.751204192668471e-15,
    1.1682236317119486e-14,
    -4.546430443041233e-14,
    -8.428440441480516e-14,
    -2.2633563749119598e-14,
    4.205895526971846e-16,
    -4.269924238891476e-15,
    -5.61584411583887e-14,
    5.332638183636065e-14,
    3.669104002539333e-14,
    -4.8415005040017906e-15,
    -1.827718203955241e-13,
    7.022919944668711e-13,
    0.38968886619208115,
    0.5796111837408493,
    0.7464209420195212,
    -0.9076865716901097,
    1.0708737100298475,
    1.0191657463364137,
    -1.153833314478079,
    1.325706922584777,
    1.531607779477029,
    -1.7685906999873342,
    -2.0349460537139863,
    -2.330435582984068,
    2.65618823777092,
    3.014506640169555,
    3.408691552496365,
    3.842917260790324,
    4.3221592082198494,
    4.8521651769408,
    -5.439461837827469
  ],
  "params": {
    "alpha": -28.0,
    "dT": 0.8571428571428571,
    "dR": 1.0
  },
  "metadata": {
    "shear_max": 5.953928985439357e-09,
    "vel_net": 1.0339757656912846e-24,
    "resolution": {
      "H": 25,
      "M": 65,
      "Nz": 129,
      "Nth": 128
    },
    "timestamp": "2026-04-13T12:50:08.210610"
  }
}