{
  "k": [
    0.1,
    0.10985411419875583,
    0.12067926406393285,
    0.13257113655901093,
    0.14563484775012436,
    0.15998587196060582,
    0.1757510624854792,
    0.193069772888325,
    0.21209508879201905,
    0.2329951810515372,
    0.2559547922699536,
    0.281176869797423,
    0.3088843596477481,
    0.3393221771895328,
    0.372759372031494,
    0.4094915062380424,
    0.44984326689694454,
    0.49417133613238345,
    0.5428675439323859,
    0.5963623316594643,
    0.6551285568595507,
    0.7196856730011519,
    0.7906043210907697,
    0.8685113737513525,
    0.9540954763499939,
    1.0481131341546859,
    1.151395399326447,
    1.2648552168552958,
    1.3894954943731375,
    1.5264179671752334,
    1.6768329368110073,
    1.8420699693267153,
    2.0235896477251565,
    2.2229964825261943,
    2.442053094548651,
    2.6826957952797246,
    2.9470517025518097,
    3.2374575428176433,
    3.5564803062231283,
    3.9069399370546147,
    4.291934260128776,
    4.714866363457392,
    5.17947467923121,
    5.689866029018296,
    6.250551925273969,
    6.866488450042998,
    7.543120063354615,
    8.286427728546842,
    9.102981779915218,
    10.0
  ],
  "gamma_max": [
    -0.7076010587190255,
    -0.7112407686606795,
    -0.7156788907682199,
    -0.7211054107066383,
    -0.7277648151945537,
    -0.7359785008535052,
    -0.746182314434513,
    -0.7589959922729316,
    -0.775370772499987,
    -0.7969767133969224,
    -0.82768410057367,
    -0.9004184465269791,
    -0.9116831330777369,
    -0.9253078361974403,
    -0.9417926019658038,
    -0.9617451219586342,
    -0.9859041945364924,
    -1.0151682083106295,
    -1.0506296143902902,
    -1.0936164958251084,
    -1.1457425066607396,
    -1.2089666586435543,
    -1.2856647133692545,
    -1.3787143306999758,
    -1.4915966756741172,
    -1.628517927706429,
    -1.7945550782904351,
    -1.9958315312984907,
    -2.239729299410958,
    -2.5351460006845565,
    -2.892806424733594,
    -3.325640252993044,
    -3.849239757019116,
    -4.482414179344098,
    -5.247861209462531,
    -6.17298053329777,
    -7.260736987413398,
    -8.549920033038205,
    -10.133979623988658,
    -12.070191376797714,
    -14.427494497056024,
    -17.289206243945976,
    -20.75617856313979,
    -24.950492608570134,
    -30.019826986715614,
    -36.14267078911158,
    -43.53458648928576,
    -52.45576529021213,
    -63.220161899610765,
    -76.20654818420336
  ],
  "omega_max": [
    8.791308332711258e-14,
    5.14469492979299e-14,
    3.693844599405559e-16,
    3.839464182569856e-14,
    4.74858570366635e-14,
    2.773490989708904e-14,
    -1.4825039750938192e-13,
    -1.1284598132384735e-13,
    -2.4709483336059458e-14,
    6.606831582391044e-15,
    3.403533067649396e-16,
    -0.011093798089423236,
    0.071452226039235,
    0.10531180778645303,
    0.1351862762111176,
    -0.1639925971631344,
    0.19293277384711535,
    -0.22269589781725654,
    0.2537640316475897,
    0.2865244778542518,
    0.3213211517340164,
    -0.358482523959801,
    0.398339388534636,
    -0.4412378466633799,
    0.48754987201095257,
    0.5376825297012414,
    -0.5920863720739182,
    0.6512633637676591,
    -0.7157747182770845,
    -0.786249126820407,
    -0.8633919096523014,
    -0.9479955245957845,
    -1.0409515888435483,
    1.1432641611257757,
    -1.2560636722594303,
    1.3806208905241788,
    -1.4176174924216436,
    -1.5615247443520532,
    -1.7256754312181097,
    -1.9123304771288268,
    2.1233351983684936,
    -2.3605424924104965,
    2.6261166404887146,
    2.922719698210699,
    -3.2536145783565353,
    -3.622720881726423,
    4.03464834127049,
    -4.4947210103795285,
    5.008999157618453,
    -5.5843066098925345
  ],
  "params": {
    "alpha": -21.0,
    "dT": 0.75,
    "dR": 1.0
  },
  "metadata": {
    "shear_max": 2.5986376273010925e-09,
    "vel_net": 1.550963648536927e-25,
    "resolution": {
      "H": 25,
      "M": 65,
      "Nz": 129,
      "Nth": 128
    },
    "timestamp": "2026-04-13T11:54:03.872575"
  }
}