{
  "k": [
    0.1,
    0.10985411419875583,
    0.12067926406393285,
    0.13257113655901093,
    0.14563484775012436,
    0.15998587196060582,
    0.1757510624854792,
    0.193069772888325,
    0.21209508879201905,
    0.2329951810515372,
    0.2559547922699536,
    0.281176869797423,
    0.3088843596477481,
    0.3393221771895328,
    0.372759372031494,
    0.4094915062380424,
    0.44984326689694454,
    0.49417133613238345,
    0.5428675439323859,
    0.5963623316594643,
    0.6551285568595507,
    0.7196856730011519,
    0.7906043210907697,
    0.8685113737513525,
    0.9540954763499939,
    1.0481131341546859,
    1.151395399326447,
    1.2648552168552958,
    1.3894954943731375,
    1.5264179671752334,
    1.6768329368110073,
    1.8420699693267153,
    2.0235896477251565,
    2.2229964825261943,
    2.442053094548651,
    2.6826957952797246,
    2.9470517025518097,
    3.2374575428176433,
    3.5564803062231283,
    3.9069399370546147,
    4.291934260128776,
    4.714866363457392,
    5.17947467923121,
    5.689866029018296,
    6.250551925273969,
    6.866488450042998,
    7.543120063354615,
    8.286427728546842,
    9.102981779915218,
    10.0
  ],
  "gamma_max": [
    -1.0088345832141137,
    -1.010662037577476,
    -1.0128676380731159,
    -1.0155296939418301,
    -1.0187427597669094,
    -1.0226210189792004,
    -1.0273023784629105,
    -1.0329534268476446,
    -1.0397754434020616,
    -1.0480116873383198,
    -1.0579562513836964,
    -1.06996483230883,
    -1.0844678599331028,
    -1.101986542666202,
    -1.1231525436215795,
    -1.1487322152189647,
    -1.1796566219943476,
    -1.2170590216933312,
    -1.2623221424157545,
    -1.3171386511970835,
    -1.3835899700781171,
    -1.464251699156235,
    -1.5623397558257852,
    -1.6819232940026976,
    -1.8282574784652732,
    -2.0083586262075674,
    -2.2077752433093973,
    -2.415847299753018,
    -2.669754974600348,
    -2.9791016437323057,
    -3.35542274864772,
    -3.812586205876414,
    -4.36728041210617,
    -5.03960758734586,
    -5.853803755719229,
    -6.839111069642503,
    -8.03083322002055,
    -9.41593605860373,
    -11.1135389509455,
    -13.185271378323938,
    -15.70497575966614,
    -18.761806009894194,
    -22.463577306869652,
    -26.940694096293363,
    -32.35080056304338,
    -38.88433468701641,
    -46.771203999819384,
    -56.28884262445162,
    -67.77195768372876,
    -81.62432876850606
  ],
  "omega_max": [
    4.703030321639467e-16,
    -3.2581399359142627e-16,
    3.861173599736837e-16,
    2.229649246295518e-15,
    3.2951390829827206e-16,
    -5.148232788834695e-16,
    4.45435514175951e-16,
    4.1043157682412425e-16,
    -3.135177290180254e-16,
    5.089830202231148e-16,
    -8.741154308971738e-16,
    -1.4898724304629766e-15,
    -4.870080321917298e-16,
    -8.799618689915608e-16,
    7.647823801486097e-16,
    -2.170667251920863e-15,
    1.699472474299831e-15,
    -4.933495819487305e-16,
    9.730010743538356e-16,
    9.630375533016669e-16,
    -4.250646957306181e-16,
    4.760709689759327e-16,
    2.709949501060487e-15,
    -9.42201639012225e-16,
    -5.566423001808539e-15,
    1.6121121923245385e-14,
    -0.6112573115786456,
    -0.6720714587987596,
    -0.7374467875351591,
    0.8081383581952024,
    -0.8849721010320344,
    0.9688514309799634,
    1.0607653135890067,
    -1.1617984737539522,
    1.2731438496208727,
    1.396117210685647,
    -1.532174313040247,
    -1.6100198098859047,
    -1.779545471967119,
    1.9676405552064553,
    2.1772003708747456,
    2.411011548453001,
    2.672015534908031,
    2.963500755775138,
    3.2892352011028696,
    3.653556525072961,
    -4.0614328902092245,
    -4.518502794533929,
    -5.031101364771008,
    5.60628569386295
  ],
  "params": {
    "alpha": -18.0,
    "dT": 0.8,
    "dR": 1.0
  },
  "metadata": {
    "shear_max": 2.4193797404735295e-09,
    "vel_net": 1.550963648536927e-25,
    "resolution": {
      "H": 25,
      "M": 65,
      "Nz": 129,
      "Nth": 128
    },
    "timestamp": "2026-04-13T11:13:44.806095"
  }
}