{
  "k": [
    0.1,
    0.10985411419875583,
    0.12067926406393285,
    0.13257113655901093,
    0.14563484775012436,
    0.15998587196060582,
    0.1757510624854792,
    0.193069772888325,
    0.21209508879201905,
    0.2329951810515372,
    0.2559547922699536,
    0.281176869797423,
    0.3088843596477481,
    0.3393221771895328,
    0.372759372031494,
    0.4094915062380424,
    0.44984326689694454,
    0.49417133613238345,
    0.5428675439323859,
    0.5963623316594643,
    0.6551285568595507,
    0.7196856730011519,
    0.7906043210907697,
    0.8685113737513525,
    0.9540954763499939,
    1.0481131341546859,
    1.151395399326447,
    1.2648552168552958,
    1.3894954943731375,
    1.5264179671752334,
    1.6768329368110073,
    1.8420699693267153,
    2.0235896477251565,
    2.2229964825261943,
    2.442053094548651,
    2.6826957952797246,
    2.9470517025518097,
    3.2374575428176433,
    3.5564803062231283,
    3.9069399370546147,
    4.291934260128776,
    4.714866363457392,
    5.17947467923121,
    5.689866029018296,
    6.250551925273969,
    6.866488450042998,
    7.543120063354615,
    8.286427728546842,
    9.102981779915218,
    10.0
  ],
  "gamma_max": [
    -1.0080850160046184,
    -1.00087988632605,
    -0.9936862734621242,
    -0.9865614046333434,
    -0.9795755068170305,
    -0.9728149138178115,
    -0.966385939979633,
    -0.9604197907485589,
    -0.9550788739193073,
    -0.9505650572186102,
    -0.9471307124929896,
    -0.9450938556272356,
    -0.9448595400454092,
    -0.9469512145185408,
    -0.9520588250823663,
    -0.961117008871636,
    -0.9754423171020662,
    -0.9970007918862367,
    -1.029016372440955,
    -1.0777392401252242,
    -1.062500774161353,
    -0.9823346904018047,
    -0.9021327308893426,
    -0.8232291632309644,
    -0.7472233635441449,
    -0.6760051669618856,
    -0.6117780230504325,
    -0.5570810596029772,
    -0.5148161898603157,
    -0.4882937229261879,
    -0.4813173911987724,
    -0.49833166750516494,
    -0.519757920441572,
    -0.4580357749724679,
    -0.44030268855139204,
    -0.4833177435905966,
    -0.6053493197516104,
    -0.8251914170681186,
    -1.1586369144936068,
    -1.6048691013574752,
    -2.1263046629924722,
    -2.6884373880998824,
    -3.3173646200863995,
    -4.061221347955019,
    -4.961700075724508,
    -6.056162949489587,
    -7.382860603453609,
    -8.984547640070335,
    -10.911566672179374,
    -13.225144576640496
  ],
  "omega_max": [
    0.10575895768502057,
    0.10380209943079231,
    0.1014773081663739,
    0.09872808330946176,
    0.09549342474991655,
    0.0917076246911726,
    0.08730008678857244,
    0.08219518358644536,
    0.07631220717552531,
    0.06956549730219579,
    0.061864878675522796,
    0.053116669917253966,
    0.04322572900699308,
    0.03209941752020588,
    0.01965519663279561,
    0.005835319547841843,
    -0.00936398944798243,
    -0.02583201182660933,
    -0.04321047097275993,
    -0.06059296789549085,
    -3.6935299194570193,
    -3.81195112602157,
    -3.938484652437357,
    -4.073411176442826,
    -4.217073758681125,
    -4.369927114112201,
    -4.532586256697833,
    -4.705860584264513,
    -4.8907540126027875,
    -5.0884083289681445,
    -5.299967102593829,
    -5.526340404258874,
    -5.176433869304185,
    -5.525679724172759,
    -5.924777138666709,
    -6.383639089008272,
    -6.914061664073404,
    -7.532495344408476,
    -8.265112277569813,
    -9.150938909123868,
    -10.216462789848176,
    -11.430593450597732,
    -12.752704871719157,
    -14.179481893286969,
    -15.727161959399547,
    -17.416976562665077,
    -19.271181528902467,
    -21.312100861659456,
    -23.561782346189304,
    -26.042141374693006
  ],
  "params": {
    "alpha": -26.0,
    "dT": 0.125,
    "dR": 1.0
  },
  "metadata": {
    "shear_max": 3.297825094828231,
    "vel_net": 1.3675080605211156,
    "resolution": {
      "H": 25,
      "M": 65,
      "Nz": 129,
      "Nth": 128
    },
    "timestamp": "2026-04-13T16:03:20.554881"
  }
}