{
  "k": [
    0.1,
    0.10985411419875583,
    0.12067926406393285,
    0.13257113655901093,
    0.14563484775012436,
    0.15998587196060582,
    0.1757510624854792,
    0.193069772888325,
    0.21209508879201905,
    0.2329951810515372,
    0.2559547922699536,
    0.281176869797423,
    0.3088843596477481,
    0.3393221771895328,
    0.372759372031494,
    0.4094915062380424,
    0.44984326689694454,
    0.49417133613238345,
    0.5428675439323859,
    0.5963623316594643,
    0.6551285568595507,
    0.7196856730011519,
    0.7906043210907697,
    0.8685113737513525,
    0.9540954763499939,
    1.0481131341546859,
    1.151395399326447,
    1.2648552168552958,
    1.3894954943731375,
    1.5264179671752334,
    1.6768329368110073,
    1.8420699693267153,
    2.0235896477251565,
    2.2229964825261943,
    2.442053094548651,
    2.6826957952797246,
    2.9470517025518097,
    3.2374575428176433,
    3.5564803062231283,
    3.9069399370546147,
    4.291934260128776,
    4.714866363457392,
    5.17947467923121,
    5.689866029018296,
    6.250551925273969,
    6.866488450042998,
    7.543120063354615,
    8.286427728546842,
    9.102981779915218,
    10.0
  ],
  "gamma_max": [
    1.5792792222719985,
    1.5650157042670665,
    1.5476893061350723,
    1.5266113729475657,
    1.500922709408517,
    1.4695430323978,
    1.43110084763448,
    1.3838335292417148,
    1.3254404218982971,
    1.2528589459521544,
    1.1619091027579707,
    1.0467032375367626,
    0.8986216317552533,
    0.704480734004692,
    0.44337333544134033,
    0.08269413475214554,
    -0.43202527334332325,
    -0.3099314588323412,
    -0.055829398104519694,
    0.15797562133695672,
    0.3406636559518482,
    0.5001099015472071,
    0.640611041128794,
    0.7638239366325016,
    0.8695368325720287,
    0.9560501440295702,
    1.0202809709536547,
    1.0576713203280816,
    1.0619386440091771,
    1.0246908451133296,
    0.934933223067687,
    0.7785228076069673,
    0.537710762459568,
    0.1912535728626405,
    -0.2830088334468115,
    -0.8970646679178393,
    -1.6076034939142874,
    -1.94785646509894,
    -2.6511358460822914,
    -3.7620919859051467,
    -5.175558398745101,
    -6.30279906631842,
    -7.656377387221879,
    -9.349291621591426,
    -11.468058656993122,
    -14.096906238821116,
    -17.331978459600915,
    -21.28866480811899,
    -26.107163241543436,
    -31.958113213294464
  ],
  "omega_max": [
    -1.857228597704553e-12,
    1.9846487167449363e-12,
    -5.61304514316938e-12,
    -1.1678841553548361e-12,
    -5.45518318686923e-12,
    2.9033847141814595e-12,
    3.2037731324964163e-13,
    1.7011031489240413e-12,
    -6.3765555746644574e-12,
    7.236510443345739e-12,
    -1.6620710599556866e-12,
    -2.9174119027208e-12,
    -6.74665261553221e-12,
    -2.489105013582964e-12,
    1.1640214045699516e-11,
    7.153645331805239e-13,
    2.995670628729386e-11,
    -2.598516074707753,
    2.7610527976824093,
    -2.944894575208394,
    -3.1316757155745627,
    3.3140344055960247,
    3.4882305794575603,
    3.6513214231845716,
    3.800215651267987,
    3.931368059526919,
    -4.040727865094306,
    4.1238370604699,
    4.17607227561722,
    -4.193065813075219,
    4.171371414192485,
    4.1094888736677495,
    -4.009495539934984,
    3.8798947452553176,
    3.740862039875733,
    -3.631201236486028,
    4.331779267671956e-12,
    9.24389934851854e-12,
    -2.2510683066085824e-12,
    -1.6832936498321703e-12,
    -4.793609663714762,
    5.5179675437761055,
    6.325397608426638,
    7.193503580973271,
    8.125219137533442,
    9.1284887484369,
    -10.213271419780307,
    -11.390920612888083,
    12.674078740020864,
    -14.076865684776568
  ],
  "params": {
    "alpha": -40.0,
    "dT": 0.3333333333333333,
    "dR": 1.0
  },
  "metadata": {
    "shear_max": 3.776185814276597,
    "vel_net": 5.710628636634851e-09,
    "resolution": {
      "H": 25,
      "M": 65,
      "Nz": 129,
      "Nth": 128
    },
    "timestamp": "2026-04-15T16:15:39.398288"
  }
}