{
  "k": [
    0.1,
    0.10985411419875583,
    0.12067926406393285,
    0.13257113655901093,
    0.14563484775012436,
    0.15998587196060582,
    0.1757510624854792,
    0.193069772888325,
    0.21209508879201905,
    0.2329951810515372,
    0.2559547922699536,
    0.281176869797423,
    0.3088843596477481,
    0.3393221771895328,
    0.372759372031494,
    0.4094915062380424,
    0.44984326689694454,
    0.49417133613238345,
    0.5428675439323859,
    0.5963623316594643,
    0.6551285568595507,
    0.7196856730011519,
    0.7906043210907697,
    0.8685113737513525,
    0.9540954763499939,
    1.0481131341546859,
    1.151395399326447,
    1.2648552168552958,
    1.3894954943731375,
    1.5264179671752334,
    1.6768329368110073,
    1.8420699693267153,
    2.0235896477251565,
    2.2229964825261943,
    2.442053094548651,
    2.6826957952797246,
    2.9470517025518097,
    3.2374575428176433,
    3.5564803062231283,
    3.9069399370546147,
    4.291934260128776,
    4.714866363457392,
    5.17947467923121,
    5.689866029018296,
    6.250551925273969,
    6.866488450042998,
    7.543120063354615,
    8.286427728546842,
    9.102981779915218,
    10.0
  ],
  "gamma_max": [
    0.023320301787907494,
    0.011836950234870506,
    -0.0020154813450208877,
    -0.018725890290622733,
    -0.0388855318058681,
    -0.063211880667011,
    -0.09258162717457918,
    -0.1280815238494113,
    -0.17110090460249408,
    -0.22354293026125724,
    -0.288475615015282,
    -0.3734328495587635,
    -0.5020811187015937,
    -0.5459998256511432,
    -0.5972011226979764,
    -0.6565318513646965,
    -0.7250771204447372,
    -0.6430041223135986,
    -0.6172707608473148,
    -0.5998290426941554,
    -0.47814098070460737,
    -0.3064584923499947,
    -0.13704619233741913,
    0.02754576331187994,
    0.1845919479546633,
    0.33093184117042906,
    0.46261977429340273,
    0.5744713076284105,
    0.6594833757121801,
    0.7081160760724505,
    0.7074732051858723,
    0.6405747170495921,
    0.48645027168246974,
    0.223610615938367,
    0.081173565675656,
    0.3231091766301605,
    0.44333209800287754,
    0.260077207238459,
    -0.3757675734918259,
    -1.621381393062352,
    -2.132463867189511,
    -2.2742610734930278,
    -2.634575838194658,
    -3.260389549034937,
    -4.181334250376541,
    -5.431705056289508,
    -7.056731634912335,
    -9.114457325382979,
    -11.676548095533189,
    -14.82709746296304
  ],
  "omega_max": [
    -4.72203504023378e-14,
    -6.120972737468124e-12,
    -1.1390959841888735e-12,
    -2.9469807626638198e-12,
    1.0709474749973534e-12,
    -1.4693862726217263e-11,
    -5.140234093084473e-12,
    -5.1660834257366085e-12,
    -3.1598905730691736e-12,
    1.8201286476551094e-13,
    -5.6654155078206645e-12,
    -1.958221718339228e-11,
    -0.057759930614387556,
    0.11260198984498848,
    -0.13299361048097436,
    0.12492756581652924,
    0.05231239104535251,
    7.420151139272429e-13,
    2.2174332391149707e-14,
    1.8750905654943492e-13,
    4.791083040128525,
    -4.893979590059281,
    -5.000713975374579,
    -5.107223618035887,
    -5.208692734468151,
    5.299583784213737,
    -5.373668355805971,
    -5.424107317689186,
    5.443647344054915,
    5.4250237397230405,
    5.361707124719661,
    5.24926945484484,
    5.088096752254238,
    -4.889501674994815,
    2.8165131533964297e-12,
    1.6612432982399316e-11,
    -9.751884761212097e-13,
    9.73683056949226e-12,
    6.067666729845995e-13,
    -3.483162973928667e-11,
    -6.576865961094618,
    7.361530175155263,
    -8.27274096056671,
    9.289374893254081,
    10.402979154822226,
    -11.618521342429851,
    -12.949813009973846,
    -14.417728704522878,
    16.050969476334398,
    -17.888726926709822
  ],
  "params": {
    "alpha": -40.0,
    "dT": 0.16666666666666666,
    "dR": 1.0
  },
  "metadata": {
    "shear_max": 5.0595043795022026,
    "vel_net": 4.440892098500626e-16,
    "resolution": {
      "H": 25,
      "M": 65,
      "Nz": 129,
      "Nth": 128
    },
    "timestamp": "2026-04-15T17:28:22.570732"
  }
}