{
  "k": [
    0.1,
    0.10985411419875583,
    0.12067926406393285,
    0.13257113655901093,
    0.14563484775012436,
    0.15998587196060582,
    0.1757510624854792,
    0.193069772888325,
    0.21209508879201905,
    0.2329951810515372,
    0.2559547922699536,
    0.281176869797423,
    0.3088843596477481,
    0.3393221771895328,
    0.372759372031494,
    0.4094915062380424,
    0.44984326689694454,
    0.49417133613238345,
    0.5428675439323859,
    0.5963623316594643,
    0.6551285568595507,
    0.7196856730011519,
    0.7906043210907697,
    0.8685113737513525,
    0.9540954763499939,
    1.0481131341546859,
    1.151395399326447,
    1.2648552168552958,
    1.3894954943731375,
    1.5264179671752334,
    1.6768329368110073,
    1.8420699693267153,
    2.0235896477251565,
    2.2229964825261943,
    2.442053094548651,
    2.6826957952797246,
    2.9470517025518097,
    3.2374575428176433,
    3.5564803062231283,
    3.9069399370546147,
    4.291934260128776,
    4.714866363457392,
    5.17947467923121,
    5.689866029018296,
    6.250551925273969,
    6.866488450042998,
    7.543120063354615,
    8.286427728546842,
    9.102981779915218,
    10.0
  ],
  "gamma_max": [
    0.4459310151640467,
    0.4436977160385166,
    0.4410023791968866,
    0.43774936251563773,
    0.43382320117532464,
    0.42908448725696235,
    0.42336488732752375,
    0.41646111457203905,
    0.408127631725036,
    0.39806781050014955,
    0.38592321147883324,
    0.3712605672337817,
    0.35355595165989,
    0.3321754859592485,
    0.30635175728465575,
    0.27515488951962136,
    0.23745687429856213,
    0.1918872908308673,
    0.13677781555223292,
    0.0700917625144468,
    -0.010667075882938606,
    -0.10857561803095768,
    -0.22745921186842316,
    -0.3721382145875981,
    -0.5488254516415535,
    -0.7658639959314352,
    -1.035434730994686,
    -1.3793176265671285,
    -1.886068872633073,
    -2.338591340920398,
    -2.768665454133466,
    -3.2882183735158526,
    -3.915849014695056,
    -4.674020602332402,
    -5.589863013260374,
    -6.69614199691693,
    -7.9942577595702184,
    -9.530181453372247,
    -11.419282154002254,
    -13.729916764484216,
    -16.544427540621385,
    -19.962396192604416,
    -24.104433259709616,
    -29.11661600607293,
    -35.17573797622305,
    -42.4955761543062,
    -51.334421654962746,
    -62.004162839892615,
    -74.8812605664176,
    -90.42001716974161
  ],
  "omega_max": [
    -2.5087744849023186e-14,
    7.858143716099165e-14,
    -6.16204244418727e-14,
    -5.117679244271904e-15,
    9.795230888019929e-16,
    -3.534502631157765e-14,
    -7.035777678305508e-14,
    5.271168189640834e-14,
    4.4771665201765014e-14,
    5.3906567799777226e-14,
    -2.8310610323015274e-14,
    -3.6981217383874e-14,
    -1.0169085569746275e-14,
    3.02325694228996e-14,
    3.053601548381909e-14,
    -2.6912355101303638e-14,
    -7.924901694863279e-15,
    -2.779016257502225e-15,
    3.502228501712322e-15,
    5.394846248098923e-16,
    -1.845601875540953e-15,
    -1.383385074580681e-16,
    -6.514733848737174e-15,
    2.813389473533929e-14,
    -1.6641516912792453e-13,
    7.460372331854801e-14,
    -6.79720484486851e-14,
    -2.6334485884243427e-13,
    -7.536429337083561e-13,
    -0.306212274784054,
    -0.4665021447994442,
    -0.605564383622504,
    0.7392677189890745,
    -0.8739952825716865,
    -1.0135287892493527,
    1.1606909009126825,
    -1.1422839475717705,
    -1.2725317390281272,
    1.4362400570909462,
    1.6322367713937473,
    -1.858941791239246,
    2.1154003471726126,
    -2.40172303623919,
    -2.719164584169563,
    3.0700481791868466,
    3.457655048981407,
    -3.886131841969079,
    -4.360431429848456,
    -4.886287246747019,
    -5.470218474250936
  ],
  "params": {
    "alpha": -27.0,
    "dT": 0.9,
    "dR": 1.0
  },
  "metadata": {
    "shear_max": 4.695839245577544e-09,
    "vel_net": 2.0679515313825692e-25,
    "resolution": {
      "H": 25,
      "M": 65,
      "Nz": 129,
      "Nth": 128
    },
    "timestamp": "2026-04-13T12:39:10.148147"
  }
}