{
  "k": [
    0.1,
    0.10985411419875583,
    0.12067926406393285,
    0.13257113655901093,
    0.14563484775012436,
    0.15998587196060582,
    0.1757510624854792,
    0.193069772888325,
    0.21209508879201905,
    0.2329951810515372,
    0.2559547922699536,
    0.281176869797423,
    0.3088843596477481,
    0.3393221771895328,
    0.372759372031494,
    0.4094915062380424,
    0.44984326689694454,
    0.49417133613238345,
    0.5428675439323859,
    0.5963623316594643,
    0.6551285568595507,
    0.7196856730011519,
    0.7906043210907697,
    0.8685113737513525,
    0.9540954763499939,
    1.0481131341546859,
    1.151395399326447,
    1.2648552168552958,
    1.3894954943731375,
    1.5264179671752334,
    1.6768329368110073,
    1.8420699693267153,
    2.0235896477251565,
    2.2229964825261943,
    2.442053094548651,
    2.6826957952797246,
    2.9470517025518097,
    3.2374575428176433,
    3.5564803062231283,
    3.9069399370546147,
    4.291934260128776,
    4.714866363457392,
    5.17947467923121,
    5.689866029018296,
    6.250551925273969,
    6.866488450042998,
    7.543120063354615,
    8.286427728546842,
    9.102981779915218,
    10.0
  ],
  "gamma_max": [
    -2.2794165147445185,
    -2.2819083427527125,
    -2.2849120629926896,
    -2.2885320025879623,
    -2.292893381610349,
    -2.298146337067157,
    -2.3044706514413713,
    -2.312081284395575,
    -2.321234805181424,
    -2.3322368261248965,
    -2.34545053499447,
    -2.361306428116675,
    -2.3773625386359916,
    -2.29363630771176,
    -2.2049446935467785,
    -2.111581622039269,
    -2.0140395283159296,
    -1.9130569295510425,
    -1.8096719818930649,
    -1.705281612602229,
    -1.6017055962063442,
    -1.5012547866183963,
    -1.406802633285715,
    -1.321859107228013,
    -1.250646328922112,
    -1.1981758873604917,
    -1.170329934223255,
    -1.1739532221289164,
    -1.2169734359847861,
    -1.3085839902144845,
    -1.1025980751118538,
    -0.7462432762027716,
    -0.4488729785293664,
    -0.25233748768184827,
    -0.2056827765632539,
    -0.3633773818623055,
    -0.7841020041045451,
    -1.5302052496167293,
    -2.6683031735503926,
    -4.27132572461815,
    -6.4218822788588925,
    -9.216433920004885,
    -12.7693878885937,
    -17.215455488991932,
    -22.70703085433795,
    -29.404030356794518,
    -37.47165066447133,
    -47.12676236530879,
    -58.7019094591387,
    -72.59572512500691
  ],
  "omega_max": [
    0.18586783525618752,
    0.2042614853254163,
    0.22449318945251248,
    0.24675244629143972,
    0.27125018878714496,
    0.2982218113227118,
    0.32793080016443593,
    0.3606731260514369,
    0.39678260498383316,
    0.43663749100196014,
    0.48066863396419496,
    0.5293696113657931,
    7.144856545422511,
    7.247689400596168,
    7.361179776301689,
    7.486315568182883,
    7.624124270478677,
    7.775659291911177,
    7.941984279482799,
    8.124157601332094,
    8.323220416203684,
    8.540192966387686,
    8.776084354459208,
    9.03192034544881,
    9.308790708033674,
    9.607911355340724,
    9.930686657667103,
    10.278744544082263,
    10.653904249855955,
    11.058029425825131,
    9.54810460166681,
    9.956285421420699,
    10.437307907603252,
    11.002151365474294,
    11.659728560258062,
    12.417945168707414,
    13.284567509652478,
    14.26792705080711,
    15.377689394065191,
    16.62583356067374,
    18.0279943695645,
    19.60544453145218,
    21.388152324606544,
    23.41924371574718,
    25.759446235447662,
    28.48309050327391,
    31.65032679463429,
    35.2790823684851,
    39.3947041703257,
    44.14273149232445
  ],
  "params": {
    "alpha": -50.0,
    "dT": 0.75,
    "dR": 1.0
  },
  "metadata": {
    "shear_max": 6.9698969858907,
    "vel_net": 2.944981429745144,
    "resolution": {
      "H": 25,
      "M": 65,
      "Nz": 129,
      "Nth": 128
    },
    "timestamp": "2026-04-16T07:56:15.696983"
  }
}