{
  "k": [
    0.1,
    0.10985411419875583,
    0.12067926406393285,
    0.13257113655901093,
    0.14563484775012436,
    0.15998587196060582,
    0.1757510624854792,
    0.193069772888325,
    0.21209508879201905,
    0.2329951810515372,
    0.2559547922699536,
    0.281176869797423,
    0.3088843596477481,
    0.3393221771895328,
    0.372759372031494,
    0.4094915062380424,
    0.44984326689694454,
    0.49417133613238345,
    0.5428675439323859,
    0.5963623316594643,
    0.6551285568595507,
    0.7196856730011519,
    0.7906043210907697,
    0.8685113737513525,
    0.9540954763499939,
    1.0481131341546859,
    1.151395399326447,
    1.2648552168552958,
    1.3894954943731375,
    1.5264179671752334,
    1.6768329368110073,
    1.8420699693267153,
    2.0235896477251565,
    2.2229964825261943,
    2.442053094548651,
    2.6826957952797246,
    2.9470517025518097,
    3.2374575428176433,
    3.5564803062231283,
    3.9069399370546147,
    4.291934260128776,
    4.714866363457392,
    5.17947467923121,
    5.689866029018296,
    6.250551925273969,
    6.866488450042998,
    7.543120063354615,
    8.286427728546842,
    9.102981779915218,
    10.0
  ],
  "gamma_max": [
    0.3412002058893305,
    0.3280745549215129,
    0.3121833666727843,
    0.2929313404148686,
    0.2695892969556296,
    0.24126136119158426,
    0.20684256260895342,
    0.16496263154447321,
    0.11390766495794392,
    0.05149916586358795,
    -0.02513353020265892,
    -0.12014506068561209,
    -0.24143750485707297,
    -0.43807123854718266,
    -0.5400741004620417,
    -0.6200453583203891,
    -0.7117541668539747,
    -0.6711599437402431,
    -0.5123114154246415,
    -0.35596756011497294,
    -0.20445277082146962,
    -0.059379850440906996,
    0.07798128834320797,
    0.20633836271608072,
    0.3240888265559709,
    0.4290881893217049,
    0.5184292405233246,
    0.5881936274891072,
    0.6331551371391512,
    0.6464439533006048,
    0.6192377522224687,
    0.5406638877627535,
    0.3983598354626762,
    0.18067255196207738,
    -0.1180846383364443,
    -0.260600110468561,
    -0.32407181425898646,
    -0.5702154332406362,
    -1.0672375671402667,
    -1.8581168542291744,
    -2.5272408347558053,
    -2.9012763638543873,
    -3.448904998529537,
    -4.207953909711685,
    -5.2145935326102215,
    -6.5094364865192915,
    -8.141338767736451,
    -10.170152684517719,
    -12.669210131671313,
    -15.727725003810447
  ],
  "omega_max": [
    1.6594827820874852e-11,
    5.026119024448339e-12,
    -6.175845741087577e-12,
    -1.9043369769334707e-12,
    5.470692775510407e-12,
    -1.3570262425346589e-11,
    -6.49124638400403e-12,
    6.544960218366293e-12,
    1.5080613716090825e-11,
    1.2250945872793357e-11,
    -6.829636910119293e-12,
    1.807795300442944e-11,
    3.2117099347015896e-12,
    -8.934739376443083e-12,
    -0.14759243099280323,
    -0.18560934951137467,
    -0.17574415132794538,
    -3.2080611875678184,
    -3.298172838038225,
    -3.400330515688825,
    -3.5111932351291815,
    -3.6271195143123385,
    3.744407494446864,
    3.8593007487524633,
    3.9678925696190834,
    4.066028222007553,
    4.149262446224936,
    4.2129115507250345,
    4.252241840146588,
    4.262851184122045,
    -4.2413271893167,
    -4.186316636001201,
    4.100253330703291,
    3.9921886976254886,
    3.882116683586192,
    -2.5000126915000667e-13,
    6.35483269399284e-13,
    1.0821100349371502e-12,
    -2.8616773221472083e-13,
    6.762874732709308e-13,
    5.750653312340305,
    6.44725821092964,
    -7.211663103304431,
    8.051126425030594,
    -8.970091350157787,
    -9.975059682958504,
    -11.07553878673846,
    -12.284251020271828,
    -13.617626121433073,
    15.097040886312543
  ],
  "params": {
    "alpha": -35.0,
    "dT": 0.16666666666666666,
    "dR": 1.0
  },
  "metadata": {
    "shear_max": 3.9091741457532634,
    "vel_net": 1.68365321684405e-13,
    "resolution": {
      "H": 25,
      "M": 65,
      "Nz": 129,
      "Nth": 128
    },
    "timestamp": "2026-04-13T22:17:00.998048"
  }
}