{
  "k": [
    0.1,
    0.10985411419875583,
    0.12067926406393285,
    0.13257113655901093,
    0.14563484775012436,
    0.15998587196060582,
    0.1757510624854792,
    0.193069772888325,
    0.21209508879201905,
    0.2329951810515372,
    0.2559547922699536,
    0.281176869797423,
    0.3088843596477481,
    0.3393221771895328,
    0.372759372031494,
    0.4094915062380424,
    0.44984326689694454,
    0.49417133613238345,
    0.5428675439323859,
    0.5963623316594643,
    0.6551285568595507,
    0.7196856730011519,
    0.7906043210907697,
    0.8685113737513525,
    0.9540954763499939,
    1.0481131341546859,
    1.151395399326447,
    1.2648552168552958,
    1.3894954943731375,
    1.5264179671752334,
    1.6768329368110073,
    1.8420699693267153,
    2.0235896477251565,
    2.2229964825261943,
    2.442053094548651,
    2.6826957952797246,
    2.9470517025518097,
    3.2374575428176433,
    3.5564803062231283,
    3.9069399370546147,
    4.291934260128776,
    4.714866363457392,
    5.17947467923121,
    5.689866029018296,
    6.250551925273969,
    6.866488450042998,
    7.543120063354615,
    8.286427728546842,
    9.102981779915218,
    10.0
  ],
  "gamma_max": [
    0.1089746268010617,
    0.09466330172029304,
    0.0774017663358846,
    0.05658328726481805,
    0.03147606511537746,
    0.0011960422266216314,
    -0.03532871232771226,
    -0.07940861593903756,
    -0.13267515005136743,
    -0.197245787300098,
    -0.27615118208854433,
    -0.3749007205877245,
    -0.5135024219909997,
    -0.649855198395692,
    -0.713983221904676,
    -0.7879242717587622,
    -0.8728195266866573,
    -0.930551187876347,
    -0.8328379417661504,
    -0.6329320336608294,
    -0.43022287744338905,
    -0.2277568134149718,
    -0.028442907313350477,
    0.1648468262226956,
    0.34903841054860346,
    0.5205051717510856,
    0.6746022672053439,
    0.8050509926017997,
    0.9031127514196965,
    0.9564737579334803,
    0.9477376196433595,
    0.8523918828698556,
    0.6362577611526877,
    0.2543817445434525,
    -0.08285019770925728,
    0.411527762617463,
    0.7217317889304229,
    0.5604132038588845,
    -0.2728522466417942,
    -2.109119257345788,
    -2.9832275350140622,
    -3.076176513411507,
    -3.5919046258182004,
    -4.530850973405662,
    -5.905785896515497,
    -7.758849861043038,
    -10.155571552757012,
    -13.182699293086186,
    -16.94905816824596,
    -21.588031101649666
  ],
  "omega_max": [
    2.3905749980911576e-12,
    3.981965446564151e-13,
    1.2255061605375723e-12,
    -1.6496059990060809e-12,
    -4.364023282078414e-12,
    -2.7397081108569777e-12,
    2.2831843809676025e-12,
    5.327708012472427e-13,
    -6.466848434263791e-13,
    -2.6420289989875003e-12,
    2.4517598850477463e-12,
    -4.373517097480441e-12,
    -1.6335353976180156e-12,
    -0.11865926808250404,
    -0.1713207565682507,
    0.18820065857026227,
    -0.16537538685428538,
    5.038228494295868e-12,
    5.4082820042059065,
    5.511521862068419,
    -5.626436946135348,
    5.749944299132889,
    -5.877897835467984,
    -6.005200185669554,
    6.125856304908655,
    6.232974748011676,
    6.3187586311648145,
    -6.374548251891069,
    -6.390993120994994,
    -6.358455329418545,
    6.267803595520201,
    -6.111946493339163,
    -5.889163476243188,
    -5.6117465900552155,
    -6.792521733515152e-13,
    -8.701175192008909e-13,
    5.025674207577832e-12,
    -1.169350584204217e-11,
    1.1940240210460382e-12,
    -5.782628927520808e-13,
    -6.597070917205896,
    -7.532316102645025,
    8.629115481352787,
    9.805710832812201,
    -11.054545659196904,
    -12.38816887141329,
    13.826993179844228,
    -15.397091776968798,
    17.13070661789452,
    -19.068977239524877
  ],
  "params": {
    "alpha": -47.0,
    "dT": 0.25,
    "dR": 1.0
  },
  "metadata": {
    "shear_max": 5.909839970289688,
    "vel_net": 5.495603971894525e-14,
    "resolution": {
      "H": 25,
      "M": 65,
      "Nz": 129,
      "Nth": 128
    },
    "timestamp": "2026-04-15T22:13:51.107065"
  }
}