{
  "k": [
    0.1,
    0.10985411419875583,
    0.12067926406393285,
    0.13257113655901093,
    0.14563484775012436,
    0.15998587196060582,
    0.1757510624854792,
    0.193069772888325,
    0.21209508879201905,
    0.2329951810515372,
    0.2559547922699536,
    0.281176869797423,
    0.3088843596477481,
    0.3393221771895328,
    0.372759372031494,
    0.4094915062380424,
    0.44984326689694454,
    0.49417133613238345,
    0.5428675439323859,
    0.5963623316594643,
    0.6551285568595507,
    0.7196856730011519,
    0.7906043210907697,
    0.8685113737513525,
    0.9540954763499939,
    1.0481131341546859,
    1.151395399326447,
    1.2648552168552958,
    1.3894954943731375,
    1.5264179671752334,
    1.6768329368110073,
    1.8420699693267153,
    2.0235896477251565,
    2.2229964825261943,
    2.442053094548651,
    2.6826957952797246,
    2.9470517025518097,
    3.2374575428176433,
    3.5564803062231283,
    3.9069399370546147,
    4.291934260128776,
    4.714866363457392,
    5.17947467923121,
    5.689866029018296,
    6.250551925273969,
    6.866488450042998,
    7.543120063354615,
    8.286427728546842,
    9.102981779915218,
    10.0
  ],
  "gamma_max": [
    -0.036653274803078006,
    -0.046786774942047644,
    -0.05900286261507327,
    -0.07372806600229496,
    -0.09147710935190162,
    -0.11287338213528632,
    -0.1386777283765248,
    -0.16983425634116342,
    -0.20755787848130205,
    -0.25354788476920925,
    -0.31071331356919574,
    -0.38780620181663983,
    -0.4788924512755481,
    -0.5172831265983285,
    -0.5621373608383545,
    -0.6143053534928873,
    -0.5815614062316139,
    -0.5547938332209822,
    -0.5382490365676382,
    -0.5242213141110122,
    -0.5108717117859735,
    -0.3869179622440572,
    -0.21701158766408324,
    -0.05013667612832887,
    0.11083024879663944,
    0.26256037850415587,
    0.400930307717828,
    0.5205472206231071,
    0.6141202409026568,
    0.671666526636867,
    0.6795981975747775,
    0.6199466858416973,
    0.47075642262092476,
    0.21122060390584474,
    0.3248730189482052,
    0.6487316490643324,
    0.8427366996386746,
    0.7177271094800792,
    0.12396462053072292,
    -1.1495685145581889,
    -1.6840936141087615,
    -1.7149368366304398,
    -1.9437175895970251,
    -2.4216853552404056,
    -3.1752023773578313,
    -4.232751308895035,
    -5.632522933876207,
    -7.423585256594709,
    -9.66452419597728,
    -12.417754345711941
  ],
  "omega_max": [
    -4.351937231405722e-12,
    2.859814594750152e-12,
    2.4259443962515646e-12,
    -5.479090748928686e-12,
    2.746310613709696e-13,
    3.7298390035466375e-12,
    -6.790884434335368e-12,
    3.4686319317017966e-12,
    7.045917663570505e-12,
    2.704117116392035e-13,
    -7.733490454912854e-12,
    3.799859921939118e-12,
    -0.061662012734921216,
    0.09413814813458934,
    0.10060919740013166,
    -0.072849601969437,
    8.447683261479431e-13,
    -3.972212844985328e-14,
    -1.8930707921208308e-13,
    -1.0564830197719562e-13,
    -2.899019266692178e-13,
    -5.065268684136843,
    5.164798256055021,
    -5.264294489342934,
    -5.35907934058318,
    5.443611344858913,
    -5.511527346402102,
    5.5557295543304805,
    5.568580045202075,
    5.542295402962461,
    5.469698342836705,
    -5.3456877651648655,
    5.170536806799776,
    4.958556666124632,
    -2.8714080241130777e-12,
    2.2953498278637455e-12,
    7.035995240521406e-13,
    1.634946393393969e-12,
    2.2209941715636746e-12,
    -8.767902358135378e-12,
    6.822896618289423,
    7.597283939507699,
    8.518990449428632,
    9.559709803493707,
    -10.705914736430849,
    11.96130235662891,
    -13.341031664421202,
    14.86960885684134,
    -16.581773328097448,
    -18.52351522064411
  ],
  "params": {
    "alpha": -40.0,
    "dT": 0.14285714285714285,
    "dR": 1.0
  },
  "metadata": {
    "shear_max": 5.226631151297696,
    "vel_net": 7.30526750203353e-14,
    "resolution": {
      "H": 25,
      "M": 65,
      "Nz": 129,
      "Nth": 128
    },
    "timestamp": "2026-04-15T20:33:27.938648"
  }
}