{
  "k": [
    0.1,
    0.10985411419875583,
    0.12067926406393285,
    0.13257113655901093,
    0.14563484775012436,
    0.15998587196060582,
    0.1757510624854792,
    0.193069772888325,
    0.21209508879201905,
    0.2329951810515372,
    0.2559547922699536,
    0.281176869797423,
    0.3088843596477481,
    0.3393221771895328,
    0.372759372031494,
    0.4094915062380424,
    0.44984326689694454,
    0.49417133613238345,
    0.5428675439323859,
    0.5963623316594643,
    0.6551285568595507,
    0.7196856730011519,
    0.7906043210907697,
    0.8685113737513525,
    0.9540954763499939,
    1.0481131341546859,
    1.151395399326447,
    1.2648552168552958,
    1.3894954943731375,
    1.5264179671752334,
    1.6768329368110073,
    1.8420699693267153,
    2.0235896477251565,
    2.2229964825261943,
    2.442053094548651,
    2.6826957952797246,
    2.9470517025518097,
    3.2374575428176433,
    3.5564803062231283,
    3.9069399370546147,
    4.291934260128776,
    4.714866363457392,
    5.17947467923121,
    5.689866029018296,
    6.250551925273969,
    6.866488450042998,
    7.543120063354615,
    8.286427728546842,
    9.102981779915218,
    10.0
  ],
  "gamma_max": [
    2.2024482832171604,
    2.1999693873153205,
    2.196979253530807,
    2.1933727826230958,
    2.189023418955459,
    2.1837788350357044,
    2.1774557761126516,
    2.1698339121266206,
    2.1606485212083313,
    2.149581802237055,
    2.136252586976932,
    2.1202041885324534,
    2.1008900888806323,
    2.0776571237507993,
    2.0497257687474577,
    2.016167052934537,
    1.9758755111413595,
    1.9275374086717252,
    1.869593198907328,
    1.8001927569882163,
    1.7171413262003268,
    1.6178332715252628,
    1.4991696309548044,
    1.3574541034791499,
    1.1882605653679479,
    0.9862634970852966,
    0.7450207743221863,
    0.45669573070261377,
    0.11170114991915678,
    -0.301760590058188,
    -0.7983053503256047,
    -1.3962100128459516,
    -2.118688715797985,
    -2.996146171471125,
    -4.071350689648867,
    -5.123105308718038,
    -6.354030904724704,
    -7.961680176051758,
    -10.06155131327065,
    -12.919867347688669,
    -15.725183026890429,
    -19.134369263867693,
    -23.267693664581632,
    -28.270905733515985,
    -34.320500921238555,
    -41.62999926817871,
    -50.45748665245441,
    -61.11470787290189,
    -73.97804962128416,
    -89.50181233242533
  ],
  "omega_max": [
    -8.551503269515521e-14,
    -1.818409097782509e-13,
    -5.531843518714495e-13,
    -1.9495986911444575e-13,
    5.84518882524724e-13,
    -7.327291394166672e-13,
    -4.853754104954153e-13,
    4.488329979620938e-14,
    4.635510305488116e-13,
    -6.291771261509612e-13,
    -6.940183924786565e-13,
    -9.96650009685016e-13,
    -2.9645475095160297e-13,
    6.96926222413099e-13,
    -2.274015644223688e-13,
    -3.779891391733354e-13,
    -2.8248301289015454e-13,
    -1.9149194928274405e-13,
    -1.3127977218833819e-14,
    3.8351014416364946e-13,
    3.2864848296375435e-13,
    -3.0711813913304506e-14,
    -2.2328069261293744e-13,
    -9.172353321279436e-14,
    -3.405516323666564e-13,
    1.4566763874579986e-13,
    -2.207096855611141e-13,
    -1.101513027769443e-13,
    -1.7768598147463125e-14,
    3.9564792166154414e-14,
    -1.536011111903785e-14,
    -4.735129554246153e-13,
    2.9069128851367797e-13,
    -1.9241170929489478e-13,
    8.160687710117297e-13,
    1.2864735157121587e-12,
    2.7790769039006587e-13,
    -3.7307656623512054e-12,
    -1.5566461290968503e-12,
    0.41462057778422656,
    -0.9331038687164205,
    1.3490151835232451,
    -1.749907919024299,
    -2.1569126674923687,
    -2.5807175117888423,
    -3.0290271271771343,
    3.5086048497537585,
    -4.026037978181116,
    -4.58810157127367,
    -5.201976187598277
  ],
  "params": {
    "alpha": -34.0,
    "dT": 0.9,
    "dR": 1.0
  },
  "metadata": {
    "shear_max": 9.344047936673605e-09,
    "vel_net": 8.122208319535323e-14,
    "resolution": {
      "H": 25,
      "M": 65,
      "Nz": 129,
      "Nth": 128
    },
    "timestamp": "2026-04-13T13:45:47.215219"
  }
}