{
  "k": [
    0.1,
    0.10985411419875583,
    0.12067926406393285,
    0.13257113655901093,
    0.14563484775012436,
    0.15998587196060582,
    0.1757510624854792,
    0.193069772888325,
    0.21209508879201905,
    0.2329951810515372,
    0.2559547922699536,
    0.281176869797423,
    0.3088843596477481,
    0.3393221771895328,
    0.372759372031494,
    0.4094915062380424,
    0.44984326689694454,
    0.49417133613238345,
    0.5428675439323859,
    0.5963623316594643,
    0.6551285568595507,
    0.7196856730011519,
    0.7906043210907697,
    0.8685113737513525,
    0.9540954763499939,
    1.0481131341546859,
    1.151395399326447,
    1.2648552168552958,
    1.3894954943731375,
    1.5264179671752334,
    1.6768329368110073,
    1.8420699693267153,
    2.0235896477251565,
    2.2229964825261943,
    2.442053094548651,
    2.6826957952797246,
    2.9470517025518097,
    3.2374575428176433,
    3.5564803062231283,
    3.9069399370546147,
    4.291934260128776,
    4.714866363457392,
    5.17947467923121,
    5.689866029018296,
    6.250551925273969,
    6.866488450042998,
    7.543120063354615,
    8.286427728546842,
    9.102981779915218,
    10.0
  ],
  "gamma_max": [
    -1.9616149872335433,
    -1.9611842438833196,
    -1.960919920793011,
    -1.9608816437880663,
    -1.9611439076257886,
    -1.9617994357538202,
    -1.962963279845505,
    -1.9647778229561423,
    -1.9674188869196652,
    -1.9711031876827227,
    -1.9192175969086642,
    -1.8534141406082838,
    -1.7841699837977378,
    -1.7118355071469906,
    -1.636933401664049,
    -1.5601956462568791,
    -1.4826046719250818,
    -1.405438551738641,
    -1.3303200121159673,
    -1.2592690794056078,
    -1.1947592768736846,
    -1.1397774869507695,
    -1.097887918930816,
    -1.0733011122599074,
    -1.0709496230345847,
    -1.0965730767972883,
    -1.1568167493008417,
    -1.2593499108019364,
    -1.4130130667409015,
    -1.6280073784543174,
    -1.916145932005791,
    -2.048946142692611,
    -2.069272847067116,
    -2.207141388832085,
    -2.501292857099018,
    -2.9957550795455177,
    -3.738877414899532,
    -4.7833844250007695,
    -6.187626085095891,
    -8.017998000195862,
    -10.35241966045809,
    -13.28482206224597,
    -16.93090690358947,
    -21.43624912854489,
    -26.990180277003674,
    -33.857733671499474,
    -42.432871244130645,
    -52.10781259081204,
    -63.136662046406364,
    -76.19952976407473
  ],
  "omega_max": [
    0.9452515570576914,
    0.9604097485704539,
    0.9771541650197664,
    0.995657990524638,
    1.0161141458208427,
    1.038737485252065,
    1.0637671517040674,
    1.0914690525957549,
    1.1221383941025773,
    1.1561021683045105,
    4.670978741421816,
    4.734853354307373,
    4.805400881533334,
    4.883195157172937,
    4.968809545138127,
    5.06280087851513,
    5.165691035191288,
    5.2779475812917855,
    5.399965875436764,
    5.532056138823395,
    5.67444013364048,
    5.827262999403942,
    5.990626097019475,
    6.1646458998168105,
    6.349541508445006,
    6.545748837134733,
    6.754052912324134,
    6.975721627396271,
    7.21261596638449,
    7.467244709463937,
    7.742727261559777,
    7.025881836258709,
    7.328936868442374,
    7.677368375929642,
    8.080075357549491,
    8.545205951115834,
    9.08031258303266,
    9.69275585422204,
    10.390150249225076,
    11.180833755142299,
    12.074416313185663,
    13.082506599130507,
    14.219840767639482,
    15.5064873406404,
    16.97376696322145,
    18.688936715243774,
    20.95530213520219,
    17.25919526058906,
    27.835343523268214,
    31.371634713773638
  ],
  "params": {
    "alpha": -37.0,
    "dT": 0.75,
    "dR": 1.0
  },
  "metadata": {
    "shear_max": 4.661897925291264,
    "vel_net": 1.927244466014391,
    "resolution": {
      "H": 25,
      "M": 65,
      "Nz": 129,
      "Nth": 128
    },
    "timestamp": "2026-04-13T15:45:35.648457"
  }
}