{
  "k": [
    0.1,
    0.10985411419875583,
    0.12067926406393285,
    0.13257113655901093,
    0.14563484775012436,
    0.15998587196060582,
    0.1757510624854792,
    0.193069772888325,
    0.21209508879201905,
    0.2329951810515372,
    0.2559547922699536,
    0.281176869797423,
    0.3088843596477481,
    0.3393221771895328,
    0.372759372031494,
    0.4094915062380424,
    0.44984326689694454,
    0.49417133613238345,
    0.5428675439323859,
    0.5963623316594643,
    0.6551285568595507,
    0.7196856730011519,
    0.7906043210907697,
    0.8685113737513525,
    0.9540954763499939,
    1.0481131341546859,
    1.151395399326447,
    1.2648552168552958,
    1.3894954943731375,
    1.5264179671752334,
    1.6768329368110073,
    1.8420699693267153,
    2.0235896477251565,
    2.2229964825261943,
    2.442053094548651,
    2.6826957952797246,
    2.9470517025518097,
    3.2374575428176433,
    3.5564803062231283,
    3.9069399370546147,
    4.291934260128776,
    4.714866363457392,
    5.17947467923121,
    5.689866029018296,
    6.250551925273969,
    6.866488450042998,
    7.543120063354615,
    8.286427728546842,
    9.102981779915218,
    10.0
  ],
  "gamma_max": [
    -1.9667804357065832,
    -1.9666216383634025,
    -1.9666146519046481,
    -1.966809329351355,
    -1.96726784235973,
    -1.9680675290199359,
    -1.9693044059197302,
    -1.9710975069880918,
    -1.9735942502877495,
    -1.9769770823760966,
    -1.981471704897976,
    -1.935301908841263,
    -1.866430507725557,
    -1.7940243786499852,
    -1.7184748182191485,
    -1.6403586186934949,
    -1.560476998337974,
    -1.479898655261219,
    -1.4000067161471197,
    -1.3225493236629056,
    -1.2496936454419045,
    -1.184083200360109,
    -1.1288985848865396,
    -1.0879219594633163,
    -1.0656060718863651,
    -1.0671492736351793,
    -1.0985791659618267,
    -1.1668495629794104,
    -1.2799589626827774,
    -1.447104526360053,
    -1.6788950385844845,
    -1.7228043474826538,
    -1.6872303366161228,
    -1.7553868286411956,
    -1.9639439687721658,
    -2.354447306586858,
    -2.9722690419071083,
    -3.8665681084689965,
    -5.091413131435877,
    -6.7080702257423885,
    -8.788392108824908,
    -11.419337306102106,
    -14.709076108860298,
    -18.796406457661924,
    -23.869668885236816,
    -30.22173799529373,
    -37.920863275132156,
    -46.164371575570364,
    -55.97199140876994,
    -67.58257526865823
  ],
  "omega_max": [
    1.0383858246039128,
    1.0547364248340712,
    1.0727917182125037,
    1.0927359455823826,
    1.114773833029247,
    1.1391327501484148,
    1.166064998662705,
    1.1958501950354727,
    1.2287976845912445,
    1.265248893378147,
    1.3055794783075165,
    4.877200846808051,
    4.947017254095759,
    5.024051291067045,
    5.108905087170735,
    5.2021760628249005,
    5.3044403761423595,
    5.416235054020417,
    5.538040946739886,
    5.6702697553018195,
    5.813259534159229,
    5.967284027477762,
    6.132581547632065,
    6.309408336753118,
    6.498118864144168,
    6.699270834719063,
    6.913745706637255,
    7.142866740840915,
    7.38848727421535,
    7.653013707278111,
    7.939322489119088,
    7.144218949235994,
    7.462511909661996,
    7.829540425164284,
    8.254189890375283,
    8.744437403635182,
    9.307635771071933,
    9.950994527194668,
    10.682075859078092,
    11.509317649364325,
    12.442665291747412,
    13.494460588325994,
    14.680943469295304,
    16.025503303111023,
    17.568713604126497,
    19.42400636054907,
    16.46504258521029,
    17.68585232044146,
    29.139017079667305,
    32.678070185054196
  ],
  "params": {
    "alpha": -37.0,
    "dT": 0.6666666666666666,
    "dR": 1.0
  },
  "metadata": {
    "shear_max": 4.789732492378252,
    "vel_net": 1.989215346658114,
    "resolution": {
      "H": 25,
      "M": 65,
      "Nz": 129,
      "Nth": 128
    },
    "timestamp": "2026-04-13T16:26:06.217828"
  }
}