{
  "k": [
    0.1,
    0.10985411419875583,
    0.12067926406393285,
    0.13257113655901093,
    0.14563484775012436,
    0.15998587196060582,
    0.1757510624854792,
    0.193069772888325,
    0.21209508879201905,
    0.2329951810515372,
    0.2559547922699536,
    0.281176869797423,
    0.3088843596477481,
    0.3393221771895328,
    0.372759372031494,
    0.4094915062380424,
    0.44984326689694454,
    0.49417133613238345,
    0.5428675439323859,
    0.5963623316594643,
    0.6551285568595507,
    0.7196856730011519,
    0.7906043210907697,
    0.8685113737513525,
    0.9540954763499939,
    1.0481131341546859,
    1.151395399326447,
    1.2648552168552958,
    1.3894954943731375,
    1.5264179671752334,
    1.6768329368110073,
    1.8420699693267153,
    2.0235896477251565,
    2.2229964825261943,
    2.442053094548651,
    2.6826957952797246,
    2.9470517025518097,
    3.2374575428176433,
    3.5564803062231283,
    3.9069399370546147,
    4.291934260128776,
    4.714866363457392,
    5.17947467923121,
    5.689866029018296,
    6.250551925273969,
    6.866488450042998,
    7.543120063354615,
    8.286427728546842,
    9.102981779915218,
    10.0
  ],
  "gamma_max": [
    -1.9160553599251897,
    -1.916098119645861,
    -1.9163213191424682,
    -1.9167791054700416,
    -1.917538540942908,
    -1.9186824979962622,
    -1.9203132055876695,
    -1.9225566009827617,
    -1.9255676779832884,
    -1.9295370694464211,
    -1.9346991559450366,
    -1.879798080359387,
    -1.8117769097215377,
    -1.7404385251910672,
    -1.6662135843132246,
    -1.5897216129380611,
    -1.5118091995342053,
    -1.4335920654876733,
    -1.3565008226486246,
    -1.2823302245604606,
    -1.2132917759452169,
    -1.1520696952384422,
    -1.1018804421291784,
    -1.0665363523481888,
    -1.0505144249835494,
    -1.0590320947550742,
    -1.0981330641322886,
    -1.1747882595642059,
    -1.297020086987641,
    -1.4740630444198857,
    -1.716581596821784,
    -1.8219269839387076,
    -1.810714054308147,
    -1.9044965933722529,
    -2.139042005987611,
    -2.5550170688624223,
    -3.196989112297031,
    -4.113405289212361,
    -5.357727150394142,
    -6.990713756323913,
    -9.08378736355318,
    -11.72353141969876,
    -15.01783417435568,
    -19.105542313682193,
    -24.176156104760814,
    -30.523023855321135,
    -38.18261211889113,
    -46.40253795550407,
    -56.145816276519916,
    -67.7545558027672
  ],
  "omega_max": [
    0.9788408592939788,
    0.9941291718178419,
    1.0110182717694594,
    1.0296827071230497,
    1.050316761519429,
    1.073136595385731,
    1.0983825248282066,
    1.1263214002298998,
    1.1572490182890347,
    1.191492466827143,
    1.229412248855271,
    4.66069965663219,
    4.729065547553062,
    4.804484512283702,
    4.88752800633979,
    4.978756503475999,
    5.078702510856025,
    5.1878525830319715,
    5.306630548669922,
    5.43538523072699,
    5.574387044727777,
    5.7238387472902925,
    5.883905920439802,
    6.054771998504688,
    6.2367202369746035,
    6.430240538564645,
    6.636152437166261,
    6.855727322874564,
    7.09078436645899,
    7.343727149848158,
    7.61748321831978,
    6.890557178503087,
    7.19540691025768,
    7.545971353883403,
    7.951062828428063,
    8.418706950707328,
    8.956320493746505,
    9.571141326955372,
    10.270703873804447,
    11.063346533336318,
    11.958822558160524,
    12.969164083615773,
    14.110183372997751,
    15.404915406620503,
    16.895119346609686,
    18.709812307665416,
    15.869194930896755,
    17.059990575071673,
    28.06041362792969,
    31.468491203647936
  ],
  "params": {
    "alpha": -36.0,
    "dT": 0.6666666666666666,
    "dR": 1.0
  },
  "metadata": {
    "shear_max": 4.590934131684776,
    "vel_net": 1.9027349290982398,
    "resolution": {
      "H": 25,
      "M": 65,
      "Nz": 129,
      "Nth": 128
    },
    "timestamp": "2026-04-13T15:48:31.623621"
  }
}