{
  "k": [
    0.1,
    0.10985411419875583,
    0.12067926406393285,
    0.13257113655901093,
    0.14563484775012436,
    0.15998587196060582,
    0.1757510624854792,
    0.193069772888325,
    0.21209508879201905,
    0.2329951810515372,
    0.2559547922699536,
    0.281176869797423,
    0.3088843596477481,
    0.3393221771895328,
    0.372759372031494,
    0.4094915062380424,
    0.44984326689694454,
    0.49417133613238345,
    0.5428675439323859,
    0.5963623316594643,
    0.6551285568595507,
    0.7196856730011519,
    0.7906043210907697,
    0.8685113737513525,
    0.9540954763499939,
    1.0481131341546859,
    1.151395399326447,
    1.2648552168552958,
    1.3894954943731375,
    1.5264179671752334,
    1.6768329368110073,
    1.8420699693267153,
    2.0235896477251565,
    2.2229964825261943,
    2.442053094548651,
    2.6826957952797246,
    2.9470517025518097,
    3.2374575428176433,
    3.5564803062231283,
    3.9069399370546147,
    4.291934260128776,
    4.714866363457392,
    5.17947467923121,
    5.689866029018296,
    6.250551925273969,
    6.866488450042998,
    7.543120063354615,
    8.286427728546842,
    9.102981779915218,
    10.0
  ],
  "gamma_max": [
    -0.03357242065066251,
    -0.0470257157445817,
    -0.0632429806828732,
    -0.08279028994573753,
    -0.10635113787098324,
    -0.1347542130991162,
    -0.16901296099569563,
    -0.21038929978934165,
    -0.26051578573089335,
    -0.32168901278232664,
    -0.3978208302984128,
    -0.4997782818490618,
    -0.6379317048416243,
    -0.6879885050538115,
    -0.7460773426282867,
    -0.813074470798413,
    -0.8900656106968591,
    -0.8588201398866698,
    -0.8161702733803541,
    -0.7661805694318627,
    -0.5541778770468601,
    -0.3393553324752483,
    -0.12468829860485359,
    0.08670959532967225,
    0.2914094023380785,
    0.48532827113321264,
    0.6632044236908283,
    0.8178314762562894,
    0.9389568714340435,
    1.0116863905560953,
    1.0141095796546071,
    0.9135898386170325,
    0.660943152960469,
    0.18576354835016828,
    0.5293186103831871,
    1.39569122992443,
    1.925903316127748,
    1.8931862746038863,
    1.1447871943296353,
    -0.7015407282195977,
    -2.7494727605290916,
    -2.4160879116791847,
    -2.6904729619371808,
    -3.4713765241231753,
    -4.729367823585253,
    -6.494164582201083,
    -8.829464365369278,
    -11.825764360557242,
    -15.599980311172054,
    -20.29771069354955
  ],
  "omega_max": [
    9.15304985334346e-13,
    3.586510413498744e-12,
    5.264580484356682e-13,
    1.444724304697367e-12,
    -5.730095985473457e-13,
    2.4171032223874043e-12,
    -2.8353405818228816e-12,
    -2.1494787455912755e-12,
    1.796865710145457e-12,
    5.345771921380139e-12,
    -3.8256875633173145e-12,
    7.508098410993907e-13,
    -0.08198494920099296,
    -0.14098254423604023,
    0.1674241673165566,
    0.16744890850672875,
    0.12557524371329565,
    2.2490744066147046e-14,
    -1.0375547536404457e-13,
    -6.2693957531328675,
    6.385890941588282,
    -6.510739731990917,
    -6.640045443634084,
    -6.768672065761521,
    6.8902443533813384,
    -6.997128502095628,
    -7.080409822431627,
    7.129914555021189,
    -7.134352016321934,
    7.081693160898415,
    -6.9600008606766375,
    6.759304772928987,
    6.476758709323592,
    -6.133839125405663,
    -2.96506479879516e-11,
    -1.4700345434447543e-11,
    -2.8184151007187307e-12,
    -8.007617255981121e-12,
    -2.7781035187753087e-11,
    -4.1521568681615976e-11,
    -7.011239769604641,
    -8.02222830404363,
    9.289260673303303,
    10.622982158583074,
    12.013301207707995,
    -13.476310344910404,
    15.035357921433025,
    16.71986835022021,
    -18.56783711839507,
    -20.632052334280772
  ],
  "params": {
    "alpha": -51.0,
    "dT": 0.25,
    "dR": 1.0
  },
  "metadata": {
    "shear_max": 6.6589467669736,
    "vel_net": 2.6867397195928788e-14,
    "resolution": {
      "H": 25,
      "M": 65,
      "Nz": 129,
      "Nth": 128
    },
    "timestamp": "2026-04-16T04:05:21.680349"
  }
}