{
  "k": [
    0.1,
    0.10985411419875583,
    0.12067926406393285,
    0.13257113655901093,
    0.14563484775012436,
    0.15998587196060582,
    0.1757510624854792,
    0.193069772888325,
    0.21209508879201905,
    0.2329951810515372,
    0.2559547922699536,
    0.281176869797423,
    0.3088843596477481,
    0.3393221771895328,
    0.372759372031494,
    0.4094915062380424,
    0.44984326689694454,
    0.49417133613238345,
    0.5428675439323859,
    0.5963623316594643,
    0.6551285568595507,
    0.7196856730011519,
    0.7906043210907697,
    0.8685113737513525,
    0.9540954763499939,
    1.0481131341546859,
    1.151395399326447,
    1.2648552168552958,
    1.3894954943731375,
    1.5264179671752334,
    1.6768329368110073,
    1.8420699693267153,
    2.0235896477251565,
    2.2229964825261943,
    2.442053094548651,
    2.6826957952797246,
    2.9470517025518097,
    3.2374575428176433,
    3.5564803062231283,
    3.9069399370546147,
    4.291934260128776,
    4.714866363457392,
    5.17947467923121,
    5.689866029018296,
    6.250551925273969,
    6.866488450042998,
    7.543120063354615,
    8.286427728546842,
    9.102981779915218,
    10.0
  ],
  "gamma_max": [
    -0.07267604721068596,
    -0.08096952849174274,
    -0.09095054673511765,
    -0.10295625326161639,
    -0.11738882119329135,
    -0.13472748153784073,
    -0.15554329744026343,
    -0.18051867409080558,
    -0.21047717848058364,
    -0.24644164546850225,
    -0.28979201847311564,
    -0.34293806057600174,
    -0.4187842154508002,
    -0.46670075463135546,
    -0.5045446812656023,
    -0.4818539282416888,
    -0.4695862608682555,
    -0.46021980468609613,
    -0.4512178164414794,
    -0.44197361455414913,
    -0.4323046425235887,
    -0.42219390765084774,
    -0.41171341497330877,
    -0.22645568658590112,
    -0.03628411217219431,
    0.1478961338457432,
    0.32096264833822363,
    0.4759038275369032,
    0.6027311172496849,
    0.6868719298998531,
    0.7068592093544025,
    0.6313997373935953,
    0.41876414479047797,
    0.47903748004218427,
    1.3095414693020566,
    2.1742315692637546,
    2.7350512630996295,
    2.86740629984078,
    2.4844064837878084,
    1.4275628083603178,
    -0.6046517260819999,
    -0.8197486141739665,
    -0.6405400889877203,
    -0.7909371179660573,
    -1.277972468132052,
    -2.1090670105405898,
    -3.311850790557789,
    -4.928734491248614,
    -7.002700457266284,
    -9.5463028612383
  ],
  "omega_max": [
    2.290932553058369e-12,
    -3.865753015354029e-13,
    -3.833882862189653e-13,
    2.6643329476747205e-12,
    2.8818541858474784e-12,
    -5.345980614544787e-13,
    6.33946464520804e-13,
    1.8418341009270146e-12,
    2.4277847308224487e-12,
    -3.283154630737557e-13,
    -3.0082340979770914e-12,
    1.8156097130542954e-12,
    1.2566589031854745e-11,
    0.04352194360583444,
    -0.032564605398563054,
    -5.567215857241343e-13,
    4.583823269454987e-13,
    -7.34916199256376e-14,
    7.066159323823651e-14,
    9.179652787827403e-14,
    1.9386260251033739e-13,
    -1.6395026610497322e-13,
    3.596954762000774e-14,
    6.396842874338623,
    6.490066205975411,
    6.57119837934743,
    -6.632392915096629,
    -6.664434964155992,
    -6.656872685406428,
    6.598354194390846,
    -6.477405416449055,
    -6.284438158695989,
    6.018444965868356,
    -3.1190350129066354e-11,
    3.5016324758907545e-11,
    3.0108076940119984e-12,
    -2.0540554992464063e-11,
    -1.1288044885458055e-11,
    4.1660779769641884e-12,
    -6.315751791572275e-11,
    -4.336438829242653e-11,
    -8.536823465092862,
    -9.561378652234314,
    -10.784867330486229,
    12.136157073220867,
    13.607538012120791,
    -15.220588626127222,
    17.018404958307606,
    19.068704161274802,
    21.453502156589536
  ],
  "params": {
    "alpha": -45.0,
    "dT": 0.125,
    "dR": 1.0
  },
  "metadata": {
    "shear_max": 6.327030144133191,
    "vel_net": 6.550315845288424e-14,
    "resolution": {
      "H": 25,
      "M": 65,
      "Nz": 129,
      "Nth": 128
    },
    "timestamp": "2026-04-16T01:47:23.835753"
  }
}