{
  "k": [
    0.1,
    0.10985411419875583,
    0.12067926406393285,
    0.13257113655901093,
    0.14563484775012436,
    0.15998587196060582,
    0.1757510624854792,
    0.193069772888325,
    0.21209508879201905,
    0.2329951810515372,
    0.2559547922699536,
    0.281176869797423,
    0.3088843596477481,
    0.3393221771895328,
    0.372759372031494,
    0.4094915062380424,
    0.44984326689694454,
    0.49417133613238345,
    0.5428675439323859,
    0.5963623316594643,
    0.6551285568595507,
    0.7196856730011519,
    0.7906043210907697,
    0.8685113737513525,
    0.9540954763499939,
    1.0481131341546859,
    1.151395399326447,
    1.2648552168552958,
    1.3894954943731375,
    1.5264179671752334,
    1.6768329368110073,
    1.8420699693267153,
    2.0235896477251565,
    2.2229964825261943,
    2.442053094548651,
    2.6826957952797246,
    2.9470517025518097,
    3.2374575428176433,
    3.5564803062231283,
    3.9069399370546147,
    4.291934260128776,
    4.714866363457392,
    5.17947467923121,
    5.689866029018296,
    6.250551925273969,
    6.866488450042998,
    7.543120063354615,
    8.286427728546842,
    9.102981779915218,
    10.0
  ],
  "gamma_max": [
    -1.8488940238601983,
    -1.8489288808184325,
    -1.8490687278289426,
    -1.849346752856249,
    -1.8498047937711601,
    -1.850495526291387,
    -1.8514852115577054,
    -1.8528571475423987,
    -1.8547159993913402,
    -1.857193223291371,
    -1.8604538394977033,
    -1.8647048515801057,
    -1.8688126217994632,
    -1.7992553247646674,
    -1.7261340005732706,
    -1.649836815970888,
    -1.5709305897237367,
    -1.4901961719999068,
    -1.4086672582691533,
    -1.3276725058028314,
    -1.2488808066907022,
    -1.1743495612849018,
    -1.1065757768330402,
    -1.0485497923763487,
    -1.003811466179505,
    -0.9765089270013274,
    -0.9714608349814917,
    -0.9942250888046505,
    -1.0511808698456313,
    -1.1496378499322104,
    -1.297997384241367,
    -1.3684028555501395,
    -1.2959654128940898,
    -1.3035706712654462,
    -1.4212268438088287,
    -1.6830350483282996,
    -2.126154066877984,
    -2.790705633935404,
    -3.7207857338185852,
    -4.966649311591301,
    -6.5882053145301676,
    -8.660394138854043,
    -11.282599769504882,
    -14.600431192066925,
    -18.862418709725695,
    -23.502360508221393,
    -28.7169745615773,
    -34.86383510919324,
    -42.111854964559676,
    -50.854469595158136
  ],
  "omega_max": [
    1.0525515331326014,
    1.068532289222846,
    1.0861589214996403,
    1.1056048218065018,
    1.1270617605119029,
    1.1507416777905686,
    1.1768785697684871,
    1.2057304426158741,
    1.2375812882289599,
    1.2727430114021425,
    1.3115572010909857,
    1.3543965841848655,
    4.564827046275448,
    4.6351559145883865,
    4.712699323621432,
    4.798024109607676,
    4.891682824290078,
    4.994198496756645,
    5.106050125466087,
    5.227661683134056,
    5.359398403950477,
    5.501574933400502,
    5.654480209057602,
    5.818423200090968,
    5.993801309335814,
    6.181188829587204,
    6.381436202579496,
    6.5957623770007325,
    6.825813508982903,
    7.073653446816422,
    7.341647201424117,
    6.585588044144822,
    6.896932339081012,
    7.254955081756991,
    7.668270788470099,
    8.144562012228452,
    8.690872659521737,
    9.314137877744258,
    10.021759201854001,
    10.822255822658548,
    11.726169551702753,
    12.74770140119041,
    13.908770505073747,
    15.254350894995223,
    16.967366012839783,
    14.395816312106204,
    15.415059653680583,
    25.32010737120734,
    28.31699099456223,
    31.53452228062272
  ],
  "params": {
    "alpha": -34.0,
    "dT": 0.5,
    "dR": 1.0
  },
  "metadata": {
    "shear_max": 4.4354586978694925,
    "vel_net": 1.8508926826027268,
    "resolution": {
      "H": 25,
      "M": 65,
      "Nz": 129,
      "Nth": 128
    },
    "timestamp": "2026-04-13T16:38:32.503469"
  }
}