{
  "k": [
    0.1,
    0.10985411419875583,
    0.12067926406393285,
    0.13257113655901093,
    0.14563484775012436,
    0.15998587196060582,
    0.1757510624854792,
    0.193069772888325,
    0.21209508879201905,
    0.2329951810515372,
    0.2559547922699536,
    0.281176869797423,
    0.3088843596477481,
    0.3393221771895328,
    0.372759372031494,
    0.4094915062380424,
    0.44984326689694454,
    0.49417133613238345,
    0.5428675439323859,
    0.5963623316594643,
    0.6551285568595507,
    0.7196856730011519,
    0.7906043210907697,
    0.8685113737513525,
    0.9540954763499939,
    1.0481131341546859,
    1.151395399326447,
    1.2648552168552958,
    1.3894954943731375,
    1.5264179671752334,
    1.6768329368110073,
    1.8420699693267153,
    2.0235896477251565,
    2.2229964825261943,
    2.442053094548651,
    2.6826957952797246,
    2.9470517025518097,
    3.2374575428176433,
    3.5564803062231287,
    3.9069399370546147,
    4.291934260128776,
    4.714866363457392,
    5.17947467923121,
    5.689866029018296,
    6.25055192527397,
    6.866488450042998,
    7.543120063354615,
    8.286427728546842,
    9.102981779915218,
    10.0
  ],
  "gamma_max": [
    -0.06244199264695541,
    -0.0702731908947248,
    -0.07969079366098146,
    -0.09100814180847826,
    -0.10459694631860683,
    -0.12089666851007516,
    -0.1404248285426016,
    -0.16378818858171346,
    -0.19169490303167333,
    -0.2249684645027969,
    -0.26456743037100877,
    -0.3116309326661483,
    -0.36770114610871674,
    -0.4428645382202981,
    -0.45518417260650695,
    -0.44912714801802356,
    -0.44442022094554473,
    -0.4396265741316079,
    -0.4346310141901012,
    -0.42950743278189724,
    -0.4244318910264431,
    -0.41967658472025987,
    -0.4156173407494205,
    -0.3537505251690759,
    -0.13184640423143887,
    0.08670667575044373,
    0.2958658616382209,
    0.48677322352730573,
    0.6459123869266258,
    0.7520353393160297,
    0.7708767909860273,
    0.6462441792698227,
    0.29362449537579044,
    1.3935272557235827,
    2.942640261649709,
    4.223223461823432,
    5.0729403503525425,
    5.456115697685476,
    5.3159916563048295,
    4.532246939516509,
    2.8842018164051595,
    0.18891892359813492,
    0.47213050117934663,
    0.7088345712704193,
    0.49729855015945407,
    -0.13202832185785368,
    -1.1918493992697934,
    -2.729028815975219,
    -4.814646724360727,
    -7.512422851650436
  ],
  "omega_max": [
    7.565741713761457e-13,
    2.7810840672240794e-12,
    6.409132372936742e-12,
    -3.6233765284650053e-12,
    -2.373450118167544e-12,
    -4.837299978027995e-12,
    2.269868724339398e-12,
    -1.227219034860058e-12,
    -4.816498851951265e-12,
    -2.5016075883101694e-12,
    -1.0737254625543132e-13,
    8.823794040126774e-13,
    -1.5819836406818405e-12,
    -0.006192903621288745,
    -1.4238486821848228e-12,
    -7.695664494048335e-13,
    -3.1884346232071937e-13,
    6.750110920012151e-14,
    2.9980014649318504e-13,
    4.1317484900839504e-13,
    -9.495064469801032e-14,
    -3.3508536501107834e-13,
    -4.4437713404874943e-13,
    -7.654478564984805,
    -7.759984574192358,
    -7.850582439580153,
    -7.916555344923565,
    7.946133290626595,
    -7.925542779118486,
    7.839361556495679,
    7.671692150548886,
    -7.410017014697544,
    -7.057789399401676,
    -2.6656870483427725e-11,
    1.4101206606753686e-11,
    2.0655452199882826e-13,
    -8.665919709039574e-12,
    1.942830433923303e-12,
    -2.1061372445163913e-12,
    -1.099575764978142e-11,
    2.944159025072542e-11,
    6.182038710707146e-12,
    10.744904021483462,
    12.19112885365855,
    13.794666530401372,
    15.51274556087713,
    -17.358832848948772,
    19.37345262613918,
    -21.630738088680413,
    -24.26738407068766
  ],
  "params": {
    "alpha": -52.0,
    "dT": 0.125,
    "dR": 1.0
  },
  "metadata": {
    "shear_max": 7.531171048161991,
    "vel_net": 5.662137425588298e-15,
    "resolution": {
      "H": 25,
      "M": 65,
      "Nz": 129,
      "Nth": 128
    },
    "timestamp": "2026-04-18T12:46:48.851623"
  }
}