{
  "k": [
    0.1,
    0.10985411419875583,
    0.12067926406393285,
    0.13257113655901093,
    0.14563484775012436,
    0.15998587196060582,
    0.1757510624854792,
    0.193069772888325,
    0.21209508879201905,
    0.2329951810515372,
    0.2559547922699536,
    0.281176869797423,
    0.3088843596477481,
    0.3393221771895328,
    0.372759372031494,
    0.4094915062380424,
    0.44984326689694454,
    0.49417133613238345,
    0.5428675439323859,
    0.5963623316594643,
    0.6551285568595507,
    0.7196856730011519,
    0.7906043210907697,
    0.8685113737513525,
    0.9540954763499939,
    1.0481131341546859,
    1.151395399326447,
    1.2648552168552958,
    1.3894954943731375,
    1.5264179671752334,
    1.6768329368110073,
    1.8420699693267153,
    2.0235896477251565,
    2.2229964825261943,
    2.442053094548651,
    2.6826957952797246,
    2.9470517025518097,
    3.2374575428176433,
    3.5564803062231283,
    3.9069399370546147,
    4.291934260128776,
    4.714866363457392,
    5.17947467923121,
    5.689866029018296,
    6.250551925273969,
    6.866488450042998,
    7.543120063354615,
    8.286427728546842,
    9.102981779915218,
    10.0
  ],
  "gamma_max": [
    -0.015157191420966762,
    -0.0228809643029561,
    -0.03217074639685645,
    -0.04333600162187091,
    -0.056743499645380904,
    -0.07282596870609295,
    -0.09209088443080025,
    -0.11512835450725868,
    -0.14261574361102447,
    -0.17531312919178638,
    -0.21403201300151461,
    -0.25951144192565223,
    -0.3118655328318619,
    -0.36710626781243094,
    -0.4015891737020508,
    -0.4067171831073962,
    -0.4033763721851644,
    -0.3972030260499862,
    -0.38935067778912125,
    -0.38016435699864115,
    -0.36978979333098133,
    -0.35831870436343516,
    -0.345830885186813,
    -0.2009641923712759,
    -0.020676731384249622,
    0.15379920415793363,
    0.31754063374698027,
    0.463885733100652,
    0.5834530029568622,
    0.6627229684253942,
    0.6821112106023941,
    0.6139642432573051,
    0.42418891430911787,
    0.4821254752518075,
    1.2182540435577023,
    2.0204882528313908,
    2.552478881970134,
    2.6922029231532005,
    2.367601313972038,
    1.4603661133985624,
    -0.2480007214413801,
    -0.5200627603394307,
    -0.39251748993069935,
    -0.5109786381920585,
    -0.9037569952130882,
    -1.5838970208271537,
    -2.5708780761058634,
    -3.886799523493973,
    -5.542462903827851,
    -7.530406198859649
  ],
  "omega_max": [
    -1.2238302791079094e-12,
    -1.1336699893751742e-12,
    8.743363862178081e-13,
    -1.4145860091731338e-12,
    -2.400179392962338e-12,
    5.167410609555277e-13,
    5.648478810082243e-13,
    6.93935098672953e-13,
    8.175713116770899e-13,
    3.3124714126779306e-12,
    2.647548470898564e-12,
    1.7476691479504786e-12,
    4.977820791688939e-13,
    1.4553096745525797e-12,
    -2.864246581898054e-13,
    6.366968932278768e-13,
    8.918939298773088e-15,
    4.87425412170127e-13,
    -9.061428770368233e-14,
    2.0505617299946462e-13,
    -8.863742490318985e-14,
    1.3667200167081182e-13,
    1.9901924053621067e-13,
    5.999511899137021,
    6.085219757333402,
    6.159602697167228,
    -6.2153228246188,
    6.243759070237547,
    6.2351149718648164,
    6.1786885905523405,
    6.06351301179801,
    -5.8802160433089545,
    -5.628623200327876,
    5.237583305248974e-13,
    1.0772444425620015e-12,
    1.0010815373827343e-12,
    3.673474299740011e-13,
    2.0858043354694137e-12,
    3.245619764252817e-12,
    -8.082499479967398e-13,
    2.1206459756015972e-11,
    -8.432487398599013,
    -9.393730863968335,
    -10.546704110622393,
    11.844604150396929,
    13.281545972135289,
    -14.879074336952494,
    16.67837809672089,
    18.73128397782861,
    21.072634410565655
  ],
  "params": {
    "alpha": -42.5,
    "dT": 0.1,
    "dR": 1.0
  },
  "metadata": {
    "shear_max": 5.976435022789092,
    "vel_net": 1.6942195343596475e-12,
    "resolution": {
      "H": 20,
      "M": 49,
      "Nz": 97,
      "Nth": 96
    },
    "timestamp": "2026-02-12T23:11:02.703157"
  }
}