{
  "k": [
    0.1,
    0.10985411419875583,
    0.12067926406393285,
    0.13257113655901093,
    0.14563484775012436,
    0.15998587196060582,
    0.1757510624854792,
    0.193069772888325,
    0.21209508879201905,
    0.2329951810515372,
    0.2559547922699536,
    0.281176869797423,
    0.3088843596477481,
    0.3393221771895328,
    0.372759372031494,
    0.4094915062380424,
    0.44984326689694454,
    0.49417133613238345,
    0.5428675439323859,
    0.5963623316594643,
    0.6551285568595507,
    0.7196856730011519,
    0.7906043210907697,
    0.8685113737513525,
    0.9540954763499939,
    1.0481131341546859,
    1.151395399326447,
    1.2648552168552958,
    1.3894954943731375,
    1.5264179671752334,
    1.6768329368110073,
    1.8420699693267153,
    2.0235896477251565,
    2.2229964825261943,
    2.442053094548651,
    2.6826957952797246,
    2.9470517025518097,
    3.2374575428176433,
    3.5564803062231283,
    3.9069399370546147,
    4.291934260128776,
    4.714866363457392,
    5.17947467923121,
    5.689866029018296,
    6.250551925273969,
    6.866488450042998,
    7.543120063354615,
    8.286427728546842,
    9.102981779915218,
    10.0
  ],
  "gamma_max": [
    -0.1375464593984717,
    -0.1465887717409812,
    -0.15747487744819066,
    -0.1705763492783537,
    -0.18633929397513022,
    -0.20530103895693758,
    -0.2281138721348583,
    -0.25558389808554777,
    -0.2887487980121132,
    -0.3290801231954004,
    -0.37924278054229976,
    -0.4496981192944974,
    -0.5116023603840322,
    -0.5461899986840872,
    -0.5866390524432056,
    -0.5980832797216739,
    -0.5697787765746495,
    -0.5589723129545979,
    -0.551624566571647,
    -0.5458208592303084,
    -0.5410998770805898,
    -0.5374762611235353,
    -0.5025506198168025,
    -0.2721557597129156,
    -0.041452946993429045,
    0.1851345810020732,
    0.4014875547738794,
    0.5986617568659517,
    0.7630374771999932,
    0.8732588643318768,
    0.8949477965354767,
    0.771283300360977,
    0.4107136321864361,
    1.2895940407941728,
    2.872388213295853,
    4.1986756211300476,
    5.053813218691672,
    5.39165378829868,
    5.138039964810709,
    4.117478199095472,
    1.9244192509558629,
    -0.6730461585680921,
    0.08582881630749664,
    0.1823218675714542,
    -0.2456134247972526,
    -1.147804217438653,
    -2.542731725553745,
    -4.488883003318411,
    -7.077218743625682,
    -10.430532671007503
  ],
  "omega_max": [
    4.709192683280856e-14,
    1.2049716876954148e-13,
    -1.7313428347161038e-14,
    4.5980422488659455e-14,
    -2.5647064616846448e-14,
    -3.0586576685474224e-14,
    8.026943691717067e-14,
    -1.0230287861789179e-13,
    7.766125145531757e-14,
    2.1253112452170757e-13,
    -4.6211769972451314e-14,
    -2.446363364289815e-13,
    0.0548906688850331,
    -0.07241715119776254,
    -0.0662630384837961,
    5.047563280811982e-14,
    -1.9663167907628626e-15,
    -2.4841004741848238e-14,
    2.805629253092798e-14,
    2.0392325024695e-14,
    2.959821948528274e-14,
    -2.0081061196712403e-14,
    7.8261819337047545,
    -7.9476797088150315,
    8.061466953112886,
    -8.159257981344302,
    -8.230726693961428,
    -8.26341576597643,
    -8.242779213021677,
    -8.15253742928323,
    -7.975880670752017,
    7.699586803596571,
    -7.329239378031353,
    -6.512879907738091e-12,
    6.54326973657983e-12,
    -2.726252143073673e-11,
    -2.476740111547484e-13,
    -3.9888462290442204e-11,
    1.574716292601659e-11,
    3.2191673570263546e-11,
    2.4462971447318245e-11,
    -9.37020889383288,
    -10.653241903502206,
    -12.243000280002118,
    13.925243180279168,
    15.685818190373583,
    17.546374349753343,
    -19.54175433818284,
    -21.722617175759815,
    -24.172796234191424
  ],
  "params": {
    "alpha": -55.0,
    "dT": 0.16666666666666666,
    "dR": 1.0
  },
  "metadata": {
    "shear_max": 7.812108826422888,
    "vel_net": 1.3766765505351941e-14,
    "resolution": {
      "H": 25,
      "M": 65,
      "Nz": 129,
      "Nth": 128
    },
    "timestamp": "2026-04-16T17:12:02.104181"
  }
}