{
  "k": [
    0.1,
    0.10985411419875583,
    0.12067926406393285,
    0.13257113655901093,
    0.14563484775012436,
    0.15998587196060582,
    0.1757510624854792,
    0.193069772888325,
    0.21209508879201905,
    0.2329951810515372,
    0.2559547922699536,
    0.281176869797423,
    0.3088843596477481,
    0.3393221771895328,
    0.372759372031494,
    0.4094915062380424,
    0.44984326689694454,
    0.49417133613238345,
    0.5428675439323859,
    0.5963623316594643,
    0.6551285568595507,
    0.7196856730011519,
    0.7906043210907697,
    0.8685113737513525,
    0.9540954763499939,
    1.0481131341546859,
    1.151395399326447,
    1.2648552168552958,
    1.3894954943731375,
    1.5264179671752334,
    1.6768329368110073,
    1.8420699693267153,
    2.0235896477251565,
    2.2229964825261943,
    2.442053094548651,
    2.6826957952797246,
    2.9470517025518097,
    3.2374575428176433,
    3.5564803062231283,
    3.9069399370546147,
    4.291934260128776,
    4.714866363457392,
    5.17947467923121,
    5.689866029018296,
    6.250551925273969,
    6.866488450042998,
    7.543120063354615,
    8.286427728546842,
    9.102981779915218,
    10.0
  ],
  "gamma_max": [
    -0.03231408830112458,
    -0.03997040443693445,
    -0.0491795643285336,
    -0.060248733070548476,
    -0.0735421515819944,
    -0.08948989619561512,
    -0.10859690185313926,
    -0.1314513120648335,
    -0.1587299748478914,
    -0.1911953997878428,
    -0.22966633048887874,
    -0.27488950640587334,
    -0.32689204529149446,
    -0.3799736477755304,
    -0.40488866493154757,
    -0.40565664556810693,
    -0.401058321742904,
    -0.3943886344983869,
    -0.3863254170694203,
    -0.37708667329025775,
    -0.36678291327060586,
    -0.3555059574950454,
    -0.3433555259173452,
    -0.2347843935411897,
    -0.052679067284582326,
    0.12374337273409819,
    0.28942626831601564,
    0.4374866541621585,
    0.5581732580098314,
    0.6373335380747523,
    0.6542761209353924,
    0.5794471287857619,
    0.37629663835629973,
    0.5004431749625594,
    1.2953835399790956,
    2.134991702159739,
    2.6863137591951753,
    2.840096332697254,
    2.5287183370180464,
    1.6400071293572607,
    -0.011338717623254946,
    -0.460131531263763,
    -0.30763479402308913,
    -0.403107983304696,
    -0.7772939304970612,
    -1.443520894221502,
    -2.4217313635529134,
    -3.7351429334367445,
    -5.395290985623377,
    -7.392064947311977
  ],
  "omega_max": [
    -5.065198223807739e-13,
    3.097626654002094e-13,
    -4.727263502402944e-13,
    -1.1708591280675824e-12,
    9.970846949266468e-14,
    9.000164019232399e-13,
    9.985650212705947e-14,
    9.046872179656004e-13,
    1.903757750886423e-12,
    -1.0427321327930373e-12,
    -6.050568017638225e-13,
    2.6522000638215066e-12,
    -8.024685459885237e-13,
    8.067675882496957e-13,
    1.111336078691423e-13,
    -2.344981850182753e-13,
    -2.4628622820331266e-13,
    -2.0345820746628414e-13,
    2.979901999627308e-13,
    -1.1253472827261604e-15,
    -6.47477990684821e-14,
    -4.937614822925205e-14,
    9.471306831634236e-14,
    6.1134859364027045,
    -6.199841153815785,
    -6.274769551104663,
    6.330841563067717,
    -6.359302852811959,
    6.350185322936803,
    -6.292588944632303,
    6.175350107488297,
    -5.988961580456619,
    -5.733424283053893,
    -3.7961557875852936e-12,
    -2.416245702932457e-11,
    1.3620244220066629e-11,
    6.888871660326535e-13,
    -1.2390963957919739e-12,
    -5.032805867557063e-12,
    -1.2798624372431249e-11,
    -9.560205652306447e-12,
    8.625336929545272,
    -9.586657150957482,
    10.747736681729041,
    -12.058095780336215,
    13.509565204824282,
    -15.122973951182697,
    16.94031065746985,
    19.016453143203375,
    -21.390422618436933
  ],
  "params": {
    "alpha": -43.0,
    "dT": 0.1,
    "dR": 1.0
  },
  "metadata": {
    "shear_max": 6.117331534708145,
    "vel_net": 2.0050627824730327e-13,
    "resolution": {
      "H": 25,
      "M": 65,
      "Nz": 129,
      "Nth": 128
    },
    "timestamp": "2026-04-15T21:56:05.284305"
  }
}