{
  "k": [
    0.1,
    0.10985411419875583,
    0.12067926406393285,
    0.13257113655901093,
    0.14563484775012436,
    0.15998587196060582,
    0.1757510624854792,
    0.193069772888325,
    0.21209508879201905,
    0.2329951810515372,
    0.2559547922699536,
    0.281176869797423,
    0.3088843596477481,
    0.3393221771895328,
    0.372759372031494,
    0.4094915062380424,
    0.44984326689694454,
    0.49417133613238345,
    0.5428675439323859,
    0.5963623316594643,
    0.6551285568595507,
    0.7196856730011519,
    0.7906043210907697,
    0.8685113737513525,
    0.9540954763499939,
    1.0481131341546859,
    1.151395399326447,
    1.2648552168552958,
    1.3894954943731375,
    1.5264179671752334,
    1.6768329368110073,
    1.8420699693267153,
    2.0235896477251565,
    2.2229964825261943,
    2.442053094548651,
    2.6826957952797246,
    2.9470517025518097,
    3.2374575428176433,
    3.5564803062231283,
    3.9069399370546147,
    4.291934260128776,
    4.714866363457392,
    5.17947467923121,
    5.689866029018296,
    6.250551925273969,
    6.866488450042998,
    7.543120063354615,
    8.286427728546842,
    9.102981779915218,
    10.0
  ],
  "gamma_max": [
    -1.0058319437465741,
    -1.0070393140028182,
    -1.0084969818101268,
    -1.0102569896243232,
    -1.0123822700758742,
    -1.0149489558774956,
    -1.018049193436955,
    -1.0217945759941995,
    -1.026320341264468,
    -1.0317905161472314,
    -1.0384042399361737,
    -1.0464035617798686,
    -1.0560830939920207,
    -1.0678020194964744,
    -1.0819991139297884,
    -1.0992116751131356,
    -1.1200995967488232,
    -1.1454763551393556,
    -1.1763495400288067,
    -1.2139750351883158,
    -1.2599316297059693,
    -1.3162280342015646,
    -1.3854652001127037,
    -1.471102236286931,
    -1.5779414884115979,
    -1.713161616861347,
    -1.8401795710624975,
    -1.9775794319542501,
    -2.143763834314734,
    -2.3446942896766734,
    -2.587554788523003,
    -2.8810062220542125,
    -3.235495988488961,
    -3.663634822247746,
    -4.1806550067948525,
    -4.7847308830880175,
    -5.489051736827591,
    -6.359300788301995,
    -7.428015226750288,
    -8.733860543166763,
    -10.323228975346014,
    -12.25208832284839,
    -14.58811323443188,
    -17.413161855826253,
    -20.826187569117696,
    -24.946699848832335,
    -29.91891361984532,
    -35.91675593401673,
    -43.149932557355434,
    -51.871292350484474
  ],
  "omega_max": [
    -2.507101956647909e-16,
    2.582175423887407e-16,
    3.0883086804083497e-16,
    2.3286878013819245e-16,
    5.963937127351528e-16,
    4.143987060422909e-16,
    -6.395319922099843e-16,
    1.3315250511289114e-16,
    1.8268976901572253e-15,
    -2.2535884709146894e-16,
    -2.648523460542772e-16,
    6.410807689415872e-17,
    -1.8993437712999395e-17,
    -1.218644515660759e-13,
    -1.1697863503305622e-15,
    1.7955242309904713e-13,
    -6.964557301075016e-16,
    4.224550301281322e-15,
    7.68162333922842e-16,
    5.726612352332132e-15,
    -2.996077951963347e-15,
    -1.3656230912682664e-14,
    -2.088466671056185e-14,
    -8.505487353553687e-14,
    4.312375980449701e-14,
    -4.920212365850215e-14,
    0.5884550396571256,
    -0.6487394501357714,
    0.7142505787654185,
    -0.7856384677686934,
    -0.8636275176780652,
    -0.9490224143022651,
    -1.042713860890147,
    -1.1456852949793326,
    1.2590223623331294,
    1.3061423878186786,
    -1.4510662260632503,
    1.6081117593926024,
    -1.7804373628505694,
    1.970884849232343,
    -2.1821640798398727,
    2.4170503738698015,
    2.678560546018929,
    2.970097165206465,
    3.295563441933643,
    -3.659453165208832,
    4.066916825646081,
    -4.52380289226458,
    5.0366769349953255,
    5.612831927600391
  ],
  "params": {
    "alpha": -16.0,
    "dT": 0.5,
    "dR": 1.0
  },
  "metadata": {
    "shear_max": 2.008510685088027e-09,
    "vel_net": 0.0,
    "resolution": {
      "H": 25,
      "M": 65,
      "Nz": 129,
      "Nth": 128
    },
    "timestamp": "2026-04-13T11:05:49.881501"
  }
}