{
  "k": [
    0.1,
    0.10985411419875583,
    0.12067926406393285,
    0.13257113655901093,
    0.14563484775012436,
    0.15998587196060582,
    0.1757510624854792,
    0.193069772888325,
    0.21209508879201905,
    0.2329951810515372,
    0.2559547922699536,
    0.281176869797423,
    0.3088843596477481,
    0.3393221771895328,
    0.372759372031494,
    0.4094915062380424,
    0.44984326689694454,
    0.49417133613238345,
    0.5428675439323859,
    0.5963623316594643,
    0.6551285568595507,
    0.7196856730011519,
    0.7906043210907697,
    0.8685113737513525,
    0.9540954763499939,
    1.0481131341546859,
    1.151395399326447,
    1.2648552168552958,
    1.3894954943731375,
    1.5264179671752334,
    1.6768329368110073,
    1.8420699693267153,
    2.0235896477251565,
    2.2229964825261943,
    2.442053094548651,
    2.6826957952797246,
    2.9470517025518097,
    3.2374575428176433,
    3.5564803062231283,
    3.9069399370546147,
    4.291934260128776,
    4.714866363457392,
    5.17947467923121,
    5.689866029018296,
    6.250551925273969,
    6.866488450042998,
    7.543120063354615,
    8.286427728546842,
    9.102981779915218,
    10.0
  ],
  "gamma_max": [
    -0.07267209326439072,
    -0.08085942157925385,
    -0.09071126213020042,
    -0.10255943137201935,
    -0.11679931062657545,
    -0.13390130699826946,
    -0.15442465177198944,
    -0.17903506077996578,
    -0.20853053041961264,
    -0.2438890171086392,
    -0.28639176323616333,
    -0.33812088054796124,
    -0.4071950504329425,
    -0.4629045063959024,
    -0.5004053761217051,
    -0.4750745051792104,
    -0.4644309253378486,
    -0.45586285270079574,
    -0.44747787964724345,
    -0.43881910361811616,
    -0.42977078482424136,
    -0.4203616672201589,
    -0.4107063043891325,
    -0.24763359783857397,
    -0.052597549554907905,
    0.13685178445509089,
    0.3154442162490053,
    0.4758937299497294,
    0.6077140185627021,
    0.6954304586809796,
    0.7159248979714173,
    0.6348769182076309,
    0.40566345394045594,
    0.5699526314676786,
    1.5194309977319205,
    2.461253621738901,
    3.0690757154175983,
    3.238867008001772,
    2.8915926452409813,
    1.8772603087500517,
    -0.07481237093933914,
    -0.7273438756657034,
    -0.47669045196959825,
    -0.5765681504266623,
    -1.0290481007563534,
    -1.836994029692619,
    -3.027085257357175,
    -4.643476236373996,
    -6.732383989977613,
    -9.304280456120027
  ],
  "omega_max": [
    1.4284472761203159e-12,
    1.5406685812023403e-12,
    -1.9801903255694867e-13,
    -1.8051579140860895e-12,
    2.6418634573803346e-12,
    -1.06330438504529e-12,
    1.122625714739682e-12,
    3.638773787523111e-12,
    5.4680309212593695e-12,
    -1.250522520073113e-13,
    6.057145209854541e-13,
    2.9139884580849296e-12,
    5.680167859416272e-12,
    0.03871236723794009,
    0.02561637046487581,
    3.901661578355238e-14,
    3.59052909761978e-13,
    -4.366695479092365e-14,
    -7.336173255784977e-14,
    4.445260473995859e-13,
    -3.053841802485754e-14,
    1.2168451654025194e-14,
    1.1302856053600717e-15,
    6.587302880738369,
    6.681848453016519,
    -6.763889230417888,
    -6.825306890380363,
    -6.856512419078584,
    -6.846564420190853,
    6.7834995849361475,
    -6.655131199647576,
    -6.451196304708204,
    6.170724646252945,
    3.0665696137618813e-11,
    4.897486203419847e-12,
    -3.927677432253139e-13,
    8.460725641463462e-13,
    2.8508704850045207e-12,
    -1.7684246378855317e-12,
    2.8767916394141807e-13,
    2.6006798244916007e-11,
    -8.684739168640514,
    -9.726098660768395,
    10.98307168843181,
    12.369784247965171,
    -13.875346849108984,
    15.521296356305882,
    -17.35246790373632,
    -19.442256553722085,
    21.885028226522888
  ],
  "params": {
    "alpha": -46.0,
    "dT": 0.125,
    "dR": 1.0
  },
  "metadata": {
    "shear_max": 6.509094293884327,
    "vel_net": 3.3306690738754696e-15,
    "resolution": {
      "H": 25,
      "M": 65,
      "Nz": 129,
      "Nth": 128
    },
    "timestamp": "2026-04-16T03:58:26.810231"
  }
}