{
  "k": [
    0.1,
    0.10985411419875583,
    0.12067926406393285,
    0.13257113655901093,
    0.14563484775012436,
    0.15998587196060582,
    0.1757510624854792,
    0.193069772888325,
    0.21209508879201905,
    0.2329951810515372,
    0.2559547922699536,
    0.281176869797423,
    0.3088843596477481,
    0.3393221771895328,
    0.372759372031494,
    0.4094915062380424,
    0.44984326689694454,
    0.49417133613238345,
    0.5428675439323859,
    0.5963623316594643,
    0.6551285568595507,
    0.7196856730011519,
    0.7906043210907697,
    0.8685113737513525,
    0.9540954763499939,
    1.0481131341546859,
    1.151395399326447,
    1.2648552168552958,
    1.3894954943731375,
    1.5264179671752334,
    1.6768329368110073,
    1.8420699693267153,
    2.0235896477251565,
    2.2229964825261943,
    2.442053094548651,
    2.6826957952797246,
    2.9470517025518097,
    3.2374575428176433,
    3.5564803062231283,
    3.9069399370546147,
    4.291934260128776,
    4.714866363457392,
    5.17947467923121,
    5.689866029018296,
    6.250551925273969,
    6.866488450042998,
    7.543120063354615,
    8.286427728546842,
    9.102981779915218,
    10.0
  ],
  "gamma_max": [
    0.25517501576030505,
    0.25294747773588,
    0.2502588900765756,
    0.24701372193567772,
    0.2430965997857234,
    0.23836816324490792,
    0.23266004452208752,
    0.22576878080058077,
    0.2174484247628596,
    0.2074015627500658,
    0.19526837816662668,
    0.18061330588551033,
    0.16290870025057264,
    0.1415147757990105,
    0.11565484839195822,
    0.0843845793296402,
    0.04655343053095425,
    0.0007557686099842414,
    -0.054732229633946756,
    -0.12203600918883016,
    -0.20379695695839736,
    -0.30333749992344317,
    -0.4249189719916932,
    -0.5741946178206726,
    -0.759160804994843,
    -0.9928130319802255,
    -1.3061972674905356,
    -1.7393621249544133,
    -2.0255682726414097,
    -2.3714617998676824,
    -2.7894554228876656,
    -3.294537132636927,
    -3.904805276040628,
    -4.642114664943708,
    -5.532856873144281,
    -6.608903218468375,
    -7.872726737346784,
    -9.3673584487107,
    -11.205467146016659,
    -13.453553541330606,
    -16.19171885113551,
    -19.516828304527856,
    -23.546194772680117,
    -28.421892731574477,
    -34.31586109954643,
    -41.43599505401037,
    -50.033465886102455,
    -60.411549931879534,
    -72.93629728433577,
    -88.0494313256062
  ],
  "omega_max": [
    -8.288688715386564e-15,
    5.053580978552313e-14,
    -3.3557372266419145e-14,
    2.7224311307265166e-14,
    -1.5575410438627434e-14,
    5.257314412257481e-16,
    -8.576567526924224e-15,
    -3.777937585018512e-14,
    2.6866323973826932e-15,
    1.3476426264649555e-14,
    -3.033244530130668e-15,
    -9.794029938595817e-15,
    2.1260799435336674e-14,
    4.246024303269784e-15,
    -1.1688298702764373e-14,
    1.2918217753367784e-15,
    3.958075056629642e-15,
    1.0094944190396308e-15,
    3.1847448148663055e-15,
    -1.5002784668785512e-14,
    4.180542175154619e-15,
    -7.357807589917119e-15,
    3.754130000734605e-14,
    3.016334616043317e-14,
    7.997456183294859e-14,
    6.40060343064589e-14,
    -1.2815182048894744e-13,
    0.1823768516619966,
    0.3455482204748962,
    -0.47206551536828584,
    0.589268808986774,
    0.7050291813714619,
    -0.8233268612238375,
    -0.9468340292766287,
    1.0777104367595962,
    -1.2179294249297874,
    1.2125899448163344,
    -1.3443282050572791,
    -1.5065100669087934,
    -1.6989493004032354,
    1.9209601197694097,
    2.172244628429626,
    2.4533381600876254,
    -2.765748024271824,
    -3.111939514214325,
    3.4952720915295368,
    3.919937546096264,
    4.390919375548866,
    -4.9139772918294735,
    -5.495657238242217
  ],
  "params": {
    "alpha": -26.0,
    "dT": 0.875,
    "dR": 1.0
  },
  "metadata": {
    "shear_max": 4.294769002113996e-09,
    "vel_net": 0.0,
    "resolution": {
      "H": 25,
      "M": 65,
      "Nz": 129,
      "Nth": 128
    },
    "timestamp": "2026-04-13T12:30:55.421547"
  }
}