{
  "k": [
    0.1,
    0.10985411419875583,
    0.12067926406393285,
    0.13257113655901093,
    0.14563484775012436,
    0.15998587196060582,
    0.1757510624854792,
    0.193069772888325,
    0.21209508879201905,
    0.2329951810515372,
    0.2559547922699536,
    0.281176869797423,
    0.3088843596477481,
    0.3393221771895328,
    0.372759372031494,
    0.4094915062380424,
    0.44984326689694454,
    0.49417133613238345,
    0.5428675439323859,
    0.5963623316594643,
    0.6551285568595507,
    0.7196856730011519,
    0.7906043210907697,
    0.8685113737513525,
    0.9540954763499939,
    1.0481131341546859,
    1.151395399326447,
    1.2648552168552958,
    1.3894954943731375,
    1.5264179671752334,
    1.6768329368110073,
    1.8420699693267153,
    2.0235896477251565,
    2.2229964825261943,
    2.442053094548651,
    2.6826957952797246,
    2.9470517025518097,
    3.2374575428176433,
    3.5564803062231283,
    3.9069399370546147,
    4.291934260128776,
    4.714866363457392,
    5.17947467923121,
    5.689866029018296,
    6.250551925273969,
    6.866488450042998,
    7.543120063354615,
    8.286427728546842,
    9.102981779915218,
    10.0
  ],
  "gamma_max": [
    -1.0083342898363528,
    -1.0100582119834947,
    -1.0121388358224679,
    -1.0146500198759556,
    -1.0176809400179758,
    -1.0213392774197296,
    -1.0257550753466573,
    -1.0310854077203468,
    -1.0375200341779962,
    -1.0452882559243473,
    -1.0546672361959024,
    -1.0659921117288123,
    -1.079668301481961,
    -1.0961865222192215,
    -1.1161411564484738,
    -1.140252800459953,
    -1.1693960703587085,
    -1.2046340969196114,
    -1.2472616540595947,
    -1.2988596420026088,
    -1.3613648687704598,
    -1.4371610942443704,
    -1.5292008359665668,
    -1.6411740572729594,
    -1.7777533495597755,
    -1.94497577221015,
    -2.150900767542215,
    -2.4069302203361844,
    -2.7311783788240183,
    -3.134977021749115,
    -3.4868986965725344,
    -3.9151670533416025,
    -4.435465777533463,
    -5.0666775391479675,
    -5.8315628776209625,
    -6.757583033379409,
    -7.874876951924834,
    -9.183220808474301,
    -10.784237638393314,
    -12.73584157973775,
    -15.107596434649668,
    -17.983399572777078,
    -21.464614928073225,
    -25.673749351894234,
    -30.758805538028625,
    -36.89848013687964,
    -44.308412032213205,
    -53.2487271178479,
    -64.03317356027092,
    -77.04019328045989
  ],
  "omega_max": [
    1.741969528306536e-16,
    3.2851802811949205e-16,
    -3.189153434128747e-16,
    -5.542736590929955e-16,
    -7.125541038005487e-16,
    -1.3866102943056385e-15,
    -6.840224132907125e-16,
    1.3686657512772889e-15,
    -7.307602195115711e-14,
    -3.017295245160939e-16,
    1.3812999426606752e-15,
    -1.1250528992502974e-15,
    -3.637506008163375e-17,
    8.598311029000233e-17,
    -1.4493314933472435e-15,
    -3.4307720258980372e-15,
    3.4273821441228605e-16,
    6.142136075507474e-16,
    -2.071636886522986e-15,
    -1.0172663543654453e-15,
    1.771536714803357e-15,
    1.8426653541122764e-15,
    1.1834558907006385e-15,
    -7.475831859853862e-16,
    1.7543782936785277e-16,
    2.5199380945147638e-15,
    -2.3113381767593927e-15,
    -2.37979174328996e-14,
    2.484457751846511e-15,
    0.7142677313491147,
    -0.8030799401209293,
    -0.8968096115443266,
    0.9968810167967331,
    1.1046986701725166,
    1.2216942129972093,
    1.3493618550471085,
    1.4240999741572171,
    -1.5898257275435368,
    -1.7673565955956867,
    1.9605471360323812,
    -2.172884785131076,
    -2.407747629117547,
    -2.66862521417262,
    2.959297028137169,
    3.2839712452830288,
    3.6473885445238716,
    4.054893941184208,
    4.512478622128483,
    -5.026798264233427,
    -5.605185327432112
  ],
  "params": {
    "alpha": -15.0,
    "dT": 0.75,
    "dR": 1.0
  },
  "metadata": {
    "shear_max": 1.702911415936504e-09,
    "vel_net": 2.5849394142282115e-26,
    "resolution": {
      "H": 25,
      "M": 65,
      "Nz": 129,
      "Nth": 128
    },
    "timestamp": "2026-04-13T10:48:17.404112"
  }
}