{
  "k": [
    0.1,
    0.10985411419875583,
    0.12067926406393285,
    0.13257113655901093,
    0.14563484775012436,
    0.15998587196060582,
    0.1757510624854792,
    0.193069772888325,
    0.21209508879201905,
    0.2329951810515372,
    0.2559547922699536,
    0.281176869797423,
    0.3088843596477481,
    0.3393221771895328,
    0.372759372031494,
    0.4094915062380424,
    0.44984326689694454,
    0.49417133613238345,
    0.5428675439323859,
    0.5963623316594643,
    0.6551285568595507,
    0.7196856730011519,
    0.7906043210907697,
    0.8685113737513525,
    0.9540954763499939,
    1.0481131341546859,
    1.151395399326447,
    1.2648552168552958,
    1.3894954943731375,
    1.5264179671752334,
    1.6768329368110073,
    1.8420699693267153,
    2.0235896477251565,
    2.2229964825261943,
    2.442053094548651,
    2.6826957952797246,
    2.9470517025518097,
    3.2374575428176433,
    3.5564803062231283,
    3.9069399370546147,
    4.291934260128776,
    4.714866363457392,
    5.17947467923121,
    5.689866029018296,
    6.250551925273969,
    6.866488450042998,
    7.543120063354615,
    8.286427728546842,
    9.102981779915218,
    10.0
  ],
  "gamma_max": [
    0.508127904258743,
    0.507141327122611,
    0.5059510654830979,
    0.504515145583394,
    0.5027829769920299,
    0.5006935967491698,
    0.498173560169514,
    0.49513440810382586,
    0.4914696260829521,
    0.4870509926131609,
    0.48172419020681734,
    0.47530352038648677,
    0.4675655176131533,
    0.45824118723515006,
    0.4470064819803833,
    0.43347044927219996,
    0.4171601704537484,
    0.397501065688451,
    0.37379014595378146,
    0.34515793002774126,
    0.3105110802317796,
    0.2684401372023194,
    0.21705920715411314,
    0.15369935849325322,
    0.07424052643862356,
    -0.028664984412511252,
    -0.17238831250008577,
    -0.5170072548929995,
    -0.5610909891988652,
    -0.6126347551544745,
    -0.6730793753260156,
    -0.7442122470731357,
    -0.8282369876637357,
    -0.9278526640747015,
    -1.0463475419728194,
    -1.1877123604716824,
    -1.329067303336795,
    -1.4948174432784942,
    -1.7066107548359717,
    -1.9725613270773605,
    -2.3023871240959477,
    -2.707803486346254,
    -3.202973755897528,
    -3.805020147434372,
    -4.534609293176305,
    -5.416636091862098,
    -6.481037280839959,
    -7.763773798617796,
    -9.308029010457682,
    -11.16567715596684
  ],
  "omega_max": [
    1.4661862512350075e-15,
    2.138136484883894e-15,
    -1.5648595002664765e-15,
    -3.6056343291143216e-15,
    2.696834928353304e-15,
    1.983340709919711e-15,
    2.914005938017614e-16,
    7.096252281970669e-16,
    4.4104277272848006e-16,
    1.906560552613046e-15,
    2.1400213576127946e-17,
    -6.0198914120068e-16,
    4.413728892983862e-15,
    -8.08324790251155e-16,
    1.1078934956569392e-15,
    3.789579468120045e-15,
    -1.9095419067322845e-16,
    3.1347720123868563e-15,
    2.1682002424502745e-15,
    -3.0795794601694954e-15,
    7.609175427440792e-16,
    4.53704430268105e-16,
    1.7675719534588554e-15,
    6.332938881171862e-16,
    7.597578294249585e-16,
    1.1440806172882752e-15,
    1.9935609804856435e-15,
    0.029988574797862155,
    0.33584688231803617,
    -0.4945039078927726,
    0.6322796637512879,
    -0.7635582803745516,
    -0.8943358299022458,
    1.02817407337,
    1.1676995438408924,
    -1.315145755487877,
    1.4051506586075468,
    -1.5593198362903395,
    -1.7332384934653569,
    -1.9282157739370795,
    -2.1457832513507245,
    2.3878324231936725,
    2.6567167321019824,
    -2.9553254048044786,
    -3.287138869515951,
    3.6562733295917864,
    -4.067518297146508,
    -4.526368254972773,
    5.039050164200527,
    -5.612553085827496
  ],
  "params": {
    "alpha": -20.0,
    "dT": 0.1,
    "dR": 1.0
  },
  "metadata": {
    "shear_max": 1.063619795870062e-08,
    "vel_net": 2.8113215935435983e-14,
    "resolution": {
      "H": 25,
      "M": 65,
      "Nz": 129,
      "Nth": 128
    },
    "timestamp": "2026-04-13T12:11:35.505855"
  }
}