{
  "k": [
    0.1,
    0.10985411419875583,
    0.12067926406393285,
    0.13257113655901093,
    0.14563484775012436,
    0.15998587196060582,
    0.1757510624854792,
    0.193069772888325,
    0.21209508879201905,
    0.2329951810515372,
    0.2559547922699536,
    0.281176869797423,
    0.3088843596477481,
    0.3393221771895328,
    0.372759372031494,
    0.4094915062380424,
    0.44984326689694454,
    0.49417133613238345,
    0.5428675439323859,
    0.5963623316594643,
    0.6551285568595507,
    0.7196856730011519,
    0.7906043210907697,
    0.8685113737513525,
    0.9540954763499939,
    1.0481131341546859,
    1.151395399326447,
    1.2648552168552958,
    1.3894954943731375,
    1.5264179671752334,
    1.6768329368110073,
    1.8420699693267153,
    2.0235896477251565,
    2.2229964825261943,
    2.442053094548651,
    2.6826957952797246,
    2.9470517025518097,
    3.2374575428176433,
    3.5564803062231283,
    3.9069399370546147,
    4.291934260128776,
    4.714866363457392,
    5.17947467923121,
    5.689866029018296,
    6.250551925273969,
    6.866488450042998,
    7.543120063354615,
    8.286427728546842,
    9.102981779915218,
    10.0
  ],
  "gamma_max": [
    -2.1453042283594814,
    -2.1442351702666143,
    -2.143269437863589,
    -2.1424608879979083,
    -2.141877963634633,
    -2.1416071578742932,
    -2.141757280045528,
    -2.142464711592182,
    -2.143899881945079,
    -2.1462752448745968,
    -2.083251337596514,
    -2.014415045709289,
    -1.9416808746005618,
    -1.8653375865153723,
    -1.7858448234925846,
    -1.7038730993130766,
    -1.6203489289134887,
    -1.536504895653903,
    -1.4539343242159228,
    -1.3746501672237683,
    -1.301147759520003,
    -1.2364712593938483,
    -1.18428388739879,
    -1.1489424931902792,
    -1.135577563714603,
    -1.1501806402481627,
    -1.1997024675076473,
    -1.2921674565517918,
    -1.436813878695928,
    -1.6442756180510791,
    -1.926832054573751,
    -1.830606121371058,
    -1.7878016654341633,
    -1.8658876087998584,
    -2.108290575243221,
    -2.563907890393432,
    -3.286036223418511,
    -4.332378095512158,
    -5.766285700164891,
    -7.659263692930676,
    -10.094614494101778,
    -13.172079103043385,
    -17.013494538124597,
    -21.769925203893266,
    -27.6317486762771,
    -34.84647852102667,
    -43.76410140675914,
    -54.72972811001713,
    -66.64841805591327,
    -80.63361412550739
  ],
  "omega_max": [
    1.1018626467405133,
    1.1202065240172288,
    1.1404583991750494,
    1.1628240297525687,
    1.187532082416581,
    1.2148365820672968,
    1.2450195232637826,
    1.2783936067298902,
    1.3153050374149742,
    1.3561362851930772,
    5.397131290540651,
    5.4670034295643735,
    5.54416498755366,
    5.629275946297054,
    5.723011039328956,
    5.826045092585164,
    5.939035367798935,
    6.0626021026112,
    6.1973094906609525,
    6.343650607058974,
    6.502041127595593,
    6.672827811407223,
    6.8563181852474475,
    7.052837073494665,
    7.262812908499313,
    7.486891590173127,
    7.726067899939086,
    7.981814646293525,
    8.256179152336218,
    8.551807258990605,
    8.871848816684876,
    7.946086318480526,
    8.29353613987827,
    8.695975776209371,
    9.162574076702292,
    9.70150356204414,
    10.320363464248599,
    11.026685612377252,
    11.828418790927234,
    12.73444487253236,
    13.755206831600033,
    14.903555625365264,
    16.19601601708151,
    17.654937285368405,
    19.312847548394906,
    21.223938527631752,
    23.513924418951497,
    19.46021607384288,
    20.932652794633245,
    35.146891671404894
  ],
  "params": {
    "alpha": -41.0,
    "dT": 0.8,
    "dR": 1.0
  },
  "metadata": {
    "shear_max": 5.3624594853477126,
    "vel_net": 2.226130795489995,
    "resolution": {
      "H": 25,
      "M": 65,
      "Nz": 129,
      "Nth": 128
    },
    "timestamp": "2026-04-13T17:20:09.314494"
  }
}