{
  "k": [
    0.1,
    0.10985411419875583,
    0.12067926406393285,
    0.13257113655901093,
    0.14563484775012436,
    0.15998587196060582,
    0.1757510624854792,
    0.193069772888325,
    0.21209508879201905,
    0.2329951810515372,
    0.2559547922699536,
    0.281176869797423,
    0.3088843596477481,
    0.3393221771895328,
    0.372759372031494,
    0.4094915062380424,
    0.44984326689694454,
    0.49417133613238345,
    0.5428675439323859,
    0.5963623316594643,
    0.6551285568595507,
    0.7196856730011519,
    0.7906043210907697,
    0.8685113737513525,
    0.9540954763499939,
    1.0481131341546859,
    1.151395399326447,
    1.2648552168552958,
    1.3894954943731375,
    1.5264179671752334,
    1.6768329368110073,
    1.8420699693267153,
    2.0235896477251565,
    2.2229964825261943,
    2.442053094548651,
    2.6826957952797246,
    2.9470517025518097,
    3.2374575428176433,
    3.5564803062231283,
    3.9069399370546147,
    4.291934260128776,
    4.714866363457392,
    5.17947467923121,
    5.689866029018296,
    6.250551925273969,
    6.866488450042998,
    7.543120063354615,
    8.286427728546842,
    9.102981779915218,
    10.0
  ],
  "gamma_max": [
    0.20952061456697857,
    0.20805101349157737,
    0.2062777589084239,
    0.2041381617668395,
    0.20155660974517198,
    0.19844190780012338,
    0.19468407070560775,
    0.19015045140871345,
    0.184681062842618,
    0.17808291316920502,
    0.1701231245003151,
    0.16052053214954426,
    0.14893535041399372,
    0.13495631510718328,
    0.11808441991152077,
    0.09771185546288534,
    0.07309383750415188,
    0.043309258149001245,
    0.007202572640235413,
    -0.036708258906909694,
    -0.09039094812825726,
    -0.15660680583731823,
    -0.2396056581673208,
    -0.3471163670942672,
    -0.49945018723320167,
    -0.7638417607174481,
    -0.8332871210288983,
    -0.9153176205396308,
    -1.0122505357593443,
    -1.1268963931791016,
    -1.262679351396154,
    -1.4237823842899908,
    -1.6153204091448325,
    -1.8435451353007606,
    -2.1160864404343003,
    -2.407904767811015,
    -2.7478391337954005,
    -3.175013785862002,
    -3.705749872183439,
    -4.359438512043549,
    -5.159371049217304,
    -6.133700009813159,
    -7.316535050248812,
    -8.749197512656172,
    -10.481676633937761,
    -12.57434785441494,
    -15.10002920245941,
    -18.14646652613165,
    -21.819353576982913,
    -26.246008791439053
  ],
  "omega_max": [
    3.449691505595814e-15,
    1.1300043041712594e-15,
    3.5426953873280814e-15,
    9.46156169604015e-15,
    -8.869856925416036e-15,
    -1.1022523133671268e-15,
    -3.553608457463262e-15,
    3.71989230872284e-15,
    1.1248214512923957e-15,
    -4.706390182560407e-15,
    -6.295497959584996e-15,
    -1.8828566544723998e-15,
    2.4163937491430185e-15,
    -3.5535247407152146e-15,
    4.1691122353908175e-15,
    4.330985258955861e-16,
    4.49578087427553e-16,
    -6.451007954219065e-16,
    4.523322660613034e-16,
    -1.809510597307934e-15,
    -1.981335555309236e-16,
    6.075884268791257e-15,
    -2.1860196686778038e-14,
    4.0799194704437554e-14,
    6.585086791183042e-14,
    0.1411781160468598,
    0.30549399996381305,
    -0.4242381788529132,
    -0.5314224192568967,
    -0.635388128017879,
    0.7400723202180789,
    0.8479668499097641,
    0.9609712969391774,
    1.0807254564544577,
    -1.2087684822663503,
    -1.2600670258692757,
    -1.39308145656751,
    1.545103433087101,
    1.7175759280074638,
    1.9118017433055245,
    -2.129196295932591,
    2.371490789318481,
    -2.640877760217244,
    2.9401104072079334,
    3.272571192127942,
    3.6423209354214827,
    4.054133999851873,
    -4.513522122816523,
    -5.026750510714151,
    -5.600854962354443
  ],
  "params": {
    "alpha": -20.0,
    "dT": 0.25,
    "dR": 1.0
  },
  "metadata": {
    "shear_max": 6.087632670133116e-09,
    "vel_net": 3.101927297073854e-25,
    "resolution": {
      "H": 25,
      "M": 65,
      "Nz": 129,
      "Nth": 128
    },
    "timestamp": "2026-04-13T11:55:30.083206"
  }
}