{
  "k": [
    0.1,
    0.10985411419875583,
    0.12067926406393285,
    0.13257113655901093,
    0.14563484775012436,
    0.15998587196060582,
    0.1757510624854792,
    0.193069772888325,
    0.21209508879201905,
    0.2329951810515372,
    0.2559547922699536,
    0.281176869797423,
    0.3088843596477481,
    0.3393221771895328,
    0.372759372031494,
    0.4094915062380424,
    0.44984326689694454,
    0.49417133613238345,
    0.5428675439323859,
    0.5963623316594643,
    0.6551285568595507,
    0.7196856730011519,
    0.7906043210907697,
    0.8685113737513525,
    0.9540954763499939,
    1.0481131341546859,
    1.151395399326447,
    1.2648552168552958,
    1.3894954943731375,
    1.5264179671752334,
    1.6768329368110073,
    1.8420699693267153,
    2.0235896477251565,
    2.2229964825261943,
    2.442053094548651,
    2.6826957952797246,
    2.9470517025518097,
    3.2374575428176433,
    3.5564803062231283,
    3.9069399370546147,
    4.291934260128776,
    4.714866363457392,
    5.17947467923121,
    5.689866029018296,
    6.250551925273969,
    6.866488450042998,
    7.543120063354615,
    8.286427728546842,
    9.102981779915218,
    10.0
  ],
  "gamma_max": [
    -0.06483944179316103,
    -0.07270535884195185,
    -0.0821654399384202,
    -0.09353492181020834,
    -0.10718796597031134,
    -0.12356726418193008,
    -0.14319471873838022,
    -0.16668329816913643,
    -0.1947505544146896,
    -0.2282357858872578,
    -0.2681289409625767,
    -0.3156508785556121,
    -0.3727009248956125,
    -0.44583541764172546,
    -0.46062108438817134,
    -0.4521673503143378,
    -0.4467202501633688,
    -0.44136899119119966,
    -0.43582583323361046,
    -0.4301018770364733,
    -0.4243324062959121,
    -0.41875090931508835,
    -0.41368836194944164,
    -0.33827165942945403,
    -0.12060636494522298,
    0.09335348435861847,
    0.29768202902345575,
    0.48377465015115656,
    0.6386226016217268,
    0.7419754490747008,
    0.7615566292686334,
    0.6452351035983559,
    0.3158755464135954,
    1.227462981940073,
    2.6960092489668503,
    3.9296894493705614,
    4.7414710390487755,
    5.089797151665881,
    4.916074434463407,
    4.096601181722051,
    2.405962233334005,
    -0.29442284197163293,
    0.3211436754429559,
    0.49821768840331004,
    0.24319909152341354,
    -0.41943367921075575,
    -1.505767195251607,
    -3.0637478280544777,
    -5.162395156240587,
    -7.8536999197825335
  ],
  "omega_max": [
    -5.232094579746116e-12,
    -8.319020844729105e-12,
    -1.2768023921880198e-13,
    -2.6188767325019214e-13,
    -6.975050678913404e-12,
    -8.229235822618065e-12,
    -1.188306986531043e-12,
    -1.6034587956504303e-12,
    6.130106765792496e-12,
    -1.9648830089435553e-12,
    8.601332268017995e-12,
    5.0292519519589645e-12,
    2.708777321305737e-12,
    -0.014280556401519323,
    -8.55441847779231e-13,
    2.6330075951735315e-13,
    5.338920397737624e-13,
    -6.839682303144629e-13,
    1.200662162618071e-13,
    1.356842118916815e-13,
    2.3672461740813717e-14,
    -2.6352261075672894e-13,
    -1.4592146638520846e-15,
    -7.484385261060531,
    7.587773597935276,
    7.676639602040315,
    -7.741528923417811,
    -7.771027452975665,
    7.751820297418904,
    -7.669032642092655,
    -7.507302392278364,
    -7.2542107342812825,
    6.9118319081966755,
    -1.9128971457804448e-11,
    2.18184518929356e-11,
    -2.0671105387486156e-11,
    -1.2215662849454119e-11,
    1.4709909385701115e-12,
    7.788433240617074e-12,
    -4.193241602559859e-11,
    1.400265762055677e-11,
    9.480286623661636,
    10.57106122251434,
    11.988120584500852,
    -13.55506163994262,
    -15.236252837289202,
    -17.04707799305168,
    19.029587917796757,
    -21.2609019657367,
    -23.879716020188724
  ],
  "params": {
    "alpha": -51.0,
    "dT": 0.125,
    "dR": 1.0
  },
  "metadata": {
    "shear_max": 7.3682419105856285,
    "vel_net": 2.9753977059954195e-14,
    "resolution": {
      "H": 25,
      "M": 65,
      "Nz": 129,
      "Nth": 128
    },
    "timestamp": "2026-04-17T10:05:27.756472"
  }
}