{
  "k": [
    0.1,
    0.10985411419875583,
    0.12067926406393285,
    0.13257113655901093,
    0.14563484775012436,
    0.15998587196060582,
    0.1757510624854792,
    0.193069772888325,
    0.21209508879201905,
    0.2329951810515372,
    0.2559547922699536,
    0.281176869797423,
    0.3088843596477481,
    0.3393221771895328,
    0.372759372031494,
    0.4094915062380424,
    0.44984326689694454,
    0.49417133613238345,
    0.5428675439323859,
    0.5963623316594643,
    0.6551285568595507,
    0.7196856730011519,
    0.7906043210907697,
    0.8685113737513525,
    0.9540954763499939,
    1.0481131341546859,
    1.151395399326447,
    1.2648552168552958,
    1.3894954943731375,
    1.5264179671752334,
    1.6768329368110073,
    1.8420699693267153,
    2.0235896477251565,
    2.2229964825261943,
    2.442053094548651,
    2.6826957952797246,
    2.9470517025518097,
    3.2374575428176433,
    3.5564803062231283,
    3.9069399370546147,
    4.291934260128776,
    4.714866363457392,
    5.17947467923121,
    5.689866029018296,
    6.250551925273969,
    6.866488450042998,
    7.543120063354615,
    8.286427728546842,
    9.102981779915218,
    10.0
  ],
  "gamma_max": [
    0.9774768155905649,
    0.9761291873556215,
    0.9745038832228717,
    0.9725439333153243,
    0.9701807883030733,
    0.9673320126960053,
    0.9638985393998646,
    0.9597614090528098,
    0.9547779086831403,
    0.9487770134726569,
    0.9415540238665654,
    0.9328642778919307,
    0.9224158048699953,
    0.909860764026187,
    0.8947854811965416,
    0.8766988368636167,
    0.8550186541286394,
    0.8290555408653612,
    0.797993288491312,
    0.7608643077751177,
    0.7165174846537615,
    0.6635739102766003,
    0.6003624667525655,
    0.5248206795464072,
    0.43433272061397654,
    0.3254451187295016,
    0.19331616406341737,
    0.030475868642065154,
    -0.17676950716612405,
    -0.4659158936473294,
    -0.9037029344419671,
    -1.0674864016174683,
    -1.2616816846910677,
    -1.4924575160125266,
    -1.7673489682506167,
    -2.0586179557562336,
    -2.395453669668384,
    -2.8193208945456982,
    -3.346550533285625,
    -3.9965185168293846,
    -4.79247584400884,
    -5.762516083838487,
    -6.940680634574466,
    -8.368222875944156,
    -10.09507313990771,
    -12.18156492910275,
    -14.70049876497145,
    -17.73963429420966,
    -21.404715368566702,
    -25.823148019033777
  ],
  "omega_max": [
    1.8595076277213365e-14,
    1.7892383754079984e-13,
    -3.4044655806834653e-14,
    3.351227755558117e-14,
    -7.475541016421676e-15,
    -7.363496888349371e-14,
    -1.5289949319311312e-13,
    -5.90372174736242e-14,
    -7.002274831891657e-16,
    -1.0564208630191757e-14,
    -3.6708030309244144e-14,
    8.740994522718354e-14,
    -9.461410615753948e-14,
    -6.211929054209962e-14,
    1.8788915256917252e-14,
    -5.949228948347801e-14,
    6.117200596019562e-14,
    -2.5263148357158393e-14,
    -5.620511437813356e-15,
    -4.8983618204333593e-14,
    6.98232249377404e-16,
    1.830798959464771e-14,
    2.945598626667388e-14,
    1.8925498543315258e-14,
    1.1868207175602908e-14,
    -3.2536849487355123e-14,
    2.1095690171920112e-15,
    5.081424891170812e-16,
    -6.1446763282537145e-15,
    1.0912719172660365e-13,
    -0.25652698618391395,
    0.49878226025766537,
    0.6819740246605096,
    0.8496172984083645,
    1.0138129407012413,
    -1.0658638359702797,
    1.2056722953621704,
    1.3680740672135905,
    1.5532311070554903,
    -1.7613836218928225,
    -1.9931394321085112,
    2.2496499801378285,
    2.532702109884543,
    2.8447615795694157,
    -3.188995192850936,
    -3.5692859607779894,
    3.990246551048041,
    -4.457232229159211,
    4.976354934739439,
    -5.554503988471237
  ],
  "params": {
    "alpha": -23.0,
    "dT": 0.25,
    "dR": 1.0
  },
  "metadata": {
    "shear_max": 1.172551631841255e-08,
    "vel_net": 7.437213970581822e-13,
    "resolution": {
      "H": 25,
      "M": 65,
      "Nz": 129,
      "Nth": 128
    },
    "timestamp": "2026-04-13T12:32:13.090785"
  }
}