{
  "k": [
    0.1,
    0.10985411419875583,
    0.12067926406393285,
    0.13257113655901093,
    0.14563484775012436,
    0.15998587196060582,
    0.1757510624854792,
    0.193069772888325,
    0.21209508879201905,
    0.2329951810515372,
    0.2559547922699536,
    0.281176869797423,
    0.3088843596477481,
    0.3393221771895328,
    0.372759372031494,
    0.4094915062380424,
    0.44984326689694454,
    0.49417133613238345,
    0.5428675439323859,
    0.5963623316594643,
    0.6551285568595507,
    0.7196856730011519,
    0.7906043210907697,
    0.8685113737513525,
    0.9540954763499939,
    1.0481131341546859,
    1.151395399326447,
    1.2648552168552958,
    1.3894954943731375,
    1.5264179671752334,
    1.6768329368110073,
    1.8420699693267153,
    2.0235896477251565,
    2.2229964825261943,
    2.442053094548651,
    2.6826957952797246,
    2.9470517025518097,
    3.2374575428176433,
    3.5564803062231283,
    3.9069399370546147,
    4.291934260128776,
    4.714866363457392,
    5.17947467923121,
    5.689866029018296,
    6.250551925273969,
    6.866488450042998,
    7.543120063354615,
    8.286427728546842,
    9.102981779915218,
    10.0
  ],
  "gamma_max": [
    -1.2591476665279533,
    -1.258875882738379,
    -1.258744245601837,
    -1.2588013754714846,
    -1.2591069158699093,
    -1.2597328899633076,
    -1.26076442822995,
    -1.2622990488776815,
    -1.2644430603769834,
    -1.2673027262191174,
    -1.2709667857222253,
    -1.2754767783773386,
    -1.2807855130877144,
    -1.2867180324008358,
    -1.2929756311565241,
    -1.2669345003561001,
    -1.211015495800718,
    -1.1543139001624294,
    -1.097549345407914,
    -1.0416275130807695,
    -0.9876676199652116,
    -0.9370310625064961,
    -0.89135082098417,
    -0.8525611800881454,
    -0.8229272999997794,
    -0.8050742139678546,
    -0.8020150311886753,
    -0.8171786831113808,
    -0.8544388845722731,
    -0.9181489565534598,
    -1.013193463098951,
    -1.1175818016823111,
    -1.1116872546842929,
    -1.1551578951324226,
    -1.2633833737653346,
    -1.4538028827213059,
    -1.7455048221515195,
    -2.159124919403543,
    -2.7172664061210257,
    -3.4454715660605904,
    -4.3733906588089555,
    -5.534238853322105,
    -6.9531918983039676,
    -8.608602624615221,
    -10.466653597791867,
    -12.605540636171133,
    -15.145050580349517,
    -18.197395719290196,
    -21.878955991030903,
    -26.321894183716125
  ],
  "omega_max": [
    0.3624587239404498,
    0.3572179819507275,
    0.3516693315541317,
    0.345830495218483,
    0.33973276648811246,
    0.3334255187971765,
    0.32698202976421514,
    0.32050686083778496,
    0.31414480062499145,
    0.3080906409238561,
    0.30259715809452753,
    0.29797459616022975,
    0.2945681613468874,
    0.292694377689063,
    0.29252823527766647,
    -2.685581420004486,
    -2.767708927439888,
    -2.855207271432038,
    -2.948288010819377,
    -3.047126757258248,
    -3.151868303367343,
    -3.2626416099501907,
    -3.3795880476229256,
    -3.502905735193336,
    -3.6329112116525453,
    -3.7701167536747042,
    -3.9153173178974385,
    -4.069675582839015,
    -4.234787378756157,
    -4.412703556476463,
    -4.605878716399046,
    -4.350132100227108,
    -4.596685990267781,
    -4.874575572478508,
    -5.19119535917158,
    -5.554441863861732,
    -5.972633084789563,
    -6.454701169143606,
    -7.01075384428925,
    -7.653245660637602,
    -8.399465180999844,
    -9.277075369078194,
    -10.333256699042323,
    -11.6155063704017,
    -13.08001731966274,
    -14.654902214960725,
    -16.336386272976146,
    -18.14772798373796,
    -20.115618020310748,
    -22.266822021973375
  ],
  "params": {
    "alpha": -25.0,
    "dT": 0.25,
    "dR": 1.0
  },
  "metadata": {
    "shear_max": 2.8172284964638394,
    "vel_net": 1.1554964311073368,
    "resolution": {
      "H": 25,
      "M": 65,
      "Nz": 129,
      "Nth": 128
    },
    "timestamp": "2026-04-13T13:25:04.932211"
  }
}