{
  "k": [
    0.1,
    0.10985411419875583,
    0.12067926406393285,
    0.13257113655901093,
    0.14563484775012436,
    0.15998587196060582,
    0.1757510624854792,
    0.193069772888325,
    0.21209508879201905,
    0.2329951810515372,
    0.2559547922699536,
    0.281176869797423,
    0.3088843596477481,
    0.3393221771895328,
    0.372759372031494,
    0.4094915062380424,
    0.44984326689694454,
    0.49417133613238345,
    0.5428675439323859,
    0.5963623316594643,
    0.6551285568595507,
    0.7196856730011519,
    0.7906043210907697,
    0.8685113737513525,
    0.9540954763499939,
    1.0481131341546859,
    1.151395399326447,
    1.2648552168552958,
    1.3894954943731375,
    1.5264179671752334,
    1.6768329368110073,
    1.8420699693267153,
    2.0235896477251565,
    2.2229964825261943,
    2.442053094548651,
    2.6826957952797246,
    2.9470517025518097,
    3.2374575428176433,
    3.5564803062231283,
    3.9069399370546147,
    4.291934260128776,
    4.714866363457392,
    5.17947467923121,
    5.689866029018296,
    6.250551925273969,
    6.866488450042998,
    7.543120063354615,
    8.286427728546842,
    9.102981779915218,
    10.0
  ],
  "gamma_max": [
    -1.0088347980861514,
    -1.0106623927212595,
    -1.0128682066366372,
    -1.0155305846525222,
    -1.0187441338591343,
    -1.02262311517171,
    -1.0273055498674675,
    -1.0329581956151535,
    -1.0397825818327378,
    -1.048022338655407,
    -1.0579721102696586,
    -1.069988416060535,
    -1.0845029180883343,
    -1.1020386801376525,
    -1.123230176603832,
    -1.1445386830269553,
    -1.1684384963987995,
    -1.1975304811038514,
    -1.2329692460970472,
    -1.276167894443616,
    -1.3288531970311082,
    -1.3931309388925779,
    -1.4715630208994375,
    -1.5672583416261847,
    -1.6839801567762778,
    -1.8262735465626685,
    -1.999617805876722,
    -2.210609951699557,
    -2.4671870440168235,
    -2.7788965825863423,
    -3.157225880736185,
    -3.6160031314233794,
    -4.171885070814112,
    -4.8449489646424,
    -5.659410313176876,
    -6.644492263894409,
    -7.824805108592065,
    -9.20360383328106,
    -10.895855548243878,
    -12.962756611471692,
    -15.477946472621797,
    -18.530390304981854,
    -22.22773560857724,
    -26.700245796837933,
    -32.105455380113305,
    -38.63372851328329,
    -46.514939125683824,
    -56.026531250974955,
    -67.5032657265213,
    -81.34901514146183
  ],
  "omega_max": [
    -1.9897191574594806e-15,
    -8.975844192848428e-16,
    -1.1341519961843612e-15,
    9.055175182238164e-16,
    -4.60333401356876e-16,
    -3.323365098024294e-16,
    1.0995954383247404e-16,
    4.967499187509373e-16,
    -7.251198320491149e-16,
    -1.972264316941278e-15,
    6.310475067585636e-17,
    3.84865602808621e-17,
    -1.353042323321975e-15,
    1.279365859268125e-16,
    -8.748169475801623e-16,
    0.23594128379468912,
    0.25873084999448565,
    0.2834536638641354,
    -0.31026197527148475,
    -0.3393224446824643,
    -0.37082072955852885,
    -0.404967220377451,
    0.44200373149636973,
    -0.48221075895720694,
    0.5259147793143871,
    -0.5734950501961997,
    0.6253895317024385,
    -0.6820998704971548,
    -0.7441958004133337,
    -0.8123196852615969,
    -0.8871921221686518,
    0.969619442119252,
    1.0605035824700872,
    1.1608542692500798,
    1.2718029547880112,
    1.3946178206056603,
    1.4427721321041205,
    -1.5897641639344546,
    1.7549957690353792,
    -1.941229859611797,
    2.1507695454292537,
    2.38585087433456,
    -2.6489411060317196,
    2.9429359846777827,
    3.2712798850636817,
    -3.6380377360193594,
    4.047940047742396,
    4.506413356241242,
    -5.019604073601014,
    -5.594405712307885
  ],
  "params": {
    "alpha": -20.0,
    "dT": 0.8,
    "dR": 1.0
  },
  "metadata": {
    "shear_max": 2.9624107463605986e-09,
    "vel_net": 5.169878828456423e-26,
    "resolution": {
      "H": 25,
      "M": 65,
      "Nz": 129,
      "Nth": 128
    },
    "timestamp": "2026-04-13T11:32:35.909451"
  }
}