{
  "k": [
    0.1,
    0.10985411419875583,
    0.12067926406393285,
    0.13257113655901093,
    0.14563484775012436,
    0.15998587196060582,
    0.1757510624854792,
    0.193069772888325,
    0.21209508879201905,
    0.2329951810515372,
    0.2559547922699536,
    0.281176869797423,
    0.3088843596477481,
    0.3393221771895328,
    0.372759372031494,
    0.4094915062380424,
    0.44984326689694454,
    0.49417133613238345,
    0.5428675439323859,
    0.5963623316594643,
    0.6551285568595507,
    0.7196856730011519,
    0.7906043210907697,
    0.8685113737513525,
    0.9540954763499939,
    1.0481131341546859,
    1.151395399326447,
    1.2648552168552958,
    1.3894954943731375,
    1.5264179671752334,
    1.6768329368110073,
    1.8420699693267153,
    2.0235896477251565,
    2.2229964825261943,
    2.442053094548651,
    2.6826957952797246,
    2.9470517025518097,
    3.2374575428176433,
    3.5564803062231283,
    3.9069399370546147,
    4.291934260128776,
    4.714866363457392,
    5.17947467923121,
    5.689866029018296,
    6.250551925273969,
    6.866488450042998,
    7.543120063354615,
    8.286427728546842,
    9.102981779915218,
    10.0
  ],
  "gamma_max": [
    -1.6807349154289757,
    -1.6827934850423059,
    -1.685276468986901,
    -1.688271062486337,
    -1.6918822428482667,
    -1.6962363402623517,
    -1.7014853057567874,
    -1.7078118015380432,
    -1.7154352663030146,
    -1.724619129710142,
    -1.735679380807804,
    -1.748994730578922,
    -1.7650186491180027,
    -1.784293597981204,
    -1.807467819568645,
    -1.8353150534468643,
    -1.8687575058004433,
    -1.8229493927788778,
    -1.720595831843269,
    -1.614867811958577,
    -1.5069090996944456,
    -1.3982334463818251,
    -1.29078557629943,
    -1.1870058230797265,
    -1.0898976124941944,
    -1.0030971194641203,
    -0.9309456626445848,
    -0.87856901806492,
    -0.8519751687603716,
    -0.8581930908946729,
    -0.9054864387675988,
    -0.6600493649438018,
    -0.38505591119017474,
    -0.18076068993385674,
    -0.084447830600089,
    -0.13679590964436533,
    -0.3810777727150675,
    -0.8629757780925047,
    -1.6312502862924172,
    -2.739510277453535,
    -4.249018490622347,
    -6.232102180704119,
    -8.775168200691965,
    -11.978783438251861,
    -15.949753471755995,
    -20.785697500622987,
    -26.54094956812411,
    -33.08214339572494,
    -40.574575622132365,
    -49.46362378721034
  ],
  "omega_max": [
    0.1415370014411868,
    0.1555402144396831,
    0.17094187822389473,
    0.18788603029104622,
    0.20653304234332862,
    0.22706198970283414,
    0.24967353783046814,
    0.2745935071851382,
    0.30207733928302216,
    0.3324157728012889,
    0.3659421541647201,
    0.4030419689759662,
    0.44416538667607774,
    0.48984386950464065,
    0.540712186585497,
    0.5975374065600791,
    0.6612564604713098,
    6.696179778927398,
    6.8357898982077545,
    6.988801453814388,
    7.156089605304486,
    7.338497422503867,
    7.536836676592985,
    7.7519022013802354,
    7.984501452233127,
    8.235496049620924,
    8.505844388111992,
    8.796624649380425,
    9.10900832459129,
    9.44415013413207,
    9.802966363565368,
    8.430453550300859,
    8.856807388310553,
    9.357861162219505,
    9.941227026923643,
    10.613341999644627,
    11.380602736681276,
    12.250165581694903,
    13.23075786015619,
    14.333751144564678,
    15.574769556259978,
    16.976336513585327,
    18.572451073248697,
    20.416016488423608,
    22.58702491606651,
    25.19334226674581,
    28.383913065761845,
    32.18227930886075,
    36.271244673581556,
    40.61833383286246
  ],
  "params": {
    "alpha": -42.0,
    "dT": 0.5,
    "dR": 1.0
  },
  "metadata": {
    "shear_max": 5.883050890526754,
    "vel_net": 2.509646334634435,
    "resolution": {
      "H": 25,
      "M": 65,
      "Nz": 129,
      "Nth": 128
    },
    "timestamp": "2026-04-13T23:34:20.239262"
  }
}