{
  "k": [
    0.1,
    0.10985411419875583,
    0.12067926406393285,
    0.13257113655901093,
    0.14563484775012436,
    0.15998587196060582,
    0.1757510624854792,
    0.193069772888325,
    0.21209508879201905,
    0.2329951810515372,
    0.2559547922699536,
    0.281176869797423,
    0.3088843596477481,
    0.3393221771895328,
    0.372759372031494,
    0.4094915062380424,
    0.44984326689694454,
    0.49417133613238345,
    0.5428675439323859,
    0.5963623316594643,
    0.6551285568595507,
    0.7196856730011519,
    0.7906043210907697,
    0.8685113737513525,
    0.9540954763499939,
    1.0481131341546859,
    1.151395399326447,
    1.2648552168552958,
    1.3894954943731375,
    1.5264179671752334,
    1.6768329368110073,
    1.8420699693267153,
    2.0235896477251565,
    2.2229964825261943,
    2.442053094548651,
    2.6826957952797246,
    2.9470517025518097,
    3.2374575428176433,
    3.5564803062231283,
    3.9069399370546147,
    4.291934260128776,
    4.714866363457392,
    5.17947467923121,
    5.689866029018296,
    6.250551925273969,
    6.866488450042998,
    7.543120063354615,
    8.286427728546842,
    9.102981779915218,
    10.0
  ],
  "gamma_max": [
    0.4335822944816404,
    0.4196054103016805,
    0.4026835437255789,
    0.38218288573859827,
    0.3573273289761411,
    0.3271639314089712,
    0.29051877911996477,
    0.24593970500768386,
    0.19161969464700174,
    0.12528752750490635,
    0.04402737736918111,
    -0.05611368364194515,
    -0.18142602743658431,
    -0.348872250659183,
    -0.5562707809126947,
    -0.6440208675897958,
    -0.7449678973437794,
    -0.6949049733421725,
    -0.5220898263150665,
    -0.35232423012127106,
    -0.18824682006957252,
    -0.03160004234783501,
    0.11630631165964748,
    0.25415536043871295,
    0.3802889241977665,
    0.492445536634647,
    0.5875121330067168,
    0.6612406950913905,
    0.7079005477686103,
    0.7198655167333786,
    0.6871861874197119,
    0.5973056678082488,
    0.43534278529403286,
    0.18604752434073216,
    -0.16019321897394534,
    -0.4136791341220393,
    -0.47382726373435213,
    -0.7460669127645579,
    -1.3160162981146895,
    -2.2296711233171127,
    -3.036349387537938,
    -3.4892944902282177,
    -4.14911264854292,
    -5.0616945061923735,
    -6.2686575120118215,
    -7.816879443229015,
    -9.763370182419358,
    -12.178494278503562,
    -15.148925193015838,
    -18.780787306489056
  ],
  "omega_max": [
    -1.7999760192799063e-11,
    -1.1221787349798902e-11,
    3.653567064833364e-12,
    -1.2159141145723932e-12,
    1.3167651380691147e-11,
    1.995623070231707e-12,
    1.5924287614363084e-13,
    -1.9296292356981604e-12,
    8.759753537769192e-13,
    -7.794193505010944e-12,
    1.1388110038744788e-11,
    -1.1026512698801951e-11,
    9.008231033946941e-12,
    6.26494198694999e-12,
    -0.12475942903387503,
    0.19397220763221037,
    0.2038159072818153,
    -3.4279704373195337,
    3.5221810031131504,
    -3.6301113081284813,
    3.7478858879452353,
    -3.8713444294531163,
    3.996326044113046,
    -4.118663481107056,
    4.2340578847364645,
    -4.337953292169112,
    4.425474447287992,
    4.491468534268489,
    -4.53069314326133,
    4.538208464822784,
    -4.510059243817608,
    4.444385586137548,
    -4.343223663182912,
    4.215478811642631,
    4.081495660423096,
    2.206181058260873e-12,
    5.302569003879053e-13,
    -4.429612658035557e-12,
    6.423817254566732e-12,
    -9.2828965817902e-12,
    -5.78046769199508,
    -6.514166347150742,
    -7.3155059676576215,
    8.192822881459245,
    9.150212068636213,
    -10.194257325352316,
    -11.334780678401497,
    -12.584743681620866,
    -13.960511681738469,
    -15.48289358884425
  ],
  "params": {
    "alpha": -37.0,
    "dT": 0.2,
    "dR": 1.0
  },
  "metadata": {
    "shear_max": 4.137200310883087,
    "vel_net": 6.983302824892235e-14,
    "resolution": {
      "H": 25,
      "M": 65,
      "Nz": 129,
      "Nth": 128
    },
    "timestamp": "2026-04-15T16:04:41.102174"
  }
}