{
  "k": [
    0.1,
    0.10985411419875583,
    0.12067926406393285,
    0.13257113655901093,
    0.14563484775012436,
    0.15998587196060582,
    0.1757510624854792,
    0.193069772888325,
    0.21209508879201905,
    0.2329951810515372,
    0.2559547922699536,
    0.281176869797423,
    0.3088843596477481,
    0.3393221771895328,
    0.372759372031494,
    0.4094915062380424,
    0.44984326689694454,
    0.49417133613238345,
    0.5428675439323859,
    0.5963623316594643,
    0.6551285568595507,
    0.7196856730011519,
    0.7906043210907697,
    0.8685113737513525,
    0.9540954763499939,
    1.0481131341546859,
    1.151395399326447,
    1.2648552168552958,
    1.3894954943731375,
    1.5264179671752334,
    1.6768329368110073,
    1.8420699693267153,
    2.0235896477251565,
    2.2229964825261943,
    2.442053094548651,
    2.6826957952797246,
    2.9470517025518097,
    3.2374575428176433,
    3.5564803062231283,
    3.9069399370546147,
    4.291934260128776,
    4.714866363457392,
    5.17947467923121,
    5.689866029018296,
    6.250551925273969,
    6.866488450042998,
    7.543120063354615,
    8.286427728546842,
    9.102981779915218,
    10.0
  ],
  "gamma_max": [
    0.18488958706975064,
    0.18268898602109365,
    0.18003302320958195,
    0.17682739492027313,
    0.17295822986967743,
    0.16828801018038725,
    0.16265063179624759,
    0.15584541804195562,
    0.14762985485367955,
    0.13771076103533422,
    0.12573353308331917,
    0.1112690071717045,
    0.09379734746669176,
    0.07268818222595597,
    0.04717593423291794,
    0.01632887269639229,
    -0.020990259121132896,
    -0.06617532442267945,
    -0.12094491426903435,
    -0.18743681414830207,
    -0.26834652196092934,
    -0.3671473432587606,
    -0.4884833927663515,
    -0.6390039813130931,
    -0.82969252857532,
    -1.0869821141675509,
    -1.4585583477794264,
    -1.6770066968823725,
    -1.9406778371428453,
    -2.2589554927317157,
    -2.6431774291673777,
    -3.1070419156431077,
    -3.667097663175787,
    -4.343334573295962,
    -5.159896773034759,
    -6.14594460897887,
    -7.289865910706224,
    -8.656602658098226,
    -10.338163072092547,
    -12.395377114682523,
    -14.901507713531473,
    -17.945151539807654,
    -21.63361329220473,
    -26.096853848121913,
    -31.492157307468524,
    -38.0097001591166,
    -45.87924147726188,
    -55.37819157710959,
    -66.84136231441205,
    -80.67275775943577
  ],
  "omega_max": [
    -2.7183099798322343e-15,
    1.3606146886669694e-14,
    1.9372140467338054e-14,
    1.4810282061456135e-14,
    7.785692469107794e-15,
    5.826642426223713e-15,
    1.048908873017838e-15,
    -7.810506190122519e-15,
    1.5240409463580884e-15,
    1.2937040856413268e-14,
    1.1102162353860722e-16,
    3.524349466468206e-16,
    -7.588711240373208e-15,
    -1.4275227862621957e-15,
    2.2181666215926807e-15,
    -2.4167535949425337e-15,
    -2.2640670984682335e-15,
    -2.9228097122975167e-15,
    -9.614567475159184e-15,
    -3.837179138184822e-15,
    2.643867433515353e-14,
    -3.9197863902940365e-15,
    7.35940772389608e-14,
    1.56774511371935e-13,
    2.486882705802833e-14,
    -3.807504174241304e-14,
    -0.16180997718502327,
    -0.31742299161836723,
    -0.4356960630152777,
    0.5444036947611286,
    -0.6511832794718462,
    0.7598157118633615,
    -0.872795538123313,
    0.9921088557918736,
    -1.1195491293230861,
    -1.2568711291899193,
    1.2548793747888214,
    1.3901719255721139,
    1.5535716191094313,
    -1.7453866907749198,
    -1.965516112815413,
    2.214174491475181,
    2.492281800155236,
    -2.801608218836165,
    -3.1447887862172936,
    -3.5252903795026183,
    -3.947375326486914,
    4.41607934676588,
    4.937208224372061,
    -5.517354693444669
  ],
  "params": {
    "alpha": -25.0,
    "dT": 0.8,
    "dR": 1.0
  },
  "metadata": {
    "shear_max": 4.248622681112832e-09,
    "vel_net": 1.550963648536927e-25,
    "resolution": {
      "H": 25,
      "M": 65,
      "Nz": 129,
      "Nth": 128
    },
    "timestamp": "2026-04-13T12:20:37.769161"
  }
}