{
  "k": [
    0.1,
    0.10985411419875583,
    0.12067926406393285,
    0.13257113655901093,
    0.14563484775012436,
    0.15998587196060582,
    0.1757510624854792,
    0.193069772888325,
    0.21209508879201905,
    0.2329951810515372,
    0.2559547922699536,
    0.281176869797423,
    0.3088843596477481,
    0.3393221771895328,
    0.372759372031494,
    0.4094915062380424,
    0.44984326689694454,
    0.49417133613238345,
    0.5428675439323859,
    0.5963623316594643,
    0.6551285568595507,
    0.7196856730011519,
    0.7906043210907697,
    0.8685113737513525,
    0.9540954763499939,
    1.0481131341546859,
    1.151395399326447,
    1.2648552168552958,
    1.3894954943731375,
    1.5264179671752334,
    1.6768329368110073,
    1.8420699693267153,
    2.0235896477251565,
    2.2229964825261943,
    2.442053094548651,
    2.6826957952797246,
    2.9470517025518097,
    3.2374575428176433,
    3.5564803062231283,
    3.9069399370546147,
    4.291934260128776,
    4.714866363457392,
    5.17947467923121,
    5.689866029018296,
    6.250551925273969,
    6.866488450042998,
    7.543120063354615,
    8.286427728546842,
    9.102981779915218,
    10.0
  ],
  "gamma_max": [
    -2.372438412869547,
    -2.3699864324897075,
    -2.3675037342954313,
    -2.3650328602414525,
    -2.362630630446995,
    -2.360371849484573,
    -2.3583539141960155,
    -2.356702534779474,
    -2.355578825598025,
    -2.3551880729110004,
    -2.332902770917732,
    -2.2602051092060838,
    -2.1829789041788548,
    -2.1014064182963654,
    -2.015827619689113,
    -1.9267809691977273,
    -1.8350503211949658,
    -1.741717852107511,
    -1.6482226889375815,
    -1.556424708226629,
    -1.468672862942935,
    -1.3878773822397623,
    -1.3175853163580409,
    -1.2620590772381295,
    -1.226357968820608,
    -1.2164233006890615,
    -1.2391690777227735,
    -1.3025834175684976,
    -1.415852392955249,
    -1.5895301282764278,
    -1.5812268731356593,
    -1.3378206889155293,
    -1.1718668795158507,
    -1.1247557002234199,
    -1.2454847808457399,
    -1.5887564484105818,
    -2.2138060439237677,
    -3.1841750978835726,
    -4.568727495154955,
    -6.444076312294883,
    -8.898304600297454,
    -12.035663313154119,
    -15.98186523225372,
    -20.889475502236113,
    -26.94227305030765,
    -34.355773749525675,
    -43.37109205293925,
    -54.25665804393263,
    -67.30902573459926,
    -82.52467668807647
  ],
  "omega_max": [
    1.3887249905651617,
    1.4114887328717907,
    1.4365853297575428,
    1.4642602159660858,
    1.4947852780579904,
    1.528461631111035,
    1.5656226110936353,
    1.6066369630876,
    1.65191218584976,
    1.7018979646991164,
    6.3953980486467765,
    6.474873891510977,
    6.562643690621038,
    6.659498797241634,
    6.766267930982053,
    6.883805771690941,
    7.01297817857254,
    7.154644810818723,
    7.309640937238791,
    7.4787615265907395,
    7.662752179533773,
    7.862312796268765,
    8.078120530394227,
    8.310877859820653,
    8.56138861431301,
    8.830658754999073,
    9.120009215838257,
    9.431175647960492,
    9.766356115989844,
    10.128155903093443,
    8.900311587379043,
    9.262707497350762,
    9.684970840894936,
    10.178001920609596,
    10.751127424917929,
    11.412606102617703,
    12.170318698162328,
    13.032365308448568,
    14.007656207320634,
    15.106614396945243,
    16.34210326421131,
    17.73075747837095,
    19.295041857704025,
    21.066595738195932,
    23.09160096905579,
    25.437949106341936,
    28.19854572151997,
    31.484785398041627,
    35.48526661527558,
    40.34588428684173
  ],
  "params": {
    "alpha": -47.0,
    "dT": 0.8333333333333334,
    "dR": 1.0
  },
  "metadata": {
    "shear_max": 6.386821626549996,
    "vel_net": 2.670465346739906,
    "resolution": {
      "H": 25,
      "M": 65,
      "Nz": 129,
      "Nth": 128
    },
    "timestamp": "2026-04-16T05:59:26.245392"
  }
}