{
  "k": [
    0.1,
    0.10985411419875583,
    0.12067926406393285,
    0.13257113655901093,
    0.14563484775012436,
    0.15998587196060582,
    0.1757510624854792,
    0.193069772888325,
    0.21209508879201905,
    0.2329951810515372,
    0.2559547922699536,
    0.281176869797423,
    0.3088843596477481,
    0.3393221771895328,
    0.372759372031494,
    0.4094915062380424,
    0.44984326689694454,
    0.49417133613238345,
    0.5428675439323859,
    0.5963623316594643,
    0.6551285568595507,
    0.7196856730011519,
    0.7906043210907697,
    0.8685113737513525,
    0.9540954763499939,
    1.0481131341546859,
    1.151395399326447,
    1.2648552168552958,
    1.3894954943731375,
    1.5264179671752334,
    1.6768329368110073,
    1.8420699693267153,
    2.0235896477251565,
    2.2229964825261943,
    2.442053094548651,
    2.6826957952797246,
    2.9470517025518097,
    3.2374575428176433,
    3.5564803062231283,
    3.9069399370546147,
    4.291934260128776,
    4.714866363457392,
    5.17947467923121,
    5.689866029018296,
    6.250551925273969,
    6.866488450042998,
    7.543120063354615,
    8.286427728546842,
    9.102981779915218,
    10.0
  ],
  "gamma_max": [
    -1.4759817700867448,
    -1.4752282320535444,
    -1.4745210008478644,
    -1.4738905458408655,
    -1.47337556567921,
    -1.4730246270581138,
    -1.4728979758468561,
    -1.473069472058785,
    -1.473628582985962,
    -1.474682364105159,
    -1.4763573937186463,
    -1.4788017576534713,
    -1.4821874257635201,
    -1.4867137572516123,
    -1.4747386597476457,
    -1.4089683735186478,
    -1.3417438385696336,
    -1.2737340460120006,
    -1.2057932878173765,
    -1.1389924962987952,
    -1.0746530401269605,
    -1.0143826479095606,
    -0.9601131277768011,
    -0.9141395925372783,
    -0.8791610272225399,
    -0.8583223225524877,
    -0.8552584944014855,
    -0.8741429692118018,
    -0.9197439336391333,
    -0.9974964916622311,
    -1.1136048695016196,
    -1.2728135314871207,
    -1.2559772835067482,
    -1.3001229787028157,
    -1.425148659082979,
    -1.6539821404517352,
    -2.0120461068355042,
    -2.527216126091177,
    -3.2305715305258245,
    -4.1580425261142535,
    -5.35285542448928,
    -6.867813553675549,
    -8.759970116251578,
    -11.036825049939466,
    -13.588662630760568,
    -16.45654909591223,
    -19.827494859559582,
    -23.867048184751805,
    -28.734899956757406,
    -34.608446851057394
  ],
  "omega_max": [
    0.4779118930207219,
    0.47046395933943824,
    0.4624871298767867,
    0.4539712244125946,
    0.44491306848327233,
    0.43531839494537433,
    0.42520394050124416,
    0.4145996394724913,
    0.4035507372034899,
    0.3921195314695612,
    0.3803863080256289,
    0.36844888911081963,
    0.35642012174721727,
    0.3444227046359063,
    -3.2714287084718148,
    -3.34677234226893,
    -3.4286116877675488,
    -3.5172097843454737,
    -3.612787335634646,
    -3.7155192423043744,
    -3.825537840936716,
    -3.942946477390359,
    -4.0678472487872455,
    -4.200386165360262,
    -4.340817183355015,
    -4.4895832308382815,
    -4.647407455540191,
    -4.815381793838358,
    -4.995033445646192,
    -5.188343888774344,
    -5.397690616005808,
    -4.9896473336193035,
    -5.249537826702309,
    -5.543363066241497,
    -5.878947818162029,
    -6.264221783025758,
    -6.707164965220124,
    -7.216141754707437,
    -7.800643303707499,
    -8.472666948843997,
    -9.249558504633946,
    -10.160812234514129,
    -11.265160953986458,
    -12.667409197168093,
    -14.376742150292218,
    -16.23225530346243,
    -18.189470963040847,
    -20.276729571296308,
    -22.528835919059492,
    -24.978788122469712
  ],
  "params": {
    "alpha": -27.5,
    "dT": 0.3333333333333333,
    "dR": 1.0
  },
  "metadata": {
    "shear_max": 3.279827293262192,
    "vel_net": 1.3564431929221314,
    "resolution": {
      "H": 20,
      "M": 49,
      "Nz": 97,
      "Nth": 96
    },
    "timestamp": "2026-02-14T02:31:55.063290"
  }
}