{
  "k": [
    0.1,
    0.10985411419875583,
    0.12067926406393285,
    0.13257113655901093,
    0.14563484775012436,
    0.15998587196060582,
    0.1757510624854792,
    0.193069772888325,
    0.21209508879201905,
    0.2329951810515372,
    0.2559547922699536,
    0.281176869797423,
    0.3088843596477481,
    0.3393221771895328,
    0.372759372031494,
    0.4094915062380424,
    0.44984326689694454,
    0.49417133613238345,
    0.5428675439323859,
    0.5963623316594643,
    0.6551285568595507,
    0.7196856730011519,
    0.7906043210907697,
    0.8685113737513525,
    0.9540954763499939,
    1.0481131341546859,
    1.151395399326447,
    1.2648552168552958,
    1.3894954943731375,
    1.5264179671752334,
    1.6768329368110073,
    1.8420699693267153,
    2.0235896477251565,
    2.2229964825261943,
    2.442053094548651,
    2.6826957952797246,
    2.9470517025518097,
    3.2374575428176433,
    3.5564803062231283,
    3.9069399370546147,
    4.291934260128776,
    4.714866363457392,
    5.17947467923121,
    5.689866029018296,
    6.250551925273969,
    6.866488450042998,
    7.543120063354615,
    8.286427728546842,
    9.102981779915218,
    10.0
  ],
  "gamma_max": [
    -1.1040221096820542,
    -1.1000942960956237,
    -1.0960647727011275,
    -1.0920000828371093,
    -1.087983602073907,
    -1.0841187841369624,
    -1.0805333634382441,
    -1.0773848306534455,
    -1.0748676441107106,
    -1.0732228483216395,
    -1.0727511528290434,
    -1.0738311321261418,
    -1.0769453401940894,
    -1.082719224431832,
    -1.0919819906799786,
    -1.1058679027644662,
    -1.125999261750728,
    -1.1548556346396095,
    -1.1966424219150273,
    -1.2359457674179573,
    -1.1484803213259527,
    -1.0601322854236703,
    -0.9721153923823355,
    -0.885911456469587,
    -0.803302590818189,
    -0.726403290799802,
    -0.6576910555641147,
    -0.6000364893920505,
    -0.5567386862002945,
    -0.5315789040607324,
    -0.5289126624437961,
    -0.5538209285910362,
    -0.5579826992859427,
    -0.4814065587533299,
    -0.45701422973658196,
    -0.5049646942840138,
    -0.647683551598512,
    -0.9104032056920061,
    -1.322696023105467,
    -1.9170955406551398,
    -2.6931750352048254,
    -3.5331088723042874,
    -4.397132641240734,
    -5.380378409001572,
    -6.557881961004973,
    -7.985501938741399,
    -9.716799511843462,
    -11.810672968248417,
    -14.335711290882879,
    -17.37400856743485
  ],
  "omega_max": [
    0.03589160628341029,
    0.0356077515241028,
    0.03481159246044753,
    0.03342808741568361,
    0.03137755373314402,
    0.02857527546016131,
    0.02493101543444141,
    0.020348456230005287,
    0.014724576709054206,
    0.007949005576385788,
    -9.662849902149391e-05,
    -0.009539265290666078,
    -0.020514812713978044,
    -0.0331682167835395,
    -0.047653128673166616,
    -0.06413166652667371,
    -0.08277786737465792,
    -0.10380405980424241,
    -0.12761932356374778,
    -3.9938296836352802,
    -4.106474264091999,
    -4.22790812364559,
    -4.35840671411351,
    -4.498247164206708,
    -4.6477495411622884,
    -4.807327353699433,
    -4.977538377536733,
    -5.159120574205935,
    -5.352991609580523,
    -5.560186346236416,
    -5.781706552299875,
    -6.0182606352870245,
    -5.4962502299378695,
    -5.850266946312245,
    -6.255524567269439,
    -6.7203543436241695,
    -7.253667754285891,
    -7.867116296962521,
    -8.580106733556054,
    -9.43345572719327,
    -10.513652701071177,
    -11.861500941251128,
    -13.352160611780414,
    -14.935076379178804,
    -16.629439946709983,
    -18.46338234723999,
    -20.46422456918054,
    -22.658352887404416,
    -25.07169956561399,
    -27.730031290108464
  ],
  "params": {
    "alpha": -27.5,
    "dT": 0.16666666666666666,
    "dR": 1.0
  },
  "metadata": {
    "shear_max": 3.543485065116324,
    "vel_net": 1.4887664389349924,
    "resolution": {
      "H": 20,
      "M": 49,
      "Nz": 97,
      "Nth": 96
    },
    "timestamp": "2026-02-13T14:04:43.003662"
  }
}