{
  "k": [
    0.1,
    0.10985411419875583,
    0.12067926406393285,
    0.13257113655901093,
    0.14563484775012436,
    0.15998587196060582,
    0.1757510624854792,
    0.193069772888325,
    0.21209508879201905,
    0.2329951810515372,
    0.2559547922699536,
    0.281176869797423,
    0.3088843596477481,
    0.3393221771895328,
    0.372759372031494,
    0.4094915062380424,
    0.44984326689694454,
    0.49417133613238345,
    0.5428675439323859,
    0.5963623316594643,
    0.6551285568595507,
    0.7196856730011519,
    0.7906043210907697,
    0.8685113737513525,
    0.9540954763499939,
    1.0481131341546859,
    1.151395399326447,
    1.2648552168552958,
    1.3894954943731375,
    1.5264179671752334,
    1.6768329368110073,
    1.8420699693267153,
    2.0235896477251565,
    2.2229964825261943,
    2.442053094548651,
    2.6826957952797246,
    2.9470517025518097,
    3.2374575428176433,
    3.5564803062231283,
    3.9069399370546147,
    4.291934260128776,
    4.714866363457392,
    5.17947467923121,
    5.689866029018296,
    6.250551925273969,
    6.866488450042998,
    7.543120063354615,
    8.286427728546842,
    9.102981779915218,
    10.0
  ],
  "gamma_max": [
    -1.1485801519993604,
    -1.1478453111285363,
    -1.1470886059682837,
    -1.1463455310499584,
    -1.1456683614950236,
    -1.1451308266689528,
    -1.1448336744180665,
    -1.144911351651445,
    -1.1455401702780073,
    -1.1469485588117578,
    -1.1494303615888923,
    -1.1533627124227641,
    -1.1592309608318447,
    -1.1676648062659878,
    -1.179492961939282,
    -1.1958300604641345,
    -1.2182233559746334,
    -1.2489188339166586,
    -1.2913821233458693,
    -1.3196882095317863,
    -1.2267810517660322,
    -1.132732388642326,
    -1.0388375108923285,
    -0.9466866184500865,
    -0.8582001939686701,
    -0.7756646571347963,
    -0.7017670967718436,
    -0.6396299822671029,
    -0.592851486310099,
    -0.5655640571068196,
    -0.5625302400693121,
    -0.5892928096462432,
    -0.5524416509114022,
    -0.45583211877447466,
    -0.4171674394889514,
    -0.4589624743016694,
    -0.6058295696638378,
    -0.8851288401870484,
    -1.3294014340156854,
    -1.9814151131229991,
    -2.8972670400508416,
    -4.043836527546528,
    -5.090562589549951,
    -6.357172518115583,
    -7.761945046346015,
    -9.459124632365596,
    -11.515960671473612,
    -14.004322062450171,
    -17.007323996100215,
    -20.62398452032887
  ],
  "omega_max": [
    -0.01156490233978125,
    -0.013542699784988444,
    -0.01592334314304666,
    -0.018787518676900206,
    -0.02222829069669837,
    -0.02635180050458743,
    -0.03127783434121038,
    -0.03714034089609296,
    -0.044088009838025216,
    -0.05228507564852678,
    -0.06191258005364071,
    -0.07317039490404562,
    -0.0862804857430609,
    -0.10149228327646315,
    -0.11909201452180229,
    -0.13942051407869868,
    -0.16291194555863017,
    -0.19019219747836366,
    -0.22237722049686287,
    -4.4080889697430905,
    -4.524552771359183,
    -4.650725740454158,
    -4.786943606423343,
    -4.93352926560358,
    -5.090831736748675,
    -5.259275333978498,
    -5.439409648852716,
    -5.631944036493641,
    -5.83774355848683,
    -6.0577590272223985,
    -6.292864153733534,
    -6.543578053518958,
    -5.910631722335048,
    -6.278775979481185,
    -6.7014897895369,
    -7.18623311040963,
    -7.740332373096155,
    -8.372487522671733,
    -9.095566502620741,
    -9.934226841051625,
    -10.954247027528492,
    -12.329392080207548,
    -10.282627929191397,
    -15.765321134742875,
    -17.62014776995498,
    -19.610360645036245,
    -21.770512158307362,
    -24.131556853743973,
    -26.722956012677326,
    -29.573670720889922
  ],
  "params": {
    "alpha": -29.0,
    "dT": 0.2,
    "dR": 1.0
  },
  "metadata": {
    "shear_max": 3.8399511357016274,
    "vel_net": 1.619741763424393,
    "resolution": {
      "H": 25,
      "M": 65,
      "Nz": 129,
      "Nth": 128
    },
    "timestamp": "2026-04-13T17:24:27.123754"
  }
}