{
  "k": [
    0.1,
    0.10985411419875583,
    0.12067926406393285,
    0.13257113655901093,
    0.14563484775012436,
    0.15998587196060582,
    0.1757510624854792,
    0.193069772888325,
    0.21209508879201905,
    0.2329951810515372,
    0.2559547922699536,
    0.281176869797423,
    0.3088843596477481,
    0.3393221771895328,
    0.372759372031494,
    0.4094915062380424,
    0.44984326689694454,
    0.49417133613238345,
    0.5428675439323859,
    0.5963623316594643,
    0.6551285568595507,
    0.7196856730011519,
    0.7906043210907697,
    0.8685113737513525,
    0.9540954763499939,
    1.0481131341546859,
    1.151395399326447,
    1.2648552168552958,
    1.3894954943731375,
    1.5264179671752334,
    1.6768329368110073,
    1.8420699693267153,
    2.0235896477251565,
    2.2229964825261943,
    2.442053094548651,
    2.6826957952797246,
    2.9470517025518097,
    3.2374575428176433,
    3.5564803062231283,
    3.9069399370546147,
    4.291934260128776,
    4.714866363457392,
    5.17947467923121,
    5.689866029018296,
    6.250551925273969,
    6.866488450042998,
    7.543120063354615,
    8.286427728546842,
    9.102981779915218,
    10.0
  ],
  "gamma_max": [
    -1.0095845634436726,
    -1.011567038435958,
    -1.013959684740945,
    -1.016847419510294,
    -1.0203327649517469,
    -1.0245395098828074,
    -1.0296171384163724,
    -1.0357461892541424,
    -1.0431447453005858,
    -1.052076298335286,
    -1.0628592898283928,
    -1.0758787001694763,
    -1.0916001495797305,
    -1.1105870920440204,
    -1.1335218396359408,
    -1.1612313655169544,
    -1.1947191268299524,
    -1.2352045688031361,
    -1.284172596633936,
    -1.3434362725791582,
    -1.4152175774864921,
    -1.5022537986401643,
    -1.6079421010786006,
    -1.7365447307181483,
    -1.8934988120257408,
    -2.085927434754235,
    -2.323600083149249,
    -2.5722174268835496,
    -2.8474680749242878,
    -3.183453401862558,
    -3.5927973138169254,
    -4.09066738404229,
    -4.69530867719618,
    -5.428692913315802,
    -6.3173059106575185,
    -7.393100965499887,
    -8.694651385035998,
    -10.231137982726116,
    -12.087901897644192,
    -14.352773171589416,
    -17.106531101014678,
    -20.446694039863512,
    -24.49117272688909,
    -29.38256081065601,
    -35.29321962135686,
    -42.43135432301477,
    -51.048319022327654,
    -61.44743373416255,
    -73.99464899323358,
    -89.1314545848217
  ],
  "omega_max": [
    1.5962227434500196e-16,
    -1.1508905139551105e-15,
    9.078428678928447e-16,
    1.1478817104050563e-15,
    2.919765734394016e-15,
    9.624102012132452e-16,
    5.0447917122545885e-16,
    -1.3892755951363221e-16,
    -8.16166921662305e-16,
    -8.29768565016605e-16,
    -1.8184318356071765e-17,
    -2.7428156956432603e-16,
    1.0763530111767261e-15,
    4.877283986532777e-16,
    -8.273144425566367e-16,
    -2.991118948667254e-15,
    6.555485445759509e-16,
    8.284559303537905e-16,
    -4.11945292364266e-16,
    3.005630775068184e-16,
    1.1117999807612384e-16,
    6.263785255835605e-16,
    7.176142459211678e-16,
    2.3435823517930793e-15,
    1.2339626019367515e-14,
    -4.5166894679498735e-14,
    1.5584983415660852e-14,
    -0.6663450936819474,
    0.7334263344201322,
    0.8053506915955724,
    -0.8830405920166056,
    -0.9674798297394247,
    -1.0597240435000568,
    1.1609130226696838,
    1.2722853812053856,
    -1.395195510024131,
    -1.531132836978746,
    1.6130253573002562,
    1.7829218259163058,
    1.9709667402055107,
    -2.180219277447902,
    2.4135775276697546,
    2.6740587113445407,
    -2.965004383167752,
    3.2902218786131185,
    -3.654079388290694,
    4.061568666809812,
    4.518344643153543,
    5.0307506027918505,
    5.60584272731351
  ],
  "params": {
    "alpha": -18.0,
    "dT": 0.875,
    "dR": 1.0
  },
  "metadata": {
    "shear_max": 1.994624783986226e-09,
    "vel_net": 1.0339757656912846e-25,
    "resolution": {
      "H": 25,
      "M": 65,
      "Nz": 129,
      "Nth": 128
    },
    "timestamp": "2026-04-13T11:16:03.193590"
  }
}