{
  "k": [
    0.1,
    0.10985411419875583,
    0.12067926406393285,
    0.13257113655901093,
    0.14563484775012436,
    0.15998587196060582,
    0.1757510624854792,
    0.193069772888325,
    0.21209508879201905,
    0.2329951810515372,
    0.2559547922699536,
    0.281176869797423,
    0.3088843596477481,
    0.3393221771895328,
    0.372759372031494,
    0.4094915062380424,
    0.44984326689694454,
    0.49417133613238345,
    0.5428675439323859,
    0.5963623316594643,
    0.6551285568595507,
    0.7196856730011519,
    0.7906043210907697,
    0.8685113737513525,
    0.9540954763499939,
    1.0481131341546859,
    1.151395399326447,
    1.2648552168552958,
    1.3894954943731375,
    1.5264179671752334,
    1.6768329368110073,
    1.8420699693267153,
    2.0235896477251565,
    2.2229964825261943,
    2.442053094548651,
    2.6826957952797246,
    2.9470517025518097,
    3.2374575428176433,
    3.5564803062231283,
    3.9069399370546147,
    4.291934260128776,
    4.714866363457392,
    5.17947467923121,
    5.689866029018296,
    6.250551925273969,
    6.866488450042998,
    7.543120063354615,
    8.286427728546842,
    9.102981779915218,
    10.0
  ],
  "gamma_max": [
    -0.8346568075918636,
    -0.8404354814658076,
    -0.8477723317884909,
    -0.8573036802016912,
    -0.8702353196179002,
    -0.8898319426034523,
    -0.9274720818966244,
    -0.9318992492799074,
    -0.937251047741152,
    -0.9437225886129785,
    -0.9515509296994316,
    -0.9610243545651183,
    -0.9724937672303492,
    -0.9863866814067613,
    -1.003224379196657,
    -1.0236429169464827,
    -1.0484187654853792,
    -1.0784999833816655,
    -1.115043932911941,
    -1.1594626649017328,
    -1.213477231407826,
    -1.2791823662619242,
    -1.359123245455361,
    -1.4563864594088065,
    -1.5747079524775935,
    -1.718601549683899,
    -1.8935127968797674,
    -2.1060041538199137,
    -2.3639790372393112,
    -2.676953767502157,
    -3.056388130548084,
    -3.5160871281628827,
    -4.072688734957974,
    -4.746255364153687,
    -5.5609904877133385,
    -6.546106549994545,
    -7.719821691764664,
    -9.095884154523102,
    -10.785723041446623,
    -12.85044356010922,
    -15.363595426613148,
    -18.414058829922894,
    -22.10940436935996,
    -26.579829432180336,
    -31.982815708522637,
    -38.50868989825463,
    -46.38730591790212,
    -55.89610687393832,
    -67.36987220785484,
    -81.21251113177189
  ],
  "omega_max": [
    -6.279373362512719e-14,
    3.111864172678252e-14,
    1.9399386591173575e-14,
    -2.5220446331245604e-14,
    1.7453697505028624e-13,
    -1.106462980203731e-13,
    0.02305878334856419,
    0.05061266285629004,
    0.07074166804830022,
    -0.08911993047089138,
    0.1071161981146949,
    -0.12536337479789444,
    0.14424893231706568,
    0.1640556909875068,
    -0.18501639563399283,
    -0.20733918507243307,
    0.2312213435647118,
    -0.25685788495613193,
    -0.2844478598572221,
    0.3141998267366279,
    0.3463372521870098,
    0.38110421830272884,
    0.41877153959104363,
    -0.4596431785884155,
    -0.5040627089190836,
    0.5524195430240675,
    0.6051547461319691,
    -0.6627664913730642,
    0.7258155115081931,
    -0.794931169638715,
    0.8708188885703906,
    -0.9542695675321471,
    -1.0461712594870758,
    1.1475228664222477,
    -1.259449124297792,
    -1.3832159980118761,
    1.4243510312612846,
    -1.5681264507296766,
    -1.7317940020808806,
    1.917779964823606,
    2.128037621292963,
    -2.3644855695264497,
    -2.6293268812744417,
    2.9252474656566694,
    3.2555267048341747,
    -3.624096925112907,
    -4.0355776531515035,
    4.495298995310085,
    -5.009322266086666,
    -5.584466579705182
  ],
  "params": {
    "alpha": -21.0,
    "dT": 0.8,
    "dR": 1.0
  },
  "metadata": {
    "shear_max": 2.9087886508527904e-09,
    "vel_net": 5.169878828456423e-26,
    "resolution": {
      "H": 25,
      "M": 65,
      "Nz": 129,
      "Nth": 128
    },
    "timestamp": "2026-04-13T11:42:06.494089"
  }
}