{
  "k": [
    0.1,
    0.10985411419875583,
    0.12067926406393285,
    0.13257113655901093,
    0.14563484775012436,
    0.15998587196060582,
    0.1757510624854792,
    0.193069772888325,
    0.21209508879201905,
    0.2329951810515372,
    0.2559547922699536,
    0.281176869797423,
    0.3088843596477481,
    0.3393221771895328,
    0.372759372031494,
    0.4094915062380424,
    0.44984326689694454,
    0.49417133613238345,
    0.5428675439323859,
    0.5963623316594643,
    0.6551285568595507,
    0.7196856730011519,
    0.7906043210907697,
    0.8685113737513525,
    0.9540954763499939,
    1.0481131341546859,
    1.151395399326447,
    1.2648552168552958,
    1.3894954943731375,
    1.5264179671752334,
    1.6768329368110073,
    1.8420699693267153,
    2.0235896477251565,
    2.2229964825261943,
    2.442053094548651,
    2.6826957952797246,
    2.9470517025518097,
    3.2374575428176433,
    3.5564803062231283,
    3.9069399370546147,
    4.291934260128776,
    4.714866363457392,
    5.17947467923121,
    5.689866029018296,
    6.250551925273969,
    6.866488450042998,
    7.543120063354615,
    8.286427728546842,
    9.102981779915218,
    10.0
  ],
  "gamma_max": [
    -2.1892342964900635,
    -2.187928581059854,
    -2.1867132970568157,
    -2.1856432667795502,
    -2.1847884752546824,
    -2.1842376930232117,
    -2.1841029366656928,
    -2.184524961754643,
    -2.185680025163764,
    -2.1675717465238904,
    -2.1018944220349662,
    -2.0321356135348747,
    -1.9584581252888007,
    -1.8811649085837918,
    -1.800734964171717,
    -1.7178646076376156,
    -1.633514072086949,
    -1.5489592396539897,
    -1.4658481491503812,
    -1.3862618601297054,
    -1.312779300112343,
    -1.2485458991330964,
    -1.1973461320589072,
    -1.1636805449883216,
    -1.1528484682191258,
    -1.1710385173669984,
    -1.225430381181191,
    -1.3243137010576231,
    -1.4772337336192254,
    -1.6951800409747009,
    -1.9860974752928555,
    -1.8542629616199704,
    -1.8099312158141332,
    -1.8908043765378557,
    -2.141976393665254,
    -2.614170910527012,
    -3.3626693932498126,
    -4.447326459792885,
    -5.933843000951842,
    -7.896328875473867,
    -10.421031483428704,
    -13.61105512186974,
    -17.59203154114627,
    -22.519050352996228,
    -28.585875122136112,
    -36.03947859329049,
    -45.211403036573444,
    -56.55636249782414,
    -69.26856601781229,
    -83.87778896116514
  ],
  "omega_max": [
    1.1126207218229955,
    1.1314554415723699,
    1.152249255122107,
    1.1752134889393024,
    1.200583021332726,
    1.2286188058249017,
    1.2596105626590222,
    1.2938796010916314,
    1.331781706208245,
    5.46849027417528,
    5.533239090113832,
    5.604796220209415,
    5.683810760781747,
    5.770959007720495,
    5.8669331386159085,
    5.9724263895582785,
    6.08811513821497,
    6.2146390893937005,
    6.352581833118323,
    6.502455341883068,
    6.664693357630247,
    6.839659779708712,
    7.0276786590029054,
    7.22909160481445,
    7.444345649247409,
    7.674109333621601,
    7.9194068319896544,
    8.181749847812137,
    8.463236151559215,
    8.766573874718917,
    7.830605611849787,
    8.139172639178684,
    8.494039329310079,
    8.905374206260165,
    9.382415582473865,
    9.933401473732223,
    10.566015509244307,
    11.28789269470454,
    12.107100583792791,
    13.032656883020378,
    14.075163818884961,
    15.247663156120062,
    16.56690040497609,
    18.05541407222629,
    19.745530022570644,
    21.68877787191268,
    23.988452206358723,
    27.053359788307034,
    21.38417111035008,
    35.68395089625125
  ],
  "params": {
    "alpha": -42.0,
    "dT": 0.8333333333333334,
    "dR": 1.0
  },
  "metadata": {
    "shear_max": 5.501079860549587,
    "vel_net": 2.2832491443504614,
    "resolution": {
      "H": 25,
      "M": 65,
      "Nz": 129,
      "Nth": 128
    },
    "timestamp": "2026-04-13T21:16:18.811242"
  }
}