{
  "k": [
    0.1,
    0.10985411419875583,
    0.12067926406393285,
    0.13257113655901093,
    0.14563484775012436,
    0.15998587196060582,
    0.1757510624854792,
    0.193069772888325,
    0.21209508879201905,
    0.2329951810515372,
    0.2559547922699536,
    0.281176869797423,
    0.3088843596477481,
    0.3393221771895328,
    0.372759372031494,
    0.4094915062380424,
    0.44984326689694454,
    0.49417133613238345,
    0.5428675439323859,
    0.5963623316594643,
    0.6551285568595507,
    0.7196856730011519,
    0.7906043210907697,
    0.8685113737513525,
    0.9540954763499939,
    1.0481131341546859,
    1.151395399326447,
    1.2648552168552958,
    1.3894954943731375,
    1.5264179671752334,
    1.6768329368110073,
    1.8420699693267153,
    2.0235896477251565,
    2.2229964825261943,
    2.442053094548651,
    2.6826957952797246,
    2.9470517025518097,
    3.2374575428176433,
    3.5564803062231283,
    3.9069399370546147,
    4.291934260128776,
    4.714866363457392,
    5.17947467923121,
    5.689866029018296,
    6.250551925273969,
    6.866488450042998,
    7.543120063354615,
    8.286427728546842,
    9.102981779915218,
    10.0
  ],
  "gamma_max": [
    -1.0075008394542013,
    -1.0090525236504877,
    -1.0109253437507473,
    -1.0131858271354985,
    -1.0159143132703994,
    -1.0192078352768335,
    -1.023183609231124,
    -1.0279832624847736,
    -1.0337779621789942,
    -1.0407746425603932,
    -1.0492235769953748,
    -1.0594276008953276,
    -1.0717533696495842,
    -1.0866451376857662,
    -1.1046416807852169,
    -1.1263971688960281,
    -1.1527070549246377,
    -1.1845404157019261,
    -1.2230807316643437,
    -1.2697779408712955,
    -1.3264159729492022,
    -1.3952022969903486,
    -1.478890226076589,
    -1.5809529127998858,
    -1.7058454345272345,
    -1.8594331284005972,
    -2.049780321110014,
    -2.28888988247712,
    -2.597853100329591,
    -2.9100927517010313,
    -3.2251676230584314,
    -3.6080505250404147,
    -4.072692211510515,
    -4.635894574042758,
    -5.317915977693963,
    -6.1432054708303685,
    -7.114864802873901,
    -8.278007146929452,
    -9.702408223563634,
    -11.439588711768291,
    -13.551409761537657,
    -16.11247651886189,
    -19.212935969627743,
    -22.961752468881233,
    -27.49057970652365,
    -32.95837960184783,
    -39.556971190618206,
    -47.51772989944909,
    -57.11970074964779,
    -68.69943543123094
  ],
  "omega_max": [
    6.220736390977903e-16,
    -2.041031795936144e-15,
    -1.7295904522903722e-17,
    2.730716923353138e-16,
    -5.685822200536958e-16,
    1.5766138906716607e-16,
    -1.1149029812023706e-16,
    1.2115950251213003e-15,
    1.091881289986435e-16,
    -4.550636756257508e-16,
    -5.233916537847805e-16,
    1.6007121800261524e-16,
    3.7586050074712594e-16,
    -4.799963714526912e-16,
    -1.0225625936134802e-15,
    6.732020338807315e-16,
    7.817126040088947e-16,
    5.7986053900853924e-15,
    4.557064273634083e-16,
    5.575129432217254e-16,
    2.5169310737288105e-15,
    -8.959670128748113e-16,
    -1.821140155998267e-16,
    1.387452437656946e-16,
    4.845971368345874e-16,
    -3.8385867362418574e-16,
    1.166178088765588e-15,
    1.1342130505361749e-14,
    -2.2478155106893334e-15,
    0.7279973579719607,
    -0.8138117399500411,
    -0.9053448762924057,
    1.0038225045009057,
    1.1105022248594616,
    -1.2267010853923226,
    1.3538202142028843,
    -1.429236797460644,
    -1.5929544955720902,
    -1.7693414187544023,
    1.9619583549385373,
    2.174089013798029,
    2.408968180882313,
    -2.6699827893536408,
    -2.960837214959017,
    -3.2856838924567318,
    3.6492229092865207,
    -4.056772292680234,
    4.5143096173676245,
    -5.028490033327737,
    -5.606657094008107
  ],
  "params": {
    "alpha": -15.0,
    "dT": 0.6666666666666666,
    "dR": 1.0
  },
  "metadata": {
    "shear_max": 1.4340320568083333e-09,
    "vel_net": 2.5849394142282115e-26,
    "resolution": {
      "H": 25,
      "M": 65,
      "Nz": 129,
      "Nth": 128
    },
    "timestamp": "2026-04-13T10:50:00.440755"
  }
}