{
  "k": [
    0.1,
    0.10985411419875583,
    0.12067926406393285,
    0.13257113655901093,
    0.14563484775012436,
    0.15998587196060582,
    0.1757510624854792,
    0.193069772888325,
    0.21209508879201905,
    0.2329951810515372,
    0.2559547922699536,
    0.281176869797423,
    0.3088843596477481,
    0.3393221771895328,
    0.372759372031494,
    0.4094915062380424,
    0.44984326689694454,
    0.49417133613238345,
    0.5428675439323859,
    0.5963623316594643,
    0.6551285568595507,
    0.7196856730011519,
    0.7906043210907697,
    0.8685113737513525,
    0.9540954763499939,
    1.0481131341546859,
    1.151395399326447,
    1.2648552168552958,
    1.3894954943731375,
    1.5264179671752334,
    1.6768329368110073,
    1.8420699693267153,
    2.0235896477251565,
    2.2229964825261943,
    2.442053094548651,
    2.6826957952797246,
    2.9470517025518097,
    3.2374575428176433,
    3.5564803062231283,
    3.9069399370546147,
    4.291934260128776,
    4.714866363457392,
    5.17947467923121,
    5.689866029018296,
    6.250551925273969,
    6.866488450042998,
    7.543120063354615,
    8.286427728546842,
    9.102981779915218,
    10.0
  ],
  "gamma_max": [
    -2.4108177230801298,
    -2.4081817192634705,
    -2.405504269045802,
    -2.402828453548287,
    -2.4002120330121994,
    -2.3977312685483056,
    -2.3954856721901914,
    -2.393603903397277,
    -2.3922510737894083,
    -2.3916377750965068,
    -2.355262611135625,
    -2.281788027498316,
    -2.203757314171588,
    -2.121360781015771,
    -2.0349496026739087,
    -1.9450773892204254,
    -1.8525480023061476,
    -1.7584695282482987,
    -1.6643140674072483,
    -1.5719827914030888,
    -1.4838755802875419,
    -1.4029645892380964,
    -1.3328711352502853,
    -1.2779456030338672,
    -1.2433503291175025,
    -1.235146142371677,
    -1.260384597647476,
    -1.3272112812677668,
    -1.4449922456708186,
    -1.6244883064997726,
    -1.5739536264402887,
    -1.3211769887038398,
    -1.1473309214212228,
    -1.0949975078741858,
    -1.2145241755659175,
    -1.5621262205339927,
    -2.198698421730733,
    -3.1895604228661414,
    -4.605465453093094,
    -6.525057212511751,
    -9.038654457236806,
    -12.253025444126356,
    -16.2967331633918,
    -21.325484445625797,
    -27.526229959688717,
    -35.117016971793156,
    -44.339781024176894,
    -55.462231017670206,
    -68.8136198492199,
    -84.59076152930538
  ],
  "omega_max": [
    1.406764234394728,
    1.4300380005274511,
    1.45569746139654,
    1.4839937527606557,
    1.5152051087865817,
    1.5496397132090065,
    1.587638772059326,
    1.6295797895228532,
    1.6758800050070297,
    1.7269999237334688,
    6.523748786550859,
    6.604911994641708,
    6.694543487450183,
    6.793452802532453,
    6.9024885592573995,
    7.0225270914612565,
    7.154457659500449,
    7.2991650070363425,
    7.457511051411827,
    7.630318816552729,
    7.818363212163846,
    8.022374612644594,
    8.243061869120872,
    8.481160661952144,
    8.737510045760422,
    9.013153888180693,
    9.309454204392331,
    9.628190614545185,
    9.971605986398353,
    10.342346110796445,
    9.083319802329246,
    9.453124857231257,
    9.884384617279123,
    10.38808899023238,
    10.973637674603582,
    11.649382653362833,
    12.423318285577903,
    13.303675062780187,
    14.299515161772698,
    15.42144740712198,
    16.682573130111372,
    18.099840606142095,
    19.69612920900183,
    21.503595204370402,
    23.568901383733213,
    25.959674827045372,
    28.76516712311226,
    32.08025623923631,
    36.03005982945492,
    40.839767328124374
  ],
  "params": {
    "alpha": -48.0,
    "dT": 0.8571428571428571,
    "dR": 1.0
  },
  "metadata": {
    "shear_max": 6.528206347851166,
    "vel_net": 2.7294515960062404,
    "resolution": {
      "H": 25,
      "M": 65,
      "Nz": 129,
      "Nth": 128
    },
    "timestamp": "2026-04-16T09:25:52.850218"
  }
}