{
  "k": [
    0.1,
    0.10985411419875583,
    0.12067926406393285,
    0.13257113655901093,
    0.14563484775012436,
    0.15998587196060582,
    0.1757510624854792,
    0.193069772888325,
    0.21209508879201905,
    0.2329951810515372,
    0.2559547922699536,
    0.281176869797423,
    0.3088843596477481,
    0.3393221771895328,
    0.372759372031494,
    0.4094915062380424,
    0.44984326689694454,
    0.49417133613238345,
    0.5428675439323859,
    0.5963623316594643,
    0.6551285568595507,
    0.7196856730011519,
    0.7906043210907697,
    0.8685113737513525,
    0.9540954763499939,
    1.0481131341546859,
    1.151395399326447,
    1.2648552168552958,
    1.3894954943731375,
    1.5264179671752334,
    1.6768329368110073,
    1.8420699693267153,
    2.0235896477251565,
    2.2229964825261943,
    2.442053094548651,
    2.6826957952797246,
    2.9470517025518097,
    3.2374575428176433,
    3.5564803062231283,
    3.9069399370546147,
    4.291934260128776,
    4.714866363457392,
    5.17947467923121,
    5.689866029018296,
    6.250551925273969,
    6.866488450042998,
    7.543120063354615,
    8.286427728546842,
    9.102981779915218,
    10.0
  ],
  "gamma_max": [
    0.4364933618683274,
    0.434310945111828,
    0.43167736164928855,
    0.4284993739151208,
    0.4246644879801381,
    0.42003698057329975,
    0.4144531067105823,
    0.4077153186530525,
    0.39958529077928656,
    0.38977549990388644,
    0.3779390555989828,
    0.3636574035081069,
    0.346425432574498,
    0.3256333930999401,
    0.30054486379393286,
    0.2702697612590682,
    0.23373102724190178,
    0.18962307428436606,
    0.13635917915330273,
    0.07200350898683974,
    -0.00581922550741447,
    -0.10004867016869128,
    -0.2143713606964649,
    -0.35350972554680404,
    -0.5237369763858316,
    -0.7339739679617574,
    -0.9989071335308385,
    -1.3549195310937057,
    -1.8326332008425756,
    -2.1522523710510906,
    -2.537717341306945,
    -3.0026979436050336,
    -3.5637183617664765,
    -4.240748025802425,
    -5.057913960958278,
    -6.044361349717732,
    -7.180337644175388,
    -8.545066046438603,
    -10.224829405267615,
    -12.280407780153942,
    -14.785007691538294,
    -17.82716700906199,
    -21.51413302075385,
    -25.975813623458347,
    -31.36944677472214,
    -37.885171745340195,
    -45.752721269344605,
    -55.24949190284303,
    -66.71029535601728,
    -80.53914904413728
  ],
  "omega_max": [
    -1.700443948039914e-14,
    -2.538037738104431e-14,
    -4.584121260815991e-15,
    -4.9247425394506734e-14,
    -4.617490610535266e-14,
    4.529555556210824e-15,
    -5.87473778252271e-15,
    1.8034981932226677e-14,
    -6.6969122575164905e-15,
    1.3333471247477423e-14,
    2.3671555386884016e-15,
    6.336773174633051e-14,
    -2.6334045932577845e-14,
    5.01504527961488e-14,
    9.613437649936793e-16,
    8.774923884183607e-15,
    -3.982081477411053e-15,
    1.0867643337651643e-14,
    -2.867176434147279e-14,
    4.866550001372697e-16,
    3.8557077945594486e-17,
    2.031181133475029e-15,
    3.640783896477364e-14,
    5.3908976976802354e-14,
    6.38018155238121e-15,
    -1.8068343020945488e-13,
    4.468040638228869e-15,
    2.1950359332674604e-13,
    -0.21366413108081972,
    0.39228288438478653,
    -0.5320564831960627,
    -0.6615840676972138,
    0.7894469072001147,
    0.9200722411620053,
    1.0564748141140998,
    -1.201109391228002,
    1.1823998370742042,
    1.3174238941414704,
    1.4832124156107802,
    1.6791467885022724,
    -1.9043311560304301,
    2.1584061195535944,
    2.441920205044824,
    2.756419581868092,
    -3.1044089248858144,
    -3.4892781923288654,
    -3.915240076393116,
    4.387292787586387,
    4.911209186827026,
    5.493550720584572
  ],
  "params": {
    "alpha": -26.0,
    "dT": 0.8,
    "dR": 1.0
  },
  "metadata": {
    "shear_max": 5.210152031994461e-09,
    "vel_net": 4.1359030627651384e-25,
    "resolution": {
      "H": 25,
      "M": 65,
      "Nz": 129,
      "Nth": 128
    },
    "timestamp": "2026-04-13T12:30:21.630785"
  }
}