{
  "k": [
    0.1,
    0.10985411419875583,
    0.12067926406393285,
    0.13257113655901093,
    0.14563484775012436,
    0.15998587196060582,
    0.1757510624854792,
    0.193069772888325,
    0.21209508879201905,
    0.2329951810515372,
    0.2559547922699536,
    0.281176869797423,
    0.3088843596477481,
    0.3393221771895328,
    0.372759372031494,
    0.4094915062380424,
    0.44984326689694454,
    0.49417133613238345,
    0.5428675439323859,
    0.5963623316594643,
    0.6551285568595507,
    0.7196856730011519,
    0.7906043210907697,
    0.8685113737513525,
    0.9540954763499939,
    1.0481131341546859,
    1.151395399326447,
    1.2648552168552958,
    1.3894954943731375,
    1.5264179671752334,
    1.6768329368110073,
    1.8420699693267153,
    2.0235896477251565,
    2.2229964825261943,
    2.442053094548651,
    2.6826957952797246,
    2.9470517025518097,
    3.2374575428176433,
    3.5564803062231283,
    3.9069399370546147,
    4.291934260128776,
    4.714866363457392,
    5.17947467923121,
    5.689866029018296,
    6.250551925273969,
    6.866488450042998,
    7.543120063354615,
    8.286427728546842,
    9.102981779915218,
    10.0
  ],
  "gamma_max": [
    -1.1981511961323477,
    -1.1957789158160745,
    -1.1933361761824508,
    -1.1908884701986246,
    -1.1885225105902564,
    -1.1863502723386739,
    -1.1845140660320967,
    -1.1831930964668245,
    -1.1826121636091935,
    -1.1830534940414312,
    -1.1848732353716735,
    -1.1885251355443571,
    -1.1945957708487582,
    -1.2038593445484695,
    -1.2173678513699482,
    -1.2366102844724065,
    -1.263819232186298,
    -1.3026194498885604,
    -1.356447737554568,
    -1.2711460731528694,
    -1.1844721298733436,
    -1.097509588562046,
    -1.011595176568859,
    -0.9283516652003072,
    -0.8497219387578098,
    -0.7780023686390962,
    -0.7158742205750148,
    -0.6664341109041642,
    -0.6332293975946285,
    -0.6203119259064043,
    -0.6323318590100534,
    -0.6746964209287264,
    -0.634425952554578,
    -0.5666891546533135,
    -0.5567359274032537,
    -0.6256866872104736,
    -0.7969404138118669,
    -1.0966503624807926,
    -1.5556654905347231,
    -2.212822501950242,
    -3.110458023959088,
    -4.204051708589019,
    -5.315943614341523,
    -6.511832002515005,
    -7.91636963097276,
    -9.609749347408387,
    -11.660956957400488,
    -14.143258060788007,
    -17.140919996702596,
    -20.753800132120027
  ],
  "omega_max": [
    0.01564790533267394,
    0.01492363164184268,
    0.01373041224279642,
    0.011982473139536385,
    0.009587399488527068,
    0.006446194224287795,
    0.0024531558039798027,
    -0.002504464736397669,
    -0.008547073637062516,
    -0.015803693474561852,
    -0.024413395201096613,
    -0.03452748967536064,
    -0.04631313511760714,
    -0.059960007054634494,
    -0.07569452765105195,
    -0.09381527526674606,
    -0.11479660163687785,
    -0.1396531889445794,
    -4.008465055163518,
    -4.112388724550137,
    -4.225035693851385,
    -4.346708408594168,
    -4.477687793766362,
    -4.618264566973236,
    -4.768783971339276,
    -4.929700242823026,
    -5.101631788912047,
    -5.285401357685648,
    -5.482038739508859,
    -5.692718945703505,
    -5.918608734037834,
    -6.160599684593153,
    -5.623167406680449,
    -5.9732902078121235,
    -6.3739243414751074,
    -6.832994912323064,
    -7.358534496440096,
    -7.960099399178339,
    -8.651755796001801,
    -9.46011885729617,
    -10.450262912005636,
    -11.752279598342119,
    -13.315455013134967,
    -14.97661974373584,
    -16.73221311065109,
    -18.615170986429675,
    -20.657281025840202,
    -22.888010780616426,
    -25.33589316371892,
    -28.029342754441895
  ],
  "params": {
    "alpha": -28.0,
    "dT": 0.2,
    "dR": 1.0
  },
  "metadata": {
    "shear_max": 3.627330940325302,
    "vel_net": 1.5200596950509673,
    "resolution": {
      "H": 25,
      "M": 65,
      "Nz": 129,
      "Nth": 128
    },
    "timestamp": "2026-04-13T16:35:04.426097"
  }
}