{
  "k": [
    0.1,
    0.10985411419875583,
    0.12067926406393285,
    0.13257113655901093,
    0.14563484775012436,
    0.15998587196060582,
    0.1757510624854792,
    0.193069772888325,
    0.21209508879201905,
    0.2329951810515372,
    0.2559547922699536,
    0.281176869797423,
    0.3088843596477481,
    0.3393221771895328,
    0.372759372031494,
    0.4094915062380424,
    0.44984326689694454,
    0.49417133613238345,
    0.5428675439323859,
    0.5963623316594643,
    0.6551285568595507,
    0.7196856730011519,
    0.7906043210907697,
    0.8685113737513525,
    0.9540954763499939,
    1.0481131341546859,
    1.151395399326447,
    1.2648552168552958,
    1.3894954943731375,
    1.5264179671752334,
    1.6768329368110073,
    1.8420699693267153,
    2.0235896477251565,
    2.2229964825261943,
    2.442053094548651,
    2.6826957952797246,
    2.9470517025518097,
    3.2374575428176433,
    3.5564803062231283,
    3.9069399370546147,
    4.291934260128776,
    4.714866363457392,
    5.17947467923121,
    5.689866029018296,
    6.250551925273969,
    6.866488450042998,
    7.543120063354615,
    8.286427728546842,
    9.102981779915218,
    10.0
  ],
  "gamma_max": [
    -0.9624229955278448,
    -0.9608225085854774,
    -0.9593098562238986,
    -0.9579536009291149,
    -0.9568440454245678,
    -0.9560993902183724,
    -0.9558738666048268,
    -0.9563688078323956,
    -0.957848282242351,
    -0.9606622478175993,
    -0.9652829462371625,
    -0.9723663566399408,
    -0.9758443637328931,
    -0.9574591669932406,
    -0.9377512214610926,
    -0.9165915236282629,
    -0.8938894724859204,
    -0.8696469977595052,
    -0.8440206560355455,
    -0.8173773017800476,
    -0.7903309373038193,
    -0.763756937308713,
    -0.7387884712434849,
    -0.7168031152689167,
    -0.6994054164854873,
    -0.6884070790998816,
    -0.6858036744969219,
    -0.6937469165641348,
    -0.7145154322508627,
    -0.7504955094216639,
    -0.7913688276041541,
    -0.7672879901896463,
    -0.7636371682848297,
    -0.7878925182016195,
    -0.8485578089411178,
    -0.9549235431576991,
    -1.1169220083721034,
    -1.345250054785385,
    -1.6518024506697049,
    -2.0500720196898286,
    -2.5539163474350537,
    -3.1693747651621376,
    -3.8790219661903143,
    -4.669770047603091,
    -5.578895198144485,
    -6.6604512893933,
    -7.964542883100479,
    -9.541584613287561,
    -11.44748326327418,
    -13.747125107295185
  ],
  "omega_max": [
    0.2098256883637933,
    0.20633627958765283,
    0.2026567179317655,
    0.19879494393915895,
    0.19476372132677305,
    0.1905818081771791,
    0.1862756149473805,
    0.18188170589854655,
    0.17745081216616976,
    0.17305459456851183,
    0.16879755533313723,
    0.16483914499823804,
    -1.673031448860241,
    -1.7225591488685115,
    -1.7778522934172567,
    -1.8392651773493696,
    -1.9070484211262246,
    -1.981329332686046,
    -2.062115612408097,
    -2.149325416515031,
    -2.2428373468246336,
    -2.342549215157894,
    -2.4484372285314895,
    -2.5606136388265393,
    -2.6793850812942224,
    -2.8053130685700385,
    -2.939273060214846,
    -3.082501157955678,
    -3.2366098846026814,
    -3.4035492372684826,
    -3.283572212286862,
    -3.4866127179016857,
    -3.7149496294104103,
    -3.9738651867689816,
    -4.269300466126291,
    -4.607627874002019,
    -4.995504923665572,
    -5.4399963162375675,
    -5.949238226935047,
    -6.534112181421285,
    -7.211581427190576,
    -8.00769018639276,
    -8.941394722403002,
    -9.988811375432348,
    -11.121078015753907,
    -12.340547596967484,
    -13.663408668537722,
    -15.108694055315212,
    -16.696184042687992,
    -18.446363655329062
  ],
  "params": {
    "alpha": -22.0,
    "dT": 0.125,
    "dR": 1.0
  },
  "metadata": {
    "shear_max": 2.1851585503717534,
    "vel_net": 0.8768976708398459,
    "resolution": {
      "H": 25,
      "M": 65,
      "Nz": 129,
      "Nth": 128
    },
    "timestamp": "2026-04-13T13:02:19.413921"
  }
}