{
  "k": [
    0.1,
    0.10985411419875583,
    0.12067926406393285,
    0.13257113655901093,
    0.14563484775012436,
    0.15998587196060582,
    0.1757510624854792,
    0.193069772888325,
    0.21209508879201905,
    0.2329951810515372,
    0.2559547922699536,
    0.281176869797423,
    0.3088843596477481,
    0.3393221771895328,
    0.372759372031494,
    0.4094915062380424,
    0.44984326689694454,
    0.49417133613238345,
    0.5428675439323859,
    0.5963623316594643,
    0.6551285568595507,
    0.7196856730011519,
    0.7906043210907697,
    0.8685113737513525,
    0.9540954763499939,
    1.0481131341546859,
    1.151395399326447,
    1.2648552168552958,
    1.3894954943731375,
    1.5264179671752334,
    1.6768329368110073,
    1.8420699693267153,
    2.0235896477251565,
    2.2229964825261943,
    2.442053094548651,
    2.6826957952797246,
    2.9470517025518097,
    3.2374575428176433,
    3.5564803062231283,
    3.9069399370546147,
    4.291934260128776,
    4.714866363457392,
    5.17947467923121,
    5.689866029018296,
    6.250551925273969,
    6.866488450042998,
    7.543120063354615,
    8.286427728546842,
    9.102981779915218,
    10.0
  ],
  "gamma_max": [
    -2.3517876791814416,
    -2.3496530033256375,
    -2.347536848768684,
    -2.3454897276901243,
    -2.3435776994206297,
    -2.341886264834043,
    -2.3405251878095434,
    -2.339634460046252,
    -2.3393916714603815,
    -2.3075714859277956,
    -2.2392786005598073,
    -2.1666223435551686,
    -2.089735908934088,
    -2.0088918935788302,
    -1.9245396155741974,
    -1.8373484245935483,
    -1.748257062561211,
    -1.658528900479955,
    -1.56981266415378,
    -1.48420811409364,
    -1.404336116434823,
    -1.3334126541175304,
    -1.275326589427305,
    -1.2347213877253336,
    -1.217081557891029,
    -1.2288253739988908,
    -1.2774068378063959,
    -1.3714324724584082,
    -1.520803539622602,
    -1.73690339187222,
    -1.836192008485238,
    -1.645301564638884,
    -1.5420266287464655,
    -1.5682142584687833,
    -1.7735303832198859,
    -2.213589345791472,
    -2.948825281248073,
    -4.044403223217464,
    -5.571422453965438,
    -7.609525306885405,
    -10.250784789002426,
    -13.604601808590111,
    -17.803364930384046,
    -23.008711510699342,
    -29.418140557406048,
    -37.27106359163922,
    -46.852375835726576,
    -58.496480968470905,
    -72.52420136515373,
    -88.61809655109117
  ],
  "omega_max": [
    1.2505768881970474,
    1.27214079290553,
    1.2959343414862334,
    1.3221955133346246,
    1.3511883908599398,
    1.3832059110754575,
    1.4185728067882732,
    1.4576487040809833,
    1.5008313181288873,
    6.085074173714805,
    6.155709873801822,
    6.23375204558981,
    6.319919946450404,
    6.414970453863799,
    6.519688168709324,
    6.634871889141671,
    6.761317693942337,
    6.899799648667189,
    7.051050237425368,
    7.2157439972130835,
    7.394489333583268,
    7.587834820100721,
    7.796296906901152,
    8.020415202831483,
    8.26083854168306,
    8.518439215617827,
    8.79444376864432,
    9.090557077822481,
    9.40904352654131,
    9.752717303826797,
    8.64007564789972,
    8.983831972423868,
    9.382233831640333,
    9.846015432773862,
    10.384609874310252,
    11.00641816007129,
    11.719392257531407,
    12.531576351829267,
    13.451628316805245,
    14.48941836214595,
    15.656798608368755,
    16.968675089598786,
    18.44462002545672,
    20.111472772575222,
    22.007759369245065,
    24.191245325657995,
    26.75088440433952,
    29.830316942471743,
    33.76850259538412,
    38.65221562841017
  ],
  "params": {
    "alpha": -46.0,
    "dT": 0.8888888888888888,
    "dR": 1.0
  },
  "metadata": {
    "shear_max": 6.144987536469823,
    "vel_net": 2.557679492599577,
    "resolution": {
      "H": 25,
      "M": 65,
      "Nz": 129,
      "Nth": 128
    },
    "timestamp": "2026-04-13T19:24:41.645427"
  }
}