{
  "k": [
    0.1,
    0.10985411419875583,
    0.12067926406393285,
    0.13257113655901093,
    0.14563484775012436,
    0.15998587196060582,
    0.1757510624854792,
    0.193069772888325,
    0.21209508879201905,
    0.2329951810515372,
    0.2559547922699536,
    0.281176869797423,
    0.3088843596477481,
    0.3393221771895328,
    0.372759372031494,
    0.4094915062380424,
    0.44984326689694454,
    0.49417133613238345,
    0.5428675439323859,
    0.5963623316594643,
    0.6551285568595507,
    0.7196856730011519,
    0.7906043210907697,
    0.8685113737513525,
    0.9540954763499939,
    1.0481131341546859,
    1.151395399326447,
    1.2648552168552958,
    1.3894954943731375,
    1.5264179671752334,
    1.6768329368110073,
    1.8420699693267153,
    2.0235896477251565,
    2.2229964825261943,
    2.442053094548651,
    2.6826957952797246,
    2.9470517025518097,
    3.2374575428176433,
    3.5564803062231283,
    3.9069399370546147,
    4.291934260128776,
    4.714866363457392,
    5.17947467923121,
    5.689866029018296,
    6.250551925273969,
    6.866488450042998,
    7.543120063354615,
    8.286427728546842,
    9.102981779915218,
    10.0
  ],
  "gamma_max": [
    -2.275193137733994,
    -2.2734292567497656,
    -2.271726865594286,
    -2.2701415125788387,
    -2.2687447833519183,
    -2.267628189900092,
    -2.266907962093977,
    -2.266730948530347,
    -2.2672818781308886,
    -2.214468778645195,
    -2.1471497983461405,
    -2.0756681689548686,
    -2.0001976733491165,
    -1.9210581044320456,
    -1.838752910962896,
    -1.75401257335233,
    -1.6678436993373928,
    -1.5815836233113236,
    -1.496960121937697,
    -1.4161557714411788,
    -1.341876507562652,
    -1.277424136427495,
    -1.2267728888664668,
    -1.1946506105986612,
    -1.1866258583645672,
    -1.2092031189026642,
    -1.2699298179159253,
    -1.3775211836334844,
    -1.5420131247598954,
    -1.7749603370768035,
    -2.0022598185879117,
    -1.8559119596260418,
    -1.8011560203990238,
    -1.8783929198825247,
    -2.135741057154719,
    -2.6272276840505158,
    -3.411708434117447,
    -4.552878825938544,
    -6.120579673662204,
    -8.193455953926938,
    -10.862837321404209,
    -14.237618902259495,
    -18.45000691437445,
    -23.66222098924944,
    -30.074571331181033,
    -37.93587895473405,
    -47.55926837684431,
    -59.35401618497071,
    -73.42848654409117,
    -89.17452993596854
  ],
  "omega_max": [
    1.1439608685654394,
    1.1638949434560786,
    1.185901708524675,
    1.2102046230574177,
    1.2370520323457526,
    1.2667198308045013,
    1.2995143028643577,
    1.335775100928945,
    1.3758782924567161,
    5.744294194695685,
    5.812065276991845,
    5.886948003243008,
    5.969622892616293,
    6.060800814265602,
    6.161211748364592,
    6.271589906576712,
    6.392655583560119,
    6.525094917340255,
    6.669539842034829,
    6.826551880529026,
    6.996614876193796,
    7.180143008892731,
    7.377510984488298,
    7.589112488705029,
    7.815450135498041,
    8.057254617542077,
    8.31562241252453,
    8.59215073654893,
    8.889036843230793,
    9.209098238630002,
    8.209722252269506,
    8.532082601827378,
    8.90380539495495,
    9.335319669832197,
    9.835995154608527,
    10.414197154813195,
    11.077778890170388,
    11.834589505198954,
    12.692955808187333,
    13.662213463186507,
    14.753369949587578,
    15.980004110585313,
    17.359587716436113,
    18.915605423952194,
    20.68131496818182,
    22.70726510230442,
    25.079530985947297,
    27.99574619622506,
    32.13854536626963,
    36.81950643883735
  ],
  "params": {
    "alpha": -44.0,
    "dT": 0.8888888888888888,
    "dR": 1.0
  },
  "metadata": {
    "shear_max": 5.789019879747721,
    "vel_net": 2.4030020152562823,
    "resolution": {
      "H": 25,
      "M": 65,
      "Nz": 129,
      "Nth": 128
    },
    "timestamp": "2026-04-13T18:05:33.188977"
  }
}