{
  "k": [
    0.1,
    0.10985411419875583,
    0.12067926406393285,
    0.13257113655901093,
    0.14563484775012436,
    0.15998587196060582,
    0.1757510624854792,
    0.193069772888325,
    0.21209508879201905,
    0.2329951810515372,
    0.2559547922699536,
    0.281176869797423,
    0.3088843596477481,
    0.3393221771895328,
    0.372759372031494,
    0.4094915062380424,
    0.44984326689694454,
    0.49417133613238345,
    0.5428675439323859,
    0.5963623316594643,
    0.6551285568595507,
    0.7196856730011519,
    0.7906043210907697,
    0.8685113737513525,
    0.9540954763499939,
    1.0481131341546859,
    1.151395399326447,
    1.2648552168552958,
    1.3894954943731375,
    1.5264179671752334,
    1.6768329368110073,
    1.8420699693267153,
    2.0235896477251565,
    2.2229964825261943,
    2.442053094548651,
    2.6826957952797246,
    2.9470517025518097,
    3.2374575428176433,
    3.5564803062231283,
    3.9069399370546147,
    4.291934260128776,
    4.714866363457392,
    5.17947467923121,
    5.689866029018296,
    6.250551925273969,
    6.866488450042998,
    7.543120063354615,
    8.286427728546842,
    9.102981779915218,
    10.0
  ],
  "gamma_max": [
    0.039751341834916465,
    0.027278990188220695,
    0.01223507431962304,
    -0.005910251433606635,
    -0.027797242188521396,
    -0.05420189705474543,
    -0.08607060890995868,
    -0.12457267426580391,
    -0.17119355913431739,
    -0.2279408078939114,
    -0.2979470920762144,
    -0.3882117819473522,
    -0.5430181369364325,
    -0.5906543011437786,
    -0.6461109969953958,
    -0.7102548782980709,
    -0.784187124163439,
    -0.7386575167290742,
    -0.7017978328830865,
    -0.6651365743724456,
    -0.48042360472447004,
    -0.29534335400762574,
    -0.11260021570734387,
    0.06509192923404433,
    0.23482437944136653,
    0.3932008055255234,
    0.5359381121347949,
    0.6573388761626601,
    0.749597357910328,
    0.8018987395942203,
    0.7992905861981233,
    0.7213932912726689,
    0.54145066953054,
    0.22840068353995394,
    0.024466473782143613,
    0.3690270585141659,
    0.5716750529598449,
    0.40184742273304025,
    -0.3179221939357171,
    -1.8114848686321703,
    -2.5216754220276907,
    -2.6324955807439365,
    -3.0369797578189477,
    -3.776275385203737,
    -4.872880302551374,
    -6.362636653850172,
    -8.297832732324238,
    -10.747410846293281,
    -13.797847238352597,
    -17.553546599584752
  ],
  "omega_max": [
    -5.54377051439379e-13,
    7.785887642598348e-13,
    8.769973296480716e-13,
    -1.518248856814698e-12,
    1.4207701567643715e-12,
    3.991262255198992e-13,
    -4.2099102944329057e-13,
    1.219451559865613e-13,
    4.557901855579262e-13,
    -5.277625325718912e-13,
    -1.1736574903531459e-12,
    -8.487455813809215e-13,
    0.04506810330865472,
    0.1212949780998789,
    -0.15083187012521956,
    0.15193638839651227,
    -0.10793950781739381,
    1.5169361432270685e-14,
    1.6215237307377176e-13,
    5.091333543106928,
    -5.194516175447233,
    -5.305384845227929,
    -5.420373969093035,
    5.535021024092865,
    5.6440222011921755,
    5.741254191189195,
    -5.819792908709147,
    -5.8719827071373345,
    -5.889627918688325,
    5.864403008048801,
    -5.78862974850369,
    5.656726312731889,
    5.468166590336893,
    5.234417828225755,
    -3.665619772085272e-12,
    -1.3970918031976274e-11,
    -3.210079483748371e-11,
    -2.1535728456942383e-11,
    -2.0055329936608382e-11,
    2.3325920222873737e-11,
    6.628968896961292,
    7.463225903804983,
    8.449456046724334,
    -9.538062876565402,
    10.716339010157272,
    -11.991246038189804,
    13.37932281435804,
    -14.903860086417792,
    -16.595470105005028,
    -18.49539611906064
  ],
  "params": {
    "alpha": -43.0,
    "dT": 0.2,
    "dR": 1.0
  },
  "metadata": {
    "shear_max": 5.452296144294882,
    "vel_net": 1.5654144647214707e-14,
    "resolution": {
      "H": 25,
      "M": 65,
      "Nz": 129,
      "Nth": 128
    },
    "timestamp": "2026-04-15T19:59:07.809985"
  }
}