{
  "k": [
    0.1,
    0.10985411419875583,
    0.12067926406393285,
    0.13257113655901093,
    0.14563484775012436,
    0.15998587196060582,
    0.1757510624854792,
    0.193069772888325,
    0.21209508879201905,
    0.2329951810515372,
    0.2559547922699536,
    0.281176869797423,
    0.3088843596477481,
    0.3393221771895328,
    0.372759372031494,
    0.4094915062380424,
    0.44984326689694454,
    0.49417133613238345,
    0.5428675439323859,
    0.5963623316594643,
    0.6551285568595507,
    0.7196856730011519,
    0.7906043210907697,
    0.8685113737513525,
    0.9540954763499939,
    1.0481131341546859,
    1.151395399326447,
    1.2648552168552958,
    1.3894954943731375,
    1.5264179671752334,
    1.6768329368110073,
    1.8420699693267153,
    2.0235896477251565,
    2.2229964825261943,
    2.442053094548651,
    2.6826957952797246,
    2.9470517025518097,
    3.2374575428176433,
    3.5564803062231283,
    3.9069399370546147,
    4.291934260128776,
    4.714866363457392,
    5.17947467923121,
    5.689866029018296,
    6.250551925273969,
    6.866488450042998,
    7.543120063354615,
    8.286427728546842,
    9.102981779915218,
    10.0
  ],
  "gamma_max": [
    -2.360447475664022,
    -2.3579028536276923,
    -2.35531082263565,
    -2.3527108208887944,
    -2.350155975443833,
    -2.3477166923274995,
    -2.3454851235112475,
    -2.3435807167951976,
    -2.342157098269595,
    -2.34141058639667,
    -2.341590690087787,
    -2.2897503721448347,
    -2.2127273187708467,
    -2.1312036534257985,
    -2.0454682002272078,
    -1.9559971789118002,
    -1.8634995353935424,
    -1.7689682892572296,
    -1.6737376031189026,
    -1.5795450779729807,
    -1.4885986230082424,
    -1.403647207931576,
    -1.3280548486389905,
    -1.2658773015102314,
    -1.2219411736173291,
    -1.2019257052283785,
    -1.212448913570074,
    -1.2611632143253828,
    -1.356872838689024,
    -1.5096985587945542,
    -1.479598243563076,
    -1.2180401980705289,
    -1.0290244353399287,
    -0.9532691545556286,
    -1.0389272736775472,
    -1.339681886407401,
    -1.9135719101936666,
    -2.8227203042936293,
    -4.134272965238223,
    -5.922733224067304,
    -8.27357923884247,
    -11.287829608247891,
    -15.087116715102862,
    -19.81860512552472,
    -25.658218478973204,
    -32.80873919468218,
    -41.49141511893457,
    -51.95339881239742,
    -64.47351898452774,
    -79.07522566898272
  ],
  "omega_max": [
    1.438840554017378,
    1.4618323503741633,
    1.4871727429182933,
    1.515107592348861,
    1.5459091140241492,
    1.5798786473874058,
    1.6173496499719744,
    1.658690901063587,
    1.704309881725107,
    1.7546562707852444,
    1.8102254569067961,
    6.519107270835107,
    6.606780515255325,
    6.70354505575407,
    6.810239747015697,
    6.927733549619692,
    7.056911657836651,
    7.19865896463227,
    7.353842510260058,
    7.523295814477036,
    7.707809432809824,
    7.908133378128586,
    8.124997714889586,
    8.359156919286548,
    8.611460618699644,
    8.882947260232285,
    9.174947695687424,
    9.489173096810154,
    9.827747843890219,
    10.193136689685192,
    8.92740410575124,
    9.294706626368468,
    9.723514536872251,
    10.224736007245253,
    10.80759407212796,
    11.48022777258881,
    12.250427930919088,
    13.126260582091511,
    14.11668868662645,
    15.232319702386768,
    16.48640273441666,
    17.89627624860587,
    19.485631017358884,
    21.288184430506007,
    23.353382740517254,
    25.752894670363737,
    28.579243222610508,
    31.932623955223175,
    35.980971968337016,
    40.83549643511333
  ],
  "params": {
    "alpha": -47.0,
    "dT": 0.8,
    "dR": 1.0
  },
  "metadata": {
    "shear_max": 6.425508095181865,
    "vel_net": 2.692413808458954,
    "resolution": {
      "H": 25,
      "M": 65,
      "Nz": 129,
      "Nth": 128
    },
    "timestamp": "2026-04-13T21:48:42.066355"
  }
}