{
  "k": [
    0.1,
    0.10985411419875583,
    0.12067926406393285,
    0.13257113655901093,
    0.14563484775012436,
    0.15998587196060582,
    0.1757510624854792,
    0.193069772888325,
    0.21209508879201905,
    0.2329951810515372,
    0.2559547922699536,
    0.281176869797423,
    0.3088843596477481,
    0.3393221771895328,
    0.372759372031494,
    0.4094915062380424,
    0.44984326689694454,
    0.49417133613238345,
    0.5428675439323859,
    0.5963623316594643,
    0.6551285568595507,
    0.7196856730011519,
    0.7906043210907697,
    0.8685113737513525,
    0.9540954763499939,
    1.0481131341546859,
    1.151395399326447,
    1.2648552168552958,
    1.3894954943731375,
    1.5264179671752334,
    1.6768329368110073,
    1.8420699693267153,
    2.0235896477251565,
    2.2229964825261943,
    2.442053094548651,
    2.6826957952797246,
    2.9470517025518097,
    3.2374575428176433,
    3.5564803062231283,
    3.9069399370546147,
    4.291934260128776,
    4.714866363457392,
    5.17947467923121,
    5.689866029018296,
    6.250551925273969,
    6.866488450042998,
    7.543120063354615,
    8.286427728546842,
    9.102981779915218,
    10.0
  ],
  "gamma_max": [
    -0.06040061426206291,
    -0.06935218800077338,
    -0.0801335247999747,
    -0.09311440810034999,
    -0.10873834406904806,
    -0.12753790301055276,
    -0.1501550636134829,
    -0.1773712961384182,
    -0.21016072657903717,
    -0.24981084014214458,
    -0.29830259361056694,
    -0.3603426347671615,
    -0.44784970865700213,
    -0.48211520402404834,
    -0.5222994812879385,
    -0.5251808506360136,
    -0.49874635943893797,
    -0.4848286337159476,
    -0.4728923550042806,
    -0.46118145562256796,
    -0.4491019146252402,
    -0.43640767237982386,
    -0.3023568358189846,
    -0.1290346206368872,
    0.040120507572257436,
    0.2015394817646238,
    0.35076518513792093,
    0.4819206424744226,
    0.5869634121142637,
    0.6546945746682077,
    0.6695488151613788,
    0.6104860134840961,
    0.4516305678448555,
    0.22240359944273605,
    0.6368620071390045,
    1.1302537533689425,
    1.4581069396347968,
    1.42911053195676,
    0.9113318241343676,
    -0.30908329317378713,
    -1.304680757001127,
    -1.1999448501366103,
    -1.2795023133161476,
    -1.6101162138568101,
    -2.214972907356381,
    -3.1158736064262884,
    -4.344140217895819,
    -5.940138261477582,
    -7.947720262654472,
    -10.40272220459352
  ],
  "omega_max": [
    2.750021721421788e-14,
    -6.918690760282628e-14,
    1.1709545418663458e-14,
    1.588333315574247e-14,
    1.8113608223945445e-14,
    2.244670512317162e-14,
    -8.519157355046673e-15,
    7.066219790694046e-16,
    -4.306897749187059e-14,
    -1.4256947702767922e-15,
    -9.537228302448522e-15,
    9.433766971336736e-14,
    -0.03734231448448804,
    -0.06530441895931778,
    0.06168444045211822,
    1.645985635759846e-14,
    -9.263967231172035e-15,
    9.397735234135791e-15,
    6.709855421334737e-15,
    6.208687052497128e-15,
    -3.555156175410599e-15,
    -5.601747737108072e-15,
    -5.492246492792637,
    5.587062868960487,
    5.67711253210788,
    -5.756679146212104,
    -5.819023803007572,
    5.85646188869456,
    5.8605406519907,
    -5.822410388676477,
    -5.7335719273175,
    -5.587514455791519,
    5.384176953861076,
    -4.827153041427157e-13,
    1.626088691188865e-12,
    1.358682968252817e-12,
    1.4891216541923103e-13,
    2.587014498245651e-13,
    6.437224267647871e-13,
    -7.140318231739845e-12,
    7.185894299507199,
    -7.945141147487647,
    -8.892106462120097,
    -9.982381319196202,
    -11.19063843300657,
    12.517865440967787,
    -13.98169172041935,
    -15.612856027111025,
    17.455065543045826,
    -19.5594993502636
  ],
  "params": {
    "alpha": -41.0,
    "dT": 0.125,
    "dR": 1.0
  },
  "metadata": {
    "shear_max": 5.556375893844155,
    "vel_net": 2.5424107263916085e-14,
    "resolution": {
      "H": 25,
      "M": 65,
      "Nz": 129,
      "Nth": 128
    },
    "timestamp": "2026-04-15T20:00:42.003117"
  }
}