{
  "k": [
    0.1,
    0.10985411419875583,
    0.12067926406393285,
    0.13257113655901093,
    0.14563484775012436,
    0.15998587196060582,
    0.1757510624854792,
    0.193069772888325,
    0.21209508879201905,
    0.2329951810515372,
    0.2559547922699536,
    0.281176869797423,
    0.3088843596477481,
    0.3393221771895328,
    0.372759372031494,
    0.4094915062380424,
    0.44984326689694454,
    0.49417133613238345,
    0.5428675439323859,
    0.5963623316594643,
    0.6551285568595507,
    0.7196856730011519,
    0.7906043210907697,
    0.8685113737513525,
    0.9540954763499939,
    1.0481131341546859,
    1.151395399326447,
    1.2648552168552958,
    1.3894954943731375,
    1.5264179671752334,
    1.6768329368110073,
    1.8420699693267153,
    2.0235896477251565,
    2.2229964825261943,
    2.442053094548651,
    2.6826957952797246,
    2.9470517025518097,
    3.2374575428176433,
    3.5564803062231283,
    3.9069399370546147,
    4.291934260128776,
    4.714866363457392,
    5.17947467923121,
    5.689866029018296,
    6.250551925273969,
    6.866488450042998,
    7.543120063354615,
    8.286427728546842,
    9.102981779915218,
    10.0
  ],
  "gamma_max": [
    -1.2982240051308298,
    -1.2997658262464444,
    -1.3016267637136254,
    -1.303872978609197,
    -1.3065844225549466,
    -1.3098577616305958,
    -1.3138099534176106,
    -1.3185826446891964,
    -1.3243476128400642,
    -1.331313553914428,
    -1.3397346353154396,
    -1.34992139775131,
    -1.3622548289097811,
    -1.37720476263387,
    -1.3953541990772598,
    -1.4174316887819576,
    -1.444354508229736,
    -1.4772857768546097,
    -1.5177084004335435,
    -1.5645837879293836,
    -1.4513622824922363,
    -1.3347616085059644,
    -1.2161084860553606,
    -1.0971311404579975,
    -0.9800235750339786,
    -0.8675140160911333,
    -0.7629365531120565,
    -0.67030656227565,
    -0.5944046045693181,
    -0.5408794667935392,
    -0.5163845461272749,
    -0.5108338480432547,
    -0.2302538685287884,
    -0.00014452589660081652,
    0.14879140558960824,
    0.18416064394525558,
    0.07203608987573691,
    -0.22329218075719093,
    -0.7401893809215262,
    -1.5215396379301893,
    -2.6176974941614244,
    -4.090239854051434,
    -6.0150441667124115,
    -8.476227429586473,
    -11.201468899086885,
    -14.298906987568158,
    -18.12730206658991,
    -22.260076211914026,
    -27.21473563045741,
    -33.1692945305026
  ],
  "omega_max": [
    -0.10523449380642963,
    -0.11565064985719346,
    -0.12710864475782221,
    -0.1397163738883917,
    -0.15359419074446698,
    -0.16887679254167404,
    -0.18571554864757553,
    -0.20428140219656235,
    -0.22476855181806019,
    -0.247399171618061,
    -0.27242954651271445,
    -0.3001581223901732,
    -0.33093614777966746,
    -0.3651818268935609,
    -0.40339920438159305,
    -0.4462034345840044,
    -0.49435473497214,
    -0.5488043493601161,
    -0.610757561064016,
    -6.316166172580161,
    -6.467156710490142,
    -6.631992755153698,
    -6.811356505328427,
    -7.005863979482178,
    -7.216077592494988,
    -7.4425309322442255,
    -7.6857582623452085,
    -7.946312953893853,
    -8.224750850006028,
    -8.52154999701599,
    -8.836940883273385,
    -7.496441655517701,
    -7.902363714144853,
    -8.380600488975187,
    -8.937230361879084,
    -9.577216920632429,
    -10.305879542052727,
    -11.129768020862334,
    -12.057605881452062,
    -13.101752668655836,
    -14.28081484500053,
    -15.624894107062945,
    -17.187376442996204,
    -19.075167872067514,
    -15.840144848710278,
    -16.838016184643834,
    -27.6447125500384,
    -30.965517035617662,
    -34.54263731549736,
    -38.43263947501651
  ],
  "params": {
    "alpha": -37.5,
    "dT": 0.3333333333333333,
    "dR": 1.0
  },
  "metadata": {
    "shear_max": 5.253148122049497,
    "vel_net": 2.266380229945387,
    "resolution": {
      "H": 20,
      "M": 49,
      "Nz": 97,
      "Nth": 96
    },
    "timestamp": "2026-02-14T03:36:32.516661"
  }
}