{
  "k": [
    0.1,
    0.10985411419875583,
    0.12067926406393285,
    0.13257113655901093,
    0.14563484775012436,
    0.15998587196060582,
    0.1757510624854792,
    0.193069772888325,
    0.21209508879201905,
    0.2329951810515372,
    0.2559547922699536,
    0.281176869797423,
    0.3088843596477481,
    0.3393221771895328,
    0.372759372031494,
    0.4094915062380424,
    0.44984326689694454,
    0.49417133613238345,
    0.5428675439323859,
    0.5963623316594643,
    0.6551285568595507,
    0.7196856730011519,
    0.7906043210907697,
    0.8685113737513525,
    0.9540954763499939,
    1.0481131341546859,
    1.151395399326447,
    1.2648552168552958,
    1.3894954943731375,
    1.5264179671752334,
    1.6768329368110073,
    1.8420699693267153,
    2.0235896477251565,
    2.2229964825261943,
    2.442053094548651,
    2.6826957952797246,
    2.9470517025518097,
    3.2374575428176433,
    3.5564803062231283,
    3.9069399370546147,
    4.291934260128776,
    4.714866363457392,
    5.17947467923121,
    5.689866029018296,
    6.250551925273969,
    6.866488450042998,
    7.543120063354615,
    8.286427728546842,
    9.102981779915218,
    10.0
  ],
  "gamma_max": [
    0.4509805418267369,
    0.43875881631844016,
    0.42391653920768474,
    0.40586757485044095,
    0.3838830834029013,
    0.35705115771206514,
    0.32422226731461273,
    0.2839339726599624,
    0.2343039310456935,
    0.1728698891799222,
    0.09632324290635878,
    -5.599851303900981e-05,
    -0.12433423911390773,
    -0.3056233693682842,
    -0.4637518367849619,
    -0.548378475423772,
    -0.5591888726555269,
    -0.42348884062134895,
    -0.291722670440377,
    -0.16609414773120595,
    -0.04738133411536096,
    0.06415056573890254,
    0.16817120908288247,
    0.2640075844971974,
    0.3505105282774993,
    0.4259639293422278,
    0.48798685529442926,
    0.5334073679952296,
    0.5581066065678917,
    0.556858053106064,
    0.5232355060309201,
    0.44975411330508724,
    0.32855484112343986,
    0.15303897979448952,
    -0.07975811473429652,
    -0.21981535003380928,
    -0.3005895256225422,
    -0.511383809828294,
    -0.8933832997187872,
    -1.492377790086164,
    -1.9875239874749688,
    -2.3044741164992257,
    -2.7472443126778527,
    -3.342871481011628,
    -4.119514650246833,
    -5.109236844388178,
    -6.350208816176487,
    -7.888634801109886,
    -9.780640409772568,
    -12.094177322386678
  ],
  "omega_max": [
    3.713379923120437e-14,
    8.68757775871172e-14,
    3.2130707960494527e-13,
    -4.7673805582047757e-14,
    -3.1568053215284187e-13,
    6.942214896210135e-15,
    -3.893114244659381e-13,
    1.727315526318699e-13,
    1.1131298763907627e-13,
    -3.361803862870764e-13,
    5.974939847777775e-14,
    7.168688654039793e-14,
    2.801056766820663e-13,
    -6.037978119821004e-14,
    -0.14792629596767445,
    -0.1985210423986596,
    -2.2514488591426702,
    2.3413769984821418,
    2.4430487436724646,
    2.5527258392528003,
    -2.666855372624844,
    2.7824079519981764,
    -2.896701798312875,
    -3.0071472626333535,
    -3.111055576828944,
    3.205534340281565,
    -3.287469727546036,
    -3.353604283261916,
    3.4007359226733755,
    3.426083731830231,
    -3.4278912354343323,
    3.4063749662897354,
    3.3651825866919993,
    -3.3135516317283216,
    3.269029732840484,
    1.5737595611245042e-12,
    7.303227439204652e-13,
    -2.7469239032040752e-12,
    -3.5823276192846432e-12,
    1.2081987935440657e-12,
    -5.239801451932896,
    5.847476225404667,
    -6.511917553028684,
    -7.240538110407773,
    8.038988013316851,
    8.913813530661844,
    9.87340044532494,
    10.92842689518034,
    12.09237335206674,
    -13.382434367037122
  ],
  "params": {
    "alpha": -31.0,
    "dT": 0.125,
    "dR": 1.0
  },
  "metadata": {
    "shear_max": 3.165626472602449,
    "vel_net": 2.155164935402354e-12,
    "resolution": {
      "H": 25,
      "M": 65,
      "Nz": 129,
      "Nth": 128
    },
    "timestamp": "2026-04-13T19:37:46.676819"
  }
}