{
  "k": [
    0.1,
    0.10985411419875583,
    0.12067926406393285,
    0.13257113655901093,
    0.14563484775012436,
    0.15998587196060582,
    0.1757510624854792,
    0.193069772888325,
    0.21209508879201905,
    0.2329951810515372,
    0.2559547922699536,
    0.281176869797423,
    0.3088843596477481,
    0.3393221771895328,
    0.372759372031494,
    0.4094915062380424,
    0.44984326689694454,
    0.49417133613238345,
    0.5428675439323859,
    0.5963623316594643,
    0.6551285568595507,
    0.7196856730011519,
    0.7906043210907697,
    0.8685113737513525,
    0.9540954763499939,
    1.0481131341546859,
    1.151395399326447,
    1.2648552168552958,
    1.3894954943731375,
    1.5264179671752334,
    1.6768329368110073,
    1.8420699693267153,
    2.0235896477251565,
    2.2229964825261943,
    2.442053094548651,
    2.6826957952797246,
    2.9470517025518097,
    3.2374575428176433,
    3.5564803062231283,
    3.9069399370546147,
    4.291934260128776,
    4.714866363457392,
    5.17947467923121,
    5.689866029018296,
    6.250551925273969,
    6.866488450042998,
    7.543120063354615,
    8.286427728546842,
    9.102981779915218,
    10.0
  ],
  "gamma_max": [
    -1.735980414034573,
    -1.7370461837130486,
    -1.7383332142666275,
    -1.739887159957431,
    -1.7417632066071875,
    -1.7440281507490971,
    -1.746762975040755,
    -1.7500660524620244,
    -1.754057149595725,
    -1.758882443561819,
    -1.7647208208325302,
    -1.7717917842242374,
    -1.7466024716647701,
    -1.6794556113842056,
    -1.6093840288459484,
    -1.5368758630782071,
    -1.4626021927775072,
    -1.3874502723882929,
    -1.312559951213564,
    -1.2393632332893907,
    -1.1696269142120033,
    -1.1054982299369083,
    -1.0495534942370681,
    -1.0048498170309415,
    -0.9749802487252941,
    -0.964133202312056,
    -0.9771579578798063,
    -1.019639754803108,
    -1.0979908606280424,
    -1.2195687362569845,
    -1.392840069713309,
    -1.5495877486229694,
    -1.5265490543393743,
    -1.5861536841023058,
    -1.7564471909448842,
    -2.069596702116809,
    -2.5610165095849555,
    -3.2692927705445247,
    -4.237162311362648,
    -5.51361973916546,
    -7.157263835241209,
    -9.241380118745019,
    -11.86243152826609,
    -15.15602813257206,
    -19.29038435788357,
    -24.00118767297898,
    -29.14470449510061,
    -35.18756937853257,
    -42.435642937973086,
    -51.169835519709444
  ],
  "omega_max": [
    0.8985206745752502,
    0.9121920981166425,
    0.9273092185973641,
    0.9440311754673621,
    0.9625350107167989,
    0.983017495077775,
    1.0056970257799163,
    1.0308155472267824,
    1.0586404232103572,
    1.0894661567777226,
    1.1236158127844604,
    1.1614419416181885,
    4.081703735824209,
    4.149499692550942,
    4.224138700294683,
    4.30610265461315,
    4.395844903514001,
    4.4937755567739535,
    4.600248407381934,
    4.715552245298071,
    4.83991024120498,
    4.973491811194524,
    5.116441616514482,
    5.268929665034907,
    5.431224347419245,
    5.603786276582925,
    5.78737491740414,
    5.983152664016459,
    6.192763290240698,
    6.41835496869279,
    6.66251366917078,
    6.061183629654718,
    6.345186679865242,
    6.669520335961329,
    7.042601926205215,
    7.472322398630514,
    7.966072770232966,
    8.531117200596757,
    9.175119704286361,
    9.906814521168753,
    10.73701618224462,
    11.68061411191712,
    12.761936741951418,
    14.03528284218937,
    15.693203886739308,
    18.04445658214655,
    20.589821919515167,
    23.201573428727766,
    25.954329253837276,
    28.906785459652042
  ],
  "params": {
    "alpha": -32.0,
    "dT": 0.5,
    "dR": 1.0
  },
  "metadata": {
    "shear_max": 4.022491313588127,
    "vel_net": 1.6688117969575587,
    "resolution": {
      "H": 25,
      "M": 65,
      "Nz": 129,
      "Nth": 128
    },
    "timestamp": "2026-04-13T15:17:22.852470"
  }
}