{
  "k": [
    0.1,
    0.10985411419875583,
    0.12067926406393285,
    0.13257113655901093,
    0.14563484775012436,
    0.15998587196060582,
    0.1757510624854792,
    0.193069772888325,
    0.21209508879201905,
    0.2329951810515372,
    0.2559547922699536,
    0.281176869797423,
    0.3088843596477481,
    0.3393221771895328,
    0.372759372031494,
    0.4094915062380424,
    0.44984326689694454,
    0.49417133613238345,
    0.5428675439323859,
    0.5963623316594643,
    0.6551285568595507,
    0.7196856730011519,
    0.7906043210907697,
    0.8685113737513525,
    0.9540954763499939,
    1.0481131341546859,
    1.151395399326447,
    1.2648552168552958,
    1.3894954943731375,
    1.5264179671752334,
    1.6768329368110073,
    1.8420699693267153,
    2.0235896477251565,
    2.2229964825261943,
    2.442053094548651,
    2.6826957952797246,
    2.9470517025518097,
    3.2374575428176433,
    3.5564803062231283,
    3.9069399370546147,
    4.291934260128776,
    4.714866363457392,
    5.17947467923121,
    5.689866029018296,
    6.250551925273969,
    6.866488450042998,
    7.543120063354615,
    8.286427728546842,
    9.102981779915218,
    10.0
  ],
  "gamma_max": [
    -0.8799476673986948,
    -0.8869108674624228,
    -0.8963731096389115,
    -0.9105948042185401,
    -0.9425556861100521,
    -0.944867031141014,
    -0.947655706777075,
    -0.951020138440651,
    -0.9550789821585194,
    -0.9599752564266685,
    -0.9658813080993792,
    -0.9730047774159962,
    -0.9815957602464939,
    -0.9919554033168299,
    -1.004446217410403,
    -1.0195044499678876,
    -1.0376549323585584,
    -1.0595289081103976,
    -1.085885464396705,
    -1.1176373371826624,
    -1.155882047745049,
    -1.201939561995197,
    -1.2573979475394612,
    -1.3241688369662998,
    -1.4045548822738696,
    -1.501331795721541,
    -1.6178480151241423,
    -1.7581455222142148,
    -1.9271059315203887,
    -2.1306267470854383,
    -2.375833777106934,
    -2.6713372263967505,
    -3.0275410244454037,
    -3.4570174402747806,
    -3.974961761276112,
    -4.582720641661135,
    -5.279931836100416,
    -6.143945152625828,
    -7.207067702404861,
    -8.507750717076663,
    -10.092192390181367,
    -12.016188817843258,
    -14.347267364500958,
    -17.16716579587937,
    -20.57474735821008,
    -24.689466159580693,
    -29.655521828853328,
    -35.64687064635229,
    -42.873293072063895,
    -51.587753137062336
  ],
  "omega_max": [
    -1.1400334358160178e-13,
    3.687614343301909e-14,
    9.608265667680549e-14,
    -8.136019509082377e-15,
    0.014333014629609587,
    0.03926569371643083,
    -0.05615274995915232,
    -0.07138418284258867,
    0.08623880989315279,
    0.10128505672055158,
    0.11686661686063979,
    -0.1332347757728823,
    -0.1505983556697195,
    0.16914654792476683,
    -0.18906085804171913,
    -0.2105220746303779,
    0.23371477434192242,
    0.2588305785666394,
    0.28607083615972295,
    0.3156491698835573,
    -0.34779421913769587,
    -0.38275286001913583,
    0.42079414342339055,
    0.4622141366059451,
    0.5073417689473311,
    -0.5565456678031127,
    0.6102418401685493,
    0.668901937617123,
    -0.733061764981137,
    0.803329677826146,
    -0.880394566317931,
    -0.9650332515015048,
    1.0581173617669488,
    1.160620191575583,
    -1.273624743968806,
    1.3100832866744123,
    1.4471249668292145,
    -1.5988701172913014,
    1.768164633575737,
    -1.9574385165922144,
    2.168964425318183,
    -2.405103097124439,
    2.6685001747927966,
    -2.962231424369588,
    -3.289908596921461,
    3.6557587646776413,
    4.064683839570908,
    4.522301798123494,
    -5.034971801886031,
    5.609812953061956
  ],
  "params": {
    "alpha": -18.0,
    "dT": 0.5,
    "dR": 1.0
  },
  "metadata": {
    "shear_max": 2.509022307011078e-09,
    "vel_net": 1.550963648536927e-25,
    "resolution": {
      "H": 25,
      "M": 65,
      "Nz": 129,
      "Nth": 128
    },
    "timestamp": "2026-04-13T11:27:37.586993"
  }
}