{
  "k": [
    0.1,
    0.10985411419875583,
    0.12067926406393285,
    0.13257113655901093,
    0.14563484775012436,
    0.15998587196060582,
    0.1757510624854792,
    0.193069772888325,
    0.21209508879201905,
    0.2329951810515372,
    0.2559547922699536,
    0.281176869797423,
    0.3088843596477481,
    0.3393221771895328,
    0.372759372031494,
    0.4094915062380424,
    0.44984326689694454,
    0.49417133613238345,
    0.5428675439323859,
    0.5963623316594643,
    0.6551285568595507,
    0.7196856730011519,
    0.7906043210907697,
    0.8685113737513525,
    0.9540954763499939,
    1.0481131341546859,
    1.151395399326447,
    1.2648552168552958,
    1.3894954943731375,
    1.5264179671752334,
    1.6768329368110073,
    1.8420699693267153,
    2.0235896477251565,
    2.2229964825261943,
    2.442053094548651,
    2.6826957952797246,
    2.9470517025518097,
    3.2374575428176433,
    3.5564803062231283,
    3.9069399370546147,
    4.291934260128776,
    4.714866363457392,
    5.17947467923121,
    5.689866029018296,
    6.250551925273969,
    6.866488450042998,
    7.543120063354615,
    8.286427728546842,
    9.102981779915218,
    10.0
  ],
  "gamma_max": [
    0.38646102820838696,
    0.3852427518364668,
    0.38377294585514404,
    0.38199977198048196,
    0.37986074741960524,
    0.3772805741947547,
    0.37416853052928645,
    0.37041533665399917,
    0.3658893890153734,
    0.36043223274116265,
    0.353853111621942,
    0.34592239041049017,
    0.3363635807806504,
    0.3248436036548827,
    0.31096076130700007,
    0.29422962504252326,
    0.2740615752108984,
    0.24973888528002608,
    0.22037865356467445,
    0.18487976891106578,
    0.14183958545457237,
    0.08941220572365041,
    0.025042660899150526,
    -0.055101083671311155,
    -0.15760158351747422,
    -0.29718361062756965,
    -0.5567234436233649,
    -0.6943611246345451,
    -0.7635498410379705,
    -0.8448193718127405,
    -0.9404482855679839,
    -1.0532440196996113,
    -1.1866658634792286,
    -1.3449653414238079,
    -1.533346959457284,
    -1.7439069338360242,
    -1.965918812143571,
    -2.2483462971897006,
    -2.602269637156839,
    -3.040833960541431,
    -3.579806335101484,
    -4.238224465712791,
    -5.039134423108358,
    -6.010430517394036,
    -7.185825755083379,
    -8.605994048308924,
    -10.319935943227108,
    -12.38662974674529,
    -14.877040771412748,
    -17.876572546251346
  ],
  "omega_max": [
    -1.453950356407131e-14,
    -2.236419438842143e-14,
    2.8860264912179594e-15,
    2.0142574015082525e-14,
    3.206220489066831e-15,
    7.363803765420678e-15,
    -7.870872823160697e-15,
    -1.9278467088854673e-14,
    -1.84354823399183e-15,
    1.1464315254693375e-14,
    7.300834776969937e-15,
    -3.349138041165939e-15,
    -1.4742740511043145e-14,
    1.954047749955805e-14,
    5.611385085841986e-15,
    7.591882085829011e-15,
    1.6167983419666161e-15,
    -4.139684917758668e-15,
    8.15933938782615e-15,
    -7.312942226220013e-15,
    -3.3199867374002094e-15,
    4.1297750457947853e-16,
    2.2946894561083423e-16,
    -4.93682005310022e-15,
    -4.555329713228687e-15,
    4.006467522284638e-15,
    -5.410520105209294e-14,
    -0.2902936293612823,
    0.43702923416729433,
    -0.5630807972892762,
    0.6828054558603114,
    0.801925086133781,
    -0.9237340927339757,
    -1.0505998952616198,
    1.1845005255430099,
    1.2619699612871766,
    -1.3969311124092603,
    1.550648926788478,
    -1.7244041075874559,
    1.9194601642401061,
    -2.137271300237504,
    -2.379647271384434,
    2.6488720920105804,
    -2.9477860699044385,
    -3.2798435596362636,
    3.649156017466166,
    -4.060525590526076,
    -4.519471495642565,
    5.032251776263482,
    5.605887479307676
  ],
  "params": {
    "alpha": -20.0,
    "dT": 0.16666666666666666,
    "dR": 1.0
  },
  "metadata": {
    "shear_max": 7.908485394641666e-09,
    "vel_net": 1.3377750560746064e-15,
    "resolution": {
      "H": 25,
      "M": 65,
      "Nz": 129,
      "Nth": 128
    },
    "timestamp": "2026-04-13T12:08:58.375577"
  }
}