{
  "k": [
    0.1,
    0.10985411419875583,
    0.12067926406393285,
    0.13257113655901093,
    0.14563484775012436,
    0.15998587196060582,
    0.1757510624854792,
    0.193069772888325,
    0.21209508879201905,
    0.2329951810515372,
    0.2559547922699536,
    0.281176869797423,
    0.3088843596477481,
    0.3393221771895328,
    0.372759372031494,
    0.4094915062380424,
    0.44984326689694454,
    0.49417133613238345,
    0.5428675439323859,
    0.5963623316594643,
    0.6551285568595507,
    0.7196856730011519,
    0.7906043210907697,
    0.8685113737513525,
    0.9540954763499939,
    1.0481131341546859,
    1.151395399326447,
    1.2648552168552958,
    1.3894954943731375,
    1.5264179671752334,
    1.6768329368110073,
    1.8420699693267153,
    2.0235896477251565,
    2.2229964825261943,
    2.442053094548651,
    2.6826957952797246,
    2.9470517025518097,
    3.2374575428176433,
    3.5564803062231283,
    3.9069399370546147,
    4.291934260128776,
    4.714866363457392,
    5.17947467923121,
    5.689866029018296,
    6.250551925273969,
    6.866488450042998,
    7.543120063354615,
    8.286427728546842,
    9.102981779915218,
    10.0
  ],
  "gamma_max": [
    1.5107338496892897,
    1.5083907055520944,
    1.5055639824534983,
    1.5021541142817953,
    1.498041138825627,
    1.49308056481968,
    1.4870984203112017,
    1.4798853277079318,
    1.4711894241946484,
    1.4607079154532543,
    1.4480770151642035,
    1.432859981840586,
    1.4145329155497712,
    1.392467915971838,
    1.3659131277166854,
    1.3339690932922958,
    1.2955606896434861,
    1.2494037134839173,
    1.1939648733623742,
    1.1274134989386617,
    1.047562636705361,
    0.9517963076379603,
    0.8369784827035093,
    0.6993376973381157,
    0.5343190057631781,
    0.33639176240437074,
    0.09879650809550088,
    -0.18679554320196642,
    -0.5307580304450128,
    -0.9462194804171948,
    -1.4502553480458733,
    -2.0663299758828755,
    -2.8313348287177993,
    -3.8387139386291707,
    -5.021277505256501,
    -6.099646214185831,
    -7.321114650314001,
    -8.8064294495554,
    -10.636215779216846,
    -12.876769866662992,
    -15.607947611212063,
    -18.92635033554302,
    -22.949027773079614,
    -27.817806763082586,
    -33.70440496568373,
    -40.81653148073835,
    -49.40521479194212,
    -59.77363910137466,
    -72.28781833377225,
    -87.38949684025438
  ],
  "omega_max": [
    4.958989826110806e-15,
    -9.25396358359071e-14,
    -2.4702504304031018e-15,
    2.9760765969532023e-13,
    1.6234784199859876e-13,
    -2.0640507193280553e-14,
    -2.0813674507567906e-13,
    -5.246933805514228e-13,
    9.163933436950716e-14,
    3.187506780581774e-14,
    -2.040503577592703e-13,
    -2.353358177074173e-14,
    -1.6658712807359998e-13,
    6.511135048249277e-14,
    6.170226854571072e-13,
    -3.0350975966583674e-14,
    -3.490091284438151e-13,
    2.465236271017194e-13,
    5.976725825715244e-15,
    -1.827393736479288e-13,
    4.1319931812095693e-14,
    3.563428007693286e-15,
    -3.476279417312599e-14,
    3.2511119705830006e-14,
    9.182520126562474e-14,
    3.611843902734412e-15,
    -1.3321798894194736e-15,
    4.160115882652613e-14,
    2.440106304349177e-14,
    -3.688259130173647e-14,
    9.834777966344327e-14,
    -6.678547890384034e-13,
    -1.3127581183944764e-14,
    1.1259729289594692e-12,
    0.42993893054047233,
    -0.712311911789061,
    0.5000737739070396,
    0.6852090788361708,
    0.9135291730535399,
    -1.171924792855642,
    -1.4549110466532729,
    1.760830628203686,
    2.0902276417309924,
    2.4450983222700327,
    2.8284985788149966,
    -3.2443249807545755,
    -3.697197590388973,
    -4.192409801224241,
    -4.735924420009275,
    5.33440349601486
  ],
  "params": {
    "alpha": -31.0,
    "dT": 0.875,
    "dR": 1.0
  },
  "metadata": {
    "shear_max": 6.656747762768483e-09,
    "vel_net": 8.446703200743213e-16,
    "resolution": {
      "H": 25,
      "M": 65,
      "Nz": 129,
      "Nth": 128
    },
    "timestamp": "2026-04-13T13:18:13.471947"
  }
}