{
  "k": [
    0.1,
    0.10985411419875583,
    0.12067926406393285,
    0.13257113655901093,
    0.14563484775012436,
    0.15998587196060582,
    0.1757510624854792,
    0.193069772888325,
    0.21209508879201905,
    0.2329951810515372,
    0.2559547922699536,
    0.281176869797423,
    0.3088843596477481,
    0.3393221771895328,
    0.372759372031494,
    0.4094915062380424,
    0.44984326689694454,
    0.49417133613238345,
    0.5428675439323859,
    0.5963623316594643,
    0.6551285568595507,
    0.7196856730011519,
    0.7906043210907697,
    0.8685113737513525,
    0.9540954763499939,
    1.0481131341546859,
    1.151395399326447,
    1.2648552168552958,
    1.3894954943731375,
    1.5264179671752334,
    1.6768329368110073,
    1.8420699693267153,
    2.0235896477251565,
    2.2229964825261943,
    2.442053094548651,
    2.6826957952797246,
    2.9470517025518097,
    3.2374575428176433,
    3.5564803062231283,
    3.9069399370546147,
    4.291934260128776,
    4.714866363457392,
    5.17947467923121,
    5.689866029018296,
    6.250551925273969,
    6.866488450042998,
    7.543120063354615,
    8.286427728546842,
    9.102981779915218,
    10.0
  ],
  "gamma_max": [
    0.3159720897150622,
    0.3036246989044562,
    0.2886566296328694,
    0.2704946852490406,
    0.24843238979595575,
    0.22159517743455254,
    0.18889434912567787,
    0.14896431735395052,
    0.10007210914378477,
    0.03997113409625683,
    -0.03439344111893512,
    -0.12774293415694934,
    -0.2509500196624109,
    -0.43541705185426705,
    -0.5008815510208572,
    -0.5756600070212995,
    -0.6595319204597753,
    -0.5466411082153645,
    -0.40718714704658304,
    -0.27142725706936977,
    -0.1410163898969857,
    -0.01695775906971938,
    0.09993851468404782,
    0.20871883171534672,
    0.3080682812141485,
    0.39615271502644206,
    0.47047099021560324,
    0.5276877442003477,
    0.5634386862485716,
    0.5721316214193798,
    0.5468234873733978,
    0.47936174925713204,
    0.3611603264019989,
    0.18512506319343106,
    -0.05144697399407226,
    -0.11978101479271665,
    -0.18835861852528152,
    -0.3991915340984477,
    -0.799120020085757,
    -1.4315524211584514,
    -1.8825706216078428,
    -2.1750508946060867,
    -2.5966913916118863,
    -3.1759311343558068,
    -3.9413689629500763,
    -4.9251749075709785,
    -6.165588614813662,
    -7.708931320155675,
    -9.611411975936202,
    -11.94065420829757
  ],
  "omega_max": [
    -7.1714997255860834e-12,
    -4.044828540738997e-12,
    -3.2687301704930794e-12,
    9.735055119290883e-14,
    3.7890667444846326e-12,
    -3.6217910736500516e-12,
    6.905522490135644e-12,
    3.4869055389662406e-12,
    -2.487268532039687e-12,
    -1.0404911790003073e-12,
    4.458098971988573e-12,
    4.257290208678006e-12,
    1.24042265696705e-12,
    0.08202463868555183,
    -0.15600570178770629,
    0.1787351282907357,
    0.15737995666381752,
    -2.6970593201666087,
    2.7866941959949667,
    2.8863085732799885,
    2.992640970701504,
    3.102448037045543,
    -3.212619055703735,
    -3.3200819288294157,
    3.4216672249452724,
    3.5140084977561625,
    -3.5935121783866997,
    3.656421257701093,
    3.699005786886635,
    3.717931554777235,
    -3.7108868614300063,
    -3.6775980979461966,
    3.6214626088818402,
    3.5521483931253575,
    3.48922065297976,
    2.8802163740418796e-13,
    -1.4256807179245391e-13,
    -1.8226390047526022e-13,
    -2.391891699833584e-13,
    -1.2303529951293076e-13,
    5.498157345722054,
    6.1352385526953395,
    -6.8352106335384,
    -7.604667006533048,
    -8.44880091278654,
    -9.374239901534724,
    10.389997726353197,
    11.507958231367844,
    12.74353662328558,
    14.116890459107017
  ],
  "params": {
    "alpha": -32.0,
    "dT": 0.125,
    "dR": 1.0
  },
  "metadata": {
    "shear_max": 3.451653739650316,
    "vel_net": 7.269185253733212e-13,
    "resolution": {
      "H": 25,
      "M": 65,
      "Nz": 129,
      "Nth": 128
    },
    "timestamp": "2026-04-13T20:15:26.187895"
  }
}