{
  "k": [
    0.1,
    0.10985411419875583,
    0.12067926406393285,
    0.13257113655901093,
    0.14563484775012436,
    0.15998587196060582,
    0.1757510624854792,
    0.193069772888325,
    0.21209508879201905,
    0.2329951810515372,
    0.2559547922699536,
    0.281176869797423,
    0.3088843596477481,
    0.3393221771895328,
    0.372759372031494,
    0.4094915062380424,
    0.44984326689694454,
    0.49417133613238345,
    0.5428675439323859,
    0.5963623316594643,
    0.6551285568595507,
    0.7196856730011519,
    0.7906043210907697,
    0.8685113737513525,
    0.9540954763499939,
    1.0481131341546859,
    1.151395399326447,
    1.2648552168552958,
    1.3894954943731375,
    1.5264179671752334,
    1.6768329368110073,
    1.8420699693267153,
    2.0235896477251565,
    2.2229964825261943,
    2.442053094548651,
    2.6826957952797246,
    2.9470517025518097,
    3.2374575428176433,
    3.5564803062231283,
    3.9069399370546147,
    4.291934260128776,
    4.714866363457392,
    5.17947467923121,
    5.689866029018296,
    6.250551925273969,
    6.866488450042998,
    7.543120063354615,
    8.286427728546842,
    9.102981779915218,
    10.0
  ],
  "gamma_max": [
    -0.9816589331808003,
    -0.9830886034403161,
    -0.9848155634243763,
    -0.9869020235393915,
    -0.9894233806399105,
    -0.9924710824428774,
    -0.9961561403788188,
    -1.0006134460901368,
    -1.0060070852432426,
    -1.0125368902854173,
    -1.0204465316886424,
    -1.0300335175381852,
    -1.0416615523673574,
    -1.055775799631755,
    -1.0729216920724305,
    -1.0937680405516326,
    -1.1191352930484806,
    -1.1500298920164758,
    -1.1876857632294373,
    -1.233614052491893,
    -1.2896623307837365,
    -1.3580846520865895,
    -1.4416241342187404,
    -1.5436102092841402,
    -1.6680734184606996,
    -1.819881639455085,
    -2.004902920369254,
    -2.230201591192509,
    -2.504275950184415,
    -2.837347509661631,
    -3.241713533942984,
    -3.7321765119661623,
    -4.326566484041198,
    -5.04637505775517,
    -5.917523764470243,
    -6.971294260355937,
    -8.243608200890645,
    -9.719127172873252,
    -11.52998375471408,
    -13.741665192533134,
    -16.43299570531299,
    -19.69921807917855,
    -23.65558582612542,
    -28.441576053003818,
    -34.225877768234184,
    -41.21235009795879,
    -49.647183709818194,
    -59.82754157653635,
    -72.11200561548367,
    -86.93321525561694
  ],
  "omega_max": [
    -0.048439281577138664,
    -0.05529418513060673,
    0.06256432493736731,
    0.07033123644182991,
    0.0786730942885668,
    -0.08766777019486427,
    -0.09739472489204709,
    0.10793624920958299,
    -0.11937831030210229,
    -0.1318111406527821,
    0.14532965301496673,
    -0.16003374378900537,
    -0.17602854737367066,
    -0.19342472019952556,
    0.21233886109870176,
    -0.2328942119258028,
    -0.2552218206050685,
    -0.2794623782152652,
    -0.30576894494872237,
    0.33431073904831604,
    -0.36527806260401685,
    -0.3988882760679666,
    0.4353925309470103,
    -0.47508277797923226,
    0.5182984592412223,
    -0.5654323413890512,
    -0.6169351924126398,
    -0.6733194178521091,
    0.7351622504834568,
    -0.8031094755012348,
    0.8778808230078704,
    -0.9602779865879161,
    1.0511957455899574,
    1.1516359989653824,
    -1.2627238765511137,
    -1.385724781541804,
    -1.4315876239398178,
    1.575341237586042,
    1.738563673627235,
    -1.9238726474371357,
    2.133348172024891,
    -2.368986828047825,
    2.6330377847839,
    2.9282148004288677,
    -3.2578158721743327,
    -3.6257874656447617,
    4.036760318300412,
    -4.496072344816599,
    5.009787947018698,
    -5.584723508734968
  ],
  "params": {
    "alpha": -21.0,
    "dT": 0.8571428571428571,
    "dR": 1.0
  },
  "metadata": {
    "shear_max": 3.3024349070116718e-09,
    "vel_net": 1.550963648536927e-25,
    "resolution": {
      "H": 25,
      "M": 65,
      "Nz": 129,
      "Nth": 128
    },
    "timestamp": "2026-04-13T11:43:35.697875"
  }
}