{
  "k": [
    0.1,
    0.10985411419875583,
    0.12067926406393285,
    0.13257113655901093,
    0.14563484775012436,
    0.15998587196060582,
    0.1757510624854792,
    0.193069772888325,
    0.21209508879201905,
    0.2329951810515372,
    0.2559547922699536,
    0.281176869797423,
    0.3088843596477481,
    0.3393221771895328,
    0.372759372031494,
    0.4094915062380424,
    0.44984326689694454,
    0.49417133613238345,
    0.5428675439323859,
    0.5963623316594643,
    0.6551285568595507,
    0.7196856730011519,
    0.7906043210907697,
    0.8685113737513525,
    0.9540954763499939,
    1.0481131341546859,
    1.151395399326447,
    1.2648552168552958,
    1.3894954943731375,
    1.5264179671752334,
    1.6768329368110073,
    1.8420699693267153,
    2.0235896477251565,
    2.2229964825261943,
    2.442053094548651,
    2.6826957952797246,
    2.9470517025518097,
    3.2374575428176433,
    3.5564803062231283,
    3.9069399370546147,
    4.291934260128776,
    4.714866363457392,
    5.17947467923121,
    5.689866029018296,
    6.250551925273969,
    6.866488450042998,
    7.543120063354615,
    8.286427728546842,
    9.102981779915218,
    10.0
  ],
  "gamma_max": [
    -2.475355251309942,
    -2.472303533191446,
    -2.4691770664040105,
    -2.4660174441354576,
    -2.46288121312839,
    -2.4598438179272657,
    -2.457004505645617,
    -2.454492414502339,
    -2.4524741154604013,
    -2.451162928052907,
    -2.423941746901981,
    -2.3492309571885244,
    -2.269819689759755,
    -2.18587973357848,
    -2.097741824796999,
    -2.005937399886544,
    -1.911246774240807,
    -1.8147536839815093,
    -1.7179058551913324,
    -1.622581021714829,
    -1.5311576513097165,
    -1.446589593063647,
    -1.3724839355426783,
    -1.3131815472709154,
    -1.2738400911715477,
    -1.2605199670919343,
    -1.2802752247837843,
    -1.3412552192335714,
    -1.452830624427835,
    -1.6257719760037554,
    -1.4669737042457902,
    -1.1792960022585446,
    -0.9691107985187252,
    -0.8807252074499525,
    -0.9663975376387908,
    -1.284456111423181,
    -1.8980615244308185,
    -2.874843073983442,
    -4.287815580898102,
    -6.217810151634161,
    -8.757294466436738,
    -12.015189967821494,
    -16.12215027737996,
    -21.23549451836355,
    -27.542058062325523,
    -35.255398255008544,
    -44.60624115353152,
    -55.850194799823754,
    -69.33038335612041,
    -85.47801198562398
  ],
  "omega_max": [
    1.4853958856357752,
    1.5098643821991,
    1.5368359079366163,
    1.566573222056648,
    1.5993673851201458,
    1.635540752546455,
    1.6754502122151798,
    1.7194906496448845,
    1.7680986045354907,
    1.8217560538068096,
    6.810876900017337,
    6.8953305093718695,
    6.988602866271509,
    7.091546189598852,
    7.205058034327156,
    7.330070767881202,
    7.467537574175216,
    7.618415656681842,
    7.7836483086865575,
    7.9641488313693225,
    8.160790779463646,
    8.374410382308989,
    8.605827691302501,
    8.855892252646601,
    9.12555596023868,
    9.415969307899847,
    9.728587089675854,
    10.065256112940656,
    10.428242643078406,
    10.820144977981315,
    9.468023743437524,
    9.856973577146794,
    10.311911071490234,
    10.843999587486632,
    11.462713961256483,
    12.176512722399652,
    12.993555424806047,
    13.922311026787083,
    14.972191510944567,
    16.154330499109378,
    17.482621490963364,
    18.975209608272824,
    20.656779691877876,
    22.562147000995786,
    24.741456429803566,
    27.26488181135265,
    30.21609407853359,
    33.66182941145219,
    37.648656303100076,
    42.32339677848882
  ],
  "params": {
    "alpha": -50.0,
    "dT": 0.875,
    "dR": 1.0
  },
  "metadata": {
    "shear_max": 6.841507529848481,
    "vel_net": 2.8650354417968815,
    "resolution": {
      "H": 25,
      "M": 65,
      "Nz": 129,
      "Nth": 128
    },
    "timestamp": "2026-04-16T14:15:32.321202"
  }
}