{
  "k": [
    0.1,
    0.10985411419875583,
    0.12067926406393285,
    0.13257113655901093,
    0.14563484775012436,
    0.15998587196060582,
    0.1757510624854792,
    0.193069772888325,
    0.21209508879201905,
    0.2329951810515372,
    0.2559547922699536,
    0.281176869797423,
    0.3088843596477481,
    0.3393221771895328,
    0.372759372031494,
    0.4094915062380424,
    0.44984326689694454,
    0.49417133613238345,
    0.5428675439323859,
    0.5963623316594643,
    0.6551285568595507,
    0.7196856730011519,
    0.7906043210907697,
    0.8685113737513525,
    0.9540954763499939,
    1.0481131341546859,
    1.151395399326447,
    1.2648552168552958,
    1.3894954943731375,
    1.5264179671752334,
    1.6768329368110073,
    1.8420699693267153,
    2.0235896477251565,
    2.2229964825261943,
    2.442053094548651,
    2.6826957952797246,
    2.9470517025518097,
    3.2374575428176433,
    3.5564803062231283,
    3.9069399370546147,
    4.291934260128776,
    4.714866363457392,
    5.17947467923121,
    5.689866029018296,
    6.250551925273969,
    6.866488450042998,
    7.543120063354615,
    8.286427728546842,
    9.102981779915218,
    10.0
  ],
  "gamma_max": [
    -2.0626045402090205,
    -2.061362948789851,
    -2.060241575511748,
    -2.059302867308112,
    -2.0586260412986257,
    -2.058310981177775,
    -2.0584829940213933,
    -2.059298611145445,
    -2.0511190860059916,
    -1.9904853139589997,
    -1.9260706088826933,
    -1.8580149558618329,
    -1.7865828401821364,
    -1.7121947829008632,
    -1.6354635461913127,
    -1.5572350351106454,
    -1.478633793299096,
    -1.401112889886245,
    -1.3265079498687575,
    -1.2570951185463215,
    -1.1956528952945598,
    -1.145528050228876,
    -1.1107062790789557,
    -1.0958889032269261,
    -1.1065778449153567,
    -1.149172381307076,
    -1.2310828928324413,
    -1.3608690568032311,
    -1.5484128259745036,
    -1.805140388186644,
    -2.1443130188605353,
    -2.2639340846287754,
    -2.3084171361021384,
    -2.4857319927784323,
    -2.8390962566370725,
    -3.417498441123502,
    -4.27474974986101,
    -5.469632363886211,
    -7.067311853208942,
    -9.141978242251382,
    -11.780569830569023,
    -15.087450844808567,
    -19.190121832255738,
    -24.246535275036997,
    -30.455778469110296,
    -38.07769992343141,
    -47.482948646554064,
    -59.09658441977419,
    -71.89574892268237,
    -86.91729837701436
  ],
  "omega_max": [
    0.9271222261023765,
    0.9430001170134233,
    0.9605403138593613,
    0.9799245082412816,
    1.0013551341246207,
    1.0250576748993852,
    1.051283132909825,
    1.080310619004501,
    4.793142097986003,
    4.848145325411159,
    4.9090022662404404,
    4.9762765865925385,
    5.050554728028692,
    5.13243528886202,
    5.222514953353324,
    5.321371109896573,
    5.429541879866313,
    5.547505093680088,
    5.675658785689729,
    5.814306983389898,
    5.963655776033097,
    6.123825616369269,
    6.294886118360227,
    6.476918756003115,
    6.67011027449912,
    6.874874894791403,
    7.091996533524069,
    7.322773926496841,
    7.569143067775723,
    7.8337444114515185,
    8.119898067292016,
    7.36998397089695,
    7.681059110618931,
    8.039138482932227,
    8.45329236819693,
    8.931799828028044,
    9.482349988465103,
    10.112448907230894,
    10.829844358443724,
    11.642966876471593,
    12.561438799919435,
    13.596720149246782,
    14.763015428431398,
    16.078760921455963,
    17.569737541380753,
    19.27827010340424,
    21.308739973433763,
    24.249690537986762,
    19.324154246304314,
    32.01230156305409
  ],
  "params": {
    "alpha": -39.0,
    "dT": 0.8571428571428571,
    "dR": 1.0
  },
  "metadata": {
    "shear_max": 4.890641500474372,
    "vel_net": 2.018586227841167,
    "resolution": {
      "H": 25,
      "M": 65,
      "Nz": 129,
      "Nth": 128
    },
    "timestamp": "2026-04-13T15:21:37.797738"
  }
}