{
  "k": [
    0.1,
    0.10985411419875583,
    0.12067926406393285,
    0.13257113655901093,
    0.14563484775012436,
    0.15998587196060582,
    0.1757510624854792,
    0.193069772888325,
    0.21209508879201905,
    0.2329951810515372,
    0.2559547922699536,
    0.281176869797423,
    0.3088843596477481,
    0.3393221771895328,
    0.372759372031494,
    0.4094915062380424,
    0.44984326689694454,
    0.49417133613238345,
    0.5428675439323859,
    0.5963623316594643,
    0.6551285568595507,
    0.7196856730011519,
    0.7906043210907697,
    0.8685113737513525,
    0.9540954763499939,
    1.0481131341546859,
    1.151395399326447,
    1.2648552168552958,
    1.3894954943731375,
    1.5264179671752334,
    1.6768329368110073,
    1.8420699693267153,
    2.0235896477251565,
    2.2229964825261943,
    2.442053094548651,
    2.6826957952797246,
    2.9470517025518097,
    3.2374575428176433,
    3.5564803062231283,
    3.9069399370546147,
    4.291934260128776,
    4.714866363457392,
    5.17947467923121,
    5.689866029018296,
    6.250551925273969,
    6.866488450042998,
    7.543120063354615,
    8.286427728546842,
    9.102981779915218,
    10.0
  ],
  "gamma_max": [
    2.3159897246347025,
    2.3136666386940723,
    2.3108648455436054,
    2.3074861135255706,
    2.3034122377078767,
    2.298501059439678,
    2.2925817272441558,
    2.285449068780287,
    2.2768569265051424,
    2.2665102927164975,
    2.2540560626629893,
    2.2390722076920127,
    2.2210551542565926,
    2.1994051362755935,
    2.1734092644769407,
    2.142222016201578,
    2.1048427773129617,
    2.060089937416868,
    2.0065708096167967,
    1.9426462636791164,
    1.8663883655917486,
    1.77552844643087,
    1.6673918422167269,
    1.5388140650038848,
    1.386031447178658,
    1.2045374307091867,
    0.9888936440627756,
    0.7324823531602306,
    0.4271826161945667,
    0.06294360145686173,
    -0.3727918993291664,
    -0.8959109149873101,
    -1.5269346248999733,
    -2.293482819304899,
    -3.2365219588358998,
    -4.052160414290214,
    -5.101981348112255,
    -6.486864788642611,
    -8.349413724965428,
    -10.680716807879746,
    -13.020871273773679,
    -15.865894074710017,
    -19.316017107858425,
    -23.49273535853729,
    -28.543204928289892,
    -34.645483330793574,
    -42.014818682757124,
    -50.9112280807636,
    -61.64864642821517,
    -74.60597927861262
  ],
  "omega_max": [
    1.2821173688856465e-13,
    2.06033073986659e-13,
    7.336089398400592e-13,
    -1.9688661634070644e-14,
    2.8836915209969986e-13,
    -1.3420901114655457e-12,
    1.609275735136031e-12,
    -4.2348491102111485e-13,
    4.080591325843129e-13,
    -9.776721287330067e-14,
    1.7026349636993007e-13,
    1.0394471942111787e-13,
    3.610952174361522e-13,
    -7.858839180625971e-14,
    -2.998448061636803e-13,
    -3.335018389003789e-14,
    -1.8164278759854303e-13,
    3.48874025355357e-13,
    5.192670881270794e-13,
    4.770675599423997e-13,
    6.425593611841819e-13,
    -1.1707912451784614e-13,
    1.1531661923464282e-13,
    1.220490593422127e-13,
    8.793807343613103e-14,
    3.419846180542111e-13,
    -1.3383378438645366e-13,
    -1.0573728925228416e-13,
    -1.6862061984779739e-13,
    1.7928948100289943e-15,
    -5.1295877393921906e-14,
    -1.9590096676530258e-14,
    8.33853856664808e-14,
    1.4226227441475464e-13,
    -7.499543707930761e-13,
    3.686017045126108e-12,
    1.2824083260798837e-13,
    1.7816899971002494e-12,
    8.670360304619612e-12,
    -0.5885115228718167,
    1.0367147568443122,
    -1.4316430879948907,
    1.8205779562764948,
    2.2192293631550783,
    -2.636625835100204,
    -3.079755336441378,
    -3.5549982601308376,
    -4.068712414641503,
    -4.627534438334903,
    -5.238572300738042
  ],
  "params": {
    "alpha": -33.0,
    "dT": 0.75,
    "dR": 1.0
  },
  "metadata": {
    "shear_max": 1.1332237974266557e-08,
    "vel_net": 3.2295126465324067e-12,
    "resolution": {
      "H": 25,
      "M": 65,
      "Nz": 129,
      "Nth": 128
    },
    "timestamp": "2026-04-13T14:07:45.893937"
  }
}