{
  "k": [
    0.1,
    0.10985411419875583,
    0.12067926406393285,
    0.13257113655901093,
    0.14563484775012436,
    0.15998587196060582,
    0.1757510624854792,
    0.193069772888325,
    0.21209508879201905,
    0.2329951810515372,
    0.2559547922699536,
    0.281176869797423,
    0.3088843596477481,
    0.3393221771895328,
    0.372759372031494,
    0.4094915062380424,
    0.44984326689694454,
    0.49417133613238345,
    0.5428675439323859,
    0.5963623316594643,
    0.6551285568595507,
    0.7196856730011519,
    0.7906043210907697,
    0.8685113737513525,
    0.9540954763499939,
    1.0481131341546859,
    1.151395399326447,
    1.2648552168552958,
    1.3894954943731375,
    1.5264179671752334,
    1.6768329368110073,
    1.8420699693267153,
    2.0235896477251565,
    2.2229964825261943,
    2.442053094548651,
    2.6826957952797246,
    2.9470517025518097,
    3.2374575428176433,
    3.5564803062231283,
    3.9069399370546147,
    4.291934260128776,
    4.714866363457392,
    5.17947467923121,
    5.689866029018296,
    6.250551925273969,
    6.866488450042998,
    7.543120063354615,
    8.286427728546842,
    9.102981779915218,
    10.0
  ],
  "gamma_max": [
    -0.051305530299834035,
    -0.06301291941390567,
    -0.0771276378005648,
    -0.09414400901301385,
    -0.11465982190869121,
    -0.13940158428860294,
    -0.1692611994322689,
    -0.20535658230574577,
    -0.24915176317098495,
    -0.3027582260081036,
    -0.36998498216885,
    -0.463591496188388,
    -0.5649647142800215,
    -0.6086808281936942,
    -0.6595714246256047,
    -0.718492854398438,
    -0.7864884909329365,
    -0.7072354092015469,
    -0.6818780236058889,
    -0.6659415189587928,
    -0.5883865612601218,
    -0.3930499837512933,
    -0.1976734248271502,
    -0.005171391378224498,
    0.1812498887821735,
    0.3578113296024681,
    0.5197203960673208,
    0.6605350552616351,
    0.7712720458235973,
    0.83917249544718,
    0.8460060281056951,
    0.7657938157380675,
    0.5622999353549296,
    0.19075469124449163,
    0.39697857134647974,
    1.0032909415379418,
    1.393342713917775,
    1.3270968166274941,
    0.6401967663163365,
    -0.9723394711408616,
    -2.343974152014174,
    -2.1917918732618267,
    -2.4194580042776916,
    -3.0447626622702457,
    -4.064687651596042,
    -5.506022919583252,
    -7.419643449343597,
    -9.876645590893043,
    -12.967157866227293,
    -16.79787525873448
  ],
  "omega_max": [
    1.9991042814409137e-13,
    7.534643851365599e-14,
    -3.010488085887999e-14,
    -2.0469347500335454e-13,
    -1.8896833087737242e-14,
    8.593184612364667e-14,
    1.6140962118194018e-13,
    1.185368646328722e-13,
    5.567279774391014e-14,
    2.5454802247772607e-14,
    7.119928297991467e-14,
    6.129265629249675e-14,
    0.08174238336602194,
    0.12297665839519377,
    0.1389048353065298,
    0.12873148876445667,
    0.05866253603742722,
    2.7158595746996355e-14,
    6.661125159933801e-15,
    -5.273543339816834e-16,
    -5.809369920075652,
    -5.920407371570648,
    -6.035597328212475,
    -6.150459235422333,
    -6.25940838023295,
    6.355760892627259,
    6.4317453223292365,
    -6.478562719002784,
    6.486565648155356,
    -6.445663386741477,
    -6.346141325770592,
    6.1803538356946275,
    -5.946791742430732,
    -5.661590325868775,
    2.4542153015797704e-11,
    9.48420323815684e-12,
    1.6449526452749524e-11,
    2.5648326787520914e-11,
    -3.4853411382089096e-12,
    -8.72025658226273e-12,
    -6.9785674608729495,
    7.839777432190548,
    -8.93261828183272,
    -10.132930885410572,
    -11.416427585847657,
    12.791478315113688,
    -14.278704499476236,
    15.907622781004502,
    -17.718674198681004,
    19.769431638842242
  ],
  "params": {
    "alpha": -46.0,
    "dT": 0.2,
    "dR": 1.0
  },
  "metadata": {
    "shear_max": 6.042533973717823,
    "vel_net": 1.6764367671839864e-14,
    "resolution": {
      "H": 25,
      "M": 65,
      "Nz": 129,
      "Nth": 128
    },
    "timestamp": "2026-04-15T22:42:59.266178"
  }
}