{
  "k": [
    0.1,
    0.10985411419875583,
    0.12067926406393285,
    0.13257113655901093,
    0.14563484775012436,
    0.15998587196060582,
    0.1757510624854792,
    0.193069772888325,
    0.21209508879201905,
    0.2329951810515372,
    0.2559547922699536,
    0.281176869797423,
    0.3088843596477481,
    0.3393221771895328,
    0.372759372031494,
    0.4094915062380424,
    0.44984326689694454,
    0.49417133613238345,
    0.5428675439323859,
    0.5963623316594643,
    0.6551285568595507,
    0.7196856730011519,
    0.7906043210907697,
    0.8685113737513525,
    0.9540954763499939,
    1.0481131341546859,
    1.151395399326447,
    1.2648552168552958,
    1.3894954943731375,
    1.5264179671752334,
    1.6768329368110073,
    1.8420699693267153,
    2.0235896477251565,
    2.2229964825261943,
    2.442053094548651,
    2.6826957952797246,
    2.9470517025518097,
    3.2374575428176433,
    3.5564803062231283,
    3.9069399370546147,
    4.291934260128776,
    4.714866363457392,
    5.17947467923121,
    5.689866029018296,
    6.250551925273969,
    6.866488450042998,
    7.543120063354615,
    8.286427728546842,
    9.102981779915218,
    10.0
  ],
  "gamma_max": [
    -1.0097231873843104,
    -1.0117342206159736,
    -1.0141612810438367,
    -1.0170904737754765,
    -1.0206257439158974,
    -1.0248925816417125,
    -1.030042500964892,
    -1.0362584557986587,
    -1.04376139257417,
    -1.0528181825863236,
    -1.0637512317261284,
    -1.076950133245569,
    -1.092885814836605,
    -1.1121277403425485,
    -1.1353648672032792,
    -1.16343124565285,
    -1.1973373937292562,
    -1.2383089233462135,
    -1.2878343761017625,
    -1.347724936372064,
    -1.4201897702497501,
    -1.50793246324323,
    -1.6142769271502126,
    -1.7433363264441022,
    -1.9002485631695758,
    -2.091523038332273,
    -2.3255940924526333,
    -2.6138186000043433,
    -2.9726503385202836,
    -3.4301482204656515,
    -3.9171301415243183,
    -4.421476420068985,
    -5.03495495368817,
    -5.77990808992308,
    -6.683261698264247,
    -7.777496304914727,
    -9.101820388249326,
    -10.688742690201762,
    -12.584851097543664,
    -14.894387012598193,
    -17.69977486895521,
    -21.100419143283183,
    -25.21639669389533,
    -30.192802614365082,
    -36.20490629637066,
    -43.464315761133484,
    -52.22639118062438,
    -62.79919711360405,
    -75.55433876955449,
    -90.940088675661
  ],
  "omega_max": [
    7.328053339172868e-16,
    2.7425145959393883e-16,
    1.3022418827901135e-16,
    2.8484580705031733e-16,
    -1.192081899105024e-16,
    2.756478720783604e-16,
    8.900517933241843e-16,
    -1.3362528748870896e-16,
    -6.659311279765903e-16,
    4.485372371703323e-16,
    -1.5388711062938459e-16,
    -1.3817579193791394e-15,
    1.5851201675262548e-16,
    4.266115215892743e-15,
    1.9981853205056078e-16,
    5.038379978401281e-16,
    1.1122675430720544e-15,
    1.9856398172208644e-15,
    -1.3089451094797746e-15,
    2.3212731364522175e-16,
    -7.537400319491669e-15,
    3.163740390109564e-16,
    -1.3806428021361882e-15,
    2.374039493288636e-15,
    1.2026861512786216e-15,
    6.920705989756242e-15,
    5.704290915962204e-15,
    -9.860625622523394e-15,
    -5.3958587812404e-15,
    1.1756512577817743e-14,
    -0.7853481813869502,
    -0.8830714115180747,
    -0.9860192355908837,
    1.0958909524721827,
    1.2143323566405533,
    -1.3430013017588063,
    -1.4836168745364107,
    -1.585594278396276,
    -1.7651839359527028,
    -1.9594536469773098,
    2.1722266226717535,
    2.407115622921495,
    -2.6677771593825637,
    -2.9581126827762976,
    -3.282422032263111,
    3.645515600129768,
    -4.052789676170378,
    4.51026867228011,
    5.024622693086746,
    5.603179994210942
  ],
  "params": {
    "alpha": -15.0,
    "dT": 0.8888888888888888,
    "dR": 1.0
  },
  "metadata": {
    "shear_max": 1.6758910964166058e-09,
    "vel_net": 1.2924697071141057e-25,
    "resolution": {
      "H": 25,
      "M": 65,
      "Nz": 129,
      "Nth": 128
    },
    "timestamp": "2026-04-13T10:47:54.603102"
  }
}