{
  "k": [
    0.1,
    0.10985411419875583,
    0.12067926406393285,
    0.13257113655901093,
    0.14563484775012436,
    0.15998587196060582,
    0.1757510624854792,
    0.193069772888325,
    0.21209508879201905,
    0.2329951810515372,
    0.2559547922699536,
    0.281176869797423,
    0.3088843596477481,
    0.3393221771895328,
    0.372759372031494,
    0.4094915062380424,
    0.44984326689694454,
    0.49417133613238345,
    0.5428675439323859,
    0.5963623316594643,
    0.6551285568595507,
    0.7196856730011519,
    0.7906043210907697,
    0.8685113737513525,
    0.9540954763499939,
    1.0481131341546859,
    1.151395399326447,
    1.2648552168552958,
    1.3894954943731375,
    1.5264179671752334,
    1.6768329368110073,
    1.8420699693267153,
    2.0235896477251565,
    2.2229964825261943,
    2.442053094548651,
    2.6826957952797246,
    2.9470517025518097,
    3.2374575428176433,
    3.5564803062231283,
    3.9069399370546147,
    4.291934260128776,
    4.714866363457392,
    5.17947467923121,
    5.689866029018296,
    6.250551925273969,
    6.866488450042998,
    7.543120063354615,
    8.286427728546842,
    9.102981779915218,
    10.0
  ],
  "gamma_max": [
    0.08140246337505083,
    0.06863588088018317,
    0.053232618515111255,
    0.03464788452977257,
    0.012223143894970302,
    -0.014839571655461925,
    -0.047512050225188306,
    -0.08699024626464666,
    -0.1347796043865376,
    -0.19287337804160834,
    -0.264242170450831,
    -0.35482250791982944,
    -0.4993800569831438,
    -0.5813606128060974,
    -0.6388983594772303,
    -0.7054341583573375,
    -0.7820851122215229,
    -0.7540390794539449,
    -0.7103015988445048,
    -0.6222624969242042,
    -0.44027356465791767,
    -0.2589118249605874,
    -0.08080970528850287,
    0.09143836227880012,
    0.25506521055753817,
    0.40683122403274485,
    0.5426392921221065,
    0.6570430848091136,
    0.7426144597592449,
    0.7891400572652651,
    0.7826476297605739,
    0.7043657215016078,
    0.530134069222658,
    0.23256926069279596,
    -0.07392988512646942,
    0.19796492127506635,
    0.3400419948331472,
    0.14020541339945564,
    -0.5703894427872205,
    -1.966409345315237,
    -2.5948289783914382,
    -2.7794953198438113,
    -3.236013811425127,
    -4.009341901549418,
    -5.127819856681032,
    -6.629827010546862,
    -8.568360951692279,
    -11.012296940348245,
    -14.047875476010118,
    -17.77984018384299
  ],
  "omega_max": [
    -1.719952953293695e-12,
    2.9163195809143214e-13,
    3.157103503280705e-13,
    -5.279610748188861e-13,
    1.339219681506885e-13,
    1.772384268706412e-12,
    -8.924918477410269e-13,
    4.730467526769326e-13,
    -2.1569689751426673e-12,
    1.4353715071645062e-12,
    -3.230293921672886e-12,
    -7.685772555180508e-12,
    -3.4159564141701825e-12,
    -0.11718920870241181,
    -0.15405281241555166,
    -0.16020285680315244,
    0.1233254535147501,
    -9.121240075287247e-13,
    -6.300355317135329e-14,
    4.872131978978579,
    4.975984521131555,
    -5.087520864208227,
    -5.203074149943981,
    5.318179649707526,
    5.427636062869939,
    -5.525522946606995,
    5.605214350398781,
    5.659446181473106,
    -5.680508511894812,
    5.660654708439963,
    5.592864291676103,
    -5.472226218796986,
    -5.298630822250015,
    -5.082677223750348,
    2.1879705249855323e-11,
    3.5283583849009567e-11,
    -2.5264975549216224e-11,
    3.744181122473602e-11,
    -2.8281206473407055e-11,
    -3.452711556470114e-11,
    -6.507885963852541,
    -7.3292067586521075,
    -8.28270058482363,
    9.335495813387588,
    -10.478493832631095,
    -11.718267498666627,
    -13.069830045839733,
    14.554248776807286,
    16.19904452608557,
    18.04098199106528
  ],
  "params": {
    "alpha": -42.0,
    "dT": 0.2,
    "dR": 1.0
  },
  "metadata": {
    "shear_max": 5.247085797795487,
    "vel_net": 9.658940314238862e-15,
    "resolution": {
      "H": 25,
      "M": 65,
      "Nz": 129,
      "Nth": 128
    },
    "timestamp": "2026-04-15T19:17:45.553482"
  }
}