{
  "k": [
    0.1,
    0.10985411419875583,
    0.12067926406393285,
    0.13257113655901093,
    0.14563484775012436,
    0.15998587196060582,
    0.1757510624854792,
    0.193069772888325,
    0.21209508879201905,
    0.2329951810515372,
    0.2559547922699536,
    0.281176869797423,
    0.3088843596477481,
    0.3393221771895328,
    0.372759372031494,
    0.4094915062380424,
    0.44984326689694454,
    0.49417133613238345,
    0.5428675439323859,
    0.5963623316594643,
    0.6551285568595507,
    0.7196856730011519,
    0.7906043210907697,
    0.8685113737513525,
    0.9540954763499939,
    1.0481131341546859,
    1.151395399326447,
    1.2648552168552958,
    1.3894954943731375,
    1.5264179671752334,
    1.6768329368110073,
    1.8420699693267153,
    2.0235896477251565,
    2.2229964825261943,
    2.442053094548651,
    2.6826957952797246,
    2.9470517025518097,
    3.2374575428176433,
    3.5564803062231283,
    3.9069399370546147,
    4.291934260128776,
    4.714866363457392,
    5.17947467923121,
    5.689866029018296,
    6.250551925273969,
    6.866488450042998,
    7.543120063354615,
    8.286427728546842,
    9.102981779915218,
    10.0
  ],
  "gamma_max": [
    -0.7454124571897575,
    -0.7486936622078519,
    -0.7527141366851556,
    -0.7576611284556691,
    -0.7637830525360274,
    -0.7714203466556273,
    -0.7810626136187219,
    -0.7934692301173185,
    -0.8099790731874451,
    -0.833631767045763,
    -0.8809751955978109,
    -0.9048058261002598,
    -0.9114966009854837,
    -0.9195464438078674,
    -0.92922626861761,
    -0.9408591148862567,
    -0.9548296167249226,
    -0.9715951105627527,
    -0.9916987164627059,
    -1.0157848492116568,
    -1.0446177886799193,
    -1.0791041744440628,
    -1.1203205880672977,
    -1.169547733691238,
    -1.2283130920381526,
    -1.2984442625386066,
    -1.382135490437679,
    -1.4820301065996933,
    -1.6013218548130745,
    -1.7438784617931626,
    -1.914391427112369,
    -2.118556893069166,
    -2.3632934986126233,
    -2.657004199177323,
    -3.0098901588844487,
    -3.3903758298458824,
    -3.855140901413246,
    -4.433251627236277,
    -5.146544650290243,
    -6.020891685065543,
    -7.087315969907591,
    -8.383265616830343,
    -9.95406336225903,
    -11.854572139669807,
    -14.151135720595454,
    -16.92387277679957,
    -20.26942229427076,
    -24.304259343151585,
    -29.16872262491036,
    -35.031917286963235
  ],
  "omega_max": [
    2.1354172985101413e-14,
    -2.827569487236779e-14,
    -3.750588955465976e-16,
    -2.3301446462176888e-14,
    5.854199345480442e-14,
    1.636151797382589e-14,
    4.033615561400764e-15,
    -3.019684762091701e-14,
    -1.2301681336560658e-14,
    1.2129299324045537e-15,
    1.6889946852607832e-13,
    -0.06120644681920513,
    0.09305681929189512,
    -0.12072328400077457,
    -0.14727810150063197,
    -0.17392539147547018,
    -0.20134226752639064,
    0.22999854264715885,
    -0.2602698547989426,
    -0.2924876794865535,
    0.3269654167452831,
    -0.36401425240951535,
    -0.4039544582418016,
    0.4471247582106924,
    -0.4938910268569477,
    0.5446548418046163,
    0.599861920564358,
    0.6600101289885854,
    -0.725656574535659,
    0.7974233683006188,
    -0.8760020294200664,
    0.9621572094902429,
    -1.0567312746988133,
    1.1606519722160533,
    -1.2749455547443231,
    1.3240470665851947,
    1.4619953748055716,
    -1.614843732873126,
    1.7850227627097524,
    -1.9747567266290027,
    -2.1862522303134106,
    -2.421885183622339,
    -2.684360205004416,
    2.976838314743013,
    -3.3030376030547752,
    -3.66731107905255,
    4.07470241145924,
    -4.530979065469165,
    5.0426463426607535,
    5.616955154655661
  ],
  "params": {
    "alpha": -17.0,
    "dT": 0.3333333333333333,
    "dR": 1.0
  },
  "metadata": {
    "shear_max": 2.7461153354513164e-09,
    "vel_net": 5.169878828456423e-26,
    "resolution": {
      "H": 25,
      "M": 65,
      "Nz": 129,
      "Nth": 128
    },
    "timestamp": "2026-04-13T11:16:38.120598"
  }
}