{
  "k": [
    0.1,
    0.10985411419875583,
    0.12067926406393285,
    0.13257113655901093,
    0.14563484775012436,
    0.15998587196060582,
    0.1757510624854792,
    0.193069772888325,
    0.21209508879201905,
    0.2329951810515372,
    0.2559547922699536,
    0.281176869797423,
    0.3088843596477481,
    0.3393221771895328,
    0.372759372031494,
    0.4094915062380424,
    0.44984326689694454,
    0.49417133613238345,
    0.5428675439323859,
    0.5963623316594643,
    0.6551285568595507,
    0.7196856730011519,
    0.7906043210907697,
    0.8685113737513525,
    0.9540954763499939,
    1.0481131341546859,
    1.151395399326447,
    1.2648552168552958,
    1.3894954943731375,
    1.5264179671752334,
    1.6768329368110073,
    1.8420699693267153,
    2.0235896477251565,
    2.2229964825261943,
    2.442053094548651,
    2.6826957952797246,
    2.9470517025518097,
    3.2374575428176433,
    3.5564803062231283,
    3.9069399370546147,
    4.291934260128776,
    4.714866363457392,
    5.17947467923121,
    5.689866029018296,
    6.250551925273969,
    6.866488450042998,
    7.543120063354615,
    8.286427728546842,
    9.102981779915218,
    10.0
  ],
  "gamma_max": [
    -0.16072533936624647,
    -0.17121867482776737,
    -0.1838653152761158,
    -0.19910718876114514,
    -0.21748035205240507,
    -0.2396406422140165,
    -0.26640432992243457,
    -0.29882363599303363,
    -0.33835971304139795,
    -0.38740816353433655,
    -0.45189871398286535,
    -0.5514668767561395,
    -0.5846658569196284,
    -0.6235415733966272,
    -0.6688442425853312,
    -0.721391113395447,
    -0.6933036680059256,
    -0.6667596726263536,
    -0.6534133736669635,
    -0.6442035710884131,
    -0.6372030674723135,
    -0.59557880276245,
    -0.37161713285738535,
    -0.1460947396605538,
    0.0774960906998433,
    0.2947757040796353,
    0.49987645248740364,
    0.6844596261702718,
    0.8361641556912791,
    0.9361469934343049,
    0.9550229428700802,
    0.8458163861101091,
    0.5331114873907139,
    0.6777699416367324,
    2.010196070355067,
    3.223346025062698,
    3.9703053785204165,
    4.170607377492302,
    3.730845170662852,
    2.4118261917426436,
    -0.4086141766752383,
    -1.2032499017168101,
    -0.8147350956319289,
    -1.061951596396528,
    -1.811837906898608,
    -3.047574939188954,
    -4.807515380205104,
    -7.164554208639579,
    -10.222421550013108,
    -14.118326749072965
  ],
  "omega_max": [
    -1.6224547813329496e-12,
    2.2247222750382157e-13,
    1.6134603161818664e-12,
    -7.908882700349363e-13,
    -1.1080856982338506e-12,
    1.9230947142891007e-12,
    -9.883745817106649e-13,
    -6.871169518321914e-13,
    -9.721935504008808e-13,
    -8.959016741756696e-13,
    -6.15295932088734e-13,
    -0.04476975072926167,
    0.08949286833239162,
    -0.10880323998857318,
    -0.10939661852593176,
    0.07949764813909375,
    1.4227573804798783e-13,
    -6.242072213966895e-15,
    1.2774375351916514e-14,
    4.102902538955636e-15,
    2.0653624096858046e-14,
    7.351944035961893,
    -7.476320988602867,
    7.5996187771895105,
    -7.7154350520771855,
    7.815655516993599,
    -7.890358946202163,
    7.927775317438041,
    7.914367084021874,
    7.83518087936208,
    -7.6748538805341955,
    7.420667803352648,
    -7.073598180488101,
    5.442306596396495e-12,
    1.8398263665289274e-11,
    -2.2501552599593623e-11,
    -2.521438635617353e-12,
    2.041246974130033e-12,
    4.878471600579789e-12,
    1.0243362210040106e-11,
    2.0767726874996737e-11,
    8.789672388312392,
    10.175722914224245,
    11.706888707080509,
    -13.297126619361013,
    -14.95608380455415,
    16.708555766112827,
    -18.587195645189578,
    20.636215487030398,
    22.92415529183133
  ],
  "params": {
    "alpha": -54.0,
    "dT": 0.2,
    "dR": 1.0
  },
  "metadata": {
    "shear_max": 7.474688309318938,
    "vel_net": 1.532107773982716e-14,
    "resolution": {
      "H": 25,
      "M": 65,
      "Nz": 129,
      "Nth": 128
    },
    "timestamp": "2026-04-16T12:56:22.053950"
  }
}