{
  "k": [
    0.1,
    0.10985411419875583,
    0.12067926406393285,
    0.13257113655901093,
    0.14563484775012436,
    0.15998587196060582,
    0.1757510624854792,
    0.193069772888325,
    0.21209508879201905,
    0.2329951810515372,
    0.2559547922699536,
    0.281176869797423,
    0.3088843596477481,
    0.3393221771895328,
    0.372759372031494,
    0.4094915062380424,
    0.44984326689694454,
    0.49417133613238345,
    0.5428675439323859,
    0.5963623316594643,
    0.6551285568595507,
    0.7196856730011519,
    0.7906043210907697,
    0.8685113737513525,
    0.9540954763499939,
    1.0481131341546859,
    1.151395399326447,
    1.2648552168552958,
    1.3894954943731375,
    1.5264179671752334,
    1.6768329368110073,
    1.8420699693267153,
    2.0235896477251565,
    2.2229964825261943,
    2.442053094548651,
    2.6826957952797246,
    2.9470517025518097,
    3.2374575428176433,
    3.5564803062231283,
    3.9069399370546147,
    4.291934260128776,
    4.714866363457392,
    5.17947467923121,
    5.689866029018296,
    6.250551925273969,
    6.866488450042998,
    7.543120063354615,
    8.286427728546842,
    9.102981779915218,
    10.0
  ],
  "gamma_max": [
    -0.005678809724210583,
    -0.01296102722498558,
    -0.021716416286729066,
    -0.03223467395803067,
    -0.044858527364031626,
    -0.05999143822640322,
    -0.07810518997329731,
    -0.09974615177773812,
    -0.12553743442512325,
    -0.15616980894385382,
    -0.1923601424629075,
    -0.23470004447719578,
    -0.28303219041468186,
    -0.3332034510256313,
    -0.36677257951307807,
    -0.3757430150321963,
    -0.37578405644766016,
    -0.3729462017219181,
    -0.36879760075215634,
    -0.36395109033659384,
    -0.3588045029227891,
    -0.3537461534035041,
    -0.3492390906909127,
    -0.3458699969004812,
    -0.17671136663674442,
    0.04003495311330859,
    0.24773470064085398,
    0.43723739124071176,
    0.5944233675739463,
    0.6967906839593545,
    0.7074174147614759,
    0.5647751973471801,
    0.18068445784590315,
    1.5788258343711614,
    3.2089518913550092,
    4.51454998043936,
    5.400384616159626,
    5.8495835987187625,
    5.8223532851933735,
    5.237835638450872,
    3.972366973329054,
    1.9494686748299754,
    0.8513466152757688,
    1.1703178132515528,
    1.1025801251256526,
    0.6530058397706272,
    -0.19020201981557466,
    -1.4622948284276602,
    -3.2027318850350035,
    -5.391648176751669
  ],
  "omega_max": [
    3.5847594465706686e-12,
    1.5654437218044977e-12,
    3.2510192238435413e-12,
    -3.0999028687050307e-13,
    -4.233651154174118e-12,
    1.997668904564544e-13,
    1.1454964011746474e-12,
    -1.1021441414926121e-12,
    2.173152287782689e-12,
    -3.4863596454167484e-12,
    -1.7886149844985891e-12,
    -6.564145294967202e-13,
    -1.1720673983353402e-12,
    2.635545846698822e-12,
    3.907087471947268e-13,
    3.527126475153924e-13,
    5.028717166155168e-14,
    7.550702988718224e-14,
    -3.27063562315584e-13,
    8.559068552385491e-14,
    5.3736514109117723e-14,
    -6.250165401174738e-13,
    -1.2145425029646262e-13,
    4.781991900357913e-14,
    7.681870289861308,
    7.770053308078759,
    7.833934581632791,
    -7.8618622399183655,
    7.840139525349738,
    -7.753383390894369,
    7.585780710181785,
    -7.325247439210115,
    6.975042046500566,
    2.2839803244673312e-11,
    4.003601527152613e-12,
    -1.1592985841599865e-11,
    7.863229230275787e-12,
    3.179805652711627e-12,
    7.764391842953547e-12,
    2.0068624498111908e-12,
    1.185400259396573e-11,
    1.4903436808981576e-12,
    -11.070772296223096,
    -12.436128307007474,
    14.006575724921888,
    15.727190795221656,
    17.60580344727647,
    -19.689531708881546,
    22.070845395846003,
    -24.882671840550596
  ],
  "params": {
    "alpha": -51.0,
    "dT": 0.1,
    "dR": 1.0
  },
  "metadata": {
    "shear_max": 7.533435034898186,
    "vel_net": 7.216449660063518e-15,
    "resolution": {
      "H": 25,
      "M": 65,
      "Nz": 129,
      "Nth": 128
    },
    "timestamp": "2026-04-16T04:21:55.171315"
  }
}