{
  "k": [
    0.1,
    0.10985411419875583,
    0.12067926406393285,
    0.13257113655901093,
    0.14563484775012436,
    0.15998587196060582,
    0.1757510624854792,
    0.193069772888325,
    0.21209508879201905,
    0.2329951810515372,
    0.2559547922699536,
    0.281176869797423,
    0.3088843596477481,
    0.3393221771895328,
    0.372759372031494,
    0.4094915062380424,
    0.44984326689694454,
    0.49417133613238345,
    0.5428675439323859,
    0.5963623316594643,
    0.6551285568595507,
    0.7196856730011519,
    0.7906043210907697,
    0.8685113737513525,
    0.9540954763499939,
    1.0481131341546859,
    1.151395399326447,
    1.2648552168552958,
    1.3894954943731375,
    1.5264179671752334,
    1.6768329368110073,
    1.8420699693267153,
    2.0235896477251565,
    2.2229964825261943,
    2.442053094548651,
    2.6826957952797246,
    2.9470517025518097,
    3.2374575428176433,
    3.5564803062231283,
    3.9069399370546147,
    4.291934260128776,
    4.714866363457392,
    5.17947467923121,
    5.689866029018296,
    6.250551925273969,
    6.866488450042998,
    7.543120063354615,
    8.286427728546842,
    9.102981779915218,
    10.0
  ],
  "gamma_max": [
    -0.01431961291835352,
    -0.024782808877617604,
    -0.037400060973321145,
    -0.05261403807589815,
    -0.0709594629447996,
    -0.09308454462018105,
    -0.11978095233348279,
    -0.1520310216493979,
    -0.19109665246677265,
    -0.23873227005230543,
    -0.29788963736630436,
    -0.37692972796546537,
    -0.4770903721879796,
    -0.5168636876788759,
    -0.5632952834646825,
    -0.6172264089412536,
    -0.5992888354210183,
    -0.566087601806949,
    -0.5477386415107923,
    -0.5327380354304793,
    -0.5126692905063509,
    -0.3463576309667811,
    -0.18129119127146842,
    -0.02003299774036603,
    0.1346639419033023,
    0.27962716897407053,
    0.41093491259855397,
    0.5234767081458971,
    0.6103887161343831,
    0.6623624896218445,
    0.6668894238817559,
    0.6077054370936856,
    0.46535475464797094,
    0.22167133923327417,
    0.2289375882560305,
    0.4801595913599329,
    0.6121264151089096,
    0.45379909559451587,
    -0.1363366984806383,
    -1.3289921489084273,
    -1.7354379164724139,
    -1.8251284809577992,
    -2.102684393988463,
    -2.6145200329505127,
    -3.3893782250301974,
    -4.457916633730147,
    -5.859425497233685,
    -7.643605869145866,
    -9.870211979733032,
    -12.605225261713452
  ],
  "omega_max": [
    9.019538926095852e-15,
    4.548360605452973e-15,
    -5.346155337611651e-16,
    3.7318346013366743e-14,
    2.0504841089817993e-14,
    -1.1978069554402128e-14,
    -9.152735492424098e-14,
    -6.130581113339741e-14,
    1.3324973477832535e-14,
    4.1274196269806004e-14,
    -4.3722541159825736e-14,
    5.665823214300204e-14,
    -0.061829838007336255,
    0.0990952032325501,
    0.10885893203283632,
    -0.0866732579341549,
    -1.4149503080998202e-14,
    -1.0269342104363549e-13,
    5.138173157524461e-13,
    -8.965816049770952e-15,
    -4.7414322156781505,
    4.83767186557399,
    -4.937640983360312,
    -5.037557443352497,
    -5.132837287548664,
    5.2181340368802225,
    5.28738111219152,
    -5.333879539059542,
    5.350494393085293,
    -5.330050000875011,
    -5.266069776281524,
    5.154177461115616,
    -4.995067966322949,
    -4.801753315278512,
    -6.3076930112053625e-12,
    -1.1191528818844992e-12,
    4.796731886122473e-12,
    -1.2142297987107765e-12,
    -1.0204139226757206e-12,
    4.976466164461511e-14,
    -6.671491665590687,
    7.439596931237344,
    8.335497818089395,
    9.341818977039779,
    -10.450270942460945,
    -11.665321827075852,
    -13.0008989094934,
    -14.479025619680753,
    16.130708079600474,
    17.997358555722105
  ],
  "params": {
    "alpha": -39.0,
    "dT": 0.14285714285714285,
    "dR": 1.0
  },
  "metadata": {
    "shear_max": 5.013857257503364,
    "vel_net": 2.886579864025407e-15,
    "resolution": {
      "H": 25,
      "M": 65,
      "Nz": 129,
      "Nth": 128
    },
    "timestamp": "2026-04-15T19:52:33.133247"
  }
}