{
  "alpha": [
    -15.0,
    -16.0,
    -17.0,
    -18.0,
    -19.0,
    -20.0,
    -21.0,
    -22.0,
    -23.0,
    -24.0,
    -25.0,
    -26.0,
    -27.0,
    -28.0,
    -29.0,
    -30.0,
    -31.0,
    -32.0,
    -33.0,
    -34.0,
    -35.0,
    -36.0,
    -37.0,
    -38.0,
    -39.0,
    -40.0,
    -41.0,
    -42.0,
    -43.0,
    -44.0,
    -45.0,
    -46.0,
    -47.0,
    -48.0,
    -49.0,
    -50.0
  ],
  "shear_max": [
    1.880672352171502e-09,
    2.4361096294792534e-09,
    2.682377649902842e-09,
    3.389382146283727e-09,
    3.924291151974064e-09,
    4.400108462915966e-09,
    6.048197701838005e-09,
    6.202958165907639e-09,
    7.458376331649608e-09,
    9.701603419921786e-09,
    1.213927540043102e-08,
    2.9035695425203514,
    3.1581753634697805,
    3.3981755116808587,
    3.626049550666178,
    3.843624978278884,
    4.052306666791372,
    4.253288509986823,
    4.447397352295309,
    4.635363172055978,
    4.817814048902855,
    4.995285411709347,
    5.168238550078102,
    5.337074365036506,
    5.5021438385940575,
    3.7673271743445023,
    4.011980223557602,
    4.247747980580211,
    4.475917681324023,
    4.697490448422911,
    4.913262149189787,
    5.123877256132608,
    5.329865948313715,
    5.531670367636837,
    5.729663662293168,
    5.924164087376932
  ],
  "vel_net": [
    1.8645998549707344e-25,
    3.2140507070231543e-25,
    2.5094923442030782e-26,
    1.4918242188987225e-25,
    1.8764256510376213e-25,
    1.7772099917750186e-25,
    1.4831582886537194e-26,
    7.246628729112655e-16,
    8.647210071813008e-15,
    1.9534096851658167e-13,
    1.229488182723215e-11,
    1.1930246079233866,
    1.303269241555574,
    1.408492115414938,
    1.509615344155192,
    1.6073005369793856,
    1.702041466538268,
    1.794218609581892,
    1.8841329826520359,
    1.9720280594970787,
    2.0581044846943346,
    2.142530255748242,
    2.225447962546753,
    2.3069800553187756,
    2.3872327592989713,
    9.981928101994572e-09,
    1.0660196945058268e-09,
    1.9443003285977087e-10,
    4.944715413404525e-11,
    1.5911832053807402e-11,
    6.1986977855735264e-12,
    2.7866447873196636e-12,
    1.4228559756340151e-12,
    8.137272225268518e-13,
    4.877171294234368e-13,
    3.1013126018702694e-13
  ],
  "params": {
    "dT": 0.3333333333333333,
    "dR": 1.0
  },
  "metadata": {
    "resolution": {
      "H": 20,
      "M": 49
    },
    "timestamp": "2026-02-12T18:21:54.775505"
  }
}