{
  "alpha": [
    -15.0,
    -16.0,
    -17.0,
    -18.0,
    -19.0,
    -20.0,
    -21.0,
    -22.0,
    -23.0,
    -24.0,
    -25.0,
    -26.0,
    -27.0,
    -28.0,
    -29.0,
    -30.0,
    -31.0,
    -32.0,
    -33.0,
    -34.0,
    -35.0,
    -36.0,
    -37.0,
    -38.0,
    -39.0,
    -40.0,
    -41.0,
    -42.0,
    -43.0,
    -44.0,
    -45.0,
    -46.0,
    -47.0,
    -48.0,
    -49.0,
    -50.0
  ],
  "shear_max": [
    2.297051776570367e-09,
    3.06840667255569e-09,
    3.010616781784487e-09,
    3.7129882083026706e-09,
    4.7542233567324734e-09,
    5.6741914656297066e-09,
    7.079770852992985e-09,
    9.113494513617483e-09,
    1.159641130221369e-08,
    1.6500935790750783e-08,
    2.801138641816401,
    3.0600326103098237,
    3.3028204817802225,
    3.532267446860991,
    3.750455463641918,
    3.9589724643775766,
    4.158999985513103,
    4.351537432971101,
    4.537432284745256,
    4.717401138860668,
    3.1898897961721016,
    3.4619030472569565,
    3.7207144447353806,
    3.96866043309132,
    4.207445696282396,
    4.438358161705249,
    4.662398735928822,
    4.880363618120286,
    5.0928987056754895,
    5.300536790983133,
    5.503723733177351,
    5.702837352296042,
    5.8982013444039065,
    6.090095741401522,
    6.278764903151169,
    6.46442371375988
  ],
  "vel_net": [
    1.9786997790317334e-25,
    4.9104194291493924e-26,
    3.1582171398304368e-25,
    2.423425756867107e-25,
    5.936110138882397e-25,
    4.49977918187015e-26,
    1.4001945238824728e-15,
    2.779578358607987e-14,
    1.727276133034291e-12,
    6.598710091124719e-10,
    1.1505349796336661,
    1.2638103066970034,
    1.371763759644149,
    1.4753830067322808,
    1.5753640555150488,
    1.6722204688278193,
    1.7663457237979827,
    1.8580508243087244,
    1.9475880045477918,
    2.0351662447059704,
    6.479851831834775e-09,
    4.5621324554127747e-10,
    6.93494313310643e-11,
    1.5616478674215384e-11,
    5.151555726072905e-12,
    2.1534229256586086e-12,
    1.070919684042295e-12,
    6.118494480967928e-13,
    3.594699511487708e-13,
    2.3961146992755543e-13,
    1.6847728588922833e-13,
    1.3576168609168506e-13,
    8.994512248321021e-14,
    7.899157715167378e-14,
    5.815123343294646e-14,
    5.5386994520552824e-14
  ],
  "params": {
    "dT": 0.25,
    "dR": 1.0
  },
  "metadata": {
    "resolution": {
      "H": 20,
      "M": 49
    },
    "timestamp": "2026-02-12T18:06:08.067379"
  }
}