{
  "alpha": [
    -15.0,
    -16.0,
    -17.0,
    -18.0,
    -19.0,
    -20.0,
    -21.0,
    -22.0,
    -23.0,
    -24.0,
    -25.0,
    -26.0,
    -27.0,
    -28.0,
    -29.0,
    -30.0,
    -31.0,
    -32.0,
    -33.0,
    -34.0,
    -35.0,
    -36.0,
    -37.0,
    -38.0,
    -39.0,
    -40.0,
    -41.0,
    -42.0,
    -43.0,
    -44.0,
    -45.0,
    -46.0,
    -47.0,
    -48.0,
    -49.0,
    -50.0,
    -51.0,
    -52.0,
    -53.0,
    -54.0,
    -55.0
  ],
  "shear_max": [
    1.916870910740652e-09,
    2.487910597589665e-09,
    2.7461153354513164e-09,
    3.4787127954291645e-09,
    4.040018392557132e-09,
    4.546221912041022e-09,
    5.228017229101969e-09,
    6.466927099979549e-09,
    7.8221816149351e-09,
    1.0247521409507832e-08,
    1.1589336307630577e-08,
    1.6152442685230106e-08,
    3.167619552225934,
    3.407292647756622,
    3.6349272962437182,
    3.8523278231519833,
    4.060881402203484,
    4.261727533966443,
    4.455733475361535,
    4.6436220954791,
    4.826016876864691,
    5.003449643063061,
    5.176378810845627,
    5.345202967234547,
    5.510271209847393,
    3.776185814276597,
    4.020568681863752,
    4.256123440066146,
    4.484123966932489,
    4.705561874999387,
    4.921226053675683,
    5.131755743599731,
    5.337677117948822,
    5.539429200118472,
    5.7373826749217205,
    5.931853826569344,
    6.123115050048578,
    6.311402910651233,
    6.496924406895129,
    6.679861908301796,
    6.860377086731935
  ],
  "vel_net": [
    5.169878828456423e-26,
    0.0,
    5.169878828456423e-26,
    0.0,
    0.0,
    0.0,
    1.0339757656912846e-25,
    4.1359030627651384e-25,
    2.465298420522654e-15,
    5.0207214455762386e-14,
    2.875507925593513e-12,
    6.446289629460774e-10,
    1.306116722829294,
    1.411131869519411,
    1.5120864350954037,
    1.6096323380650182,
    1.7042567147348322,
    1.7963353125827433,
    1.8861656671434521,
    1.9739886231448516,
    2.060002795091221,
    2.144374584420248,
    2.227245306575652,
    2.3087363805893064,
    2.388953187717984,
    5.710628636634851e-09,
    6.985726996866504e-10,
    1.454663611788476e-10,
    3.940903159360687e-11,
    1.40941702753139e-11,
    6.063316515536599e-12,
    2.9453106620280778e-12,
    1.6111556533360272e-12,
    9.696687897076117e-13,
    6.217248937900877e-13,
    4.2033043712308427e-13,
    2.9765079290200447e-13,
    2.2259971643734389e-13,
    1.7208456881689926e-13,
    1.3578027591165664e-13,
    1.1035616864774056e-13
  ],
  "params": {
    "dT": 0.3333333333333333,
    "dR": 1.0
  },
  "metadata": {
    "resolution": {
      "H": 25,
      "M": 65
    },
    "timestamp": "2026-04-15T15:35:53.727079"
  }
}