{
  "alpha": [
    -15.0,
    -16.0,
    -17.0,
    -18.0,
    -19.0,
    -20.0,
    -21.0,
    -22.0,
    -23.0,
    -24.0,
    -25.0,
    -26.0,
    -27.0,
    -28.0,
    -29.0,
    -30.0,
    -31.0,
    -32.0,
    -33.0,
    -34.0,
    -35.0,
    -36.0,
    -37.0,
    -38.0,
    -39.0,
    -40.0,
    -41.0,
    -42.0,
    -43.0,
    -44.0,
    -45.0,
    -46.0,
    -47.0,
    -48.0,
    -49.0,
    -50.0,
    -51.0,
    -52.0,
    -53.0,
    -54.0,
    -55.0
  ],
  "shear_max": [
    1.1683309357933843e-09,
    1.371758537321255e-09,
    1.6394765585781446e-09,
    1.994624783986226e-09,
    2.4702094445945572e-09,
    2.1579506667243444e-09,
    2.8070378177460235e-09,
    2.6463024885171646e-09,
    3.611086176228235e-09,
    3.666284810300138e-09,
    3.885304473176457e-09,
    4.294769002113996e-09,
    4.948582801743612e-09,
    5.939692459976584e-09,
    5.788193309320259e-09,
    6.0144532707890306e-09,
    6.656747762768483e-09,
    7.839567596547097e-09,
    9.81409726510334e-09,
    1.0805086480991283e-08,
    1.0824788457353861e-08,
    1.2064428090471954e-08,
    1.3292926985910878e-08,
    4.659400106085649,
    4.861681923044024,
    5.059064981712649,
    5.2520316843733825,
    5.440988404842656,
    5.6262811833005095,
    5.808207500262417,
    5.987025266726833,
    6.162959787209885,
    6.336209235715462,
    6.506949006035362,
    6.675335212168302,
    6.841507529848481,
    7.005591524501773,
    7.167700574887736,
    7.327937472313464,
    7.486401935520732,
    7.643178206099141
  ],
  "vel_net": [
    2.5849394142282115e-26,
    1.809457589959748e-25,
    1.550963648536927e-25,
    1.0339757656912846e-25,
    3.101927297073854e-25,
    5.169878828456423e-26,
    2.0679515313825692e-25,
    0.0,
    1.550963648536927e-25,
    0.0,
    0.0,
    0.0,
    4.1359030627651384e-25,
    4.1359030627651384e-25,
    4.1359030627651384e-25,
    2.0679515313825692e-25,
    8.446703200743213e-16,
    4.5836215568142916e-15,
    2.479172080719891e-14,
    1.7004183168474238e-13,
    1.5588527425297165e-12,
    1.6425082050005556e-11,
    2.464259124635115e-10,
    1.9189783135507872,
    2.005179237528562,
    2.0895881609168363,
    2.172391705787536,
    2.2537462393163454,
    2.333784187304289,
    2.412618764512387,
    2.490347582168507,
    2.567055436593782,
    2.6428164999160235,
    2.717696055884378,
    2.791751894558014,
    2.8650354417968815,
    2.9375926819805063,
    3.0094649191736096,
    3.080689409158654,
    3.151299887625522,
    3.221327014871832
  ],
  "params": {
    "dT": 0.875,
    "dR": 1.0
  },
  "metadata": {
    "resolution": {
      "H": 25,
      "M": 65
    },
    "timestamp": "2026-04-16T11:31:30.470310"
  }
}