{
  "alpha": [
    -15.0,
    -16.0,
    -17.0,
    -18.0,
    -19.0,
    -20.0,
    -21.0,
    -22.0,
    -23.0,
    -24.0,
    -25.0,
    -26.0,
    -27.0,
    -28.0,
    -29.0,
    -30.0,
    -31.0,
    -32.0,
    -33.0,
    -34.0,
    -35.0,
    -36.0,
    -37.0,
    -38.0,
    -39.0,
    -40.0,
    -41.0,
    -42.0,
    -43.0,
    -44.0,
    -45.0,
    -46.0,
    -47.0,
    -48.0,
    -49.0,
    -50.0,
    -51.0,
    -52.0,
    -53.0,
    -54.0,
    -55.0
  ],
  "shear_max": [
    1.702911415936504e-09,
    1.451086337783764e-09,
    1.9093801381626074e-09,
    2.5587303978059485e-09,
    2.451611232096016e-09,
    2.464944121678695e-09,
    2.5986376273010925e-09,
    3.910533840039031e-09,
    3.3189439893057853e-09,
    4.014564460445728e-09,
    5.075845261430857e-09,
    5.20526214101265e-09,
    5.725082111065852e-09,
    6.744922621720034e-09,
    6.872911078818892e-09,
    7.681790608874278e-09,
    9.402021030474074e-09,
    1.057281036242423e-08,
    1.1332237974266557e-08,
    1.2119267258940065e-08,
    1.8275072061962094e-08,
    4.4571381112912904,
    4.661897925291264,
    4.861236408610692,
    5.055710638178167,
    5.245786385678395,
    5.431857808174265,
    5.61426199228977,
    5.793289913033835,
    5.969194824615138,
    6.14219878728339,
    6.3124978113538655,
    6.480265960002362,
    6.645664067819848,
    6.808835862543128,
    6.9698969858907,
    7.128961305766021,
    7.286132322418481,
    7.441504463851002,
    7.595164173375889,
    7.747190834127271
  ],
  "vel_net": [
    2.5849394142282115e-26,
    7.754818242684634e-26,
    1.809457589959748e-25,
    0.0,
    0.0,
    1.0339757656912846e-25,
    1.550963648536927e-25,
    0.0,
    2.0679515313825692e-25,
    2.5849394142282115e-25,
    1.0339757656912846e-25,
    3.101927297073854e-25,
    2.0679515313825692e-25,
    0.0,
    4.993085315544166e-16,
    3.6126780580856654e-15,
    2.6391509702117635e-14,
    2.4929546161076384e-13,
    3.2295126465324067e-12,
    6.060050292931386e-11,
    1.399419451732409e-09,
    1.8393229180277033,
    1.927244466014391,
    2.013211719117751,
    2.0974377849018992,
    2.18009957556377,
    2.2613457251555023,
    2.3413024274098495,
    2.420077827254203,
    2.4977653750386093,
    2.5744464296636385,
    2.6501923042218536,
    2.725065894274824,
    2.7991229842710483,
    2.8724133103665888,
    2.944981429745144,
    3.0168674378068885,
    3.0881075648422835,
    3.1587346755177546,
    3.2287786896391806,
    3.2982669386647765
  ],
  "params": {
    "dT": 0.75,
    "dR": 1.0
  },
  "metadata": {
    "resolution": {
      "H": 25,
      "M": 65
    },
    "timestamp": "2026-04-16T05:11:49.216912"
  }
}