{
  "alpha": [
    -15.0,
    -16.0,
    -17.0,
    -18.0,
    -19.0,
    -20.0,
    -21.0,
    -22.0,
    -23.0,
    -24.0,
    -25.0,
    -26.0,
    -27.0,
    -28.0,
    -29.0,
    -30.0,
    -31.0,
    -32.0,
    -33.0,
    -34.0,
    -35.0,
    -36.0,
    -37.0,
    -38.0,
    -39.0,
    -40.0,
    -41.0,
    -42.0,
    -43.0,
    -44.0,
    -45.0,
    -46.0,
    -47.0,
    -48.0,
    -49.0,
    -50.0,
    -51.0,
    -52.0,
    -53.0,
    -54.0,
    -55.0
  ],
  "shear_max": [
    2.729434023284809e-09,
    3.80245648954569e-09,
    4.2546555803824805e-09,
    5.430435364182262e-09,
    6.976508622953291e-09,
    9.483282994798355e-09,
    1.2279337791442536e-08,
    2.185158550666076,
    2.501153335922472,
    2.787911845708516,
    3.0520566725501324,
    3.2978250951531236,
    3.528224010846861,
    2.1781266336959266,
    2.5354963470050267,
    2.8618816115983408,
    3.1656264725986807,
    3.4516537396494544,
    3.723164578401128,
    3.9823961629658453,
    4.231000915809384,
    4.470256665875351,
    4.701186680008253,
    4.924612694152081,
    5.141230578888149,
    5.3516320505793855,
    5.556375893844119,
    5.756021101366915,
    5.950787072417268,
    6.141020313040944,
    6.32703014413324,
    6.509094293884332,
    6.687463393260417,
    6.862364646768973,
    7.034004844658467,
    7.202572891526222,
    7.368241910585709,
    7.531171048161991,
    7.69150699073282,
    7.860242238489771,
    8.029844709613386
  ],
  "vel_net": [
    5.169878828456423e-26,
    5.169878828456423e-26,
    1.0339757656912846e-25,
    1.0339757656912846e-25,
    1.0339757656912846e-25,
    3.226548664700881e-15,
    6.69937953095149e-13,
    0.8768976709720648,
    1.011202930402086,
    1.136323677387812,
    1.2546280823702332,
    1.367508060521693,
    1.4758607662980225,
    2.2650985892491704e-08,
    2.3988172559441523e-11,
    5.520639501099822e-12,
    1.3061773884714967e-13,
    2.446931546273845e-13,
    2.8582691768974655e-13,
    1.4455103780619538e-13,
    4.007905118896815e-14,
    9.797718192317006e-14,
    1.7619239400801234e-13,
    5.21249710061511e-14,
    8.992806499463768e-14,
    3.774758283725532e-15,
    4.6629367034256575e-15,
    8.815170815523743e-14,
    2.6645352591003757e-14,
    6.794564910705958e-14,
    1.0058620603103918e-13,
    5.995204332975845e-15,
    4.6074255521943996e-14,
    1.2101430968414206e-14,
    7.083222897108499e-14,
    3.752553823233029e-14,
    1.028066520802895e-13,
    5.662137425588298e-15,
    4.030109579389318e-14,
    9.314771176605063e-14,
    1.1002310174035301e-13
  ],
  "params": {
    "dT": 0.125,
    "dR": 1.0
  },
  "metadata": {
    "resolution": {
      "H": 25,
      "M": 65
    },
    "timestamp": "2026-04-18T12:00:34.077588"
  }
}