{
  "alpha": [
    -15.0,
    -16.0,
    -17.0,
    -18.0,
    -19.0,
    -20.0,
    -21.0,
    -22.0,
    -23.0,
    -24.0,
    -25.0,
    -26.0,
    -27.0,
    -28.0,
    -29.0,
    -30.0,
    -31.0,
    -32.0,
    -33.0,
    -34.0,
    -35.0,
    -36.0,
    -37.0,
    -38.0,
    -39.0,
    -40.0,
    -41.0,
    -42.0,
    -43.0,
    -44.0,
    -45.0,
    -46.0,
    -47.0,
    -48.0,
    -49.0,
    -50.0,
    -51.0,
    -52.0,
    -53.0,
    -54.0,
    -55.0
  ],
  "shear_max": [
    3.1232051941753152e-09,
    3.4173870953788375e-09,
    4.72016479089396e-09,
    5.7562843884053945e-09,
    8.088101316350426e-09,
    1.063619795870062e-08,
    1.431927316691552e-08,
    2.2129836611362914,
    2.531402205696932,
    2.8197582220235327,
    3.084732402292217,
    3.3307234273035604,
    3.561272904401908,
    2.3944595177015926,
    2.741107483909886,
    3.0615964319885434,
    3.3618853728198412,
    3.6456577921857654,
    3.9154417570025406,
    4.173088752895839,
    4.420028080947435,
    4.657407361965899,
    4.886175121186904,
    5.1071581004325655,
    5.321251790342744,
    5.5288464844988825,
    5.730424597508767,
    5.9264489402436995,
    6.117331534708145,
    6.3034412494847345,
    6.485109944344582,
    6.662637485302448,
    6.836295886361908,
    7.00633277265247,
    7.1729742795770886,
    7.352855684861262,
    7.533435034898186,
    7.711125232878348,
    7.886039873916766,
    8.058285949874106,
    8.227964443554715
  ],
  "vel_net": [
    2.0679515313825692e-25,
    5.169878828456423e-26,
    3.618915179919496e-25,
    0.0,
    8.180699977234834e-16,
    2.8113215935435983e-14,
    1.3054745450466033e-11,
    0.8848522867344787,
    1.0206909550609298,
    1.147399601141473,
    1.2672688045102127,
    1.3816349338938756,
    1.4913434808135744,
    3.79959952390152e-10,
    1.9540480344915068e-11,
    4.38193925589303e-12,
    1.5190626534433704e-12,
    1.0931255900459291e-12,
    8.254508188088039e-13,
    5.361266985914881e-13,
    4.789502128232925e-13,
    1.5565326805244695e-13,
    1.8407497748285095e-13,
    3.5227376571356217e-13,
    2.836619827917275e-13,
    7.30526750203353e-14,
    1.8418599978531347e-13,
    2.19824158875781e-13,
    2.0050627824730327e-13,
    7.771561172376096e-16,
    5.906386491005833e-14,
    1.9517720772910252e-13,
    2.466915560717098e-13,
    5.828670879282072e-14,
    1.3222756223285614e-13,
    2.0383694732117874e-13,
    7.216449660063518e-15,
    1.9984014443252818e-15,
    1.7341683644644945e-13,
    4.638511796883904e-13,
    1.438849039914203e-13
  ],
  "params": {
    "dT": 0.1,
    "dR": 1.0
  },
  "metadata": {
    "resolution": {
      "H": 25,
      "M": 65
    },
    "timestamp": "2026-04-15T14:27:13.590001"
  }
}