{
  "alpha": [
    -15.0,
    -16.0,
    -17.0,
    -18.0,
    -19.0,
    -20.0,
    -21.0,
    -22.0,
    -23.0,
    -24.0,
    -25.0,
    -26.0,
    -27.0,
    -28.0,
    -29.0,
    -30.0,
    -31.0,
    -32.0,
    -33.0,
    -34.0,
    -35.0,
    -36.0,
    -37.0,
    -38.0,
    -39.0,
    -40.0,
    -41.0,
    -42.0,
    -43.0,
    -44.0,
    -45.0,
    -46.0,
    -47.0,
    -48.0,
    -49.0,
    -50.0,
    -51.0,
    -52.0,
    -53.0,
    -54.0,
    -55.0
  ],
  "shear_max": [
    2.6767807938684606e-09,
    2.860365111456211e-09,
    3.8885094466709555e-09,
    4.639989397086261e-09,
    5.506357311686021e-09,
    7.32412658728344e-09,
    8.613986406857083e-09,
    1.0932788487834163e-08,
    1.6506486544616786e-08,
    2.645741092178726,
    2.9158700566982154,
    3.167421339552227,
    3.4037703140905617,
    3.627330940325302,
    3.8399511357016274,
    4.043072412826791,
    4.237865550415383,
    2.7981332491444375,
    3.0953193444414087,
    3.3746863849698236,
    3.6398958999505444,
    3.8934622271416734,
    4.137200310883087,
    4.372472388313377,
    4.600333481483893,
    4.82162197538505,
    5.037018523045722,
    5.247085797795487,
    5.452296144294882,
    5.653051357724863,
    5.849697152631521,
    6.042533973717823,
    6.23182522172852,
    6.417803618242035,
    6.600676193062307,
    6.780628266404571,
    6.957885386807064,
    7.132579575215896,
    7.3048055130131955,
    7.474688309318938,
    7.642342562850524
  ],
  "vel_net": [
    5.169878828456423e-26,
    1.550963648536927e-25,
    0.0,
    2.0679515313825692e-25,
    0.0,
    3.6574240211938434e-16,
    7.11931493405739e-15,
    5.48662112515463e-13,
    3.7629313308816884e-10,
    1.080128617929561,
    1.197975888028644,
    1.3098616287713858,
    1.4169573726849447,
    1.5200596950509673,
    1.619741763424393,
    1.7164357767061797,
    1.8104804985160814,
    1.2779080016400712e-09,
    4.501704564674469e-11,
    4.409361764601272e-12,
    8.088529845906578e-13,
    2.0272672429655358e-13,
    6.983302824892235e-14,
    1.7486012637846216e-14,
    7.271960811294775e-15,
    1.4099832412739488e-14,
    5.662137425588298e-15,
    9.658940314238862e-15,
    1.5654144647214707e-14,
    9.880984919163893e-15,
    1.454392162258955e-14,
    1.6764367671839864e-14,
    1.4988010832439613e-14,
    1.099120794378905e-14,
    1.0769163338864018e-14,
    1.765254609153999e-14,
    1.3211653993039363e-14,
    1.1435297153639112e-14,
    1.2545520178264269e-14,
    1.532107773982716e-14,
    1.7208456881689926e-14
  ],
  "params": {
    "dT": 0.2,
    "dR": 1.0
  },
  "metadata": {
    "resolution": {
      "H": 25,
      "M": 65
    },
    "timestamp": "2026-04-15T15:26:10.368652"
  }
}