{
  "alpha": [
    -15.0,
    -16.0,
    -17.0,
    -18.0,
    -19.0,
    -20.0,
    -21.0,
    -22.0,
    -23.0,
    -24.0,
    -25.0,
    -26.0,
    -27.0,
    -28.0,
    -29.0,
    -30.0,
    -31.0,
    -32.0,
    -33.0,
    -34.0,
    -35.0,
    -36.0,
    -37.0,
    -38.0,
    -39.0,
    -40.0,
    -41.0,
    -42.0,
    -43.0,
    -44.0,
    -45.0,
    -46.0,
    -47.0,
    -48.0,
    -49.0,
    -50.0,
    -51.0,
    -52.0,
    -53.0,
    -54.0,
    -55.0
  ],
  "shear_max": [
    1.8506847378321934e-09,
    1.4961870181933804e-09,
    1.8854147570224005e-09,
    2.4193797404735295e-09,
    2.194446070744838e-09,
    2.9624107463605986e-09,
    2.9087886508527904e-09,
    2.990405774507123e-09,
    3.216421653781697e-09,
    3.6167479921157637e-09,
    4.248622681112832e-09,
    5.210152031994461e-09,
    5.171793124254714e-09,
    5.493678074127832e-09,
    6.2373909182588825e-09,
    7.560682992179324e-09,
    7.983118403241042e-09,
    9.205515679584327e-09,
    9.691983978601057e-09,
    1.1391110207737814e-08,
    1.290624449803273e-08,
    1.719078222938833e-08,
    4.580325835840165,
    4.783003847262411,
    4.980594530628138,
    5.173604454852783,
    5.3624594853477126,
    5.54752167660513,
    5.729101885667561,
    5.907469355023168,
    6.082859113072636,
    6.255477766588374,
    6.425508095181865,
    6.593112736734109,
    6.758437171852289,
    6.9216149037785835,
    7.082770192554041,
    7.24200250631194,
    7.399407518991661,
    7.555074204898455,
    7.7090841023935806
  ],
  "vel_net": [
    0.0,
    0.0,
    7.754818242684634e-26,
    1.550963648536927e-25,
    7.754818242684634e-26,
    5.169878828456423e-26,
    5.169878828456423e-26,
    2.5849394142282115e-25,
    1.550963648536927e-25,
    5.169878828456423e-26,
    1.550963648536927e-25,
    4.1359030627651384e-25,
    4.1359030627651384e-25,
    4.1359030627651384e-25,
    2.0679515313825692e-25,
    8.625116485289286e-16,
    5.826657939914315e-15,
    4.051937910817389e-14,
    3.677345038132399e-13,
    3.850579610549555e-12,
    5.6703371114564395e-11,
    1.2319892220984472e-09,
    1.8891864722504104,
    1.976000400145637,
    2.0609714238430854,
    2.1442940590657793,
    2.226130795489995,
    2.306618887667116,
    2.385875418880974,
    2.4640011413734406,
    2.541083436873168,
    2.6171986281836706,
    2.692413808458954,
    2.766788305540895,
    2.8403748634390173,
    2.9132206070913593,
    2.9853678349673047,
    3.056854677065849,
    3.1277156425131993,
    3.1979820802765984,
    3.2676825683353403
  ],
  "params": {
    "dT": 0.8,
    "dR": 1.0
  },
  "metadata": {
    "resolution": {
      "H": 25,
      "M": 65
    },
    "timestamp": "2026-04-16T05:12:17.119524"
  }
}