{
  "alpha": [
    -15.0,
    -16.0,
    -17.0,
    -18.0,
    -19.0,
    -20.0,
    -21.0,
    -22.0,
    -23.0,
    -24.0,
    -25.0,
    -26.0,
    -27.0,
    -28.0,
    -29.0,
    -30.0,
    -31.0,
    -32.0,
    -33.0,
    -34.0,
    -35.0,
    -36.0,
    -37.0,
    -38.0,
    -39.0,
    -40.0,
    -41.0,
    -42.0,
    -43.0,
    -44.0,
    -45.0,
    -46.0,
    -47.0,
    -48.0,
    -49.0,
    -50.0,
    -51.0,
    -52.0,
    -53.0,
    -54.0,
    -55.0
  ],
  "shear_max": [
    2.9634975773056373e-09,
    3.103490837244307e-09,
    4.3488149177430526e-09,
    4.905124873237767e-09,
    6.240681737117221e-09,
    7.908485394641666e-09,
    1.0419511748261757e-08,
    1.381549605673963e-08,
    2.4235668920920546,
    2.7127089008801355,
    2.9790982796651266,
    3.227340562048093,
    3.4605118319058756,
    3.680909845136578,
    3.890340822885077,
    2.480917908134232,
    2.804018926367426,
    3.1037904227518482,
    3.3857327107383965,
    3.6533823295642978,
    3.9091741457532634,
    4.15487367539282,
    4.391814165168044,
    4.621035754065372,
    4.843371724964636,
    5.0595043795022026,
    5.270002644067102,
    5.475348200799725,
    5.675954171282596,
    5.872178808040889,
    6.0643357529955,
    6.252731808918582,
    6.437692760543092,
    6.619325213631643,
    6.797827391900769,
    6.973378608310297,
    7.146141809856318,
    7.31626566758712,
    7.483886341544481,
    7.649128952011923,
    7.812108826422888
  ],
  "vel_net": [
    5.169878828456423e-26,
    1.550963648536927e-25,
    1.0339757656912846e-25,
    3.101927297073854e-25,
    0.0,
    1.3377750560746064e-15,
    5.832894856152404e-14,
    2.03505164255837e-11,
    0.9825267044264366,
    1.1072823663021627,
    1.2247984917002293,
    1.3366833768936586,
    1.4439666818346586,
    1.5473562896757596,
    1.6473687710438916,
    7.562243331538099e-09,
    1.1206013894593525e-10,
    7.42750305704476e-12,
    1.6064372054813703e-12,
    4.4086956307864966e-13,
    1.68365321684405e-13,
    1.0313971898767704e-13,
    3.708144902248023e-14,
    0.0,
    6.994405055138486e-15,
    4.440892098500626e-16,
    1.1435297153639112e-14,
    8.770761894538737e-15,
    6.217248937900877e-15,
    1.8096635301390052e-14,
    1.1102230246251565e-16,
    1.021405182655144e-14,
    9.325873406851315e-15,
    1.7763568394002505e-14,
    2.2093438190040615e-14,
    1.7985612998927536e-14,
    1.4654943925052066e-14,
    2.842170943040401e-14,
    1.9872992140790302e-14,
    1.9984014443252818e-14,
    1.3766765505351941e-14
  ],
  "params": {
    "dT": 0.16666666666666666,
    "dR": 1.0
  },
  "metadata": {
    "resolution": {
      "H": 25,
      "M": 65
    },
    "timestamp": "2026-04-15T14:50:37.698671"
  }
}