{
  "alpha": [
    -15.0,
    -16.0,
    -17.0,
    -18.0,
    -19.0,
    -20.0,
    -21.0,
    -22.0,
    -23.0,
    -24.0,
    -25.0,
    -26.0,
    -27.0,
    -28.0,
    -29.0,
    -30.0,
    -31.0,
    -32.0,
    -33.0,
    -34.0,
    -35.0,
    -36.0,
    -37.0,
    -38.0,
    -39.0,
    -40.0,
    -41.0,
    -42.0,
    -43.0,
    -44.0,
    -45.0,
    -46.0,
    -47.0,
    -48.0,
    -49.0,
    -50.0,
    -51.0,
    -52.0,
    -53.0,
    -54.0,
    -55.0
  ],
  "shear_max": [
    1.4340320568083333e-09,
    1.9807138327715507e-09,
    1.9340715439026646e-09,
    1.9877698109835565e-09,
    2.997655856762043e-09,
    3.3510580473798293e-09,
    2.9091305740773045e-09,
    3.638198584821163e-09,
    3.635289762361889e-09,
    5.064192292940705e-09,
    5.794372620268507e-09,
    5.681659367252095e-09,
    6.1580623819795946e-09,
    7.363232495539832e-09,
    8.054102363171972e-09,
    9.95088877499995e-09,
    1.0096717414011313e-08,
    1.2186469743328182e-08,
    1.4842392174234024e-08,
    4.17579188598292,
    4.3865217992077286,
    4.590934131684776,
    4.789732492378252,
    4.98349643117912,
    5.172710248821727,
    5.3577837147979945,
    5.539067313419064,
    5.716863681478028,
    5.891436350101496,
    6.063018226135597,
    6.231827607841887,
    6.398031024990033,
    6.561789147990514,
    6.723247591239291,
    6.882537717731813,
    7.039778537659498,
    7.195078287392332,
    7.348535762177879,
    7.500241435736877,
    7.65027842502892,
    7.798723305338291
  ],
  "vel_net": [
    2.5849394142282115e-26,
    1.0339757656912846e-25,
    1.0339757656912846e-25,
    2.5849394142282115e-26,
    1.550963648536927e-25,
    5.169878828456423e-26,
    2.0679515313825692e-25,
    5.169878828456423e-26,
    3.618915179919496e-25,
    3.101927297073854e-25,
    5.169878828456423e-25,
    1.0339757656912846e-25,
    3.101927297073854e-25,
    5.856610528846978e-16,
    5.845948239303763e-15,
    5.912849672636357e-14,
    9.315315300116885e-13,
    1.8078356112374927e-11,
    6.403169486701018e-10,
    1.7235227079592623,
    1.8142600154362036,
    1.9027349290982398,
    1.989215346658114,
    2.0739200114099416,
    2.157030106469561,
    2.2386975777367275,
    2.3190512465561213,
    2.39820138191642,
    2.4762431867926056,
    2.5532594897639576,
    2.629322857792724,
    2.70449727047889,
    2.778839464056369,
    2.852400019040286,
    2.9252242496784118,
    2.997352936873651,
    3.0688229367164706,
    3.1396676892634146,
    3.2099176466534303,
    3.279600635498676,
    3.348742165342392
  ],
  "params": {
    "dT": 0.6666666666666666,
    "dR": 1.0
  },
  "metadata": {
    "resolution": {
      "H": 25,
      "M": 65
    },
    "timestamp": "2026-04-15T15:31:21.549778"
  }
}