{
  "alpha": [
    -15.0,
    -16.0,
    -17.0,
    -18.0,
    -19.0,
    -20.0,
    -21.0,
    -22.0,
    -23.0,
    -24.0,
    -25.0,
    -26.0,
    -27.0,
    -28.0,
    -29.0,
    -30.0,
    -31.0,
    -32.0,
    -33.0,
    -34.0,
    -35.0,
    -36.0,
    -37.0,
    -38.0,
    -39.0,
    -40.0,
    -41.0,
    -42.0,
    -43.0,
    -44.0,
    -45.0,
    -46.0,
    -47.0,
    -48.0,
    -49.0,
    -50.0,
    -51.0,
    -52.0,
    -53.0,
    -54.0,
    -55.0
  ],
  "shear_max": [
    1.5759192709638002e-09,
    1.8022825330610968e-09,
    2.0981452167398604e-09,
    1.667314394797974e-09,
    2.0398024604686935e-09,
    2.5396295424111126e-09,
    3.2175305075529604e-09,
    2.9383597707980264e-09,
    3.9048254213870424e-09,
    3.838744007527809e-09,
    3.937876407743855e-09,
    4.212418441369241e-09,
    4.695839245577544e-09,
    5.451652435841012e-09,
    6.587227890158741e-09,
    6.4927348572689105e-09,
    6.814174944775028e-09,
    7.607072529116963e-09,
    9.024240986739487e-09,
    9.344047936673605e-09,
    1.0500634282083132e-08,
    1.076833293743277e-08,
    1.2349096311496721e-08,
    1.7255928696123386e-08,
    4.820486142755025,
    5.01933169188073,
    5.213663230699475,
    5.40390395047721,
    5.590413193791897,
    5.773499088051922,
    5.953428155797956,
    6.130432731737578,
    6.304716773312624,
    6.476460467517129,
    6.645823925983394,
    6.8129501774170835,
    6.977967613972007,
    7.140992009274963,
    7.302128193499129,
    7.461471453425922,
    7.619113446515588
  ],
  "vel_net": [
    7.754818242684634e-26,
    1.550963648536927e-25,
    2.5849394142282115e-26,
    5.169878828456423e-26,
    2.5849394142282115e-26,
    1.0339757656912846e-25,
    3.101927297073854e-25,
    3.101927297073854e-25,
    2.0679515313825692e-25,
    2.0679515313825692e-25,
    2.0679515313825692e-25,
    2.0679515313825692e-25,
    2.0679515313825692e-25,
    2.0679515313825692e-25,
    2.0679515313825692e-25,
    0.0,
    4.788657183155712e-16,
    2.2870521548057954e-15,
    1.2545961427939266e-14,
    8.122208319535323e-14,
    5.813165740442391e-13,
    5.635633507841746e-12,
    6.278024716855553e-11,
    7.992689542852271e-10,
    1.9862764553458259,
    2.071074140606763,
    2.1542225341962005,
    2.2358851441637038,
    2.3162000952451294,
    2.3952852076239686,
    2.4732418563699303,
    2.5501579451826,
    2.6261102327233203,
    2.7011661736501438,
    2.775385392935942,
    2.848820877275692,
    2.9215199462866877,
    2.9935250532312487,
    3.0648744468992835,
    3.1356027252511254,
    3.2057413001375044
  ],
  "params": {
    "dT": 0.9,
    "dR": 1.0
  },
  "metadata": {
    "resolution": {
      "H": 25,
      "M": 65
    },
    "timestamp": "2026-04-13T10:38:21.140393"
  }
}